[0.425s] DEBUG:colcon:Command line arguments: ['/usr/bin/colcon', 'build', '--symlink-install']
[0.425s] DEBUG:colcon:Parsed command line arguments: Namespace(log_base=None, log_level=None, verb_name='build', build_base='build', install_base='install', merge_install=False, symlink_install=True, test_result_base=None, continue_on_error=False, executor='parallel', parallel_workers=3, event_handlers=None, ignore_user_meta=False, metas=['./colcon.meta'], base_paths=['.'], packages_ignore=None, packages_ignore_regex=None, paths=None, packages_up_to=None, packages_up_to_regex=None, packages_above=None, packages_above_and_dependencies=None, packages_above_depth=None, packages_select_by_dep=None, packages_skip_by_dep=None, packages_skip_up_to=None, packages_select_build_failed=False, packages_skip_build_finished=False, packages_select_test_failures=False, packages_skip_test_passed=False, packages_select=None, packages_skip=None, packages_select_regex=None, packages_skip_regex=None, packages_start=None, packages_end=None, allow_overriding=[], cmake_args=None, cmake_target=None, cmake_target_skip_unavailable=False, cmake_clean_cache=False, cmake_clean_first=False, cmake_force_configure=False, ament_cmake_args=None, catkin_cmake_args=None, catkin_skip_building_tests=False, mixin_files=None, mixin=None, verb_parser=<colcon_mixin.mixin.mixin_argument.MixinArgumentDecorator object at 0x796661e51420>, verb_extension=<colcon_core.verb.build.BuildVerb object at 0x796661e50ee0>, main=<bound method BuildVerb.main of <colcon_core.verb.build.BuildVerb object at 0x796661e50ee0>>, mixin_verb=('build',))
[0.750s] Level 1:colcon.colcon_core.package_discovery:discover_packages(colcon_meta) check parameters
[0.750s] Level 1:colcon.colcon_core.package_discovery:discover_packages(recursive) check parameters
[0.750s] Level 1:colcon.colcon_core.package_discovery:discover_packages(ignore) check parameters
[0.750s] Level 1:colcon.colcon_core.package_discovery:discover_packages(path) check parameters
[0.750s] Level 1:colcon.colcon_core.package_discovery:discover_packages(colcon_meta) discover
[0.750s] Level 1:colcon.colcon_core.package_discovery:discover_packages(recursive) discover
[0.750s] INFO:colcon.colcon_core.package_discovery:Crawling recursively for packages in '/home/bryan/Workspace/ros2_ws'
[0.750s] Level 1:colcon.colcon_core.package_identification:_identify(.) by extensions ['ignore', 'ignore_ament_install']
[0.750s] Level 1:colcon.colcon_core.package_identification:_identify(.) by extension 'ignore'
[0.751s] Level 1:colcon.colcon_core.package_identification:_identify(.) by extension 'ignore_ament_install'
[0.751s] Level 1:colcon.colcon_core.package_identification:_identify(.) by extensions ['colcon_pkg']
[0.751s] Level 1:colcon.colcon_core.package_identification:_identify(.) by extension 'colcon_pkg'
[0.751s] Level 1:colcon.colcon_core.package_identification:_identify(.) by extensions ['colcon_meta']
[0.751s] Level 1:colcon.colcon_core.package_identification:_identify(.) by extension 'colcon_meta'
[0.751s] Level 1:colcon.colcon_core.package_identification:_identify(.) by extensions ['ros']
[0.751s] Level 1:colcon.colcon_core.package_identification:_identify(.) by extension 'ros'
[0.771s] Level 1:colcon.colcon_core.package_identification:_identify(.) by extensions ['cmake', 'python']
[0.771s] Level 1:colcon.colcon_core.package_identification:_identify(.) by extension 'cmake'
[0.771s] Level 1:colcon.colcon_core.package_identification:_identify(.) by extension 'python'
[0.771s] Level 1:colcon.colcon_core.package_identification:_identify(.) by extensions ['python_setup_py']
[0.771s] Level 1:colcon.colcon_core.package_identification:_identify(.) by extension 'python_setup_py'
[0.772s] Level 1:colcon.colcon_core.package_identification:_identify(build) by extensions ['ignore', 'ignore_ament_install']
[0.772s] Level 1:colcon.colcon_core.package_identification:_identify(build) by extension 'ignore'
[0.772s] Level 1:colcon.colcon_core.package_identification:_identify(build) ignored
[0.772s] Level 1:colcon.colcon_core.package_identification:_identify(first_package) by extensions ['ignore', 'ignore_ament_install']
[0.772s] Level 1:colcon.colcon_core.package_identification:_identify(first_package) by extension 'ignore'
[0.772s] Level 1:colcon.colcon_core.package_identification:_identify(first_package) by extension 'ignore_ament_install'
[0.772s] Level 1:colcon.colcon_core.package_identification:_identify(first_package) by extensions ['colcon_pkg']
[0.772s] Level 1:colcon.colcon_core.package_identification:_identify(first_package) by extension 'colcon_pkg'
[0.772s] Level 1:colcon.colcon_core.package_identification:_identify(first_package) by extensions ['colcon_meta']
[0.772s] Level 1:colcon.colcon_core.package_identification:_identify(first_package) by extension 'colcon_meta'
[0.772s] Level 1:colcon.colcon_core.package_identification:_identify(first_package) by extensions ['ros']
[0.773s] Level 1:colcon.colcon_core.package_identification:_identify(first_package) by extension 'ros'
[0.780s] DEBUG:colcon.colcon_core.package_identification:Package 'first_package' with type 'ros.ament_python' and name 'first_package'
[0.780s] Level 1:colcon.colcon_core.package_identification:_identify(image_pipeline) by extensions ['ignore', 'ignore_ament_install']
[0.780s] Level 1:colcon.colcon_core.package_identification:_identify(image_pipeline) by extension 'ignore'
[0.781s] Level 1:colcon.colcon_core.package_identification:_identify(image_pipeline) by extension 'ignore_ament_install'
[0.781s] Level 1:colcon.colcon_core.package_identification:_identify(image_pipeline) by extensions ['colcon_pkg']
[0.781s] Level 1:colcon.colcon_core.package_identification:_identify(image_pipeline) by extension 'colcon_pkg'
[0.781s] Level 1:colcon.colcon_core.package_identification:_identify(image_pipeline) by extensions ['colcon_meta']
[0.781s] Level 1:colcon.colcon_core.package_identification:_identify(image_pipeline) by extension 'colcon_meta'
[0.781s] Level 1:colcon.colcon_core.package_identification:_identify(image_pipeline) by extensions ['ros']
[0.781s] Level 1:colcon.colcon_core.package_identification:_identify(image_pipeline) by extension 'ros'
[0.781s] Level 1:colcon.colcon_core.package_identification:_identify(image_pipeline) by extensions ['cmake', 'python']
[0.781s] Level 1:colcon.colcon_core.package_identification:_identify(image_pipeline) by extension 'cmake'
[0.781s] Level 1:colcon.colcon_core.package_identification:_identify(image_pipeline) by extension 'python'
[0.781s] Level 1:colcon.colcon_core.package_identification:_identify(image_pipeline) by extensions ['python_setup_py']
[0.781s] Level 1:colcon.colcon_core.package_identification:_identify(image_pipeline) by extension 'python_setup_py'
[0.782s] Level 1:colcon.colcon_core.package_identification:_identify(image_pipeline/camera_calibration) by extensions ['ignore', 'ignore_ament_install']
[0.782s] Level 1:colcon.colcon_core.package_identification:_identify(image_pipeline/camera_calibration) by extension 'ignore'
[0.782s] Level 1:colcon.colcon_core.package_identification:_identify(image_pipeline/camera_calibration) by extension 'ignore_ament_install'
[0.782s] Level 1:colcon.colcon_core.package_identification:_identify(image_pipeline/camera_calibration) by extensions ['colcon_pkg']
[0.782s] Level 1:colcon.colcon_core.package_identification:_identify(image_pipeline/camera_calibration) by extension 'colcon_pkg'
[0.782s] Level 1:colcon.colcon_core.package_identification:_identify(image_pipeline/camera_calibration) by extensions ['colcon_meta']
[0.782s] Level 1:colcon.colcon_core.package_identification:_identify(image_pipeline/camera_calibration) by extension 'colcon_meta'
[0.782s] Level 1:colcon.colcon_core.package_identification:_identify(image_pipeline/camera_calibration) by extensions ['ros']
[0.783s] Level 1:colcon.colcon_core.package_identification:_identify(image_pipeline/camera_calibration) by extension 'ros'
[0.785s] DEBUG:colcon.colcon_core.package_identification:Package 'image_pipeline/camera_calibration' with type 'ros.ament_python' and name 'camera_calibration'
[0.786s] Level 1:colcon.colcon_core.package_identification:_identify(image_pipeline/depth_image_proc) by extensions ['ignore', 'ignore_ament_install']
[0.786s] Level 1:colcon.colcon_core.package_identification:_identify(image_pipeline/depth_image_proc) by extension 'ignore'
[0.786s] Level 1:colcon.colcon_core.package_identification:_identify(image_pipeline/depth_image_proc) by extension 'ignore_ament_install'
[0.786s] Level 1:colcon.colcon_core.package_identification:_identify(image_pipeline/depth_image_proc) by extensions ['colcon_pkg']
[0.786s] Level 1:colcon.colcon_core.package_identification:_identify(image_pipeline/depth_image_proc) by extension 'colcon_pkg'
[0.786s] Level 1:colcon.colcon_core.package_identification:_identify(image_pipeline/depth_image_proc) by extensions ['colcon_meta']
[0.786s] Level 1:colcon.colcon_core.package_identification:_identify(image_pipeline/depth_image_proc) by extension 'colcon_meta'
[0.787s] Level 1:colcon.colcon_core.package_identification:_identify(image_pipeline/depth_image_proc) by extensions ['ros']
[0.787s] Level 1:colcon.colcon_core.package_identification:_identify(image_pipeline/depth_image_proc) by extension 'ros'
[0.789s] DEBUG:colcon.colcon_core.package_identification:Package 'image_pipeline/depth_image_proc' with type 'ros.ament_cmake' and name 'depth_image_proc'
[0.791s] Level 1:colcon.colcon_core.package_identification:_identify(image_pipeline/image_pipeline) by extensions ['ignore', 'ignore_ament_install']
[0.791s] Level 1:colcon.colcon_core.package_identification:_identify(image_pipeline/image_pipeline) by extension 'ignore'
[0.791s] Level 1:colcon.colcon_core.package_identification:_identify(image_pipeline/image_pipeline) by extension 'ignore_ament_install'
[0.791s] Level 1:colcon.colcon_core.package_identification:_identify(image_pipeline/image_pipeline) by extensions ['colcon_pkg']
[0.791s] Level 1:colcon.colcon_core.package_identification:_identify(image_pipeline/image_pipeline) by extension 'colcon_pkg'
[0.791s] Level 1:colcon.colcon_core.package_identification:_identify(image_pipeline/image_pipeline) by extensions ['colcon_meta']
[0.791s] Level 1:colcon.colcon_core.package_identification:_identify(image_pipeline/image_pipeline) by extension 'colcon_meta'
[0.791s] Level 1:colcon.colcon_core.package_identification:_identify(image_pipeline/image_pipeline) by extensions ['ros']
[0.791s] Level 1:colcon.colcon_core.package_identification:_identify(image_pipeline/image_pipeline) by extension 'ros'
[0.793s] DEBUG:colcon.colcon_core.package_identification:Package 'image_pipeline/image_pipeline' with type 'ros.ament_cmake' and name 'image_pipeline'
[0.794s] Level 1:colcon.colcon_core.package_identification:_identify(image_pipeline/image_proc) by extensions ['ignore', 'ignore_ament_install']
[0.794s] Level 1:colcon.colcon_core.package_identification:_identify(image_pipeline/image_proc) by extension 'ignore'
[0.794s] Level 1:colcon.colcon_core.package_identification:_identify(image_pipeline/image_proc) by extension 'ignore_ament_install'
[0.794s] Level 1:colcon.colcon_core.package_identification:_identify(image_pipeline/image_proc) by extensions ['colcon_pkg']
[0.794s] Level 1:colcon.colcon_core.package_identification:_identify(image_pipeline/image_proc) by extension 'colcon_pkg'
[0.794s] Level 1:colcon.colcon_core.package_identification:_identify(image_pipeline/image_proc) by extensions ['colcon_meta']
[0.794s] Level 1:colcon.colcon_core.package_identification:_identify(image_pipeline/image_proc) by extension 'colcon_meta'
[0.794s] Level 1:colcon.colcon_core.package_identification:_identify(image_pipeline/image_proc) by extensions ['ros']
[0.794s] Level 1:colcon.colcon_core.package_identification:_identify(image_pipeline/image_proc) by extension 'ros'
[0.796s] DEBUG:colcon.colcon_core.package_identification:Package 'image_pipeline/image_proc' with type 'ros.ament_cmake' and name 'image_proc'
[0.797s] Level 1:colcon.colcon_core.package_identification:_identify(image_pipeline/image_publisher) by extensions ['ignore', 'ignore_ament_install']
[0.797s] Level 1:colcon.colcon_core.package_identification:_identify(image_pipeline/image_publisher) by extension 'ignore'
[0.797s] Level 1:colcon.colcon_core.package_identification:_identify(image_pipeline/image_publisher) by extension 'ignore_ament_install'
[0.797s] Level 1:colcon.colcon_core.package_identification:_identify(image_pipeline/image_publisher) by extensions ['colcon_pkg']
[0.797s] Level 1:colcon.colcon_core.package_identification:_identify(image_pipeline/image_publisher) by extension 'colcon_pkg'
[0.797s] Level 1:colcon.colcon_core.package_identification:_identify(image_pipeline/image_publisher) by extensions ['colcon_meta']
[0.797s] Level 1:colcon.colcon_core.package_identification:_identify(image_pipeline/image_publisher) by extension 'colcon_meta'
[0.797s] Level 1:colcon.colcon_core.package_identification:_identify(image_pipeline/image_publisher) by extensions ['ros']
[0.797s] Level 1:colcon.colcon_core.package_identification:_identify(image_pipeline/image_publisher) by extension 'ros'
[0.799s] DEBUG:colcon.colcon_core.package_identification:Package 'image_pipeline/image_publisher' with type 'ros.ament_cmake' and name 'image_publisher'
[0.800s] Level 1:colcon.colcon_core.package_identification:_identify(image_pipeline/image_rotate) by extensions ['ignore', 'ignore_ament_install']
[0.800s] Level 1:colcon.colcon_core.package_identification:_identify(image_pipeline/image_rotate) by extension 'ignore'
[0.800s] Level 1:colcon.colcon_core.package_identification:_identify(image_pipeline/image_rotate) by extension 'ignore_ament_install'
[0.800s] Level 1:colcon.colcon_core.package_identification:_identify(image_pipeline/image_rotate) by extensions ['colcon_pkg']
[0.800s] Level 1:colcon.colcon_core.package_identification:_identify(image_pipeline/image_rotate) by extension 'colcon_pkg'
[0.800s] Level 1:colcon.colcon_core.package_identification:_identify(image_pipeline/image_rotate) by extensions ['colcon_meta']
[0.800s] Level 1:colcon.colcon_core.package_identification:_identify(image_pipeline/image_rotate) by extension 'colcon_meta'
[0.801s] Level 1:colcon.colcon_core.package_identification:_identify(image_pipeline/image_rotate) by extensions ['ros']
[0.801s] Level 1:colcon.colcon_core.package_identification:_identify(image_pipeline/image_rotate) by extension 'ros'
[0.803s] DEBUG:colcon.colcon_core.package_identification:Package 'image_pipeline/image_rotate' with type 'ros.ament_cmake' and name 'image_rotate'
[0.804s] Level 1:colcon.colcon_core.package_identification:_identify(image_pipeline/image_view) by extensions ['ignore', 'ignore_ament_install']
[0.805s] Level 1:colcon.colcon_core.package_identification:_identify(image_pipeline/image_view) by extension 'ignore'
[0.805s] Level 1:colcon.colcon_core.package_identification:_identify(image_pipeline/image_view) by extension 'ignore_ament_install'
[0.805s] Level 1:colcon.colcon_core.package_identification:_identify(image_pipeline/image_view) by extensions ['colcon_pkg']
[0.805s] Level 1:colcon.colcon_core.package_identification:_identify(image_pipeline/image_view) by extension 'colcon_pkg'
[0.805s] Level 1:colcon.colcon_core.package_identification:_identify(image_pipeline/image_view) by extensions ['colcon_meta']
[0.805s] Level 1:colcon.colcon_core.package_identification:_identify(image_pipeline/image_view) by extension 'colcon_meta'
[0.805s] Level 1:colcon.colcon_core.package_identification:_identify(image_pipeline/image_view) by extensions ['ros']
[0.805s] Level 1:colcon.colcon_core.package_identification:_identify(image_pipeline/image_view) by extension 'ros'
[0.807s] DEBUG:colcon.colcon_core.package_identification:Package 'image_pipeline/image_view' with type 'ros.ament_cmake' and name 'image_view'
[0.808s] Level 1:colcon.colcon_core.package_identification:_identify(image_pipeline/stereo_image_proc) by extensions ['ignore', 'ignore_ament_install']
[0.808s] Level 1:colcon.colcon_core.package_identification:_identify(image_pipeline/stereo_image_proc) by extension 'ignore'
[0.808s] Level 1:colcon.colcon_core.package_identification:_identify(image_pipeline/stereo_image_proc) by extension 'ignore_ament_install'
[0.808s] Level 1:colcon.colcon_core.package_identification:_identify(image_pipeline/stereo_image_proc) by extensions ['colcon_pkg']
[0.808s] Level 1:colcon.colcon_core.package_identification:_identify(image_pipeline/stereo_image_proc) by extension 'colcon_pkg'
[0.808s] Level 1:colcon.colcon_core.package_identification:_identify(image_pipeline/stereo_image_proc) by extensions ['colcon_meta']
[0.808s] Level 1:colcon.colcon_core.package_identification:_identify(image_pipeline/stereo_image_proc) by extension 'colcon_meta'
[0.808s] Level 1:colcon.colcon_core.package_identification:_identify(image_pipeline/stereo_image_proc) by extensions ['ros']
[0.809s] Level 1:colcon.colcon_core.package_identification:_identify(image_pipeline/stereo_image_proc) by extension 'ros'
[0.811s] DEBUG:colcon.colcon_core.package_identification:Package 'image_pipeline/stereo_image_proc' with type 'ros.ament_cmake' and name 'stereo_image_proc'
[0.812s] Level 1:colcon.colcon_core.package_identification:_identify(image_pipeline/tools) by extensions ['ignore', 'ignore_ament_install']
[0.812s] Level 1:colcon.colcon_core.package_identification:_identify(image_pipeline/tools) by extension 'ignore'
[0.812s] Level 1:colcon.colcon_core.package_identification:_identify(image_pipeline/tools) by extension 'ignore_ament_install'
[0.812s] Level 1:colcon.colcon_core.package_identification:_identify(image_pipeline/tools) by extensions ['colcon_pkg']
[0.812s] Level 1:colcon.colcon_core.package_identification:_identify(image_pipeline/tools) by extension 'colcon_pkg'
[0.812s] Level 1:colcon.colcon_core.package_identification:_identify(image_pipeline/tools) by extensions ['colcon_meta']
[0.812s] Level 1:colcon.colcon_core.package_identification:_identify(image_pipeline/tools) by extension 'colcon_meta'
[0.812s] Level 1:colcon.colcon_core.package_identification:_identify(image_pipeline/tools) by extensions ['ros']
[0.812s] Level 1:colcon.colcon_core.package_identification:_identify(image_pipeline/tools) by extension 'ros'
[0.812s] Level 1:colcon.colcon_core.package_identification:_identify(image_pipeline/tools) by extensions ['cmake', 'python']
[0.812s] Level 1:colcon.colcon_core.package_identification:_identify(image_pipeline/tools) by extension 'cmake'
[0.812s] Level 1:colcon.colcon_core.package_identification:_identify(image_pipeline/tools) by extension 'python'
[0.812s] Level 1:colcon.colcon_core.package_identification:_identify(image_pipeline/tools) by extensions ['python_setup_py']
[0.812s] Level 1:colcon.colcon_core.package_identification:_identify(image_pipeline/tools) by extension 'python_setup_py'
[0.813s] Level 1:colcon.colcon_core.package_identification:_identify(image_pipeline/tracetools_image_pipeline) by extensions ['ignore', 'ignore_ament_install']
[0.813s] Level 1:colcon.colcon_core.package_identification:_identify(image_pipeline/tracetools_image_pipeline) by extension 'ignore'
[0.813s] Level 1:colcon.colcon_core.package_identification:_identify(image_pipeline/tracetools_image_pipeline) by extension 'ignore_ament_install'
[0.813s] Level 1:colcon.colcon_core.package_identification:_identify(image_pipeline/tracetools_image_pipeline) by extensions ['colcon_pkg']
[0.813s] Level 1:colcon.colcon_core.package_identification:_identify(image_pipeline/tracetools_image_pipeline) by extension 'colcon_pkg'
[0.813s] Level 1:colcon.colcon_core.package_identification:_identify(image_pipeline/tracetools_image_pipeline) by extensions ['colcon_meta']
[0.814s] Level 1:colcon.colcon_core.package_identification:_identify(image_pipeline/tracetools_image_pipeline) by extension 'colcon_meta'
[0.814s] Level 1:colcon.colcon_core.package_identification:_identify(image_pipeline/tracetools_image_pipeline) by extensions ['ros']
[0.814s] Level 1:colcon.colcon_core.package_identification:_identify(image_pipeline/tracetools_image_pipeline) by extension 'ros'
[0.815s] DEBUG:colcon.colcon_core.package_identification:Package 'image_pipeline/tracetools_image_pipeline' with type 'ros.ament_cmake' and name 'tracetools_image_pipeline'
[0.816s] Level 1:colcon.colcon_core.package_identification:_identify(image_pipeline/wiki_files) by extensions ['ignore', 'ignore_ament_install']
[0.816s] Level 1:colcon.colcon_core.package_identification:_identify(image_pipeline/wiki_files) by extension 'ignore'
[0.816s] Level 1:colcon.colcon_core.package_identification:_identify(image_pipeline/wiki_files) by extension 'ignore_ament_install'
[0.816s] Level 1:colcon.colcon_core.package_identification:_identify(image_pipeline/wiki_files) by extensions ['colcon_pkg']
[0.816s] Level 1:colcon.colcon_core.package_identification:_identify(image_pipeline/wiki_files) by extension 'colcon_pkg'
[0.816s] Level 1:colcon.colcon_core.package_identification:_identify(image_pipeline/wiki_files) by extensions ['colcon_meta']
[0.816s] Level 1:colcon.colcon_core.package_identification:_identify(image_pipeline/wiki_files) by extension 'colcon_meta'
[0.816s] Level 1:colcon.colcon_core.package_identification:_identify(image_pipeline/wiki_files) by extensions ['ros']
[0.816s] Level 1:colcon.colcon_core.package_identification:_identify(image_pipeline/wiki_files) by extension 'ros'
[0.816s] Level 1:colcon.colcon_core.package_identification:_identify(image_pipeline/wiki_files) by extensions ['cmake', 'python']
[0.817s] Level 1:colcon.colcon_core.package_identification:_identify(image_pipeline/wiki_files) by extension 'cmake'
[0.817s] Level 1:colcon.colcon_core.package_identification:_identify(image_pipeline/wiki_files) by extension 'python'
[0.817s] Level 1:colcon.colcon_core.package_identification:_identify(image_pipeline/wiki_files) by extensions ['python_setup_py']
[0.817s] Level 1:colcon.colcon_core.package_identification:_identify(image_pipeline/wiki_files) by extension 'python_setup_py'
[0.817s] Level 1:colcon.colcon_core.package_identification:_identify(install) by extensions ['ignore', 'ignore_ament_install']
[0.817s] Level 1:colcon.colcon_core.package_identification:_identify(install) by extension 'ignore'
[0.817s] Level 1:colcon.colcon_core.package_identification:_identify(install) ignored
[0.817s] Level 1:colcon.colcon_core.package_identification:_identify(launch) by extensions ['ignore', 'ignore_ament_install']
[0.817s] Level 1:colcon.colcon_core.package_identification:_identify(launch) by extension 'ignore'
[0.817s] Level 1:colcon.colcon_core.package_identification:_identify(launch) by extension 'ignore_ament_install'
[0.817s] Level 1:colcon.colcon_core.package_identification:_identify(launch) by extensions ['colcon_pkg']
[0.817s] Level 1:colcon.colcon_core.package_identification:_identify(launch) by extension 'colcon_pkg'
[0.817s] Level 1:colcon.colcon_core.package_identification:_identify(launch) by extensions ['colcon_meta']
[0.817s] Level 1:colcon.colcon_core.package_identification:_identify(launch) by extension 'colcon_meta'
[0.817s] Level 1:colcon.colcon_core.package_identification:_identify(launch) by extensions ['ros']
[0.817s] Level 1:colcon.colcon_core.package_identification:_identify(launch) by extension 'ros'
[0.817s] Level 1:colcon.colcon_core.package_identification:_identify(launch) by extensions ['cmake', 'python']
[0.817s] Level 1:colcon.colcon_core.package_identification:_identify(launch) by extension 'cmake'
[0.817s] Level 1:colcon.colcon_core.package_identification:_identify(launch) by extension 'python'
[0.817s] Level 1:colcon.colcon_core.package_identification:_identify(launch) by extensions ['python_setup_py']
[0.817s] Level 1:colcon.colcon_core.package_identification:_identify(launch) by extension 'python_setup_py'
[0.819s] Level 1:colcon.colcon_core.package_identification:_identify(launch/build) by extensions ['ignore', 'ignore_ament_install']
[0.819s] Level 1:colcon.colcon_core.package_identification:_identify(launch/build) by extension 'ignore'
[0.819s] Level 1:colcon.colcon_core.package_identification:_identify(launch/build) ignored
[0.820s] Level 1:colcon.colcon_core.package_identification:_identify(launch/install) by extensions ['ignore', 'ignore_ament_install']
[0.820s] Level 1:colcon.colcon_core.package_identification:_identify(launch/install) by extension 'ignore'
[0.820s] Level 1:colcon.colcon_core.package_identification:_identify(launch/install) ignored
[0.821s] Level 1:colcon.colcon_core.package_identification:_identify(launch/log) by extensions ['ignore', 'ignore_ament_install']
[0.821s] Level 1:colcon.colcon_core.package_identification:_identify(launch/log) by extension 'ignore'
[0.821s] Level 1:colcon.colcon_core.package_identification:_identify(launch/log) ignored
[0.821s] Level 1:colcon.colcon_core.package_identification:_identify(log) by extensions ['ignore', 'ignore_ament_install']
[0.821s] Level 1:colcon.colcon_core.package_identification:_identify(log) by extension 'ignore'
[0.821s] Level 1:colcon.colcon_core.package_identification:_identify(log) ignored
[0.821s] Level 1:colcon.colcon_core.package_identification:_identify(sprint2) by extensions ['ignore', 'ignore_ament_install']
[0.821s] Level 1:colcon.colcon_core.package_identification:_identify(sprint2) by extension 'ignore'
[0.821s] Level 1:colcon.colcon_core.package_identification:_identify(sprint2) by extension 'ignore_ament_install'
[0.821s] Level 1:colcon.colcon_core.package_identification:_identify(sprint2) by extensions ['colcon_pkg']
[0.821s] Level 1:colcon.colcon_core.package_identification:_identify(sprint2) by extension 'colcon_pkg'
[0.821s] Level 1:colcon.colcon_core.package_identification:_identify(sprint2) by extensions ['colcon_meta']
[0.821s] Level 1:colcon.colcon_core.package_identification:_identify(sprint2) by extension 'colcon_meta'
[0.821s] Level 1:colcon.colcon_core.package_identification:_identify(sprint2) by extensions ['ros']
[0.821s] Level 1:colcon.colcon_core.package_identification:_identify(sprint2) by extension 'ros'
[0.823s] DEBUG:colcon.colcon_core.package_identification:Package 'sprint2' with type 'ros.ament_python' and name 'sprint2'
[0.823s] Level 1:colcon.colcon_core.package_identification:_identify(src) by extensions ['ignore', 'ignore_ament_install']
[0.823s] Level 1:colcon.colcon_core.package_identification:_identify(src) by extension 'ignore'
[0.823s] Level 1:colcon.colcon_core.package_identification:_identify(src) by extension 'ignore_ament_install'
[0.823s] Level 1:colcon.colcon_core.package_identification:_identify(src) by extensions ['colcon_pkg']
[0.823s] Level 1:colcon.colcon_core.package_identification:_identify(src) by extension 'colcon_pkg'
[0.823s] Level 1:colcon.colcon_core.package_identification:_identify(src) by extensions ['colcon_meta']
[0.823s] Level 1:colcon.colcon_core.package_identification:_identify(src) by extension 'colcon_meta'
[0.823s] Level 1:colcon.colcon_core.package_identification:_identify(src) by extensions ['ros']
[0.823s] Level 1:colcon.colcon_core.package_identification:_identify(src) by extension 'ros'
[0.823s] Level 1:colcon.colcon_core.package_identification:_identify(src) by extensions ['cmake', 'python']
[0.823s] Level 1:colcon.colcon_core.package_identification:_identify(src) by extension 'cmake'
[0.823s] Level 1:colcon.colcon_core.package_identification:_identify(src) by extension 'python'
[0.823s] Level 1:colcon.colcon_core.package_identification:_identify(src) by extensions ['python_setup_py']
[0.823s] Level 1:colcon.colcon_core.package_identification:_identify(src) by extension 'python_setup_py'
[0.823s] Level 1:colcon.colcon_core.package_identification:_identify(src/examples) by extensions ['ignore', 'ignore_ament_install']
[0.824s] Level 1:colcon.colcon_core.package_identification:_identify(src/examples) by extension 'ignore'
[0.824s] Level 1:colcon.colcon_core.package_identification:_identify(src/examples) by extension 'ignore_ament_install'
[0.824s] Level 1:colcon.colcon_core.package_identification:_identify(src/examples) by extensions ['colcon_pkg']
[0.824s] Level 1:colcon.colcon_core.package_identification:_identify(src/examples) by extension 'colcon_pkg'
[0.824s] Level 1:colcon.colcon_core.package_identification:_identify(src/examples) by extensions ['colcon_meta']
[0.824s] Level 1:colcon.colcon_core.package_identification:_identify(src/examples) by extension 'colcon_meta'
[0.824s] Level 1:colcon.colcon_core.package_identification:_identify(src/examples) by extensions ['ros']
[0.824s] Level 1:colcon.colcon_core.package_identification:_identify(src/examples) by extension 'ros'
[0.824s] Level 1:colcon.colcon_core.package_identification:_identify(src/examples) by extensions ['cmake', 'python']
[0.824s] Level 1:colcon.colcon_core.package_identification:_identify(src/examples) by extension 'cmake'
[0.824s] Level 1:colcon.colcon_core.package_identification:_identify(src/examples) by extension 'python'
[0.824s] Level 1:colcon.colcon_core.package_identification:_identify(src/examples) by extensions ['python_setup_py']
[0.824s] Level 1:colcon.colcon_core.package_identification:_identify(src/examples) by extension 'python_setup_py'
[0.825s] Level 1:colcon.colcon_core.package_identification:_identify(src/examples/launch_testing) by extensions ['ignore', 'ignore_ament_install']
[0.825s] Level 1:colcon.colcon_core.package_identification:_identify(src/examples/launch_testing) by extension 'ignore'
[0.825s] Level 1:colcon.colcon_core.package_identification:_identify(src/examples/launch_testing) by extension 'ignore_ament_install'
[0.825s] Level 1:colcon.colcon_core.package_identification:_identify(src/examples/launch_testing) by extensions ['colcon_pkg']
[0.825s] Level 1:colcon.colcon_core.package_identification:_identify(src/examples/launch_testing) by extension 'colcon_pkg'
[0.825s] Level 1:colcon.colcon_core.package_identification:_identify(src/examples/launch_testing) by extensions ['colcon_meta']
[0.825s] Level 1:colcon.colcon_core.package_identification:_identify(src/examples/launch_testing) by extension 'colcon_meta'
[0.825s] Level 1:colcon.colcon_core.package_identification:_identify(src/examples/launch_testing) by extensions ['ros']
[0.826s] Level 1:colcon.colcon_core.package_identification:_identify(src/examples/launch_testing) by extension 'ros'
[0.826s] Level 1:colcon.colcon_core.package_identification:_identify(src/examples/launch_testing) by extensions ['cmake', 'python']
[0.826s] Level 1:colcon.colcon_core.package_identification:_identify(src/examples/launch_testing) by extension 'cmake'
[0.826s] Level 1:colcon.colcon_core.package_identification:_identify(src/examples/launch_testing) by extension 'python'
[0.826s] Level 1:colcon.colcon_core.package_identification:_identify(src/examples/launch_testing) by extensions ['python_setup_py']
[0.826s] Level 1:colcon.colcon_core.package_identification:_identify(src/examples/launch_testing) by extension 'python_setup_py'
[0.827s] Level 1:colcon.colcon_core.package_identification:_identify(src/examples/launch_testing/launch_testing_examples) by extensions ['ignore', 'ignore_ament_install']
[0.827s] Level 1:colcon.colcon_core.package_identification:_identify(src/examples/launch_testing/launch_testing_examples) by extension 'ignore'
[0.827s] Level 1:colcon.colcon_core.package_identification:_identify(src/examples/launch_testing/launch_testing_examples) by extension 'ignore_ament_install'
[0.827s] Level 1:colcon.colcon_core.package_identification:_identify(src/examples/launch_testing/launch_testing_examples) by extensions ['colcon_pkg']
[0.827s] Level 1:colcon.colcon_core.package_identification:_identify(src/examples/launch_testing/launch_testing_examples) by extension 'colcon_pkg'
[0.827s] Level 1:colcon.colcon_core.package_identification:_identify(src/examples/launch_testing/launch_testing_examples) by extensions ['colcon_meta']
[0.827s] Level 1:colcon.colcon_core.package_identification:_identify(src/examples/launch_testing/launch_testing_examples) by extension 'colcon_meta'
[0.827s] Level 1:colcon.colcon_core.package_identification:_identify(src/examples/launch_testing/launch_testing_examples) by extensions ['ros']
[0.827s] Level 1:colcon.colcon_core.package_identification:_identify(src/examples/launch_testing/launch_testing_examples) by extension 'ros'
[0.828s] DEBUG:colcon.colcon_core.package_identification:Package 'src/examples/launch_testing/launch_testing_examples' with type 'ros.ament_python' and name 'launch_testing_examples'
[0.829s] Level 1:colcon.colcon_core.package_identification:_identify(src/examples/rclcpp) by extensions ['ignore', 'ignore_ament_install']
[0.829s] Level 1:colcon.colcon_core.package_identification:_identify(src/examples/rclcpp) by extension 'ignore'
[0.829s] Level 1:colcon.colcon_core.package_identification:_identify(src/examples/rclcpp) by extension 'ignore_ament_install'
[0.830s] Level 1:colcon.colcon_core.package_identification:_identify(src/examples/rclcpp) by extensions ['colcon_pkg']
[0.830s] Level 1:colcon.colcon_core.package_identification:_identify(src/examples/rclcpp) by extension 'colcon_pkg'
[0.830s] Level 1:colcon.colcon_core.package_identification:_identify(src/examples/rclcpp) by extensions ['colcon_meta']
[0.830s] Level 1:colcon.colcon_core.package_identification:_identify(src/examples/rclcpp) by extension 'colcon_meta'
[0.830s] Level 1:colcon.colcon_core.package_identification:_identify(src/examples/rclcpp) by extensions ['ros']
[0.830s] Level 1:colcon.colcon_core.package_identification:_identify(src/examples/rclcpp) by extension 'ros'
[0.830s] Level 1:colcon.colcon_core.package_identification:_identify(src/examples/rclcpp) by extensions ['cmake', 'python']
[0.830s] Level 1:colcon.colcon_core.package_identification:_identify(src/examples/rclcpp) by extension 'cmake'
[0.830s] Level 1:colcon.colcon_core.package_identification:_identify(src/examples/rclcpp) by extension 'python'
[0.830s] Level 1:colcon.colcon_core.package_identification:_identify(src/examples/rclcpp) by extensions ['python_setup_py']
[0.830s] Level 1:colcon.colcon_core.package_identification:_identify(src/examples/rclcpp) by extension 'python_setup_py'
[0.831s] Level 1:colcon.colcon_core.package_identification:_identify(src/examples/rclcpp/actions) by extensions ['ignore', 'ignore_ament_install']
[0.831s] Level 1:colcon.colcon_core.package_identification:_identify(src/examples/rclcpp/actions) by extension 'ignore'
[0.831s] Level 1:colcon.colcon_core.package_identification:_identify(src/examples/rclcpp/actions) by extension 'ignore_ament_install'
[0.831s] Level 1:colcon.colcon_core.package_identification:_identify(src/examples/rclcpp/actions) by extensions ['colcon_pkg']
[0.831s] Level 1:colcon.colcon_core.package_identification:_identify(src/examples/rclcpp/actions) by extension 'colcon_pkg'
[0.831s] Level 1:colcon.colcon_core.package_identification:_identify(src/examples/rclcpp/actions) by extensions ['colcon_meta']
[0.831s] Level 1:colcon.colcon_core.package_identification:_identify(src/examples/rclcpp/actions) by extension 'colcon_meta'
[0.831s] Level 1:colcon.colcon_core.package_identification:_identify(src/examples/rclcpp/actions) by extensions ['ros']
[0.831s] Level 1:colcon.colcon_core.package_identification:_identify(src/examples/rclcpp/actions) by extension 'ros'
[0.831s] Level 1:colcon.colcon_core.package_identification:_identify(src/examples/rclcpp/actions) by extensions ['cmake', 'python']
[0.831s] Level 1:colcon.colcon_core.package_identification:_identify(src/examples/rclcpp/actions) by extension 'cmake'
[0.831s] Level 1:colcon.colcon_core.package_identification:_identify(src/examples/rclcpp/actions) by extension 'python'
[0.831s] Level 1:colcon.colcon_core.package_identification:_identify(src/examples/rclcpp/actions) by extensions ['python_setup_py']
[0.832s] Level 1:colcon.colcon_core.package_identification:_identify(src/examples/rclcpp/actions) by extension 'python_setup_py'
[0.832s] Level 1:colcon.colcon_core.package_identification:_identify(src/examples/rclcpp/actions/minimal_action_client) by extensions ['ignore', 'ignore_ament_install']
[0.833s] Level 1:colcon.colcon_core.package_identification:_identify(src/examples/rclcpp/actions/minimal_action_client) by extension 'ignore'
[0.833s] Level 1:colcon.colcon_core.package_identification:_identify(src/examples/rclcpp/actions/minimal_action_client) by extension 'ignore_ament_install'
[0.833s] Level 1:colcon.colcon_core.package_identification:_identify(src/examples/rclcpp/actions/minimal_action_client) by extensions ['colcon_pkg']
[0.833s] Level 1:colcon.colcon_core.package_identification:_identify(src/examples/rclcpp/actions/minimal_action_client) by extension 'colcon_pkg'
[0.833s] Level 1:colcon.colcon_core.package_identification:_identify(src/examples/rclcpp/actions/minimal_action_client) by extensions ['colcon_meta']
[0.833s] Level 1:colcon.colcon_core.package_identification:_identify(src/examples/rclcpp/actions/minimal_action_client) by extension 'colcon_meta'
[0.833s] Level 1:colcon.colcon_core.package_identification:_identify(src/examples/rclcpp/actions/minimal_action_client) by extensions ['ros']
[0.833s] Level 1:colcon.colcon_core.package_identification:_identify(src/examples/rclcpp/actions/minimal_action_client) by extension 'ros'
[0.835s] DEBUG:colcon.colcon_core.package_identification:Package 'src/examples/rclcpp/actions/minimal_action_client' with type 'ros.ament_cmake' and name 'examples_rclcpp_minimal_action_client'
[0.836s] Level 1:colcon.colcon_core.package_identification:_identify(src/examples/rclcpp/actions/minimal_action_server) by extensions ['ignore', 'ignore_ament_install']
[0.836s] Level 1:colcon.colcon_core.package_identification:_identify(src/examples/rclcpp/actions/minimal_action_server) by extension 'ignore'
[0.836s] Level 1:colcon.colcon_core.package_identification:_identify(src/examples/rclcpp/actions/minimal_action_server) by extension 'ignore_ament_install'
[0.836s] Level 1:colcon.colcon_core.package_identification:_identify(src/examples/rclcpp/actions/minimal_action_server) by extensions ['colcon_pkg']
[0.836s] Level 1:colcon.colcon_core.package_identification:_identify(src/examples/rclcpp/actions/minimal_action_server) by extension 'colcon_pkg'
[0.836s] Level 1:colcon.colcon_core.package_identification:_identify(src/examples/rclcpp/actions/minimal_action_server) by extensions ['colcon_meta']
[0.836s] Level 1:colcon.colcon_core.package_identification:_identify(src/examples/rclcpp/actions/minimal_action_server) by extension 'colcon_meta'
[0.836s] Level 1:colcon.colcon_core.package_identification:_identify(src/examples/rclcpp/actions/minimal_action_server) by extensions ['ros']
[0.836s] Level 1:colcon.colcon_core.package_identification:_identify(src/examples/rclcpp/actions/minimal_action_server) by extension 'ros'
[0.838s] DEBUG:colcon.colcon_core.package_identification:Package 'src/examples/rclcpp/actions/minimal_action_server' with type 'ros.ament_cmake' and name 'examples_rclcpp_minimal_action_server'
[0.839s] Level 1:colcon.colcon_core.package_identification:_identify(src/examples/rclcpp/composition) by extensions ['ignore', 'ignore_ament_install']
[0.839s] Level 1:colcon.colcon_core.package_identification:_identify(src/examples/rclcpp/composition) by extension 'ignore'
[0.839s] Level 1:colcon.colcon_core.package_identification:_identify(src/examples/rclcpp/composition) by extension 'ignore_ament_install'
[0.839s] Level 1:colcon.colcon_core.package_identification:_identify(src/examples/rclcpp/composition) by extensions ['colcon_pkg']
[0.839s] Level 1:colcon.colcon_core.package_identification:_identify(src/examples/rclcpp/composition) by extension 'colcon_pkg'
[0.839s] Level 1:colcon.colcon_core.package_identification:_identify(src/examples/rclcpp/composition) by extensions ['colcon_meta']
[0.839s] Level 1:colcon.colcon_core.package_identification:_identify(src/examples/rclcpp/composition) by extension 'colcon_meta'
[0.839s] Level 1:colcon.colcon_core.package_identification:_identify(src/examples/rclcpp/composition) by extensions ['ros']
[0.839s] Level 1:colcon.colcon_core.package_identification:_identify(src/examples/rclcpp/composition) by extension 'ros'
[0.839s] Level 1:colcon.colcon_core.package_identification:_identify(src/examples/rclcpp/composition) by extensions ['cmake', 'python']
[0.839s] Level 1:colcon.colcon_core.package_identification:_identify(src/examples/rclcpp/composition) by extension 'cmake'
[0.840s] Level 1:colcon.colcon_core.package_identification:_identify(src/examples/rclcpp/composition) by extension 'python'
[0.840s] Level 1:colcon.colcon_core.package_identification:_identify(src/examples/rclcpp/composition) by extensions ['python_setup_py']
[0.840s] Level 1:colcon.colcon_core.package_identification:_identify(src/examples/rclcpp/composition) by extension 'python_setup_py'
[0.841s] Level 1:colcon.colcon_core.package_identification:_identify(src/examples/rclcpp/composition/minimal_composition) by extensions ['ignore', 'ignore_ament_install']
[0.841s] Level 1:colcon.colcon_core.package_identification:_identify(src/examples/rclcpp/composition/minimal_composition) by extension 'ignore'
[0.841s] Level 1:colcon.colcon_core.package_identification:_identify(src/examples/rclcpp/composition/minimal_composition) by extension 'ignore_ament_install'
[0.841s] Level 1:colcon.colcon_core.package_identification:_identify(src/examples/rclcpp/composition/minimal_composition) by extensions ['colcon_pkg']
[0.841s] Level 1:colcon.colcon_core.package_identification:_identify(src/examples/rclcpp/composition/minimal_composition) by extension 'colcon_pkg'
[0.841s] Level 1:colcon.colcon_core.package_identification:_identify(src/examples/rclcpp/composition/minimal_composition) by extensions ['colcon_meta']
[0.841s] Level 1:colcon.colcon_core.package_identification:_identify(src/examples/rclcpp/composition/minimal_composition) by extension 'colcon_meta'
[0.841s] Level 1:colcon.colcon_core.package_identification:_identify(src/examples/rclcpp/composition/minimal_composition) by extensions ['ros']
[0.841s] Level 1:colcon.colcon_core.package_identification:_identify(src/examples/rclcpp/composition/minimal_composition) by extension 'ros'
[0.843s] DEBUG:colcon.colcon_core.package_identification:Package 'src/examples/rclcpp/composition/minimal_composition' with type 'ros.ament_cmake' and name 'examples_rclcpp_minimal_composition'
[0.843s] Level 1:colcon.colcon_core.package_identification:_identify(src/examples/rclcpp/executors) by extensions ['ignore', 'ignore_ament_install']
[0.844s] Level 1:colcon.colcon_core.package_identification:_identify(src/examples/rclcpp/executors) by extension 'ignore'
[0.844s] Level 1:colcon.colcon_core.package_identification:_identify(src/examples/rclcpp/executors) by extension 'ignore_ament_install'
[0.844s] Level 1:colcon.colcon_core.package_identification:_identify(src/examples/rclcpp/executors) by extensions ['colcon_pkg']
[0.844s] Level 1:colcon.colcon_core.package_identification:_identify(src/examples/rclcpp/executors) by extension 'colcon_pkg'
[0.844s] Level 1:colcon.colcon_core.package_identification:_identify(src/examples/rclcpp/executors) by extensions ['colcon_meta']
[0.844s] Level 1:colcon.colcon_core.package_identification:_identify(src/examples/rclcpp/executors) by extension 'colcon_meta'
[0.844s] Level 1:colcon.colcon_core.package_identification:_identify(src/examples/rclcpp/executors) by extensions ['ros']
[0.844s] Level 1:colcon.colcon_core.package_identification:_identify(src/examples/rclcpp/executors) by extension 'ros'
[0.844s] Level 1:colcon.colcon_core.package_identification:_identify(src/examples/rclcpp/executors) by extensions ['cmake', 'python']
[0.844s] Level 1:colcon.colcon_core.package_identification:_identify(src/examples/rclcpp/executors) by extension 'cmake'
[0.844s] Level 1:colcon.colcon_core.package_identification:_identify(src/examples/rclcpp/executors) by extension 'python'
[0.844s] Level 1:colcon.colcon_core.package_identification:_identify(src/examples/rclcpp/executors) by extensions ['python_setup_py']
[0.844s] Level 1:colcon.colcon_core.package_identification:_identify(src/examples/rclcpp/executors) by extension 'python_setup_py'
[0.846s] Level 1:colcon.colcon_core.package_identification:_identify(src/examples/rclcpp/executors/cbg_executor) by extensions ['ignore', 'ignore_ament_install']
[0.846s] Level 1:colcon.colcon_core.package_identification:_identify(src/examples/rclcpp/executors/cbg_executor) by extension 'ignore'
[0.846s] Level 1:colcon.colcon_core.package_identification:_identify(src/examples/rclcpp/executors/cbg_executor) by extension 'ignore_ament_install'
[0.846s] Level 1:colcon.colcon_core.package_identification:_identify(src/examples/rclcpp/executors/cbg_executor) by extensions ['colcon_pkg']
[0.846s] Level 1:colcon.colcon_core.package_identification:_identify(src/examples/rclcpp/executors/cbg_executor) by extension 'colcon_pkg'
[0.846s] Level 1:colcon.colcon_core.package_identification:_identify(src/examples/rclcpp/executors/cbg_executor) by extensions ['colcon_meta']
[0.846s] Level 1:colcon.colcon_core.package_identification:_identify(src/examples/rclcpp/executors/cbg_executor) by extension 'colcon_meta'
[0.846s] Level 1:colcon.colcon_core.package_identification:_identify(src/examples/rclcpp/executors/cbg_executor) by extensions ['ros']
[0.846s] Level 1:colcon.colcon_core.package_identification:_identify(src/examples/rclcpp/executors/cbg_executor) by extension 'ros'
[0.850s] DEBUG:colcon.colcon_core.package_identification:Package 'src/examples/rclcpp/executors/cbg_executor' with type 'ros.ament_cmake' and name 'examples_rclcpp_cbg_executor'
[0.852s] Level 1:colcon.colcon_core.package_identification:_identify(src/examples/rclcpp/executors/multithreaded_executor) by extensions ['ignore', 'ignore_ament_install']
[0.852s] Level 1:colcon.colcon_core.package_identification:_identify(src/examples/rclcpp/executors/multithreaded_executor) by extension 'ignore'
[0.852s] Level 1:colcon.colcon_core.package_identification:_identify(src/examples/rclcpp/executors/multithreaded_executor) by extension 'ignore_ament_install'
[0.852s] Level 1:colcon.colcon_core.package_identification:_identify(src/examples/rclcpp/executors/multithreaded_executor) by extensions ['colcon_pkg']
[0.852s] Level 1:colcon.colcon_core.package_identification:_identify(src/examples/rclcpp/executors/multithreaded_executor) by extension 'colcon_pkg'
[0.852s] Level 1:colcon.colcon_core.package_identification:_identify(src/examples/rclcpp/executors/multithreaded_executor) by extensions ['colcon_meta']
[0.852s] Level 1:colcon.colcon_core.package_identification:_identify(src/examples/rclcpp/executors/multithreaded_executor) by extension 'colcon_meta'
[0.852s] Level 1:colcon.colcon_core.package_identification:_identify(src/examples/rclcpp/executors/multithreaded_executor) by extensions ['ros']
[0.852s] Level 1:colcon.colcon_core.package_identification:_identify(src/examples/rclcpp/executors/multithreaded_executor) by extension 'ros'
[0.854s] DEBUG:colcon.colcon_core.package_identification:Package 'src/examples/rclcpp/executors/multithreaded_executor' with type 'ros.ament_cmake' and name 'examples_rclcpp_multithreaded_executor'
[0.855s] Level 1:colcon.colcon_core.package_identification:_identify(src/examples/rclcpp/services) by extensions ['ignore', 'ignore_ament_install']
[0.855s] Level 1:colcon.colcon_core.package_identification:_identify(src/examples/rclcpp/services) by extension 'ignore'
[0.855s] Level 1:colcon.colcon_core.package_identification:_identify(src/examples/rclcpp/services) by extension 'ignore_ament_install'
[0.855s] Level 1:colcon.colcon_core.package_identification:_identify(src/examples/rclcpp/services) by extensions ['colcon_pkg']
[0.855s] Level 1:colcon.colcon_core.package_identification:_identify(src/examples/rclcpp/services) by extension 'colcon_pkg'
[0.856s] Level 1:colcon.colcon_core.package_identification:_identify(src/examples/rclcpp/services) by extensions ['colcon_meta']
[0.856s] Level 1:colcon.colcon_core.package_identification:_identify(src/examples/rclcpp/services) by extension 'colcon_meta'
[0.856s] Level 1:colcon.colcon_core.package_identification:_identify(src/examples/rclcpp/services) by extensions ['ros']
[0.856s] Level 1:colcon.colcon_core.package_identification:_identify(src/examples/rclcpp/services) by extension 'ros'
[0.856s] Level 1:colcon.colcon_core.package_identification:_identify(src/examples/rclcpp/services) by extensions ['cmake', 'python']
[0.856s] Level 1:colcon.colcon_core.package_identification:_identify(src/examples/rclcpp/services) by extension 'cmake'
[0.856s] Level 1:colcon.colcon_core.package_identification:_identify(src/examples/rclcpp/services) by extension 'python'
[0.856s] Level 1:colcon.colcon_core.package_identification:_identify(src/examples/rclcpp/services) by extensions ['python_setup_py']
[0.856s] Level 1:colcon.colcon_core.package_identification:_identify(src/examples/rclcpp/services) by extension 'python_setup_py'
[0.857s] Level 1:colcon.colcon_core.package_identification:_identify(src/examples/rclcpp/services/async_client) by extensions ['ignore', 'ignore_ament_install']
[0.857s] Level 1:colcon.colcon_core.package_identification:_identify(src/examples/rclcpp/services/async_client) by extension 'ignore'
[0.857s] Level 1:colcon.colcon_core.package_identification:_identify(src/examples/rclcpp/services/async_client) by extension 'ignore_ament_install'
[0.857s] Level 1:colcon.colcon_core.package_identification:_identify(src/examples/rclcpp/services/async_client) by extensions ['colcon_pkg']
[0.857s] Level 1:colcon.colcon_core.package_identification:_identify(src/examples/rclcpp/services/async_client) by extension 'colcon_pkg'
[0.857s] Level 1:colcon.colcon_core.package_identification:_identify(src/examples/rclcpp/services/async_client) by extensions ['colcon_meta']
[0.857s] Level 1:colcon.colcon_core.package_identification:_identify(src/examples/rclcpp/services/async_client) by extension 'colcon_meta'
[0.857s] Level 1:colcon.colcon_core.package_identification:_identify(src/examples/rclcpp/services/async_client) by extensions ['ros']
[0.857s] Level 1:colcon.colcon_core.package_identification:_identify(src/examples/rclcpp/services/async_client) by extension 'ros'
[0.859s] DEBUG:colcon.colcon_core.package_identification:Package 'src/examples/rclcpp/services/async_client' with type 'ros.ament_cmake' and name 'examples_rclcpp_async_client'
[0.860s] Level 1:colcon.colcon_core.package_identification:_identify(src/examples/rclcpp/services/minimal_client) by extensions ['ignore', 'ignore_ament_install']
[0.860s] Level 1:colcon.colcon_core.package_identification:_identify(src/examples/rclcpp/services/minimal_client) by extension 'ignore'
[0.860s] Level 1:colcon.colcon_core.package_identification:_identify(src/examples/rclcpp/services/minimal_client) by extension 'ignore_ament_install'
[0.860s] Level 1:colcon.colcon_core.package_identification:_identify(src/examples/rclcpp/services/minimal_client) by extensions ['colcon_pkg']
[0.860s] Level 1:colcon.colcon_core.package_identification:_identify(src/examples/rclcpp/services/minimal_client) by extension 'colcon_pkg'
[0.860s] Level 1:colcon.colcon_core.package_identification:_identify(src/examples/rclcpp/services/minimal_client) by extensions ['colcon_meta']
[0.860s] Level 1:colcon.colcon_core.package_identification:_identify(src/examples/rclcpp/services/minimal_client) by extension 'colcon_meta'
[0.860s] Level 1:colcon.colcon_core.package_identification:_identify(src/examples/rclcpp/services/minimal_client) by extensions ['ros']
[0.860s] Level 1:colcon.colcon_core.package_identification:_identify(src/examples/rclcpp/services/minimal_client) by extension 'ros'
[0.862s] DEBUG:colcon.colcon_core.package_identification:Package 'src/examples/rclcpp/services/minimal_client' with type 'ros.ament_cmake' and name 'examples_rclcpp_minimal_client'
[0.863s] Level 1:colcon.colcon_core.package_identification:_identify(src/examples/rclcpp/services/minimal_service) by extensions ['ignore', 'ignore_ament_install']
[0.863s] Level 1:colcon.colcon_core.package_identification:_identify(src/examples/rclcpp/services/minimal_service) by extension 'ignore'
[0.863s] Level 1:colcon.colcon_core.package_identification:_identify(src/examples/rclcpp/services/minimal_service) by extension 'ignore_ament_install'
[0.863s] Level 1:colcon.colcon_core.package_identification:_identify(src/examples/rclcpp/services/minimal_service) by extensions ['colcon_pkg']
[0.863s] Level 1:colcon.colcon_core.package_identification:_identify(src/examples/rclcpp/services/minimal_service) by extension 'colcon_pkg'
[0.864s] Level 1:colcon.colcon_core.package_identification:_identify(src/examples/rclcpp/services/minimal_service) by extensions ['colcon_meta']
[0.864s] Level 1:colcon.colcon_core.package_identification:_identify(src/examples/rclcpp/services/minimal_service) by extension 'colcon_meta'
[0.864s] Level 1:colcon.colcon_core.package_identification:_identify(src/examples/rclcpp/services/minimal_service) by extensions ['ros']
[0.864s] Level 1:colcon.colcon_core.package_identification:_identify(src/examples/rclcpp/services/minimal_service) by extension 'ros'
[0.866s] DEBUG:colcon.colcon_core.package_identification:Package 'src/examples/rclcpp/services/minimal_service' with type 'ros.ament_cmake' and name 'examples_rclcpp_minimal_service'
[0.867s] Level 1:colcon.colcon_core.package_identification:_identify(src/examples/rclcpp/timers) by extensions ['ignore', 'ignore_ament_install']
[0.868s] Level 1:colcon.colcon_core.package_identification:_identify(src/examples/rclcpp/timers) by extension 'ignore'
[0.868s] Level 1:colcon.colcon_core.package_identification:_identify(src/examples/rclcpp/timers) by extension 'ignore_ament_install'
[0.868s] Level 1:colcon.colcon_core.package_identification:_identify(src/examples/rclcpp/timers) by extensions ['colcon_pkg']
[0.868s] Level 1:colcon.colcon_core.package_identification:_identify(src/examples/rclcpp/timers) by extension 'colcon_pkg'
[0.868s] Level 1:colcon.colcon_core.package_identification:_identify(src/examples/rclcpp/timers) by extensions ['colcon_meta']
[0.868s] Level 1:colcon.colcon_core.package_identification:_identify(src/examples/rclcpp/timers) by extension 'colcon_meta'
[0.868s] Level 1:colcon.colcon_core.package_identification:_identify(src/examples/rclcpp/timers) by extensions ['ros']
[0.868s] Level 1:colcon.colcon_core.package_identification:_identify(src/examples/rclcpp/timers) by extension 'ros'
[0.868s] Level 1:colcon.colcon_core.package_identification:_identify(src/examples/rclcpp/timers) by extensions ['cmake', 'python']
[0.868s] Level 1:colcon.colcon_core.package_identification:_identify(src/examples/rclcpp/timers) by extension 'cmake'
[0.868s] Level 1:colcon.colcon_core.package_identification:_identify(src/examples/rclcpp/timers) by extension 'python'
[0.868s] Level 1:colcon.colcon_core.package_identification:_identify(src/examples/rclcpp/timers) by extensions ['python_setup_py']
[0.868s] Level 1:colcon.colcon_core.package_identification:_identify(src/examples/rclcpp/timers) by extension 'python_setup_py'
[0.869s] Level 1:colcon.colcon_core.package_identification:_identify(src/examples/rclcpp/timers/minimal_timer) by extensions ['ignore', 'ignore_ament_install']
[0.869s] Level 1:colcon.colcon_core.package_identification:_identify(src/examples/rclcpp/timers/minimal_timer) by extension 'ignore'
[0.869s] Level 1:colcon.colcon_core.package_identification:_identify(src/examples/rclcpp/timers/minimal_timer) by extension 'ignore_ament_install'
[0.869s] Level 1:colcon.colcon_core.package_identification:_identify(src/examples/rclcpp/timers/minimal_timer) by extensions ['colcon_pkg']
[0.869s] Level 1:colcon.colcon_core.package_identification:_identify(src/examples/rclcpp/timers/minimal_timer) by extension 'colcon_pkg'
[0.869s] Level 1:colcon.colcon_core.package_identification:_identify(src/examples/rclcpp/timers/minimal_timer) by extensions ['colcon_meta']
[0.869s] Level 1:colcon.colcon_core.package_identification:_identify(src/examples/rclcpp/timers/minimal_timer) by extension 'colcon_meta'
[0.869s] Level 1:colcon.colcon_core.package_identification:_identify(src/examples/rclcpp/timers/minimal_timer) by extensions ['ros']
[0.870s] Level 1:colcon.colcon_core.package_identification:_identify(src/examples/rclcpp/timers/minimal_timer) by extension 'ros'
[0.872s] DEBUG:colcon.colcon_core.package_identification:Package 'src/examples/rclcpp/timers/minimal_timer' with type 'ros.ament_cmake' and name 'examples_rclcpp_minimal_timer'
[0.873s] Level 1:colcon.colcon_core.package_identification:_identify(src/examples/rclcpp/topics) by extensions ['ignore', 'ignore_ament_install']
[0.883s] Level 1:colcon.colcon_core.package_identification:_identify(src/examples/rclcpp/topics) by extension 'ignore'
[0.883s] Level 1:colcon.colcon_core.package_identification:_identify(src/examples/rclcpp/topics) by extension 'ignore_ament_install'
[0.883s] Level 1:colcon.colcon_core.package_identification:_identify(src/examples/rclcpp/topics) by extensions ['colcon_pkg']
[0.883s] Level 1:colcon.colcon_core.package_identification:_identify(src/examples/rclcpp/topics) by extension 'colcon_pkg'
[0.883s] Level 1:colcon.colcon_core.package_identification:_identify(src/examples/rclcpp/topics) by extensions ['colcon_meta']
[0.884s] Level 1:colcon.colcon_core.package_identification:_identify(src/examples/rclcpp/topics) by extension 'colcon_meta'
[0.884s] Level 1:colcon.colcon_core.package_identification:_identify(src/examples/rclcpp/topics) by extensions ['ros']
[0.884s] Level 1:colcon.colcon_core.package_identification:_identify(src/examples/rclcpp/topics) by extension 'ros'
[0.884s] Level 1:colcon.colcon_core.package_identification:_identify(src/examples/rclcpp/topics) by extensions ['cmake', 'python']
[0.884s] Level 1:colcon.colcon_core.package_identification:_identify(src/examples/rclcpp/topics) by extension 'cmake'
[0.884s] Level 1:colcon.colcon_core.package_identification:_identify(src/examples/rclcpp/topics) by extension 'python'
[0.884s] Level 1:colcon.colcon_core.package_identification:_identify(src/examples/rclcpp/topics) by extensions ['python_setup_py']
[0.884s] Level 1:colcon.colcon_core.package_identification:_identify(src/examples/rclcpp/topics) by extension 'python_setup_py'
[0.886s] Level 1:colcon.colcon_core.package_identification:_identify(src/examples/rclcpp/topics/minimal_publisher) by extensions ['ignore', 'ignore_ament_install']
[0.886s] Level 1:colcon.colcon_core.package_identification:_identify(src/examples/rclcpp/topics/minimal_publisher) by extension 'ignore'
[0.886s] Level 1:colcon.colcon_core.package_identification:_identify(src/examples/rclcpp/topics/minimal_publisher) by extension 'ignore_ament_install'
[0.886s] Level 1:colcon.colcon_core.package_identification:_identify(src/examples/rclcpp/topics/minimal_publisher) by extensions ['colcon_pkg']
[0.886s] Level 1:colcon.colcon_core.package_identification:_identify(src/examples/rclcpp/topics/minimal_publisher) by extension 'colcon_pkg'
[0.886s] Level 1:colcon.colcon_core.package_identification:_identify(src/examples/rclcpp/topics/minimal_publisher) by extensions ['colcon_meta']
[0.886s] Level 1:colcon.colcon_core.package_identification:_identify(src/examples/rclcpp/topics/minimal_publisher) by extension 'colcon_meta'
[0.886s] Level 1:colcon.colcon_core.package_identification:_identify(src/examples/rclcpp/topics/minimal_publisher) by extensions ['ros']
[0.886s] Level 1:colcon.colcon_core.package_identification:_identify(src/examples/rclcpp/topics/minimal_publisher) by extension 'ros'
[0.888s] DEBUG:colcon.colcon_core.package_identification:Package 'src/examples/rclcpp/topics/minimal_publisher' with type 'ros.ament_cmake' and name 'examples_rclcpp_minimal_publisher'
[0.889s] Level 1:colcon.colcon_core.package_identification:_identify(src/examples/rclcpp/topics/minimal_subscriber) by extensions ['ignore', 'ignore_ament_install']
[0.889s] Level 1:colcon.colcon_core.package_identification:_identify(src/examples/rclcpp/topics/minimal_subscriber) by extension 'ignore'
[0.889s] Level 1:colcon.colcon_core.package_identification:_identify(src/examples/rclcpp/topics/minimal_subscriber) by extension 'ignore_ament_install'
[0.889s] Level 1:colcon.colcon_core.package_identification:_identify(src/examples/rclcpp/topics/minimal_subscriber) by extensions ['colcon_pkg']
[0.889s] Level 1:colcon.colcon_core.package_identification:_identify(src/examples/rclcpp/topics/minimal_subscriber) by extension 'colcon_pkg'
[0.889s] Level 1:colcon.colcon_core.package_identification:_identify(src/examples/rclcpp/topics/minimal_subscriber) by extensions ['colcon_meta']
[0.889s] Level 1:colcon.colcon_core.package_identification:_identify(src/examples/rclcpp/topics/minimal_subscriber) by extension 'colcon_meta'
[0.889s] Level 1:colcon.colcon_core.package_identification:_identify(src/examples/rclcpp/topics/minimal_subscriber) by extensions ['ros']
[0.889s] Level 1:colcon.colcon_core.package_identification:_identify(src/examples/rclcpp/topics/minimal_subscriber) by extension 'ros'
[0.891s] DEBUG:colcon.colcon_core.package_identification:Package 'src/examples/rclcpp/topics/minimal_subscriber' with type 'ros.ament_cmake' and name 'examples_rclcpp_minimal_subscriber'
[0.892s] Level 1:colcon.colcon_core.package_identification:_identify(src/examples/rclcpp/wait_set) by extensions ['ignore', 'ignore_ament_install']
[0.892s] Level 1:colcon.colcon_core.package_identification:_identify(src/examples/rclcpp/wait_set) by extension 'ignore'
[0.892s] Level 1:colcon.colcon_core.package_identification:_identify(src/examples/rclcpp/wait_set) by extension 'ignore_ament_install'
[0.892s] Level 1:colcon.colcon_core.package_identification:_identify(src/examples/rclcpp/wait_set) by extensions ['colcon_pkg']
[0.892s] Level 1:colcon.colcon_core.package_identification:_identify(src/examples/rclcpp/wait_set) by extension 'colcon_pkg'
[0.892s] Level 1:colcon.colcon_core.package_identification:_identify(src/examples/rclcpp/wait_set) by extensions ['colcon_meta']
[0.892s] Level 1:colcon.colcon_core.package_identification:_identify(src/examples/rclcpp/wait_set) by extension 'colcon_meta'
[0.892s] Level 1:colcon.colcon_core.package_identification:_identify(src/examples/rclcpp/wait_set) by extensions ['ros']
[0.892s] Level 1:colcon.colcon_core.package_identification:_identify(src/examples/rclcpp/wait_set) by extension 'ros'
[0.894s] DEBUG:colcon.colcon_core.package_identification:Package 'src/examples/rclcpp/wait_set' with type 'ros.ament_cmake' and name 'examples_rclcpp_wait_set'
[0.895s] Level 1:colcon.colcon_core.package_identification:_identify(src/examples/rclpy) by extensions ['ignore', 'ignore_ament_install']
[0.895s] Level 1:colcon.colcon_core.package_identification:_identify(src/examples/rclpy) by extension 'ignore'
[0.896s] Level 1:colcon.colcon_core.package_identification:_identify(src/examples/rclpy) by extension 'ignore_ament_install'
[0.896s] Level 1:colcon.colcon_core.package_identification:_identify(src/examples/rclpy) by extensions ['colcon_pkg']
[0.896s] Level 1:colcon.colcon_core.package_identification:_identify(src/examples/rclpy) by extension 'colcon_pkg'
[0.896s] Level 1:colcon.colcon_core.package_identification:_identify(src/examples/rclpy) by extensions ['colcon_meta']
[0.896s] Level 1:colcon.colcon_core.package_identification:_identify(src/examples/rclpy) by extension 'colcon_meta'
[0.896s] Level 1:colcon.colcon_core.package_identification:_identify(src/examples/rclpy) by extensions ['ros']
[0.896s] Level 1:colcon.colcon_core.package_identification:_identify(src/examples/rclpy) by extension 'ros'
[0.896s] Level 1:colcon.colcon_core.package_identification:_identify(src/examples/rclpy) by extensions ['cmake', 'python']
[0.896s] Level 1:colcon.colcon_core.package_identification:_identify(src/examples/rclpy) by extension 'cmake'
[0.896s] Level 1:colcon.colcon_core.package_identification:_identify(src/examples/rclpy) by extension 'python'
[0.896s] Level 1:colcon.colcon_core.package_identification:_identify(src/examples/rclpy) by extensions ['python_setup_py']
[0.896s] Level 1:colcon.colcon_core.package_identification:_identify(src/examples/rclpy) by extension 'python_setup_py'
[0.897s] Level 1:colcon.colcon_core.package_identification:_identify(src/examples/rclpy/actions) by extensions ['ignore', 'ignore_ament_install']
[0.897s] Level 1:colcon.colcon_core.package_identification:_identify(src/examples/rclpy/actions) by extension 'ignore'
[0.897s] Level 1:colcon.colcon_core.package_identification:_identify(src/examples/rclpy/actions) by extension 'ignore_ament_install'
[0.897s] Level 1:colcon.colcon_core.package_identification:_identify(src/examples/rclpy/actions) by extensions ['colcon_pkg']
[0.898s] Level 1:colcon.colcon_core.package_identification:_identify(src/examples/rclpy/actions) by extension 'colcon_pkg'
[0.898s] Level 1:colcon.colcon_core.package_identification:_identify(src/examples/rclpy/actions) by extensions ['colcon_meta']
[0.898s] Level 1:colcon.colcon_core.package_identification:_identify(src/examples/rclpy/actions) by extension 'colcon_meta'
[0.898s] Level 1:colcon.colcon_core.package_identification:_identify(src/examples/rclpy/actions) by extensions ['ros']
[0.898s] Level 1:colcon.colcon_core.package_identification:_identify(src/examples/rclpy/actions) by extension 'ros'
[0.898s] Level 1:colcon.colcon_core.package_identification:_identify(src/examples/rclpy/actions) by extensions ['cmake', 'python']
[0.898s] Level 1:colcon.colcon_core.package_identification:_identify(src/examples/rclpy/actions) by extension 'cmake'
[0.898s] Level 1:colcon.colcon_core.package_identification:_identify(src/examples/rclpy/actions) by extension 'python'
[0.898s] Level 1:colcon.colcon_core.package_identification:_identify(src/examples/rclpy/actions) by extensions ['python_setup_py']
[0.898s] Level 1:colcon.colcon_core.package_identification:_identify(src/examples/rclpy/actions) by extension 'python_setup_py'
[0.900s] Level 1:colcon.colcon_core.package_identification:_identify(src/examples/rclpy/actions/minimal_action_client) by extensions ['ignore', 'ignore_ament_install']
[0.900s] Level 1:colcon.colcon_core.package_identification:_identify(src/examples/rclpy/actions/minimal_action_client) by extension 'ignore'
[0.900s] Level 1:colcon.colcon_core.package_identification:_identify(src/examples/rclpy/actions/minimal_action_client) by extension 'ignore_ament_install'
[0.900s] Level 1:colcon.colcon_core.package_identification:_identify(src/examples/rclpy/actions/minimal_action_client) by extensions ['colcon_pkg']
[0.900s] Level 1:colcon.colcon_core.package_identification:_identify(src/examples/rclpy/actions/minimal_action_client) by extension 'colcon_pkg'
[0.900s] Level 1:colcon.colcon_core.package_identification:_identify(src/examples/rclpy/actions/minimal_action_client) by extensions ['colcon_meta']
[0.900s] Level 1:colcon.colcon_core.package_identification:_identify(src/examples/rclpy/actions/minimal_action_client) by extension 'colcon_meta'
[0.900s] Level 1:colcon.colcon_core.package_identification:_identify(src/examples/rclpy/actions/minimal_action_client) by extensions ['ros']
[0.900s] Level 1:colcon.colcon_core.package_identification:_identify(src/examples/rclpy/actions/minimal_action_client) by extension 'ros'
[0.902s] DEBUG:colcon.colcon_core.package_identification:Package 'src/examples/rclpy/actions/minimal_action_client' with type 'ros.ament_python' and name 'examples_rclpy_minimal_action_client'
[0.904s] Level 1:colcon.colcon_core.package_identification:_identify(src/examples/rclpy/actions/minimal_action_server) by extensions ['ignore', 'ignore_ament_install']
[0.904s] Level 1:colcon.colcon_core.package_identification:_identify(src/examples/rclpy/actions/minimal_action_server) by extension 'ignore'
[0.904s] Level 1:colcon.colcon_core.package_identification:_identify(src/examples/rclpy/actions/minimal_action_server) by extension 'ignore_ament_install'
[0.904s] Level 1:colcon.colcon_core.package_identification:_identify(src/examples/rclpy/actions/minimal_action_server) by extensions ['colcon_pkg']
[0.904s] Level 1:colcon.colcon_core.package_identification:_identify(src/examples/rclpy/actions/minimal_action_server) by extension 'colcon_pkg'
[0.904s] Level 1:colcon.colcon_core.package_identification:_identify(src/examples/rclpy/actions/minimal_action_server) by extensions ['colcon_meta']
[0.904s] Level 1:colcon.colcon_core.package_identification:_identify(src/examples/rclpy/actions/minimal_action_server) by extension 'colcon_meta'
[0.904s] Level 1:colcon.colcon_core.package_identification:_identify(src/examples/rclpy/actions/minimal_action_server) by extensions ['ros']
[0.905s] Level 1:colcon.colcon_core.package_identification:_identify(src/examples/rclpy/actions/minimal_action_server) by extension 'ros'
[0.907s] DEBUG:colcon.colcon_core.package_identification:Package 'src/examples/rclpy/actions/minimal_action_server' with type 'ros.ament_python' and name 'examples_rclpy_minimal_action_server'
[0.908s] Level 1:colcon.colcon_core.package_identification:_identify(src/examples/rclpy/executors) by extensions ['ignore', 'ignore_ament_install']
[0.908s] Level 1:colcon.colcon_core.package_identification:_identify(src/examples/rclpy/executors) by extension 'ignore'
[0.908s] Level 1:colcon.colcon_core.package_identification:_identify(src/examples/rclpy/executors) by extension 'ignore_ament_install'
[0.908s] Level 1:colcon.colcon_core.package_identification:_identify(src/examples/rclpy/executors) by extensions ['colcon_pkg']
[0.908s] Level 1:colcon.colcon_core.package_identification:_identify(src/examples/rclpy/executors) by extension 'colcon_pkg'
[0.908s] Level 1:colcon.colcon_core.package_identification:_identify(src/examples/rclpy/executors) by extensions ['colcon_meta']
[0.908s] Level 1:colcon.colcon_core.package_identification:_identify(src/examples/rclpy/executors) by extension 'colcon_meta'
[0.908s] Level 1:colcon.colcon_core.package_identification:_identify(src/examples/rclpy/executors) by extensions ['ros']
[0.908s] Level 1:colcon.colcon_core.package_identification:_identify(src/examples/rclpy/executors) by extension 'ros'
[0.910s] DEBUG:colcon.colcon_core.package_identification:Package 'src/examples/rclpy/executors' with type 'ros.ament_python' and name 'examples_rclpy_executors'
[0.911s] Level 1:colcon.colcon_core.package_identification:_identify(src/examples/rclpy/guard_conditions) by extensions ['ignore', 'ignore_ament_install']
[0.911s] Level 1:colcon.colcon_core.package_identification:_identify(src/examples/rclpy/guard_conditions) by extension 'ignore'
[0.911s] Level 1:colcon.colcon_core.package_identification:_identify(src/examples/rclpy/guard_conditions) by extension 'ignore_ament_install'
[0.911s] Level 1:colcon.colcon_core.package_identification:_identify(src/examples/rclpy/guard_conditions) by extensions ['colcon_pkg']
[0.911s] Level 1:colcon.colcon_core.package_identification:_identify(src/examples/rclpy/guard_conditions) by extension 'colcon_pkg'
[0.912s] Level 1:colcon.colcon_core.package_identification:_identify(src/examples/rclpy/guard_conditions) by extensions ['colcon_meta']
[0.912s] Level 1:colcon.colcon_core.package_identification:_identify(src/examples/rclpy/guard_conditions) by extension 'colcon_meta'
[0.912s] Level 1:colcon.colcon_core.package_identification:_identify(src/examples/rclpy/guard_conditions) by extensions ['ros']
[0.912s] Level 1:colcon.colcon_core.package_identification:_identify(src/examples/rclpy/guard_conditions) by extension 'ros'
[0.913s] DEBUG:colcon.colcon_core.package_identification:Package 'src/examples/rclpy/guard_conditions' with type 'ros.ament_python' and name 'examples_rclpy_guard_conditions'
[0.916s] Level 1:colcon.colcon_core.package_identification:_identify(src/examples/rclpy/services) by extensions ['ignore', 'ignore_ament_install']
[0.916s] Level 1:colcon.colcon_core.package_identification:_identify(src/examples/rclpy/services) by extension 'ignore'
[0.916s] Level 1:colcon.colcon_core.package_identification:_identify(src/examples/rclpy/services) by extension 'ignore_ament_install'
[0.916s] Level 1:colcon.colcon_core.package_identification:_identify(src/examples/rclpy/services) by extensions ['colcon_pkg']
[0.916s] Level 1:colcon.colcon_core.package_identification:_identify(src/examples/rclpy/services) by extension 'colcon_pkg'
[0.916s] Level 1:colcon.colcon_core.package_identification:_identify(src/examples/rclpy/services) by extensions ['colcon_meta']
[0.916s] Level 1:colcon.colcon_core.package_identification:_identify(src/examples/rclpy/services) by extension 'colcon_meta'
[0.916s] Level 1:colcon.colcon_core.package_identification:_identify(src/examples/rclpy/services) by extensions ['ros']
[0.916s] Level 1:colcon.colcon_core.package_identification:_identify(src/examples/rclpy/services) by extension 'ros'
[0.916s] Level 1:colcon.colcon_core.package_identification:_identify(src/examples/rclpy/services) by extensions ['cmake', 'python']
[0.916s] Level 1:colcon.colcon_core.package_identification:_identify(src/examples/rclpy/services) by extension 'cmake'
[0.916s] Level 1:colcon.colcon_core.package_identification:_identify(src/examples/rclpy/services) by extension 'python'
[0.916s] Level 1:colcon.colcon_core.package_identification:_identify(src/examples/rclpy/services) by extensions ['python_setup_py']
[0.916s] Level 1:colcon.colcon_core.package_identification:_identify(src/examples/rclpy/services) by extension 'python_setup_py'
[0.918s] Level 1:colcon.colcon_core.package_identification:_identify(src/examples/rclpy/services/minimal_client) by extensions ['ignore', 'ignore_ament_install']
[0.918s] Level 1:colcon.colcon_core.package_identification:_identify(src/examples/rclpy/services/minimal_client) by extension 'ignore'
[0.918s] Level 1:colcon.colcon_core.package_identification:_identify(src/examples/rclpy/services/minimal_client) by extension 'ignore_ament_install'
[0.918s] Level 1:colcon.colcon_core.package_identification:_identify(src/examples/rclpy/services/minimal_client) by extensions ['colcon_pkg']
[0.918s] Level 1:colcon.colcon_core.package_identification:_identify(src/examples/rclpy/services/minimal_client) by extension 'colcon_pkg'
[0.919s] Level 1:colcon.colcon_core.package_identification:_identify(src/examples/rclpy/services/minimal_client) by extensions ['colcon_meta']
[0.919s] Level 1:colcon.colcon_core.package_identification:_identify(src/examples/rclpy/services/minimal_client) by extension 'colcon_meta'
[0.919s] Level 1:colcon.colcon_core.package_identification:_identify(src/examples/rclpy/services/minimal_client) by extensions ['ros']
[0.919s] Level 1:colcon.colcon_core.package_identification:_identify(src/examples/rclpy/services/minimal_client) by extension 'ros'
[0.921s] DEBUG:colcon.colcon_core.package_identification:Package 'src/examples/rclpy/services/minimal_client' with type 'ros.ament_python' and name 'examples_rclpy_minimal_client'
[0.922s] Level 1:colcon.colcon_core.package_identification:_identify(src/examples/rclpy/services/minimal_service) by extensions ['ignore', 'ignore_ament_install']
[0.922s] Level 1:colcon.colcon_core.package_identification:_identify(src/examples/rclpy/services/minimal_service) by extension 'ignore'
[0.923s] Level 1:colcon.colcon_core.package_identification:_identify(src/examples/rclpy/services/minimal_service) by extension 'ignore_ament_install'
[0.923s] Level 1:colcon.colcon_core.package_identification:_identify(src/examples/rclpy/services/minimal_service) by extensions ['colcon_pkg']
[0.923s] Level 1:colcon.colcon_core.package_identification:_identify(src/examples/rclpy/services/minimal_service) by extension 'colcon_pkg'
[0.923s] Level 1:colcon.colcon_core.package_identification:_identify(src/examples/rclpy/services/minimal_service) by extensions ['colcon_meta']
[0.923s] Level 1:colcon.colcon_core.package_identification:_identify(src/examples/rclpy/services/minimal_service) by extension 'colcon_meta'
[0.923s] Level 1:colcon.colcon_core.package_identification:_identify(src/examples/rclpy/services/minimal_service) by extensions ['ros']
[0.923s] Level 1:colcon.colcon_core.package_identification:_identify(src/examples/rclpy/services/minimal_service) by extension 'ros'
[0.926s] DEBUG:colcon.colcon_core.package_identification:Package 'src/examples/rclpy/services/minimal_service' with type 'ros.ament_python' and name 'examples_rclpy_minimal_service'
[0.927s] Level 1:colcon.colcon_core.package_identification:_identify(src/examples/rclpy/topics) by extensions ['ignore', 'ignore_ament_install']
[0.927s] Level 1:colcon.colcon_core.package_identification:_identify(src/examples/rclpy/topics) by extension 'ignore'
[0.927s] Level 1:colcon.colcon_core.package_identification:_identify(src/examples/rclpy/topics) by extension 'ignore_ament_install'
[0.927s] Level 1:colcon.colcon_core.package_identification:_identify(src/examples/rclpy/topics) by extensions ['colcon_pkg']
[0.927s] Level 1:colcon.colcon_core.package_identification:_identify(src/examples/rclpy/topics) by extension 'colcon_pkg'
[0.927s] Level 1:colcon.colcon_core.package_identification:_identify(src/examples/rclpy/topics) by extensions ['colcon_meta']
[0.927s] Level 1:colcon.colcon_core.package_identification:_identify(src/examples/rclpy/topics) by extension 'colcon_meta'
[0.927s] Level 1:colcon.colcon_core.package_identification:_identify(src/examples/rclpy/topics) by extensions ['ros']
[0.927s] Level 1:colcon.colcon_core.package_identification:_identify(src/examples/rclpy/topics) by extension 'ros'
[0.927s] Level 1:colcon.colcon_core.package_identification:_identify(src/examples/rclpy/topics) by extensions ['cmake', 'python']
[0.928s] Level 1:colcon.colcon_core.package_identification:_identify(src/examples/rclpy/topics) by extension 'cmake'
[0.928s] Level 1:colcon.colcon_core.package_identification:_identify(src/examples/rclpy/topics) by extension 'python'
[0.928s] Level 1:colcon.colcon_core.package_identification:_identify(src/examples/rclpy/topics) by extensions ['python_setup_py']
[0.928s] Level 1:colcon.colcon_core.package_identification:_identify(src/examples/rclpy/topics) by extension 'python_setup_py'
[0.929s] Level 1:colcon.colcon_core.package_identification:_identify(src/examples/rclpy/topics/minimal_publisher) by extensions ['ignore', 'ignore_ament_install']
[0.929s] Level 1:colcon.colcon_core.package_identification:_identify(src/examples/rclpy/topics/minimal_publisher) by extension 'ignore'
[0.929s] Level 1:colcon.colcon_core.package_identification:_identify(src/examples/rclpy/topics/minimal_publisher) by extension 'ignore_ament_install'
[0.929s] Level 1:colcon.colcon_core.package_identification:_identify(src/examples/rclpy/topics/minimal_publisher) by extensions ['colcon_pkg']
[0.929s] Level 1:colcon.colcon_core.package_identification:_identify(src/examples/rclpy/topics/minimal_publisher) by extension 'colcon_pkg'
[0.929s] Level 1:colcon.colcon_core.package_identification:_identify(src/examples/rclpy/topics/minimal_publisher) by extensions ['colcon_meta']
[0.929s] Level 1:colcon.colcon_core.package_identification:_identify(src/examples/rclpy/topics/minimal_publisher) by extension 'colcon_meta'
[0.929s] Level 1:colcon.colcon_core.package_identification:_identify(src/examples/rclpy/topics/minimal_publisher) by extensions ['ros']
[0.930s] Level 1:colcon.colcon_core.package_identification:_identify(src/examples/rclpy/topics/minimal_publisher) by extension 'ros'
[0.932s] DEBUG:colcon.colcon_core.package_identification:Package 'src/examples/rclpy/topics/minimal_publisher' with type 'ros.ament_python' and name 'examples_rclpy_minimal_publisher'
[0.933s] Level 1:colcon.colcon_core.package_identification:_identify(src/examples/rclpy/topics/minimal_subscriber) by extensions ['ignore', 'ignore_ament_install']
[0.933s] Level 1:colcon.colcon_core.package_identification:_identify(src/examples/rclpy/topics/minimal_subscriber) by extension 'ignore'
[0.933s] Level 1:colcon.colcon_core.package_identification:_identify(src/examples/rclpy/topics/minimal_subscriber) by extension 'ignore_ament_install'
[0.933s] Level 1:colcon.colcon_core.package_identification:_identify(src/examples/rclpy/topics/minimal_subscriber) by extensions ['colcon_pkg']
[0.933s] Level 1:colcon.colcon_core.package_identification:_identify(src/examples/rclpy/topics/minimal_subscriber) by extension 'colcon_pkg'
[0.933s] Level 1:colcon.colcon_core.package_identification:_identify(src/examples/rclpy/topics/minimal_subscriber) by extensions ['colcon_meta']
[0.933s] Level 1:colcon.colcon_core.package_identification:_identify(src/examples/rclpy/topics/minimal_subscriber) by extension 'colcon_meta'
[0.933s] Level 1:colcon.colcon_core.package_identification:_identify(src/examples/rclpy/topics/minimal_subscriber) by extensions ['ros']
[0.933s] Level 1:colcon.colcon_core.package_identification:_identify(src/examples/rclpy/topics/minimal_subscriber) by extension 'ros'
[0.937s] DEBUG:colcon.colcon_core.package_identification:Package 'src/examples/rclpy/topics/minimal_subscriber' with type 'ros.ament_python' and name 'examples_rclpy_minimal_subscriber'
[0.938s] Level 1:colcon.colcon_core.package_identification:_identify(src/examples/rclpy/topics/pointcloud_publisher) by extensions ['ignore', 'ignore_ament_install']
[0.938s] Level 1:colcon.colcon_core.package_identification:_identify(src/examples/rclpy/topics/pointcloud_publisher) by extension 'ignore'
[0.938s] Level 1:colcon.colcon_core.package_identification:_identify(src/examples/rclpy/topics/pointcloud_publisher) by extension 'ignore_ament_install'
[0.939s] Level 1:colcon.colcon_core.package_identification:_identify(src/examples/rclpy/topics/pointcloud_publisher) by extensions ['colcon_pkg']
[0.939s] Level 1:colcon.colcon_core.package_identification:_identify(src/examples/rclpy/topics/pointcloud_publisher) by extension 'colcon_pkg'
[0.939s] Level 1:colcon.colcon_core.package_identification:_identify(src/examples/rclpy/topics/pointcloud_publisher) by extensions ['colcon_meta']
[0.939s] Level 1:colcon.colcon_core.package_identification:_identify(src/examples/rclpy/topics/pointcloud_publisher) by extension 'colcon_meta'
[0.939s] Level 1:colcon.colcon_core.package_identification:_identify(src/examples/rclpy/topics/pointcloud_publisher) by extensions ['ros']
[0.939s] Level 1:colcon.colcon_core.package_identification:_identify(src/examples/rclpy/topics/pointcloud_publisher) by extension 'ros'
[0.941s] DEBUG:colcon.colcon_core.package_identification:Package 'src/examples/rclpy/topics/pointcloud_publisher' with type 'ros.ament_python' and name 'examples_rclpy_pointcloud_publisher'
[0.941s] Level 1:colcon.colcon_core.package_identification:_identify(src/image_converter) by extensions ['ignore', 'ignore_ament_install']
[0.941s] Level 1:colcon.colcon_core.package_identification:_identify(src/image_converter) by extension 'ignore'
[0.941s] Level 1:colcon.colcon_core.package_identification:_identify(src/image_converter) by extension 'ignore_ament_install'
[0.941s] Level 1:colcon.colcon_core.package_identification:_identify(src/image_converter) by extensions ['colcon_pkg']
[0.941s] Level 1:colcon.colcon_core.package_identification:_identify(src/image_converter) by extension 'colcon_pkg'
[0.942s] Level 1:colcon.colcon_core.package_identification:_identify(src/image_converter) by extensions ['colcon_meta']
[0.942s] Level 1:colcon.colcon_core.package_identification:_identify(src/image_converter) by extension 'colcon_meta'
[0.942s] Level 1:colcon.colcon_core.package_identification:_identify(src/image_converter) by extensions ['ros']
[0.942s] Level 1:colcon.colcon_core.package_identification:_identify(src/image_converter) by extension 'ros'
[0.943s] DEBUG:colcon.colcon_core.package_identification:Package 'src/image_converter' with type 'ros.ament_python' and name 'image_converter'
[0.943s] Level 1:colcon.colcon_core.package_identification:_identify(src/ros2_sumo-main) by extensions ['ignore', 'ignore_ament_install']
[0.944s] Level 1:colcon.colcon_core.package_identification:_identify(src/ros2_sumo-main) by extension 'ignore'
[0.944s] Level 1:colcon.colcon_core.package_identification:_identify(src/ros2_sumo-main) by extension 'ignore_ament_install'
[0.944s] Level 1:colcon.colcon_core.package_identification:_identify(src/ros2_sumo-main) by extensions ['colcon_pkg']
[0.944s] Level 1:colcon.colcon_core.package_identification:_identify(src/ros2_sumo-main) by extension 'colcon_pkg'
[0.944s] Level 1:colcon.colcon_core.package_identification:_identify(src/ros2_sumo-main) by extensions ['colcon_meta']
[0.944s] Level 1:colcon.colcon_core.package_identification:_identify(src/ros2_sumo-main) by extension 'colcon_meta'
[0.944s] Level 1:colcon.colcon_core.package_identification:_identify(src/ros2_sumo-main) by extensions ['ros']
[0.944s] Level 1:colcon.colcon_core.package_identification:_identify(src/ros2_sumo-main) by extension 'ros'
[0.945s] DEBUG:colcon.colcon_core.package_identification:Package 'src/ros2_sumo-main' with type 'ros.ament_python' and name 'ros2_sumo'
[0.945s] Level 1:colcon.colcon_core.package_identification:_identify(src/vision_opencv) by extensions ['ignore', 'ignore_ament_install']
[0.945s] Level 1:colcon.colcon_core.package_identification:_identify(src/vision_opencv) by extension 'ignore'
[0.945s] Level 1:colcon.colcon_core.package_identification:_identify(src/vision_opencv) by extension 'ignore_ament_install'
[0.945s] Level 1:colcon.colcon_core.package_identification:_identify(src/vision_opencv) by extensions ['colcon_pkg']
[0.945s] Level 1:colcon.colcon_core.package_identification:_identify(src/vision_opencv) by extension 'colcon_pkg'
[0.945s] Level 1:colcon.colcon_core.package_identification:_identify(src/vision_opencv) by extensions ['colcon_meta']
[0.945s] Level 1:colcon.colcon_core.package_identification:_identify(src/vision_opencv) by extension 'colcon_meta'
[0.945s] Level 1:colcon.colcon_core.package_identification:_identify(src/vision_opencv) by extensions ['ros']
[0.945s] Level 1:colcon.colcon_core.package_identification:_identify(src/vision_opencv) by extension 'ros'
[0.945s] Level 1:colcon.colcon_core.package_identification:_identify(src/vision_opencv) by extensions ['cmake', 'python']
[0.945s] Level 1:colcon.colcon_core.package_identification:_identify(src/vision_opencv) by extension 'cmake'
[0.945s] Level 1:colcon.colcon_core.package_identification:_identify(src/vision_opencv) by extension 'python'
[0.945s] Level 1:colcon.colcon_core.package_identification:_identify(src/vision_opencv) by extensions ['python_setup_py']
[0.945s] Level 1:colcon.colcon_core.package_identification:_identify(src/vision_opencv) by extension 'python_setup_py'
[0.947s] Level 1:colcon.colcon_core.package_identification:_identify(src/vision_opencv/cv_bridge) by extensions ['ignore', 'ignore_ament_install']
[0.947s] Level 1:colcon.colcon_core.package_identification:_identify(src/vision_opencv/cv_bridge) by extension 'ignore'
[0.947s] Level 1:colcon.colcon_core.package_identification:_identify(src/vision_opencv/cv_bridge) by extension 'ignore_ament_install'
[0.947s] Level 1:colcon.colcon_core.package_identification:_identify(src/vision_opencv/cv_bridge) by extensions ['colcon_pkg']
[0.947s] Level 1:colcon.colcon_core.package_identification:_identify(src/vision_opencv/cv_bridge) by extension 'colcon_pkg'
[0.947s] Level 1:colcon.colcon_core.package_identification:_identify(src/vision_opencv/cv_bridge) by extensions ['colcon_meta']
[0.947s] Level 1:colcon.colcon_core.package_identification:_identify(src/vision_opencv/cv_bridge) by extension 'colcon_meta'
[0.947s] Level 1:colcon.colcon_core.package_identification:_identify(src/vision_opencv/cv_bridge) by extensions ['ros']
[0.947s] Level 1:colcon.colcon_core.package_identification:_identify(src/vision_opencv/cv_bridge) by extension 'ros'
[0.949s] DEBUG:colcon.colcon_core.package_identification:Package 'src/vision_opencv/cv_bridge' with type 'ros.ament_cmake' and name 'cv_bridge'
[0.950s] Level 1:colcon.colcon_core.package_identification:_identify(src/vision_opencv/image_geometry) by extensions ['ignore', 'ignore_ament_install']
[0.951s] Level 1:colcon.colcon_core.package_identification:_identify(src/vision_opencv/image_geometry) by extension 'ignore'
[0.951s] Level 1:colcon.colcon_core.package_identification:_identify(src/vision_opencv/image_geometry) by extension 'ignore_ament_install'
[0.951s] Level 1:colcon.colcon_core.package_identification:_identify(src/vision_opencv/image_geometry) by extensions ['colcon_pkg']
[0.951s] Level 1:colcon.colcon_core.package_identification:_identify(src/vision_opencv/image_geometry) by extension 'colcon_pkg'
[0.951s] Level 1:colcon.colcon_core.package_identification:_identify(src/vision_opencv/image_geometry) by extensions ['colcon_meta']
[0.951s] Level 1:colcon.colcon_core.package_identification:_identify(src/vision_opencv/image_geometry) by extension 'colcon_meta'
[0.951s] Level 1:colcon.colcon_core.package_identification:_identify(src/vision_opencv/image_geometry) by extensions ['ros']
[0.951s] Level 1:colcon.colcon_core.package_identification:_identify(src/vision_opencv/image_geometry) by extension 'ros'
[0.953s] DEBUG:colcon.colcon_core.package_identification:Package 'src/vision_opencv/image_geometry' with type 'ros.ament_cmake' and name 'image_geometry'
[0.954s] Level 1:colcon.colcon_core.package_identification:_identify(src/vision_opencv/opencv_tests) by extensions ['ignore', 'ignore_ament_install']
[0.954s] Level 1:colcon.colcon_core.package_identification:_identify(src/vision_opencv/opencv_tests) by extension 'ignore'
[0.954s] Level 1:colcon.colcon_core.package_identification:_identify(src/vision_opencv/opencv_tests) by extension 'ignore_ament_install'
[0.954s] Level 1:colcon.colcon_core.package_identification:_identify(src/vision_opencv/opencv_tests) by extensions ['colcon_pkg']
[0.954s] Level 1:colcon.colcon_core.package_identification:_identify(src/vision_opencv/opencv_tests) by extension 'colcon_pkg'
[0.954s] Level 1:colcon.colcon_core.package_identification:_identify(src/vision_opencv/opencv_tests) by extensions ['colcon_meta']
[0.954s] Level 1:colcon.colcon_core.package_identification:_identify(src/vision_opencv/opencv_tests) by extension 'colcon_meta'
[0.954s] Level 1:colcon.colcon_core.package_identification:_identify(src/vision_opencv/opencv_tests) by extensions ['ros']
[0.955s] Level 1:colcon.colcon_core.package_identification:_identify(src/vision_opencv/opencv_tests) by extension 'ros'
[0.956s] DEBUG:colcon.colcon_core.package_identification:Package 'src/vision_opencv/opencv_tests' with type 'ros.ament_python' and name 'opencv_tests'
[0.957s] Level 1:colcon.colcon_core.package_identification:_identify(src/vision_opencv/vision_opencv) by extensions ['ignore', 'ignore_ament_install']
[0.957s] Level 1:colcon.colcon_core.package_identification:_identify(src/vision_opencv/vision_opencv) by extension 'ignore'
[0.958s] Level 1:colcon.colcon_core.package_identification:_identify(src/vision_opencv/vision_opencv) by extension 'ignore_ament_install'
[0.958s] Level 1:colcon.colcon_core.package_identification:_identify(src/vision_opencv/vision_opencv) by extensions ['colcon_pkg']
[0.958s] Level 1:colcon.colcon_core.package_identification:_identify(src/vision_opencv/vision_opencv) by extension 'colcon_pkg'
[0.958s] Level 1:colcon.colcon_core.package_identification:_identify(src/vision_opencv/vision_opencv) by extensions ['colcon_meta']
[0.958s] Level 1:colcon.colcon_core.package_identification:_identify(src/vision_opencv/vision_opencv) by extension 'colcon_meta'
[0.958s] Level 1:colcon.colcon_core.package_identification:_identify(src/vision_opencv/vision_opencv) by extensions ['ros']
[0.958s] Level 1:colcon.colcon_core.package_identification:_identify(src/vision_opencv/vision_opencv) by extension 'ros'
[0.959s] DEBUG:colcon.colcon_core.package_identification:Package 'src/vision_opencv/vision_opencv' with type 'ros.ament_cmake' and name 'vision_opencv'
[0.960s] Level 1:colcon.colcon_core.package_discovery:discover_packages(recursive) using defaults
[0.960s] Level 1:colcon.colcon_core.package_discovery:discover_packages(ignore) discover
[0.960s] Level 1:colcon.colcon_core.package_discovery:discover_packages(ignore) using defaults
[0.960s] Level 1:colcon.colcon_core.package_discovery:discover_packages(path) discover
[0.960s] Level 1:colcon.colcon_core.package_discovery:discover_packages(path) using defaults
[1.034s] Level 1:colcon.colcon_core.package_discovery:discover_packages(prefix_path) check parameters
[1.034s] Level 1:colcon.colcon_core.package_discovery:discover_packages(prefix_path) discover
[1.047s] DEBUG:colcon.colcon_installed_package_information.package_discovery:Found 313 installed packages in /opt/ros/humble
[1.049s] Level 1:colcon.colcon_core.package_discovery:discover_packages(prefix_path) using defaults
[1.099s] WARNING:colcon.colcon_core.package_selection:Some selected packages are already built in one or more underlay workspaces:
	'image_pipeline' is in: /opt/ros/humble
	'examples_rclcpp_minimal_subscriber' is in: /opt/ros/humble
	'examples_rclpy_minimal_service' is in: /opt/ros/humble
	'examples_rclcpp_minimal_action_client' is in: /opt/ros/humble
	'examples_rclcpp_multithreaded_executor' is in: /opt/ros/humble
	'examples_rclpy_minimal_publisher' is in: /opt/ros/humble
	'examples_rclcpp_minimal_action_server' is in: /opt/ros/humble
	'examples_rclcpp_minimal_client' is in: /opt/ros/humble
	'examples_rclpy_minimal_action_server' is in: /opt/ros/humble
	'image_geometry' is in: /opt/ros/humble
	'examples_rclpy_minimal_subscriber' is in: /opt/ros/humble
	'examples_rclpy_executors' is in: /opt/ros/humble
	'cv_bridge' is in: /opt/ros/humble
	'examples_rclpy_minimal_action_client' is in: /opt/ros/humble
	'examples_rclcpp_minimal_timer' is in: /opt/ros/humble
	'examples_rclcpp_minimal_publisher' is in: /opt/ros/humble
	'vision_opencv' is in: /opt/ros/humble
	'examples_rclcpp_minimal_composition' is in: /opt/ros/humble
	'examples_rclpy_minimal_client' is in: /opt/ros/humble
	'examples_rclcpp_minimal_service' is in: /opt/ros/humble
If a package in a merged underlay workspace is overridden and it installs headers, then all packages in the overlay must sort their include directories by workspace order. Failure to do so may result in build failures or undefined behavior at run time.
If the overridden package is used by another package in any underlay, then the overriding package in the overlay must be API and ABI compatible or undefined behavior at run time may occur.

If you understand the risks and want to override a package anyways, add the following to the command line:
	--allow-overriding cv_bridge examples_rclcpp_minimal_action_client examples_rclcpp_minimal_action_server examples_rclcpp_minimal_client examples_rclcpp_minimal_composition examples_rclcpp_minimal_publisher examples_rclcpp_minimal_service examples_rclcpp_minimal_subscriber examples_rclcpp_minimal_timer examples_rclcpp_multithreaded_executor examples_rclpy_executors examples_rclpy_minimal_action_client examples_rclpy_minimal_action_server examples_rclpy_minimal_client examples_rclpy_minimal_publisher examples_rclpy_minimal_service examples_rclpy_minimal_subscriber image_geometry image_pipeline vision_opencv

This may be promoted to an error in a future release of colcon-override-check.
[1.100s] Level 5:colcon.colcon_core.verb:set package 'cv_bridge' build argument 'cmake_args' from command line to 'None'
[1.100s] Level 5:colcon.colcon_core.verb:set package 'cv_bridge' build argument 'cmake_target' from command line to 'None'
[1.100s] Level 5:colcon.colcon_core.verb:set package 'cv_bridge' build argument 'cmake_target_skip_unavailable' from command line to 'False'
[1.100s] Level 5:colcon.colcon_core.verb:set package 'cv_bridge' build argument 'cmake_clean_cache' from command line to 'False'
[1.100s] Level 5:colcon.colcon_core.verb:set package 'cv_bridge' build argument 'cmake_clean_first' from command line to 'False'
[1.100s] Level 5:colcon.colcon_core.verb:set package 'cv_bridge' build argument 'cmake_force_configure' from command line to 'False'
[1.100s] Level 5:colcon.colcon_core.verb:set package 'cv_bridge' build argument 'ament_cmake_args' from command line to 'None'
[1.100s] Level 5:colcon.colcon_core.verb:set package 'cv_bridge' build argument 'catkin_cmake_args' from command line to 'None'
[1.100s] Level 5:colcon.colcon_core.verb:set package 'cv_bridge' build argument 'catkin_skip_building_tests' from command line to 'False'
[1.100s] DEBUG:colcon.colcon_core.verb:Building package 'cv_bridge' with the following arguments: {'ament_cmake_args': None, 'build_base': '/home/bryan/Workspace/ros2_ws/build/cv_bridge', 'catkin_cmake_args': None, 'catkin_skip_building_tests': False, 'cmake_args': None, 'cmake_clean_cache': False, 'cmake_clean_first': False, 'cmake_force_configure': False, 'cmake_target': None, 'cmake_target_skip_unavailable': False, 'install_base': '/home/bryan/Workspace/ros2_ws/install/cv_bridge', 'merge_install': False, 'path': '/home/bryan/Workspace/ros2_ws/src/vision_opencv/cv_bridge', 'symlink_install': True, 'test_result_base': None}
[1.101s] Level 5:colcon.colcon_core.verb:set package 'examples_rclcpp_async_client' build argument 'cmake_args' from command line to 'None'
[1.101s] Level 5:colcon.colcon_core.verb:set package 'examples_rclcpp_async_client' build argument 'cmake_target' from command line to 'None'
[1.101s] Level 5:colcon.colcon_core.verb:set package 'examples_rclcpp_async_client' build argument 'cmake_target_skip_unavailable' from command line to 'False'
[1.101s] Level 5:colcon.colcon_core.verb:set package 'examples_rclcpp_async_client' build argument 'cmake_clean_cache' from command line to 'False'
[1.101s] Level 5:colcon.colcon_core.verb:set package 'examples_rclcpp_async_client' build argument 'cmake_clean_first' from command line to 'False'
[1.101s] Level 5:colcon.colcon_core.verb:set package 'examples_rclcpp_async_client' build argument 'cmake_force_configure' from command line to 'False'
[1.101s] Level 5:colcon.colcon_core.verb:set package 'examples_rclcpp_async_client' build argument 'ament_cmake_args' from command line to 'None'
[1.101s] Level 5:colcon.colcon_core.verb:set package 'examples_rclcpp_async_client' build argument 'catkin_cmake_args' from command line to 'None'
[1.101s] Level 5:colcon.colcon_core.verb:set package 'examples_rclcpp_async_client' build argument 'catkin_skip_building_tests' from command line to 'False'
[1.101s] DEBUG:colcon.colcon_core.verb:Building package 'examples_rclcpp_async_client' with the following arguments: {'ament_cmake_args': None, 'build_base': '/home/bryan/Workspace/ros2_ws/build/examples_rclcpp_async_client', 'catkin_cmake_args': None, 'catkin_skip_building_tests': False, 'cmake_args': None, 'cmake_clean_cache': False, 'cmake_clean_first': False, 'cmake_force_configure': False, 'cmake_target': None, 'cmake_target_skip_unavailable': False, 'install_base': '/home/bryan/Workspace/ros2_ws/install/examples_rclcpp_async_client', 'merge_install': False, 'path': '/home/bryan/Workspace/ros2_ws/src/examples/rclcpp/services/async_client', 'symlink_install': True, 'test_result_base': None}
[1.101s] Level 5:colcon.colcon_core.verb:set package 'examples_rclcpp_cbg_executor' build argument 'cmake_args' from command line to 'None'
[1.101s] Level 5:colcon.colcon_core.verb:set package 'examples_rclcpp_cbg_executor' build argument 'cmake_target' from command line to 'None'
[1.101s] Level 5:colcon.colcon_core.verb:set package 'examples_rclcpp_cbg_executor' build argument 'cmake_target_skip_unavailable' from command line to 'False'
[1.101s] Level 5:colcon.colcon_core.verb:set package 'examples_rclcpp_cbg_executor' build argument 'cmake_clean_cache' from command line to 'False'
[1.101s] Level 5:colcon.colcon_core.verb:set package 'examples_rclcpp_cbg_executor' build argument 'cmake_clean_first' from command line to 'False'
[1.101s] Level 5:colcon.colcon_core.verb:set package 'examples_rclcpp_cbg_executor' build argument 'cmake_force_configure' from command line to 'False'
[1.102s] Level 5:colcon.colcon_core.verb:set package 'examples_rclcpp_cbg_executor' build argument 'ament_cmake_args' from command line to 'None'
[1.102s] Level 5:colcon.colcon_core.verb:set package 'examples_rclcpp_cbg_executor' build argument 'catkin_cmake_args' from command line to 'None'
[1.102s] Level 5:colcon.colcon_core.verb:set package 'examples_rclcpp_cbg_executor' build argument 'catkin_skip_building_tests' from command line to 'False'
[1.102s] DEBUG:colcon.colcon_core.verb:Building package 'examples_rclcpp_cbg_executor' with the following arguments: {'ament_cmake_args': None, 'build_base': '/home/bryan/Workspace/ros2_ws/build/examples_rclcpp_cbg_executor', 'catkin_cmake_args': None, 'catkin_skip_building_tests': False, 'cmake_args': None, 'cmake_clean_cache': False, 'cmake_clean_first': False, 'cmake_force_configure': False, 'cmake_target': None, 'cmake_target_skip_unavailable': False, 'install_base': '/home/bryan/Workspace/ros2_ws/install/examples_rclcpp_cbg_executor', 'merge_install': False, 'path': '/home/bryan/Workspace/ros2_ws/src/examples/rclcpp/executors/cbg_executor', 'symlink_install': True, 'test_result_base': None}
[1.102s] Level 5:colcon.colcon_core.verb:set package 'examples_rclcpp_minimal_action_client' build argument 'cmake_args' from command line to 'None'
[1.102s] Level 5:colcon.colcon_core.verb:set package 'examples_rclcpp_minimal_action_client' build argument 'cmake_target' from command line to 'None'
[1.102s] Level 5:colcon.colcon_core.verb:set package 'examples_rclcpp_minimal_action_client' build argument 'cmake_target_skip_unavailable' from command line to 'False'
[1.102s] Level 5:colcon.colcon_core.verb:set package 'examples_rclcpp_minimal_action_client' build argument 'cmake_clean_cache' from command line to 'False'
[1.102s] Level 5:colcon.colcon_core.verb:set package 'examples_rclcpp_minimal_action_client' build argument 'cmake_clean_first' from command line to 'False'
[1.102s] Level 5:colcon.colcon_core.verb:set package 'examples_rclcpp_minimal_action_client' build argument 'cmake_force_configure' from command line to 'False'
[1.103s] Level 5:colcon.colcon_core.verb:set package 'examples_rclcpp_minimal_action_client' build argument 'ament_cmake_args' from command line to 'None'
[1.103s] Level 5:colcon.colcon_core.verb:set package 'examples_rclcpp_minimal_action_client' build argument 'catkin_cmake_args' from command line to 'None'
[1.103s] Level 5:colcon.colcon_core.verb:set package 'examples_rclcpp_minimal_action_client' build argument 'catkin_skip_building_tests' from command line to 'False'
[1.103s] DEBUG:colcon.colcon_core.verb:Building package 'examples_rclcpp_minimal_action_client' with the following arguments: {'ament_cmake_args': None, 'build_base': '/home/bryan/Workspace/ros2_ws/build/examples_rclcpp_minimal_action_client', 'catkin_cmake_args': None, 'catkin_skip_building_tests': False, 'cmake_args': None, 'cmake_clean_cache': False, 'cmake_clean_first': False, 'cmake_force_configure': False, 'cmake_target': None, 'cmake_target_skip_unavailable': False, 'install_base': '/home/bryan/Workspace/ros2_ws/install/examples_rclcpp_minimal_action_client', 'merge_install': False, 'path': '/home/bryan/Workspace/ros2_ws/src/examples/rclcpp/actions/minimal_action_client', 'symlink_install': True, 'test_result_base': None}
[1.103s] Level 5:colcon.colcon_core.verb:set package 'examples_rclcpp_minimal_action_server' build argument 'cmake_args' from command line to 'None'
[1.103s] Level 5:colcon.colcon_core.verb:set package 'examples_rclcpp_minimal_action_server' build argument 'cmake_target' from command line to 'None'
[1.103s] Level 5:colcon.colcon_core.verb:set package 'examples_rclcpp_minimal_action_server' build argument 'cmake_target_skip_unavailable' from command line to 'False'
[1.103s] Level 5:colcon.colcon_core.verb:set package 'examples_rclcpp_minimal_action_server' build argument 'cmake_clean_cache' from command line to 'False'
[1.103s] Level 5:colcon.colcon_core.verb:set package 'examples_rclcpp_minimal_action_server' build argument 'cmake_clean_first' from command line to 'False'
[1.103s] Level 5:colcon.colcon_core.verb:set package 'examples_rclcpp_minimal_action_server' build argument 'cmake_force_configure' from command line to 'False'
[1.103s] Level 5:colcon.colcon_core.verb:set package 'examples_rclcpp_minimal_action_server' build argument 'ament_cmake_args' from command line to 'None'
[1.103s] Level 5:colcon.colcon_core.verb:set package 'examples_rclcpp_minimal_action_server' build argument 'catkin_cmake_args' from command line to 'None'
[1.103s] Level 5:colcon.colcon_core.verb:set package 'examples_rclcpp_minimal_action_server' build argument 'catkin_skip_building_tests' from command line to 'False'
[1.103s] DEBUG:colcon.colcon_core.verb:Building package 'examples_rclcpp_minimal_action_server' with the following arguments: {'ament_cmake_args': None, 'build_base': '/home/bryan/Workspace/ros2_ws/build/examples_rclcpp_minimal_action_server', 'catkin_cmake_args': None, 'catkin_skip_building_tests': False, 'cmake_args': None, 'cmake_clean_cache': False, 'cmake_clean_first': False, 'cmake_force_configure': False, 'cmake_target': None, 'cmake_target_skip_unavailable': False, 'install_base': '/home/bryan/Workspace/ros2_ws/install/examples_rclcpp_minimal_action_server', 'merge_install': False, 'path': '/home/bryan/Workspace/ros2_ws/src/examples/rclcpp/actions/minimal_action_server', 'symlink_install': True, 'test_result_base': None}
[1.103s] Level 5:colcon.colcon_core.verb:set package 'examples_rclcpp_minimal_client' build argument 'cmake_args' from command line to 'None'
[1.103s] Level 5:colcon.colcon_core.verb:set package 'examples_rclcpp_minimal_client' build argument 'cmake_target' from command line to 'None'
[1.103s] Level 5:colcon.colcon_core.verb:set package 'examples_rclcpp_minimal_client' build argument 'cmake_target_skip_unavailable' from command line to 'False'
[1.103s] Level 5:colcon.colcon_core.verb:set package 'examples_rclcpp_minimal_client' build argument 'cmake_clean_cache' from command line to 'False'
[1.103s] Level 5:colcon.colcon_core.verb:set package 'examples_rclcpp_minimal_client' build argument 'cmake_clean_first' from command line to 'False'
[1.104s] Level 5:colcon.colcon_core.verb:set package 'examples_rclcpp_minimal_client' build argument 'cmake_force_configure' from command line to 'False'
[1.104s] Level 5:colcon.colcon_core.verb:set package 'examples_rclcpp_minimal_client' build argument 'ament_cmake_args' from command line to 'None'
[1.104s] Level 5:colcon.colcon_core.verb:set package 'examples_rclcpp_minimal_client' build argument 'catkin_cmake_args' from command line to 'None'
[1.104s] Level 5:colcon.colcon_core.verb:set package 'examples_rclcpp_minimal_client' build argument 'catkin_skip_building_tests' from command line to 'False'
[1.104s] DEBUG:colcon.colcon_core.verb:Building package 'examples_rclcpp_minimal_client' with the following arguments: {'ament_cmake_args': None, 'build_base': '/home/bryan/Workspace/ros2_ws/build/examples_rclcpp_minimal_client', 'catkin_cmake_args': None, 'catkin_skip_building_tests': False, 'cmake_args': None, 'cmake_clean_cache': False, 'cmake_clean_first': False, 'cmake_force_configure': False, 'cmake_target': None, 'cmake_target_skip_unavailable': False, 'install_base': '/home/bryan/Workspace/ros2_ws/install/examples_rclcpp_minimal_client', 'merge_install': False, 'path': '/home/bryan/Workspace/ros2_ws/src/examples/rclcpp/services/minimal_client', 'symlink_install': True, 'test_result_base': None}
[1.104s] Level 5:colcon.colcon_core.verb:set package 'examples_rclcpp_minimal_composition' build argument 'cmake_args' from command line to 'None'
[1.104s] Level 5:colcon.colcon_core.verb:set package 'examples_rclcpp_minimal_composition' build argument 'cmake_target' from command line to 'None'
[1.104s] Level 5:colcon.colcon_core.verb:set package 'examples_rclcpp_minimal_composition' build argument 'cmake_target_skip_unavailable' from command line to 'False'
[1.104s] Level 5:colcon.colcon_core.verb:set package 'examples_rclcpp_minimal_composition' build argument 'cmake_clean_cache' from command line to 'False'
[1.104s] Level 5:colcon.colcon_core.verb:set package 'examples_rclcpp_minimal_composition' build argument 'cmake_clean_first' from command line to 'False'
[1.104s] Level 5:colcon.colcon_core.verb:set package 'examples_rclcpp_minimal_composition' build argument 'cmake_force_configure' from command line to 'False'
[1.104s] Level 5:colcon.colcon_core.verb:set package 'examples_rclcpp_minimal_composition' build argument 'ament_cmake_args' from command line to 'None'
[1.104s] Level 5:colcon.colcon_core.verb:set package 'examples_rclcpp_minimal_composition' build argument 'catkin_cmake_args' from command line to 'None'
[1.104s] Level 5:colcon.colcon_core.verb:set package 'examples_rclcpp_minimal_composition' build argument 'catkin_skip_building_tests' from command line to 'False'
[1.104s] DEBUG:colcon.colcon_core.verb:Building package 'examples_rclcpp_minimal_composition' with the following arguments: {'ament_cmake_args': None, 'build_base': '/home/bryan/Workspace/ros2_ws/build/examples_rclcpp_minimal_composition', 'catkin_cmake_args': None, 'catkin_skip_building_tests': False, 'cmake_args': None, 'cmake_clean_cache': False, 'cmake_clean_first': False, 'cmake_force_configure': False, 'cmake_target': None, 'cmake_target_skip_unavailable': False, 'install_base': '/home/bryan/Workspace/ros2_ws/install/examples_rclcpp_minimal_composition', 'merge_install': False, 'path': '/home/bryan/Workspace/ros2_ws/src/examples/rclcpp/composition/minimal_composition', 'symlink_install': True, 'test_result_base': None}
[1.104s] Level 5:colcon.colcon_core.verb:set package 'examples_rclcpp_minimal_publisher' build argument 'cmake_args' from command line to 'None'
[1.104s] Level 5:colcon.colcon_core.verb:set package 'examples_rclcpp_minimal_publisher' build argument 'cmake_target' from command line to 'None'
[1.104s] Level 5:colcon.colcon_core.verb:set package 'examples_rclcpp_minimal_publisher' build argument 'cmake_target_skip_unavailable' from command line to 'False'
[1.104s] Level 5:colcon.colcon_core.verb:set package 'examples_rclcpp_minimal_publisher' build argument 'cmake_clean_cache' from command line to 'False'
[1.104s] Level 5:colcon.colcon_core.verb:set package 'examples_rclcpp_minimal_publisher' build argument 'cmake_clean_first' from command line to 'False'
[1.104s] Level 5:colcon.colcon_core.verb:set package 'examples_rclcpp_minimal_publisher' build argument 'cmake_force_configure' from command line to 'False'
[1.104s] Level 5:colcon.colcon_core.verb:set package 'examples_rclcpp_minimal_publisher' build argument 'ament_cmake_args' from command line to 'None'
[1.104s] Level 5:colcon.colcon_core.verb:set package 'examples_rclcpp_minimal_publisher' build argument 'catkin_cmake_args' from command line to 'None'
[1.104s] Level 5:colcon.colcon_core.verb:set package 'examples_rclcpp_minimal_publisher' build argument 'catkin_skip_building_tests' from command line to 'False'
[1.104s] DEBUG:colcon.colcon_core.verb:Building package 'examples_rclcpp_minimal_publisher' with the following arguments: {'ament_cmake_args': None, 'build_base': '/home/bryan/Workspace/ros2_ws/build/examples_rclcpp_minimal_publisher', 'catkin_cmake_args': None, 'catkin_skip_building_tests': False, 'cmake_args': None, 'cmake_clean_cache': False, 'cmake_clean_first': False, 'cmake_force_configure': False, 'cmake_target': None, 'cmake_target_skip_unavailable': False, 'install_base': '/home/bryan/Workspace/ros2_ws/install/examples_rclcpp_minimal_publisher', 'merge_install': False, 'path': '/home/bryan/Workspace/ros2_ws/src/examples/rclcpp/topics/minimal_publisher', 'symlink_install': True, 'test_result_base': None}
[1.105s] Level 5:colcon.colcon_core.verb:set package 'examples_rclcpp_minimal_service' build argument 'cmake_args' from command line to 'None'
[1.105s] Level 5:colcon.colcon_core.verb:set package 'examples_rclcpp_minimal_service' build argument 'cmake_target' from command line to 'None'
[1.105s] Level 5:colcon.colcon_core.verb:set package 'examples_rclcpp_minimal_service' build argument 'cmake_target_skip_unavailable' from command line to 'False'
[1.105s] Level 5:colcon.colcon_core.verb:set package 'examples_rclcpp_minimal_service' build argument 'cmake_clean_cache' from command line to 'False'
[1.105s] Level 5:colcon.colcon_core.verb:set package 'examples_rclcpp_minimal_service' build argument 'cmake_clean_first' from command line to 'False'
[1.105s] Level 5:colcon.colcon_core.verb:set package 'examples_rclcpp_minimal_service' build argument 'cmake_force_configure' from command line to 'False'
[1.105s] Level 5:colcon.colcon_core.verb:set package 'examples_rclcpp_minimal_service' build argument 'ament_cmake_args' from command line to 'None'
[1.105s] Level 5:colcon.colcon_core.verb:set package 'examples_rclcpp_minimal_service' build argument 'catkin_cmake_args' from command line to 'None'
[1.105s] Level 5:colcon.colcon_core.verb:set package 'examples_rclcpp_minimal_service' build argument 'catkin_skip_building_tests' from command line to 'False'
[1.105s] DEBUG:colcon.colcon_core.verb:Building package 'examples_rclcpp_minimal_service' with the following arguments: {'ament_cmake_args': None, 'build_base': '/home/bryan/Workspace/ros2_ws/build/examples_rclcpp_minimal_service', 'catkin_cmake_args': None, 'catkin_skip_building_tests': False, 'cmake_args': None, 'cmake_clean_cache': False, 'cmake_clean_first': False, 'cmake_force_configure': False, 'cmake_target': None, 'cmake_target_skip_unavailable': False, 'install_base': '/home/bryan/Workspace/ros2_ws/install/examples_rclcpp_minimal_service', 'merge_install': False, 'path': '/home/bryan/Workspace/ros2_ws/src/examples/rclcpp/services/minimal_service', 'symlink_install': True, 'test_result_base': None}
[1.105s] Level 5:colcon.colcon_core.verb:set package 'examples_rclcpp_minimal_subscriber' build argument 'cmake_args' from command line to 'None'
[1.105s] Level 5:colcon.colcon_core.verb:set package 'examples_rclcpp_minimal_subscriber' build argument 'cmake_target' from command line to 'None'
[1.105s] Level 5:colcon.colcon_core.verb:set package 'examples_rclcpp_minimal_subscriber' build argument 'cmake_target_skip_unavailable' from command line to 'False'
[1.105s] Level 5:colcon.colcon_core.verb:set package 'examples_rclcpp_minimal_subscriber' build argument 'cmake_clean_cache' from command line to 'False'
[1.105s] Level 5:colcon.colcon_core.verb:set package 'examples_rclcpp_minimal_subscriber' build argument 'cmake_clean_first' from command line to 'False'
[1.105s] Level 5:colcon.colcon_core.verb:set package 'examples_rclcpp_minimal_subscriber' build argument 'cmake_force_configure' from command line to 'False'
[1.105s] Level 5:colcon.colcon_core.verb:set package 'examples_rclcpp_minimal_subscriber' build argument 'ament_cmake_args' from command line to 'None'
[1.105s] Level 5:colcon.colcon_core.verb:set package 'examples_rclcpp_minimal_subscriber' build argument 'catkin_cmake_args' from command line to 'None'
[1.105s] Level 5:colcon.colcon_core.verb:set package 'examples_rclcpp_minimal_subscriber' build argument 'catkin_skip_building_tests' from command line to 'False'
[1.105s] DEBUG:colcon.colcon_core.verb:Building package 'examples_rclcpp_minimal_subscriber' with the following arguments: {'ament_cmake_args': None, 'build_base': '/home/bryan/Workspace/ros2_ws/build/examples_rclcpp_minimal_subscriber', 'catkin_cmake_args': None, 'catkin_skip_building_tests': False, 'cmake_args': None, 'cmake_clean_cache': False, 'cmake_clean_first': False, 'cmake_force_configure': False, 'cmake_target': None, 'cmake_target_skip_unavailable': False, 'install_base': '/home/bryan/Workspace/ros2_ws/install/examples_rclcpp_minimal_subscriber', 'merge_install': False, 'path': '/home/bryan/Workspace/ros2_ws/src/examples/rclcpp/topics/minimal_subscriber', 'symlink_install': True, 'test_result_base': None}
[1.106s] Level 5:colcon.colcon_core.verb:set package 'examples_rclcpp_minimal_timer' build argument 'cmake_args' from command line to 'None'
[1.106s] Level 5:colcon.colcon_core.verb:set package 'examples_rclcpp_minimal_timer' build argument 'cmake_target' from command line to 'None'
[1.106s] Level 5:colcon.colcon_core.verb:set package 'examples_rclcpp_minimal_timer' build argument 'cmake_target_skip_unavailable' from command line to 'False'
[1.106s] Level 5:colcon.colcon_core.verb:set package 'examples_rclcpp_minimal_timer' build argument 'cmake_clean_cache' from command line to 'False'
[1.106s] Level 5:colcon.colcon_core.verb:set package 'examples_rclcpp_minimal_timer' build argument 'cmake_clean_first' from command line to 'False'
[1.106s] Level 5:colcon.colcon_core.verb:set package 'examples_rclcpp_minimal_timer' build argument 'cmake_force_configure' from command line to 'False'
[1.106s] Level 5:colcon.colcon_core.verb:set package 'examples_rclcpp_minimal_timer' build argument 'ament_cmake_args' from command line to 'None'
[1.106s] Level 5:colcon.colcon_core.verb:set package 'examples_rclcpp_minimal_timer' build argument 'catkin_cmake_args' from command line to 'None'
[1.106s] Level 5:colcon.colcon_core.verb:set package 'examples_rclcpp_minimal_timer' build argument 'catkin_skip_building_tests' from command line to 'False'
[1.106s] DEBUG:colcon.colcon_core.verb:Building package 'examples_rclcpp_minimal_timer' with the following arguments: {'ament_cmake_args': None, 'build_base': '/home/bryan/Workspace/ros2_ws/build/examples_rclcpp_minimal_timer', 'catkin_cmake_args': None, 'catkin_skip_building_tests': False, 'cmake_args': None, 'cmake_clean_cache': False, 'cmake_clean_first': False, 'cmake_force_configure': False, 'cmake_target': None, 'cmake_target_skip_unavailable': False, 'install_base': '/home/bryan/Workspace/ros2_ws/install/examples_rclcpp_minimal_timer', 'merge_install': False, 'path': '/home/bryan/Workspace/ros2_ws/src/examples/rclcpp/timers/minimal_timer', 'symlink_install': True, 'test_result_base': None}
[1.106s] Level 5:colcon.colcon_core.verb:set package 'examples_rclcpp_multithreaded_executor' build argument 'cmake_args' from command line to 'None'
[1.106s] Level 5:colcon.colcon_core.verb:set package 'examples_rclcpp_multithreaded_executor' build argument 'cmake_target' from command line to 'None'
[1.106s] Level 5:colcon.colcon_core.verb:set package 'examples_rclcpp_multithreaded_executor' build argument 'cmake_target_skip_unavailable' from command line to 'False'
[1.106s] Level 5:colcon.colcon_core.verb:set package 'examples_rclcpp_multithreaded_executor' build argument 'cmake_clean_cache' from command line to 'False'
[1.106s] Level 5:colcon.colcon_core.verb:set package 'examples_rclcpp_multithreaded_executor' build argument 'cmake_clean_first' from command line to 'False'
[1.106s] Level 5:colcon.colcon_core.verb:set package 'examples_rclcpp_multithreaded_executor' build argument 'cmake_force_configure' from command line to 'False'
[1.106s] Level 5:colcon.colcon_core.verb:set package 'examples_rclcpp_multithreaded_executor' build argument 'ament_cmake_args' from command line to 'None'
[1.106s] Level 5:colcon.colcon_core.verb:set package 'examples_rclcpp_multithreaded_executor' build argument 'catkin_cmake_args' from command line to 'None'
[1.106s] Level 5:colcon.colcon_core.verb:set package 'examples_rclcpp_multithreaded_executor' build argument 'catkin_skip_building_tests' from command line to 'False'
[1.106s] DEBUG:colcon.colcon_core.verb:Building package 'examples_rclcpp_multithreaded_executor' with the following arguments: {'ament_cmake_args': None, 'build_base': '/home/bryan/Workspace/ros2_ws/build/examples_rclcpp_multithreaded_executor', 'catkin_cmake_args': None, 'catkin_skip_building_tests': False, 'cmake_args': None, 'cmake_clean_cache': False, 'cmake_clean_first': False, 'cmake_force_configure': False, 'cmake_target': None, 'cmake_target_skip_unavailable': False, 'install_base': '/home/bryan/Workspace/ros2_ws/install/examples_rclcpp_multithreaded_executor', 'merge_install': False, 'path': '/home/bryan/Workspace/ros2_ws/src/examples/rclcpp/executors/multithreaded_executor', 'symlink_install': True, 'test_result_base': None}
[1.107s] Level 5:colcon.colcon_core.verb:set package 'examples_rclcpp_wait_set' build argument 'cmake_args' from command line to 'None'
[1.107s] Level 5:colcon.colcon_core.verb:set package 'examples_rclcpp_wait_set' build argument 'cmake_target' from command line to 'None'
[1.107s] Level 5:colcon.colcon_core.verb:set package 'examples_rclcpp_wait_set' build argument 'cmake_target_skip_unavailable' from command line to 'False'
[1.107s] Level 5:colcon.colcon_core.verb:set package 'examples_rclcpp_wait_set' build argument 'cmake_clean_cache' from command line to 'False'
[1.107s] Level 5:colcon.colcon_core.verb:set package 'examples_rclcpp_wait_set' build argument 'cmake_clean_first' from command line to 'False'
[1.107s] Level 5:colcon.colcon_core.verb:set package 'examples_rclcpp_wait_set' build argument 'cmake_force_configure' from command line to 'False'
[1.107s] Level 5:colcon.colcon_core.verb:set package 'examples_rclcpp_wait_set' build argument 'ament_cmake_args' from command line to 'None'
[1.107s] Level 5:colcon.colcon_core.verb:set package 'examples_rclcpp_wait_set' build argument 'catkin_cmake_args' from command line to 'None'
[1.107s] Level 5:colcon.colcon_core.verb:set package 'examples_rclcpp_wait_set' build argument 'catkin_skip_building_tests' from command line to 'False'
[1.107s] DEBUG:colcon.colcon_core.verb:Building package 'examples_rclcpp_wait_set' with the following arguments: {'ament_cmake_args': None, 'build_base': '/home/bryan/Workspace/ros2_ws/build/examples_rclcpp_wait_set', 'catkin_cmake_args': None, 'catkin_skip_building_tests': False, 'cmake_args': None, 'cmake_clean_cache': False, 'cmake_clean_first': False, 'cmake_force_configure': False, 'cmake_target': None, 'cmake_target_skip_unavailable': False, 'install_base': '/home/bryan/Workspace/ros2_ws/install/examples_rclcpp_wait_set', 'merge_install': False, 'path': '/home/bryan/Workspace/ros2_ws/src/examples/rclcpp/wait_set', 'symlink_install': True, 'test_result_base': None}
[1.107s] Level 5:colcon.colcon_core.verb:set package 'examples_rclpy_executors' build argument 'cmake_args' from command line to 'None'
[1.107s] Level 5:colcon.colcon_core.verb:set package 'examples_rclpy_executors' build argument 'cmake_target' from command line to 'None'
[1.107s] Level 5:colcon.colcon_core.verb:set package 'examples_rclpy_executors' build argument 'cmake_target_skip_unavailable' from command line to 'False'
[1.107s] Level 5:colcon.colcon_core.verb:set package 'examples_rclpy_executors' build argument 'cmake_clean_cache' from command line to 'False'
[1.107s] Level 5:colcon.colcon_core.verb:set package 'examples_rclpy_executors' build argument 'cmake_clean_first' from command line to 'False'
[1.107s] Level 5:colcon.colcon_core.verb:set package 'examples_rclpy_executors' build argument 'cmake_force_configure' from command line to 'False'
[1.107s] Level 5:colcon.colcon_core.verb:set package 'examples_rclpy_executors' build argument 'ament_cmake_args' from command line to 'None'
[1.108s] Level 5:colcon.colcon_core.verb:set package 'examples_rclpy_executors' build argument 'catkin_cmake_args' from command line to 'None'
[1.108s] Level 5:colcon.colcon_core.verb:set package 'examples_rclpy_executors' build argument 'catkin_skip_building_tests' from command line to 'False'
[1.108s] DEBUG:colcon.colcon_core.verb:Building package 'examples_rclpy_executors' with the following arguments: {'ament_cmake_args': None, 'build_base': '/home/bryan/Workspace/ros2_ws/build/examples_rclpy_executors', 'catkin_cmake_args': None, 'catkin_skip_building_tests': False, 'cmake_args': None, 'cmake_clean_cache': False, 'cmake_clean_first': False, 'cmake_force_configure': False, 'cmake_target': None, 'cmake_target_skip_unavailable': False, 'install_base': '/home/bryan/Workspace/ros2_ws/install/examples_rclpy_executors', 'merge_install': False, 'path': '/home/bryan/Workspace/ros2_ws/src/examples/rclpy/executors', 'symlink_install': True, 'test_result_base': None}
[1.108s] Level 5:colcon.colcon_core.verb:set package 'examples_rclpy_guard_conditions' build argument 'cmake_args' from command line to 'None'
[1.108s] Level 5:colcon.colcon_core.verb:set package 'examples_rclpy_guard_conditions' build argument 'cmake_target' from command line to 'None'
[1.108s] Level 5:colcon.colcon_core.verb:set package 'examples_rclpy_guard_conditions' build argument 'cmake_target_skip_unavailable' from command line to 'False'
[1.108s] Level 5:colcon.colcon_core.verb:set package 'examples_rclpy_guard_conditions' build argument 'cmake_clean_cache' from command line to 'False'
[1.108s] Level 5:colcon.colcon_core.verb:set package 'examples_rclpy_guard_conditions' build argument 'cmake_clean_first' from command line to 'False'
[1.108s] Level 5:colcon.colcon_core.verb:set package 'examples_rclpy_guard_conditions' build argument 'cmake_force_configure' from command line to 'False'
[1.108s] Level 5:colcon.colcon_core.verb:set package 'examples_rclpy_guard_conditions' build argument 'ament_cmake_args' from command line to 'None'
[1.108s] Level 5:colcon.colcon_core.verb:set package 'examples_rclpy_guard_conditions' build argument 'catkin_cmake_args' from command line to 'None'
[1.108s] Level 5:colcon.colcon_core.verb:set package 'examples_rclpy_guard_conditions' build argument 'catkin_skip_building_tests' from command line to 'False'
[1.108s] DEBUG:colcon.colcon_core.verb:Building package 'examples_rclpy_guard_conditions' with the following arguments: {'ament_cmake_args': None, 'build_base': '/home/bryan/Workspace/ros2_ws/build/examples_rclpy_guard_conditions', 'catkin_cmake_args': None, 'catkin_skip_building_tests': False, 'cmake_args': None, 'cmake_clean_cache': False, 'cmake_clean_first': False, 'cmake_force_configure': False, 'cmake_target': None, 'cmake_target_skip_unavailable': False, 'install_base': '/home/bryan/Workspace/ros2_ws/install/examples_rclpy_guard_conditions', 'merge_install': False, 'path': '/home/bryan/Workspace/ros2_ws/src/examples/rclpy/guard_conditions', 'symlink_install': True, 'test_result_base': None}
[1.108s] Level 5:colcon.colcon_core.verb:set package 'examples_rclpy_minimal_action_client' build argument 'cmake_args' from command line to 'None'
[1.108s] Level 5:colcon.colcon_core.verb:set package 'examples_rclpy_minimal_action_client' build argument 'cmake_target' from command line to 'None'
[1.108s] Level 5:colcon.colcon_core.verb:set package 'examples_rclpy_minimal_action_client' build argument 'cmake_target_skip_unavailable' from command line to 'False'
[1.108s] Level 5:colcon.colcon_core.verb:set package 'examples_rclpy_minimal_action_client' build argument 'cmake_clean_cache' from command line to 'False'
[1.108s] Level 5:colcon.colcon_core.verb:set package 'examples_rclpy_minimal_action_client' build argument 'cmake_clean_first' from command line to 'False'
[1.108s] Level 5:colcon.colcon_core.verb:set package 'examples_rclpy_minimal_action_client' build argument 'cmake_force_configure' from command line to 'False'
[1.108s] Level 5:colcon.colcon_core.verb:set package 'examples_rclpy_minimal_action_client' build argument 'ament_cmake_args' from command line to 'None'
[1.108s] Level 5:colcon.colcon_core.verb:set package 'examples_rclpy_minimal_action_client' build argument 'catkin_cmake_args' from command line to 'None'
[1.108s] Level 5:colcon.colcon_core.verb:set package 'examples_rclpy_minimal_action_client' build argument 'catkin_skip_building_tests' from command line to 'False'
[1.108s] DEBUG:colcon.colcon_core.verb:Building package 'examples_rclpy_minimal_action_client' with the following arguments: {'ament_cmake_args': None, 'build_base': '/home/bryan/Workspace/ros2_ws/build/examples_rclpy_minimal_action_client', 'catkin_cmake_args': None, 'catkin_skip_building_tests': False, 'cmake_args': None, 'cmake_clean_cache': False, 'cmake_clean_first': False, 'cmake_force_configure': False, 'cmake_target': None, 'cmake_target_skip_unavailable': False, 'install_base': '/home/bryan/Workspace/ros2_ws/install/examples_rclpy_minimal_action_client', 'merge_install': False, 'path': '/home/bryan/Workspace/ros2_ws/src/examples/rclpy/actions/minimal_action_client', 'symlink_install': True, 'test_result_base': None}
[1.109s] Level 5:colcon.colcon_core.verb:set package 'examples_rclpy_minimal_action_server' build argument 'cmake_args' from command line to 'None'
[1.109s] Level 5:colcon.colcon_core.verb:set package 'examples_rclpy_minimal_action_server' build argument 'cmake_target' from command line to 'None'
[1.109s] Level 5:colcon.colcon_core.verb:set package 'examples_rclpy_minimal_action_server' build argument 'cmake_target_skip_unavailable' from command line to 'False'
[1.109s] Level 5:colcon.colcon_core.verb:set package 'examples_rclpy_minimal_action_server' build argument 'cmake_clean_cache' from command line to 'False'
[1.109s] Level 5:colcon.colcon_core.verb:set package 'examples_rclpy_minimal_action_server' build argument 'cmake_clean_first' from command line to 'False'
[1.109s] Level 5:colcon.colcon_core.verb:set package 'examples_rclpy_minimal_action_server' build argument 'cmake_force_configure' from command line to 'False'
[1.109s] Level 5:colcon.colcon_core.verb:set package 'examples_rclpy_minimal_action_server' build argument 'ament_cmake_args' from command line to 'None'
[1.109s] Level 5:colcon.colcon_core.verb:set package 'examples_rclpy_minimal_action_server' build argument 'catkin_cmake_args' from command line to 'None'
[1.109s] Level 5:colcon.colcon_core.verb:set package 'examples_rclpy_minimal_action_server' build argument 'catkin_skip_building_tests' from command line to 'False'
[1.109s] DEBUG:colcon.colcon_core.verb:Building package 'examples_rclpy_minimal_action_server' with the following arguments: {'ament_cmake_args': None, 'build_base': '/home/bryan/Workspace/ros2_ws/build/examples_rclpy_minimal_action_server', 'catkin_cmake_args': None, 'catkin_skip_building_tests': False, 'cmake_args': None, 'cmake_clean_cache': False, 'cmake_clean_first': False, 'cmake_force_configure': False, 'cmake_target': None, 'cmake_target_skip_unavailable': False, 'install_base': '/home/bryan/Workspace/ros2_ws/install/examples_rclpy_minimal_action_server', 'merge_install': False, 'path': '/home/bryan/Workspace/ros2_ws/src/examples/rclpy/actions/minimal_action_server', 'symlink_install': True, 'test_result_base': None}
[1.109s] Level 5:colcon.colcon_core.verb:set package 'examples_rclpy_minimal_client' build argument 'cmake_args' from command line to 'None'
[1.109s] Level 5:colcon.colcon_core.verb:set package 'examples_rclpy_minimal_client' build argument 'cmake_target' from command line to 'None'
[1.109s] Level 5:colcon.colcon_core.verb:set package 'examples_rclpy_minimal_client' build argument 'cmake_target_skip_unavailable' from command line to 'False'
[1.109s] Level 5:colcon.colcon_core.verb:set package 'examples_rclpy_minimal_client' build argument 'cmake_clean_cache' from command line to 'False'
[1.109s] Level 5:colcon.colcon_core.verb:set package 'examples_rclpy_minimal_client' build argument 'cmake_clean_first' from command line to 'False'
[1.109s] Level 5:colcon.colcon_core.verb:set package 'examples_rclpy_minimal_client' build argument 'cmake_force_configure' from command line to 'False'
[1.109s] Level 5:colcon.colcon_core.verb:set package 'examples_rclpy_minimal_client' build argument 'ament_cmake_args' from command line to 'None'
[1.109s] Level 5:colcon.colcon_core.verb:set package 'examples_rclpy_minimal_client' build argument 'catkin_cmake_args' from command line to 'None'
[1.109s] Level 5:colcon.colcon_core.verb:set package 'examples_rclpy_minimal_client' build argument 'catkin_skip_building_tests' from command line to 'False'
[1.109s] DEBUG:colcon.colcon_core.verb:Building package 'examples_rclpy_minimal_client' with the following arguments: {'ament_cmake_args': None, 'build_base': '/home/bryan/Workspace/ros2_ws/build/examples_rclpy_minimal_client', 'catkin_cmake_args': None, 'catkin_skip_building_tests': False, 'cmake_args': None, 'cmake_clean_cache': False, 'cmake_clean_first': False, 'cmake_force_configure': False, 'cmake_target': None, 'cmake_target_skip_unavailable': False, 'install_base': '/home/bryan/Workspace/ros2_ws/install/examples_rclpy_minimal_client', 'merge_install': False, 'path': '/home/bryan/Workspace/ros2_ws/src/examples/rclpy/services/minimal_client', 'symlink_install': True, 'test_result_base': None}
[1.110s] Level 5:colcon.colcon_core.verb:set package 'examples_rclpy_minimal_publisher' build argument 'cmake_args' from command line to 'None'
[1.110s] Level 5:colcon.colcon_core.verb:set package 'examples_rclpy_minimal_publisher' build argument 'cmake_target' from command line to 'None'
[1.110s] Level 5:colcon.colcon_core.verb:set package 'examples_rclpy_minimal_publisher' build argument 'cmake_target_skip_unavailable' from command line to 'False'
[1.110s] Level 5:colcon.colcon_core.verb:set package 'examples_rclpy_minimal_publisher' build argument 'cmake_clean_cache' from command line to 'False'
[1.110s] Level 5:colcon.colcon_core.verb:set package 'examples_rclpy_minimal_publisher' build argument 'cmake_clean_first' from command line to 'False'
[1.110s] Level 5:colcon.colcon_core.verb:set package 'examples_rclpy_minimal_publisher' build argument 'cmake_force_configure' from command line to 'False'
[1.110s] Level 5:colcon.colcon_core.verb:set package 'examples_rclpy_minimal_publisher' build argument 'ament_cmake_args' from command line to 'None'
[1.110s] Level 5:colcon.colcon_core.verb:set package 'examples_rclpy_minimal_publisher' build argument 'catkin_cmake_args' from command line to 'None'
[1.110s] Level 5:colcon.colcon_core.verb:set package 'examples_rclpy_minimal_publisher' build argument 'catkin_skip_building_tests' from command line to 'False'
[1.110s] DEBUG:colcon.colcon_core.verb:Building package 'examples_rclpy_minimal_publisher' with the following arguments: {'ament_cmake_args': None, 'build_base': '/home/bryan/Workspace/ros2_ws/build/examples_rclpy_minimal_publisher', 'catkin_cmake_args': None, 'catkin_skip_building_tests': False, 'cmake_args': None, 'cmake_clean_cache': False, 'cmake_clean_first': False, 'cmake_force_configure': False, 'cmake_target': None, 'cmake_target_skip_unavailable': False, 'install_base': '/home/bryan/Workspace/ros2_ws/install/examples_rclpy_minimal_publisher', 'merge_install': False, 'path': '/home/bryan/Workspace/ros2_ws/src/examples/rclpy/topics/minimal_publisher', 'symlink_install': True, 'test_result_base': None}
[1.110s] Level 5:colcon.colcon_core.verb:set package 'examples_rclpy_minimal_service' build argument 'cmake_args' from command line to 'None'
[1.110s] Level 5:colcon.colcon_core.verb:set package 'examples_rclpy_minimal_service' build argument 'cmake_target' from command line to 'None'
[1.110s] Level 5:colcon.colcon_core.verb:set package 'examples_rclpy_minimal_service' build argument 'cmake_target_skip_unavailable' from command line to 'False'
[1.110s] Level 5:colcon.colcon_core.verb:set package 'examples_rclpy_minimal_service' build argument 'cmake_clean_cache' from command line to 'False'
[1.110s] Level 5:colcon.colcon_core.verb:set package 'examples_rclpy_minimal_service' build argument 'cmake_clean_first' from command line to 'False'
[1.110s] Level 5:colcon.colcon_core.verb:set package 'examples_rclpy_minimal_service' build argument 'cmake_force_configure' from command line to 'False'
[1.110s] Level 5:colcon.colcon_core.verb:set package 'examples_rclpy_minimal_service' build argument 'ament_cmake_args' from command line to 'None'
[1.110s] Level 5:colcon.colcon_core.verb:set package 'examples_rclpy_minimal_service' build argument 'catkin_cmake_args' from command line to 'None'
[1.110s] Level 5:colcon.colcon_core.verb:set package 'examples_rclpy_minimal_service' build argument 'catkin_skip_building_tests' from command line to 'False'
[1.110s] DEBUG:colcon.colcon_core.verb:Building package 'examples_rclpy_minimal_service' with the following arguments: {'ament_cmake_args': None, 'build_base': '/home/bryan/Workspace/ros2_ws/build/examples_rclpy_minimal_service', 'catkin_cmake_args': None, 'catkin_skip_building_tests': False, 'cmake_args': None, 'cmake_clean_cache': False, 'cmake_clean_first': False, 'cmake_force_configure': False, 'cmake_target': None, 'cmake_target_skip_unavailable': False, 'install_base': '/home/bryan/Workspace/ros2_ws/install/examples_rclpy_minimal_service', 'merge_install': False, 'path': '/home/bryan/Workspace/ros2_ws/src/examples/rclpy/services/minimal_service', 'symlink_install': True, 'test_result_base': None}
[1.111s] Level 5:colcon.colcon_core.verb:set package 'examples_rclpy_minimal_subscriber' build argument 'cmake_args' from command line to 'None'
[1.111s] Level 5:colcon.colcon_core.verb:set package 'examples_rclpy_minimal_subscriber' build argument 'cmake_target' from command line to 'None'
[1.111s] Level 5:colcon.colcon_core.verb:set package 'examples_rclpy_minimal_subscriber' build argument 'cmake_target_skip_unavailable' from command line to 'False'
[1.111s] Level 5:colcon.colcon_core.verb:set package 'examples_rclpy_minimal_subscriber' build argument 'cmake_clean_cache' from command line to 'False'
[1.111s] Level 5:colcon.colcon_core.verb:set package 'examples_rclpy_minimal_subscriber' build argument 'cmake_clean_first' from command line to 'False'
[1.111s] Level 5:colcon.colcon_core.verb:set package 'examples_rclpy_minimal_subscriber' build argument 'cmake_force_configure' from command line to 'False'
[1.111s] Level 5:colcon.colcon_core.verb:set package 'examples_rclpy_minimal_subscriber' build argument 'ament_cmake_args' from command line to 'None'
[1.111s] Level 5:colcon.colcon_core.verb:set package 'examples_rclpy_minimal_subscriber' build argument 'catkin_cmake_args' from command line to 'None'
[1.111s] Level 5:colcon.colcon_core.verb:set package 'examples_rclpy_minimal_subscriber' build argument 'catkin_skip_building_tests' from command line to 'False'
[1.111s] DEBUG:colcon.colcon_core.verb:Building package 'examples_rclpy_minimal_subscriber' with the following arguments: {'ament_cmake_args': None, 'build_base': '/home/bryan/Workspace/ros2_ws/build/examples_rclpy_minimal_subscriber', 'catkin_cmake_args': None, 'catkin_skip_building_tests': False, 'cmake_args': None, 'cmake_clean_cache': False, 'cmake_clean_first': False, 'cmake_force_configure': False, 'cmake_target': None, 'cmake_target_skip_unavailable': False, 'install_base': '/home/bryan/Workspace/ros2_ws/install/examples_rclpy_minimal_subscriber', 'merge_install': False, 'path': '/home/bryan/Workspace/ros2_ws/src/examples/rclpy/topics/minimal_subscriber', 'symlink_install': True, 'test_result_base': None}
[1.111s] Level 5:colcon.colcon_core.verb:set package 'examples_rclpy_pointcloud_publisher' build argument 'cmake_args' from command line to 'None'
[1.111s] Level 5:colcon.colcon_core.verb:set package 'examples_rclpy_pointcloud_publisher' build argument 'cmake_target' from command line to 'None'
[1.111s] Level 5:colcon.colcon_core.verb:set package 'examples_rclpy_pointcloud_publisher' build argument 'cmake_target_skip_unavailable' from command line to 'False'
[1.111s] Level 5:colcon.colcon_core.verb:set package 'examples_rclpy_pointcloud_publisher' build argument 'cmake_clean_cache' from command line to 'False'
[1.111s] Level 5:colcon.colcon_core.verb:set package 'examples_rclpy_pointcloud_publisher' build argument 'cmake_clean_first' from command line to 'False'
[1.111s] Level 5:colcon.colcon_core.verb:set package 'examples_rclpy_pointcloud_publisher' build argument 'cmake_force_configure' from command line to 'False'
[1.111s] Level 5:colcon.colcon_core.verb:set package 'examples_rclpy_pointcloud_publisher' build argument 'ament_cmake_args' from command line to 'None'
[1.111s] Level 5:colcon.colcon_core.verb:set package 'examples_rclpy_pointcloud_publisher' build argument 'catkin_cmake_args' from command line to 'None'
[1.111s] Level 5:colcon.colcon_core.verb:set package 'examples_rclpy_pointcloud_publisher' build argument 'catkin_skip_building_tests' from command line to 'False'
[1.111s] DEBUG:colcon.colcon_core.verb:Building package 'examples_rclpy_pointcloud_publisher' with the following arguments: {'ament_cmake_args': None, 'build_base': '/home/bryan/Workspace/ros2_ws/build/examples_rclpy_pointcloud_publisher', 'catkin_cmake_args': None, 'catkin_skip_building_tests': False, 'cmake_args': None, 'cmake_clean_cache': False, 'cmake_clean_first': False, 'cmake_force_configure': False, 'cmake_target': None, 'cmake_target_skip_unavailable': False, 'install_base': '/home/bryan/Workspace/ros2_ws/install/examples_rclpy_pointcloud_publisher', 'merge_install': False, 'path': '/home/bryan/Workspace/ros2_ws/src/examples/rclpy/topics/pointcloud_publisher', 'symlink_install': True, 'test_result_base': None}
[1.111s] Level 5:colcon.colcon_core.verb:set package 'first_package' build argument 'cmake_args' from command line to 'None'
[1.111s] Level 5:colcon.colcon_core.verb:set package 'first_package' build argument 'cmake_target' from command line to 'None'
[1.112s] Level 5:colcon.colcon_core.verb:set package 'first_package' build argument 'cmake_target_skip_unavailable' from command line to 'False'
[1.112s] Level 5:colcon.colcon_core.verb:set package 'first_package' build argument 'cmake_clean_cache' from command line to 'False'
[1.112s] Level 5:colcon.colcon_core.verb:set package 'first_package' build argument 'cmake_clean_first' from command line to 'False'
[1.112s] Level 5:colcon.colcon_core.verb:set package 'first_package' build argument 'cmake_force_configure' from command line to 'False'
[1.112s] Level 5:colcon.colcon_core.verb:set package 'first_package' build argument 'ament_cmake_args' from command line to 'None'
[1.112s] Level 5:colcon.colcon_core.verb:set package 'first_package' build argument 'catkin_cmake_args' from command line to 'None'
[1.112s] Level 5:colcon.colcon_core.verb:set package 'first_package' build argument 'catkin_skip_building_tests' from command line to 'False'
[1.112s] DEBUG:colcon.colcon_core.verb:Building package 'first_package' with the following arguments: {'ament_cmake_args': None, 'build_base': '/home/bryan/Workspace/ros2_ws/build/first_package', 'catkin_cmake_args': None, 'catkin_skip_building_tests': False, 'cmake_args': None, 'cmake_clean_cache': False, 'cmake_clean_first': False, 'cmake_force_configure': False, 'cmake_target': None, 'cmake_target_skip_unavailable': False, 'install_base': '/home/bryan/Workspace/ros2_ws/install/first_package', 'merge_install': False, 'path': '/home/bryan/Workspace/ros2_ws/first_package', 'symlink_install': True, 'test_result_base': None}
[1.112s] Level 5:colcon.colcon_core.verb:set package 'image_converter' build argument 'cmake_args' from command line to 'None'
[1.112s] Level 5:colcon.colcon_core.verb:set package 'image_converter' build argument 'cmake_target' from command line to 'None'
[1.112s] Level 5:colcon.colcon_core.verb:set package 'image_converter' build argument 'cmake_target_skip_unavailable' from command line to 'False'
[1.112s] Level 5:colcon.colcon_core.verb:set package 'image_converter' build argument 'cmake_clean_cache' from command line to 'False'
[1.112s] Level 5:colcon.colcon_core.verb:set package 'image_converter' build argument 'cmake_clean_first' from command line to 'False'
[1.112s] Level 5:colcon.colcon_core.verb:set package 'image_converter' build argument 'cmake_force_configure' from command line to 'False'
[1.112s] Level 5:colcon.colcon_core.verb:set package 'image_converter' build argument 'ament_cmake_args' from command line to 'None'
[1.112s] Level 5:colcon.colcon_core.verb:set package 'image_converter' build argument 'catkin_cmake_args' from command line to 'None'
[1.112s] Level 5:colcon.colcon_core.verb:set package 'image_converter' build argument 'catkin_skip_building_tests' from command line to 'False'
[1.112s] DEBUG:colcon.colcon_core.verb:Building package 'image_converter' with the following arguments: {'ament_cmake_args': None, 'build_base': '/home/bryan/Workspace/ros2_ws/build/image_converter', 'catkin_cmake_args': None, 'catkin_skip_building_tests': False, 'cmake_args': None, 'cmake_clean_cache': False, 'cmake_clean_first': False, 'cmake_force_configure': False, 'cmake_target': None, 'cmake_target_skip_unavailable': False, 'install_base': '/home/bryan/Workspace/ros2_ws/install/image_converter', 'merge_install': False, 'path': '/home/bryan/Workspace/ros2_ws/src/image_converter', 'symlink_install': True, 'test_result_base': None}
[1.114s] Level 5:colcon.colcon_core.verb:set package 'image_geometry' build argument 'cmake_args' from command line to 'None'
[1.114s] Level 5:colcon.colcon_core.verb:set package 'image_geometry' build argument 'cmake_target' from command line to 'None'
[1.114s] Level 5:colcon.colcon_core.verb:set package 'image_geometry' build argument 'cmake_target_skip_unavailable' from command line to 'False'
[1.114s] Level 5:colcon.colcon_core.verb:set package 'image_geometry' build argument 'cmake_clean_cache' from command line to 'False'
[1.114s] Level 5:colcon.colcon_core.verb:set package 'image_geometry' build argument 'cmake_clean_first' from command line to 'False'
[1.114s] Level 5:colcon.colcon_core.verb:set package 'image_geometry' build argument 'cmake_force_configure' from command line to 'False'
[1.114s] Level 5:colcon.colcon_core.verb:set package 'image_geometry' build argument 'ament_cmake_args' from command line to 'None'
[1.114s] Level 5:colcon.colcon_core.verb:set package 'image_geometry' build argument 'catkin_cmake_args' from command line to 'None'
[1.114s] Level 5:colcon.colcon_core.verb:set package 'image_geometry' build argument 'catkin_skip_building_tests' from command line to 'False'
[1.114s] DEBUG:colcon.colcon_core.verb:Building package 'image_geometry' with the following arguments: {'ament_cmake_args': None, 'build_base': '/home/bryan/Workspace/ros2_ws/build/image_geometry', 'catkin_cmake_args': None, 'catkin_skip_building_tests': False, 'cmake_args': None, 'cmake_clean_cache': False, 'cmake_clean_first': False, 'cmake_force_configure': False, 'cmake_target': None, 'cmake_target_skip_unavailable': False, 'install_base': '/home/bryan/Workspace/ros2_ws/install/image_geometry', 'merge_install': False, 'path': '/home/bryan/Workspace/ros2_ws/src/vision_opencv/image_geometry', 'symlink_install': True, 'test_result_base': None}
[1.115s] Level 5:colcon.colcon_core.verb:set package 'launch_testing_examples' build argument 'cmake_args' from command line to 'None'
[1.115s] Level 5:colcon.colcon_core.verb:set package 'launch_testing_examples' build argument 'cmake_target' from command line to 'None'
[1.115s] Level 5:colcon.colcon_core.verb:set package 'launch_testing_examples' build argument 'cmake_target_skip_unavailable' from command line to 'False'
[1.115s] Level 5:colcon.colcon_core.verb:set package 'launch_testing_examples' build argument 'cmake_clean_cache' from command line to 'False'
[1.115s] Level 5:colcon.colcon_core.verb:set package 'launch_testing_examples' build argument 'cmake_clean_first' from command line to 'False'
[1.115s] Level 5:colcon.colcon_core.verb:set package 'launch_testing_examples' build argument 'cmake_force_configure' from command line to 'False'
[1.115s] Level 5:colcon.colcon_core.verb:set package 'launch_testing_examples' build argument 'ament_cmake_args' from command line to 'None'
[1.115s] Level 5:colcon.colcon_core.verb:set package 'launch_testing_examples' build argument 'catkin_cmake_args' from command line to 'None'
[1.115s] Level 5:colcon.colcon_core.verb:set package 'launch_testing_examples' build argument 'catkin_skip_building_tests' from command line to 'False'
[1.123s] DEBUG:colcon.colcon_core.verb:Building package 'launch_testing_examples' with the following arguments: {'ament_cmake_args': None, 'build_base': '/home/bryan/Workspace/ros2_ws/build/launch_testing_examples', 'catkin_cmake_args': None, 'catkin_skip_building_tests': False, 'cmake_args': None, 'cmake_clean_cache': False, 'cmake_clean_first': False, 'cmake_force_configure': False, 'cmake_target': None, 'cmake_target_skip_unavailable': False, 'install_base': '/home/bryan/Workspace/ros2_ws/install/launch_testing_examples', 'merge_install': False, 'path': '/home/bryan/Workspace/ros2_ws/src/examples/launch_testing/launch_testing_examples', 'symlink_install': True, 'test_result_base': None}
[1.124s] Level 5:colcon.colcon_core.verb:set package 'ros2_sumo' build argument 'cmake_args' from command line to 'None'
[1.124s] Level 5:colcon.colcon_core.verb:set package 'ros2_sumo' build argument 'cmake_target' from command line to 'None'
[1.124s] Level 5:colcon.colcon_core.verb:set package 'ros2_sumo' build argument 'cmake_target_skip_unavailable' from command line to 'False'
[1.124s] Level 5:colcon.colcon_core.verb:set package 'ros2_sumo' build argument 'cmake_clean_cache' from command line to 'False'
[1.124s] Level 5:colcon.colcon_core.verb:set package 'ros2_sumo' build argument 'cmake_clean_first' from command line to 'False'
[1.124s] Level 5:colcon.colcon_core.verb:set package 'ros2_sumo' build argument 'cmake_force_configure' from command line to 'False'
[1.124s] Level 5:colcon.colcon_core.verb:set package 'ros2_sumo' build argument 'ament_cmake_args' from command line to 'None'
[1.124s] Level 5:colcon.colcon_core.verb:set package 'ros2_sumo' build argument 'catkin_cmake_args' from command line to 'None'
[1.124s] Level 5:colcon.colcon_core.verb:set package 'ros2_sumo' build argument 'catkin_skip_building_tests' from command line to 'False'
[1.125s] DEBUG:colcon.colcon_core.verb:Building package 'ros2_sumo' with the following arguments: {'ament_cmake_args': None, 'build_base': '/home/bryan/Workspace/ros2_ws/build/ros2_sumo', 'catkin_cmake_args': None, 'catkin_skip_building_tests': False, 'cmake_args': None, 'cmake_clean_cache': False, 'cmake_clean_first': False, 'cmake_force_configure': False, 'cmake_target': None, 'cmake_target_skip_unavailable': False, 'install_base': '/home/bryan/Workspace/ros2_ws/install/ros2_sumo', 'merge_install': False, 'path': '/home/bryan/Workspace/ros2_ws/src/ros2_sumo-main', 'symlink_install': True, 'test_result_base': None}
[1.125s] Level 5:colcon.colcon_core.verb:set package 'sprint2' build argument 'cmake_args' from command line to 'None'
[1.125s] Level 5:colcon.colcon_core.verb:set package 'sprint2' build argument 'cmake_target' from command line to 'None'
[1.125s] Level 5:colcon.colcon_core.verb:set package 'sprint2' build argument 'cmake_target_skip_unavailable' from command line to 'False'
[1.126s] Level 5:colcon.colcon_core.verb:set package 'sprint2' build argument 'cmake_clean_cache' from command line to 'False'
[1.126s] Level 5:colcon.colcon_core.verb:set package 'sprint2' build argument 'cmake_clean_first' from command line to 'False'
[1.126s] Level 5:colcon.colcon_core.verb:set package 'sprint2' build argument 'cmake_force_configure' from command line to 'False'
[1.126s] Level 5:colcon.colcon_core.verb:set package 'sprint2' build argument 'ament_cmake_args' from command line to 'None'
[1.126s] Level 5:colcon.colcon_core.verb:set package 'sprint2' build argument 'catkin_cmake_args' from command line to 'None'
[1.126s] Level 5:colcon.colcon_core.verb:set package 'sprint2' build argument 'catkin_skip_building_tests' from command line to 'False'
[1.126s] DEBUG:colcon.colcon_core.verb:Building package 'sprint2' with the following arguments: {'ament_cmake_args': None, 'build_base': '/home/bryan/Workspace/ros2_ws/build/sprint2', 'catkin_cmake_args': None, 'catkin_skip_building_tests': False, 'cmake_args': None, 'cmake_clean_cache': False, 'cmake_clean_first': False, 'cmake_force_configure': False, 'cmake_target': None, 'cmake_target_skip_unavailable': False, 'install_base': '/home/bryan/Workspace/ros2_ws/install/sprint2', 'merge_install': False, 'path': '/home/bryan/Workspace/ros2_ws/sprint2', 'symlink_install': True, 'test_result_base': None}
[1.126s] Level 5:colcon.colcon_core.verb:set package 'tracetools_image_pipeline' build argument 'cmake_args' from command line to 'None'
[1.126s] Level 5:colcon.colcon_core.verb:set package 'tracetools_image_pipeline' build argument 'cmake_target' from command line to 'None'
[1.126s] Level 5:colcon.colcon_core.verb:set package 'tracetools_image_pipeline' build argument 'cmake_target_skip_unavailable' from command line to 'False'
[1.127s] Level 5:colcon.colcon_core.verb:set package 'tracetools_image_pipeline' build argument 'cmake_clean_cache' from command line to 'False'
[1.127s] Level 5:colcon.colcon_core.verb:set package 'tracetools_image_pipeline' build argument 'cmake_clean_first' from command line to 'False'
[1.127s] Level 5:colcon.colcon_core.verb:set package 'tracetools_image_pipeline' build argument 'cmake_force_configure' from command line to 'False'
[1.127s] Level 5:colcon.colcon_core.verb:set package 'tracetools_image_pipeline' build argument 'ament_cmake_args' from command line to 'None'
[1.127s] Level 5:colcon.colcon_core.verb:set package 'tracetools_image_pipeline' build argument 'catkin_cmake_args' from command line to 'None'
[1.127s] Level 5:colcon.colcon_core.verb:set package 'tracetools_image_pipeline' build argument 'catkin_skip_building_tests' from command line to 'False'
[1.127s] DEBUG:colcon.colcon_core.verb:Building package 'tracetools_image_pipeline' with the following arguments: {'ament_cmake_args': None, 'build_base': '/home/bryan/Workspace/ros2_ws/build/tracetools_image_pipeline', 'catkin_cmake_args': None, 'catkin_skip_building_tests': False, 'cmake_args': None, 'cmake_clean_cache': False, 'cmake_clean_first': False, 'cmake_force_configure': False, 'cmake_target': None, 'cmake_target_skip_unavailable': False, 'install_base': '/home/bryan/Workspace/ros2_ws/install/tracetools_image_pipeline', 'merge_install': False, 'path': '/home/bryan/Workspace/ros2_ws/image_pipeline/tracetools_image_pipeline', 'symlink_install': True, 'test_result_base': None}
[1.127s] Level 5:colcon.colcon_core.verb:set package 'camera_calibration' build argument 'cmake_args' from command line to 'None'
[1.127s] Level 5:colcon.colcon_core.verb:set package 'camera_calibration' build argument 'cmake_target' from command line to 'None'
[1.127s] Level 5:colcon.colcon_core.verb:set package 'camera_calibration' build argument 'cmake_target_skip_unavailable' from command line to 'False'
[1.127s] Level 5:colcon.colcon_core.verb:set package 'camera_calibration' build argument 'cmake_clean_cache' from command line to 'False'
[1.127s] Level 5:colcon.colcon_core.verb:set package 'camera_calibration' build argument 'cmake_clean_first' from command line to 'False'
[1.127s] Level 5:colcon.colcon_core.verb:set package 'camera_calibration' build argument 'cmake_force_configure' from command line to 'False'
[1.127s] Level 5:colcon.colcon_core.verb:set package 'camera_calibration' build argument 'ament_cmake_args' from command line to 'None'
[1.127s] Level 5:colcon.colcon_core.verb:set package 'camera_calibration' build argument 'catkin_cmake_args' from command line to 'None'
[1.127s] Level 5:colcon.colcon_core.verb:set package 'camera_calibration' build argument 'catkin_skip_building_tests' from command line to 'False'
[1.127s] DEBUG:colcon.colcon_core.verb:Building package 'camera_calibration' with the following arguments: {'ament_cmake_args': None, 'build_base': '/home/bryan/Workspace/ros2_ws/build/camera_calibration', 'catkin_cmake_args': None, 'catkin_skip_building_tests': False, 'cmake_args': None, 'cmake_clean_cache': False, 'cmake_clean_first': False, 'cmake_force_configure': False, 'cmake_target': None, 'cmake_target_skip_unavailable': False, 'install_base': '/home/bryan/Workspace/ros2_ws/install/camera_calibration', 'merge_install': False, 'path': '/home/bryan/Workspace/ros2_ws/image_pipeline/camera_calibration', 'symlink_install': True, 'test_result_base': None}
[1.128s] Level 5:colcon.colcon_core.verb:set package 'depth_image_proc' build argument 'cmake_args' from command line to 'None'
[1.128s] Level 5:colcon.colcon_core.verb:set package 'depth_image_proc' build argument 'cmake_target' from command line to 'None'
[1.128s] Level 5:colcon.colcon_core.verb:set package 'depth_image_proc' build argument 'cmake_target_skip_unavailable' from command line to 'False'
[1.128s] Level 5:colcon.colcon_core.verb:set package 'depth_image_proc' build argument 'cmake_clean_cache' from command line to 'False'
[1.128s] Level 5:colcon.colcon_core.verb:set package 'depth_image_proc' build argument 'cmake_clean_first' from command line to 'False'
[1.128s] Level 5:colcon.colcon_core.verb:set package 'depth_image_proc' build argument 'cmake_force_configure' from command line to 'False'
[1.128s] Level 5:colcon.colcon_core.verb:set package 'depth_image_proc' build argument 'ament_cmake_args' from command line to 'None'
[1.128s] Level 5:colcon.colcon_core.verb:set package 'depth_image_proc' build argument 'catkin_cmake_args' from command line to 'None'
[1.128s] Level 5:colcon.colcon_core.verb:set package 'depth_image_proc' build argument 'catkin_skip_building_tests' from command line to 'False'
[1.128s] DEBUG:colcon.colcon_core.verb:Building package 'depth_image_proc' with the following arguments: {'ament_cmake_args': None, 'build_base': '/home/bryan/Workspace/ros2_ws/build/depth_image_proc', 'catkin_cmake_args': None, 'catkin_skip_building_tests': False, 'cmake_args': None, 'cmake_clean_cache': False, 'cmake_clean_first': False, 'cmake_force_configure': False, 'cmake_target': None, 'cmake_target_skip_unavailable': False, 'install_base': '/home/bryan/Workspace/ros2_ws/install/depth_image_proc', 'merge_install': False, 'path': '/home/bryan/Workspace/ros2_ws/image_pipeline/depth_image_proc', 'symlink_install': True, 'test_result_base': None}
[1.128s] Level 5:colcon.colcon_core.verb:set package 'image_proc' build argument 'cmake_args' from command line to 'None'
[1.128s] Level 5:colcon.colcon_core.verb:set package 'image_proc' build argument 'cmake_target' from command line to 'None'
[1.129s] Level 5:colcon.colcon_core.verb:set package 'image_proc' build argument 'cmake_target_skip_unavailable' from command line to 'False'
[1.129s] Level 5:colcon.colcon_core.verb:set package 'image_proc' build argument 'cmake_clean_cache' from command line to 'False'
[1.129s] Level 5:colcon.colcon_core.verb:set package 'image_proc' build argument 'cmake_clean_first' from command line to 'False'
[1.129s] Level 5:colcon.colcon_core.verb:set package 'image_proc' build argument 'cmake_force_configure' from command line to 'False'
[1.129s] Level 5:colcon.colcon_core.verb:set package 'image_proc' build argument 'ament_cmake_args' from command line to 'None'
[1.129s] Level 5:colcon.colcon_core.verb:set package 'image_proc' build argument 'catkin_cmake_args' from command line to 'None'
[1.129s] Level 5:colcon.colcon_core.verb:set package 'image_proc' build argument 'catkin_skip_building_tests' from command line to 'False'
[1.129s] DEBUG:colcon.colcon_core.verb:Building package 'image_proc' with the following arguments: {'ament_cmake_args': None, 'build_base': '/home/bryan/Workspace/ros2_ws/build/image_proc', 'catkin_cmake_args': None, 'catkin_skip_building_tests': False, 'cmake_args': None, 'cmake_clean_cache': False, 'cmake_clean_first': False, 'cmake_force_configure': False, 'cmake_target': None, 'cmake_target_skip_unavailable': False, 'install_base': '/home/bryan/Workspace/ros2_ws/install/image_proc', 'merge_install': False, 'path': '/home/bryan/Workspace/ros2_ws/image_pipeline/image_proc', 'symlink_install': True, 'test_result_base': None}
[1.129s] Level 5:colcon.colcon_core.verb:set package 'image_publisher' build argument 'cmake_args' from command line to 'None'
[1.129s] Level 5:colcon.colcon_core.verb:set package 'image_publisher' build argument 'cmake_target' from command line to 'None'
[1.129s] Level 5:colcon.colcon_core.verb:set package 'image_publisher' build argument 'cmake_target_skip_unavailable' from command line to 'False'
[1.129s] Level 5:colcon.colcon_core.verb:set package 'image_publisher' build argument 'cmake_clean_cache' from command line to 'False'
[1.129s] Level 5:colcon.colcon_core.verb:set package 'image_publisher' build argument 'cmake_clean_first' from command line to 'False'
[1.129s] Level 5:colcon.colcon_core.verb:set package 'image_publisher' build argument 'cmake_force_configure' from command line to 'False'
[1.129s] Level 5:colcon.colcon_core.verb:set package 'image_publisher' build argument 'ament_cmake_args' from command line to 'None'
[1.129s] Level 5:colcon.colcon_core.verb:set package 'image_publisher' build argument 'catkin_cmake_args' from command line to 'None'
[1.129s] Level 5:colcon.colcon_core.verb:set package 'image_publisher' build argument 'catkin_skip_building_tests' from command line to 'False'
[1.129s] DEBUG:colcon.colcon_core.verb:Building package 'image_publisher' with the following arguments: {'ament_cmake_args': None, 'build_base': '/home/bryan/Workspace/ros2_ws/build/image_publisher', 'catkin_cmake_args': None, 'catkin_skip_building_tests': False, 'cmake_args': None, 'cmake_clean_cache': False, 'cmake_clean_first': False, 'cmake_force_configure': False, 'cmake_target': None, 'cmake_target_skip_unavailable': False, 'install_base': '/home/bryan/Workspace/ros2_ws/install/image_publisher', 'merge_install': False, 'path': '/home/bryan/Workspace/ros2_ws/image_pipeline/image_publisher', 'symlink_install': True, 'test_result_base': None}
[1.129s] Level 5:colcon.colcon_core.verb:set package 'image_rotate' build argument 'cmake_args' from command line to 'None'
[1.129s] Level 5:colcon.colcon_core.verb:set package 'image_rotate' build argument 'cmake_target' from command line to 'None'
[1.130s] Level 5:colcon.colcon_core.verb:set package 'image_rotate' build argument 'cmake_target_skip_unavailable' from command line to 'False'
[1.130s] Level 5:colcon.colcon_core.verb:set package 'image_rotate' build argument 'cmake_clean_cache' from command line to 'False'
[1.130s] Level 5:colcon.colcon_core.verb:set package 'image_rotate' build argument 'cmake_clean_first' from command line to 'False'
[1.130s] Level 5:colcon.colcon_core.verb:set package 'image_rotate' build argument 'cmake_force_configure' from command line to 'False'
[1.130s] Level 5:colcon.colcon_core.verb:set package 'image_rotate' build argument 'ament_cmake_args' from command line to 'None'
[1.130s] Level 5:colcon.colcon_core.verb:set package 'image_rotate' build argument 'catkin_cmake_args' from command line to 'None'
[1.130s] Level 5:colcon.colcon_core.verb:set package 'image_rotate' build argument 'catkin_skip_building_tests' from command line to 'False'
[1.130s] DEBUG:colcon.colcon_core.verb:Building package 'image_rotate' with the following arguments: {'ament_cmake_args': None, 'build_base': '/home/bryan/Workspace/ros2_ws/build/image_rotate', 'catkin_cmake_args': None, 'catkin_skip_building_tests': False, 'cmake_args': None, 'cmake_clean_cache': False, 'cmake_clean_first': False, 'cmake_force_configure': False, 'cmake_target': None, 'cmake_target_skip_unavailable': False, 'install_base': '/home/bryan/Workspace/ros2_ws/install/image_rotate', 'merge_install': False, 'path': '/home/bryan/Workspace/ros2_ws/image_pipeline/image_rotate', 'symlink_install': True, 'test_result_base': None}
[1.131s] Level 5:colcon.colcon_core.verb:set package 'image_view' build argument 'cmake_args' from command line to 'None'
[1.131s] Level 5:colcon.colcon_core.verb:set package 'image_view' build argument 'cmake_target' from command line to 'None'
[1.131s] Level 5:colcon.colcon_core.verb:set package 'image_view' build argument 'cmake_target_skip_unavailable' from command line to 'False'
[1.131s] Level 5:colcon.colcon_core.verb:set package 'image_view' build argument 'cmake_clean_cache' from command line to 'False'
[1.131s] Level 5:colcon.colcon_core.verb:set package 'image_view' build argument 'cmake_clean_first' from command line to 'False'
[1.131s] Level 5:colcon.colcon_core.verb:set package 'image_view' build argument 'cmake_force_configure' from command line to 'False'
[1.131s] Level 5:colcon.colcon_core.verb:set package 'image_view' build argument 'ament_cmake_args' from command line to 'None'
[1.131s] Level 5:colcon.colcon_core.verb:set package 'image_view' build argument 'catkin_cmake_args' from command line to 'None'
[1.131s] Level 5:colcon.colcon_core.verb:set package 'image_view' build argument 'catkin_skip_building_tests' from command line to 'False'
[1.131s] DEBUG:colcon.colcon_core.verb:Building package 'image_view' with the following arguments: {'ament_cmake_args': None, 'build_base': '/home/bryan/Workspace/ros2_ws/build/image_view', 'catkin_cmake_args': None, 'catkin_skip_building_tests': False, 'cmake_args': None, 'cmake_clean_cache': False, 'cmake_clean_first': False, 'cmake_force_configure': False, 'cmake_target': None, 'cmake_target_skip_unavailable': False, 'install_base': '/home/bryan/Workspace/ros2_ws/install/image_view', 'merge_install': False, 'path': '/home/bryan/Workspace/ros2_ws/image_pipeline/image_view', 'symlink_install': True, 'test_result_base': None}
[1.132s] Level 5:colcon.colcon_core.verb:set package 'opencv_tests' build argument 'cmake_args' from command line to 'None'
[1.132s] Level 5:colcon.colcon_core.verb:set package 'opencv_tests' build argument 'cmake_target' from command line to 'None'
[1.132s] Level 5:colcon.colcon_core.verb:set package 'opencv_tests' build argument 'cmake_target_skip_unavailable' from command line to 'False'
[1.132s] Level 5:colcon.colcon_core.verb:set package 'opencv_tests' build argument 'cmake_clean_cache' from command line to 'False'
[1.132s] Level 5:colcon.colcon_core.verb:set package 'opencv_tests' build argument 'cmake_clean_first' from command line to 'False'
[1.132s] Level 5:colcon.colcon_core.verb:set package 'opencv_tests' build argument 'cmake_force_configure' from command line to 'False'
[1.132s] Level 5:colcon.colcon_core.verb:set package 'opencv_tests' build argument 'ament_cmake_args' from command line to 'None'
[1.132s] Level 5:colcon.colcon_core.verb:set package 'opencv_tests' build argument 'catkin_cmake_args' from command line to 'None'
[1.132s] Level 5:colcon.colcon_core.verb:set package 'opencv_tests' build argument 'catkin_skip_building_tests' from command line to 'False'
[1.132s] DEBUG:colcon.colcon_core.verb:Building package 'opencv_tests' with the following arguments: {'ament_cmake_args': None, 'build_base': '/home/bryan/Workspace/ros2_ws/build/opencv_tests', 'catkin_cmake_args': None, 'catkin_skip_building_tests': False, 'cmake_args': None, 'cmake_clean_cache': False, 'cmake_clean_first': False, 'cmake_force_configure': False, 'cmake_target': None, 'cmake_target_skip_unavailable': False, 'install_base': '/home/bryan/Workspace/ros2_ws/install/opencv_tests', 'merge_install': False, 'path': '/home/bryan/Workspace/ros2_ws/src/vision_opencv/opencv_tests', 'symlink_install': True, 'test_result_base': None}
[1.133s] Level 5:colcon.colcon_core.verb:set package 'vision_opencv' build argument 'cmake_args' from command line to 'None'
[1.133s] Level 5:colcon.colcon_core.verb:set package 'vision_opencv' build argument 'cmake_target' from command line to 'None'
[1.133s] Level 5:colcon.colcon_core.verb:set package 'vision_opencv' build argument 'cmake_target_skip_unavailable' from command line to 'False'
[1.133s] Level 5:colcon.colcon_core.verb:set package 'vision_opencv' build argument 'cmake_clean_cache' from command line to 'False'
[1.133s] Level 5:colcon.colcon_core.verb:set package 'vision_opencv' build argument 'cmake_clean_first' from command line to 'False'
[1.133s] Level 5:colcon.colcon_core.verb:set package 'vision_opencv' build argument 'cmake_force_configure' from command line to 'False'
[1.133s] Level 5:colcon.colcon_core.verb:set package 'vision_opencv' build argument 'ament_cmake_args' from command line to 'None'
[1.133s] Level 5:colcon.colcon_core.verb:set package 'vision_opencv' build argument 'catkin_cmake_args' from command line to 'None'
[1.133s] Level 5:colcon.colcon_core.verb:set package 'vision_opencv' build argument 'catkin_skip_building_tests' from command line to 'False'
[1.133s] DEBUG:colcon.colcon_core.verb:Building package 'vision_opencv' with the following arguments: {'ament_cmake_args': None, 'build_base': '/home/bryan/Workspace/ros2_ws/build/vision_opencv', 'catkin_cmake_args': None, 'catkin_skip_building_tests': False, 'cmake_args': None, 'cmake_clean_cache': False, 'cmake_clean_first': False, 'cmake_force_configure': False, 'cmake_target': None, 'cmake_target_skip_unavailable': False, 'install_base': '/home/bryan/Workspace/ros2_ws/install/vision_opencv', 'merge_install': False, 'path': '/home/bryan/Workspace/ros2_ws/src/vision_opencv/vision_opencv', 'symlink_install': True, 'test_result_base': None}
[1.134s] Level 5:colcon.colcon_core.verb:set package 'stereo_image_proc' build argument 'cmake_args' from command line to 'None'
[1.134s] Level 5:colcon.colcon_core.verb:set package 'stereo_image_proc' build argument 'cmake_target' from command line to 'None'
[1.134s] Level 5:colcon.colcon_core.verb:set package 'stereo_image_proc' build argument 'cmake_target_skip_unavailable' from command line to 'False'
[1.134s] Level 5:colcon.colcon_core.verb:set package 'stereo_image_proc' build argument 'cmake_clean_cache' from command line to 'False'
[1.134s] Level 5:colcon.colcon_core.verb:set package 'stereo_image_proc' build argument 'cmake_clean_first' from command line to 'False'
[1.134s] Level 5:colcon.colcon_core.verb:set package 'stereo_image_proc' build argument 'cmake_force_configure' from command line to 'False'
[1.134s] Level 5:colcon.colcon_core.verb:set package 'stereo_image_proc' build argument 'ament_cmake_args' from command line to 'None'
[1.134s] Level 5:colcon.colcon_core.verb:set package 'stereo_image_proc' build argument 'catkin_cmake_args' from command line to 'None'
[1.134s] Level 5:colcon.colcon_core.verb:set package 'stereo_image_proc' build argument 'catkin_skip_building_tests' from command line to 'False'
[1.134s] DEBUG:colcon.colcon_core.verb:Building package 'stereo_image_proc' with the following arguments: {'ament_cmake_args': None, 'build_base': '/home/bryan/Workspace/ros2_ws/build/stereo_image_proc', 'catkin_cmake_args': None, 'catkin_skip_building_tests': False, 'cmake_args': None, 'cmake_clean_cache': False, 'cmake_clean_first': False, 'cmake_force_configure': False, 'cmake_target': None, 'cmake_target_skip_unavailable': False, 'install_base': '/home/bryan/Workspace/ros2_ws/install/stereo_image_proc', 'merge_install': False, 'path': '/home/bryan/Workspace/ros2_ws/image_pipeline/stereo_image_proc', 'symlink_install': True, 'test_result_base': None}
[1.135s] Level 5:colcon.colcon_core.verb:set package 'image_pipeline' build argument 'cmake_args' from command line to 'None'
[1.135s] Level 5:colcon.colcon_core.verb:set package 'image_pipeline' build argument 'cmake_target' from command line to 'None'
[1.135s] Level 5:colcon.colcon_core.verb:set package 'image_pipeline' build argument 'cmake_target_skip_unavailable' from command line to 'False'
[1.135s] Level 5:colcon.colcon_core.verb:set package 'image_pipeline' build argument 'cmake_clean_cache' from command line to 'False'
[1.135s] Level 5:colcon.colcon_core.verb:set package 'image_pipeline' build argument 'cmake_clean_first' from command line to 'False'
[1.135s] Level 5:colcon.colcon_core.verb:set package 'image_pipeline' build argument 'cmake_force_configure' from command line to 'False'
[1.135s] Level 5:colcon.colcon_core.verb:set package 'image_pipeline' build argument 'ament_cmake_args' from command line to 'None'
[1.135s] Level 5:colcon.colcon_core.verb:set package 'image_pipeline' build argument 'catkin_cmake_args' from command line to 'None'
[1.135s] Level 5:colcon.colcon_core.verb:set package 'image_pipeline' build argument 'catkin_skip_building_tests' from command line to 'False'
[1.135s] DEBUG:colcon.colcon_core.verb:Building package 'image_pipeline' with the following arguments: {'ament_cmake_args': None, 'build_base': '/home/bryan/Workspace/ros2_ws/build/image_pipeline', 'catkin_cmake_args': None, 'catkin_skip_building_tests': False, 'cmake_args': None, 'cmake_clean_cache': False, 'cmake_clean_first': False, 'cmake_force_configure': False, 'cmake_target': None, 'cmake_target_skip_unavailable': False, 'install_base': '/home/bryan/Workspace/ros2_ws/install/image_pipeline', 'merge_install': False, 'path': '/home/bryan/Workspace/ros2_ws/image_pipeline/image_pipeline', 'symlink_install': True, 'test_result_base': None}
[1.135s] INFO:colcon.colcon_core.executor:Executing jobs using 'parallel' executor
[1.138s] DEBUG:colcon.colcon_parallel_executor.executor.parallel:run_until_complete
[1.139s] INFO:colcon.colcon_ros.task.ament_cmake.build:Building ROS package in '/home/bryan/Workspace/ros2_ws/src/vision_opencv/cv_bridge' with build type 'ament_cmake'
[1.139s] INFO:colcon.colcon_cmake.task.cmake.build:Building CMake package in '/home/bryan/Workspace/ros2_ws/src/vision_opencv/cv_bridge'
[1.163s] INFO:colcon.colcon_core.plugin_system:Skipping extension 'colcon_core.shell.bat': Not used on non-Windows systems
[1.163s] INFO:colcon.colcon_core.shell:Skip shell extension 'powershell' for command environment: Not usable outside of PowerShell
[1.163s] DEBUG:colcon.colcon_core.shell:Skip shell extension 'dsv' for command environment
[1.169s] INFO:colcon.colcon_ros.task.ament_cmake.build:Building ROS package in '/home/bryan/Workspace/ros2_ws/src/vision_opencv/image_geometry' with build type 'ament_cmake'
[1.170s] INFO:colcon.colcon_cmake.task.cmake.build:Building CMake package in '/home/bryan/Workspace/ros2_ws/src/vision_opencv/image_geometry'
[1.170s] INFO:colcon.colcon_core.shell:Skip shell extension 'powershell' for command environment: Not usable outside of PowerShell
[1.170s] DEBUG:colcon.colcon_core.shell:Skip shell extension 'dsv' for command environment
[1.186s] INFO:colcon.colcon_ros.task.ament_cmake.build:Building ROS package in '/home/bryan/Workspace/ros2_ws/image_pipeline/tracetools_image_pipeline' with build type 'ament_cmake'
[1.186s] INFO:colcon.colcon_cmake.task.cmake.build:Building CMake package in '/home/bryan/Workspace/ros2_ws/image_pipeline/tracetools_image_pipeline'
[1.187s] INFO:colcon.colcon_core.shell:Skip shell extension 'powershell' for command environment: Not usable outside of PowerShell
[1.187s] DEBUG:colcon.colcon_core.shell:Skip shell extension 'dsv' for command environment
[1.236s] DEBUG:colcon.colcon_core.event_handler.log_command:Invoking command in '/home/bryan/Workspace/ros2_ws/build/cv_bridge': CMAKE_PREFIX_PATH=/opt/ros/humble /usr/bin/cmake /home/bryan/Workspace/ros2_ws/src/vision_opencv/cv_bridge -DAMENT_CMAKE_SYMLINK_INSTALL=1 -DCMAKE_INSTALL_PREFIX=/home/bryan/Workspace/ros2_ws/install/cv_bridge
[1.245s] DEBUG:colcon.colcon_core.event_handler.log_command:Invoking command in '/home/bryan/Workspace/ros2_ws/build/image_geometry': CMAKE_PREFIX_PATH=/opt/ros/humble /usr/bin/cmake /home/bryan/Workspace/ros2_ws/src/vision_opencv/image_geometry -DAMENT_CMAKE_SYMLINK_INSTALL=1 -DCMAKE_INSTALL_PREFIX=/home/bryan/Workspace/ros2_ws/install/image_geometry
[1.271s] DEBUG:colcon.colcon_core.event_handler.log_command:Invoking command in '/home/bryan/Workspace/ros2_ws/build/tracetools_image_pipeline': CMAKE_PREFIX_PATH=/opt/ros/humble /usr/bin/cmake /home/bryan/Workspace/ros2_ws/image_pipeline/tracetools_image_pipeline -DAMENT_CMAKE_SYMLINK_INSTALL=1 -DCMAKE_INSTALL_PREFIX=/home/bryan/Workspace/ros2_ws/install/tracetools_image_pipeline
[2.364s] DEBUG:colcon.colcon_core.event_handler.log_command:Invoked command in '/home/bryan/Workspace/ros2_ws/build/tracetools_image_pipeline' returned '0': CMAKE_PREFIX_PATH=/opt/ros/humble /usr/bin/cmake /home/bryan/Workspace/ros2_ws/image_pipeline/tracetools_image_pipeline -DAMENT_CMAKE_SYMLINK_INSTALL=1 -DCMAKE_INSTALL_PREFIX=/home/bryan/Workspace/ros2_ws/install/tracetools_image_pipeline
[2.371s] DEBUG:colcon.colcon_core.event_handler.log_command:Invoking command in '/home/bryan/Workspace/ros2_ws/build/tracetools_image_pipeline': CMAKE_PREFIX_PATH=/opt/ros/humble /usr/bin/cmake --build /home/bryan/Workspace/ros2_ws/build/tracetools_image_pipeline -- -j3 -l3
[2.930s] DEBUG:colcon.colcon_core.event_handler.log_command:Invoked command in '/home/bryan/Workspace/ros2_ws/build/tracetools_image_pipeline' returned '0': CMAKE_PREFIX_PATH=/opt/ros/humble /usr/bin/cmake --build /home/bryan/Workspace/ros2_ws/build/tracetools_image_pipeline -- -j3 -l3
[2.959s] DEBUG:colcon.colcon_core.event_handler.log_command:Invoking command in '/home/bryan/Workspace/ros2_ws/build/tracetools_image_pipeline': CMAKE_PREFIX_PATH=/opt/ros/humble /usr/bin/cmake --install /home/bryan/Workspace/ros2_ws/build/tracetools_image_pipeline
[3.124s] DEBUG:colcon.colcon_core.event_handler.log_command:Invoked command in '/home/bryan/Workspace/ros2_ws/build/image_geometry' returned '0': CMAKE_PREFIX_PATH=/opt/ros/humble /usr/bin/cmake /home/bryan/Workspace/ros2_ws/src/vision_opencv/image_geometry -DAMENT_CMAKE_SYMLINK_INSTALL=1 -DCMAKE_INSTALL_PREFIX=/home/bryan/Workspace/ros2_ws/install/image_geometry
[3.126s] DEBUG:colcon.colcon_core.event_handler.log_command:Invoking command in '/home/bryan/Workspace/ros2_ws/build/image_geometry': CMAKE_PREFIX_PATH=/opt/ros/humble /usr/bin/cmake --build /home/bryan/Workspace/ros2_ws/build/image_geometry -- -j3 -l3
[3.384s] Level 1:colcon.colcon_core.environment:create_environment_scripts_only(image_geometry)
[3.387s] DEBUG:colcon.colcon_core.event_handler.log_command:Invoked command in '/home/bryan/Workspace/ros2_ws/build/image_geometry' returned '2': CMAKE_PREFIX_PATH=/opt/ros/humble /usr/bin/cmake --build /home/bryan/Workspace/ros2_ws/build/image_geometry -- -j3 -l3
[3.409s] Level 1:colcon.colcon_core.environment:checking '/home/bryan/Workspace/ros2_ws/install/image_geometry' for CMake module files
[3.412s] Level 1:colcon.colcon_core.environment:checking '/home/bryan/Workspace/ros2_ws/install/image_geometry' for CMake config files
[3.418s] Level 1:colcon.colcon_core.shell:create_environment_hook('image_geometry', 'cmake_prefix_path')
[3.418s] INFO:colcon.colcon_core.shell:Creating environment hook '/home/bryan/Workspace/ros2_ws/install/image_geometry/share/image_geometry/hook/cmake_prefix_path.ps1'
[3.423s] INFO:colcon.colcon_core.shell:Creating environment descriptor '/home/bryan/Workspace/ros2_ws/install/image_geometry/share/image_geometry/hook/cmake_prefix_path.dsv'
[3.426s] INFO:colcon.colcon_core.shell:Creating environment hook '/home/bryan/Workspace/ros2_ws/install/image_geometry/share/image_geometry/hook/cmake_prefix_path.sh'
[3.438s] Level 1:colcon.colcon_core.environment:checking '/home/bryan/Workspace/ros2_ws/install/image_geometry/lib'
[3.439s] Level 1:colcon.colcon_core.shell:create_environment_hook('image_geometry', 'ld_library_path_lib')
[3.439s] INFO:colcon.colcon_core.shell:Creating environment hook '/home/bryan/Workspace/ros2_ws/install/image_geometry/share/image_geometry/hook/ld_library_path_lib.ps1'
[3.441s] INFO:colcon.colcon_core.shell:Creating environment descriptor '/home/bryan/Workspace/ros2_ws/install/image_geometry/share/image_geometry/hook/ld_library_path_lib.dsv'
[3.442s] INFO:colcon.colcon_core.shell:Creating environment hook '/home/bryan/Workspace/ros2_ws/install/image_geometry/share/image_geometry/hook/ld_library_path_lib.sh'
[3.444s] Level 1:colcon.colcon_core.environment:checking '/home/bryan/Workspace/ros2_ws/install/image_geometry/bin'
[3.444s] Level 1:colcon.colcon_core.environment:checking '/home/bryan/Workspace/ros2_ws/install/image_geometry/lib/pkgconfig/image_geometry.pc'
[3.444s] Level 1:colcon.colcon_core.environment:checking '/home/bryan/Workspace/ros2_ws/install/image_geometry/lib/python3.10/site-packages'
[3.445s] Level 1:colcon.colcon_core.environment:checking '/home/bryan/Workspace/ros2_ws/install/image_geometry/bin'
[3.445s] INFO:colcon.colcon_core.shell:Creating package script '/home/bryan/Workspace/ros2_ws/install/image_geometry/share/image_geometry/package.ps1'
[3.449s] INFO:colcon.colcon_core.shell:Creating package descriptor '/home/bryan/Workspace/ros2_ws/install/image_geometry/share/image_geometry/package.dsv'
[3.453s] INFO:colcon.colcon_core.shell:Creating package script '/home/bryan/Workspace/ros2_ws/install/image_geometry/share/image_geometry/package.sh'
[3.457s] INFO:colcon.colcon_core.shell:Creating package script '/home/bryan/Workspace/ros2_ws/install/image_geometry/share/image_geometry/package.bash'
[3.460s] INFO:colcon.colcon_core.shell:Creating package script '/home/bryan/Workspace/ros2_ws/install/image_geometry/share/image_geometry/package.zsh'
[3.463s] Level 1:colcon.colcon_core.environment:create_file_with_runtime_dependencies(/home/bryan/Workspace/ros2_ws/install/image_geometry/share/colcon-core/packages/image_geometry)
[5.814s] DEBUG:colcon.colcon_parallel_executor.executor.parallel:closing loop
[5.814s] DEBUG:colcon.colcon_parallel_executor.executor.parallel:loop closed
[5.814s] DEBUG:colcon.colcon_parallel_executor.executor.parallel:run_until_complete finished with '2'
[5.814s] DEBUG:colcon.colcon_core.event_reactor:joining thread
[5.886s] INFO:colcon.colcon_core.plugin_system:Skipping extension 'colcon_notification.desktop_notification.terminal_notifier': Not used on non-Darwin systems
[5.886s] INFO:colcon.colcon_core.plugin_system:Skipping extension 'colcon_notification.desktop_notification.win32': Not used on non-Windows systems
[5.886s] INFO:colcon.colcon_notification.desktop_notification:Sending desktop notification using 'notify2'
[5.928s] DEBUG:colcon.colcon_core.event_reactor:joined thread
[5.929s] INFO:colcon.colcon_core.shell:Creating prefix script '/home/bryan/Workspace/ros2_ws/install/local_setup.ps1'
[5.933s] INFO:colcon.colcon_core.shell:Creating prefix util module '/home/bryan/Workspace/ros2_ws/install/_local_setup_util_ps1.py'
[5.937s] INFO:colcon.colcon_core.shell:Creating prefix chain script '/home/bryan/Workspace/ros2_ws/install/setup.ps1'
[5.948s] INFO:colcon.colcon_core.shell:Creating prefix script '/home/bryan/Workspace/ros2_ws/install/local_setup.sh'
[5.951s] INFO:colcon.colcon_core.shell:Creating prefix util module '/home/bryan/Workspace/ros2_ws/install/_local_setup_util_sh.py'
[5.952s] INFO:colcon.colcon_core.shell:Creating prefix chain script '/home/bryan/Workspace/ros2_ws/install/setup.sh'
[5.954s] INFO:colcon.colcon_core.shell:Creating prefix script '/home/bryan/Workspace/ros2_ws/install/local_setup.bash'
[5.956s] INFO:colcon.colcon_core.shell:Creating prefix chain script '/home/bryan/Workspace/ros2_ws/install/setup.bash'
[5.958s] INFO:colcon.colcon_core.shell:Creating prefix script '/home/bryan/Workspace/ros2_ws/install/local_setup.zsh'
[5.960s] INFO:colcon.colcon_core.shell:Creating prefix chain script '/home/bryan/Workspace/ros2_ws/install/setup.zsh'
