[0.237s] DEBUG:colcon:Command line arguments: ['/usr/bin/colcon', 'build']
[0.237s] DEBUG:colcon:Parsed command line arguments: Namespace(log_base=None, log_level=None, verb_name='build', build_base='build', install_base='install', merge_install=False, symlink_install=False, test_result_base=None, continue_on_error=False, executor='parallel', parallel_workers=3, event_handlers=None, ignore_user_meta=False, metas=['./colcon.meta'], base_paths=['.'], packages_ignore=None, packages_ignore_regex=None, paths=None, packages_up_to=None, packages_up_to_regex=None, packages_above=None, packages_above_and_dependencies=None, packages_above_depth=None, packages_select_by_dep=None, packages_skip_by_dep=None, packages_skip_up_to=None, packages_select_build_failed=False, packages_skip_build_finished=False, packages_select_test_failures=False, packages_skip_test_passed=False, packages_select=None, packages_skip=None, packages_select_regex=None, packages_skip_regex=None, packages_start=None, packages_end=None, allow_overriding=[], cmake_args=None, cmake_target=None, cmake_target_skip_unavailable=False, cmake_clean_cache=False, cmake_clean_first=False, cmake_force_configure=False, ament_cmake_args=None, catkin_cmake_args=None, catkin_skip_building_tests=False, mixin_files=None, mixin=None, verb_parser=<colcon_mixin.mixin.mixin_argument.MixinArgumentDecorator object at 0x719db5c84fa0>, verb_extension=<colcon_core.verb.build.BuildVerb object at 0x719db5c84a60>, main=<bound method BuildVerb.main of <colcon_core.verb.build.BuildVerb object at 0x719db5c84a60>>, mixin_verb=('build',))
[0.504s] Level 1:colcon.colcon_core.package_discovery:discover_packages(colcon_meta) check parameters
[0.506s] Level 1:colcon.colcon_core.package_discovery:discover_packages(recursive) check parameters
[0.507s] Level 1:colcon.colcon_core.package_discovery:discover_packages(ignore) check parameters
[0.507s] Level 1:colcon.colcon_core.package_discovery:discover_packages(path) check parameters
[0.507s] Level 1:colcon.colcon_core.package_discovery:discover_packages(colcon_meta) discover
[0.508s] Level 1:colcon.colcon_core.package_discovery:discover_packages(recursive) discover
[0.508s] INFO:colcon.colcon_core.package_discovery:Crawling recursively for packages in '/home/bryan/Workspace/ros2_ws'
[0.508s] Level 1:colcon.colcon_core.package_identification:_identify(.) by extensions ['ignore', 'ignore_ament_install']
[0.508s] Level 1:colcon.colcon_core.package_identification:_identify(.) by extension 'ignore'
[0.508s] Level 1:colcon.colcon_core.package_identification:_identify(.) by extension 'ignore_ament_install'
[0.509s] Level 1:colcon.colcon_core.package_identification:_identify(.) by extensions ['colcon_pkg']
[0.509s] Level 1:colcon.colcon_core.package_identification:_identify(.) by extension 'colcon_pkg'
[0.510s] Level 1:colcon.colcon_core.package_identification:_identify(.) by extensions ['colcon_meta']
[0.510s] Level 1:colcon.colcon_core.package_identification:_identify(.) by extension 'colcon_meta'
[0.510s] Level 1:colcon.colcon_core.package_identification:_identify(.) by extensions ['ros']
[0.510s] Level 1:colcon.colcon_core.package_identification:_identify(.) by extension 'ros'
[0.540s] Level 1:colcon.colcon_core.package_identification:_identify(.) by extensions ['cmake', 'python']
[0.549s] Level 1:colcon.colcon_core.package_identification:_identify(.) by extension 'cmake'
[0.550s] Level 1:colcon.colcon_core.package_identification:_identify(.) by extension 'python'
[0.550s] Level 1:colcon.colcon_core.package_identification:_identify(.) by extensions ['python_setup_py']
[0.550s] Level 1:colcon.colcon_core.package_identification:_identify(.) by extension 'python_setup_py'
[0.550s] Level 1:colcon.colcon_core.package_identification:_identify(build) by extensions ['ignore', 'ignore_ament_install']
[0.551s] Level 1:colcon.colcon_core.package_identification:_identify(build) by extension 'ignore'
[0.551s] Level 1:colcon.colcon_core.package_identification:_identify(build) ignored
[0.551s] Level 1:colcon.colcon_core.package_identification:_identify(first_package) by extensions ['ignore', 'ignore_ament_install']
[0.551s] Level 1:colcon.colcon_core.package_identification:_identify(first_package) by extension 'ignore'
[0.551s] Level 1:colcon.colcon_core.package_identification:_identify(first_package) by extension 'ignore_ament_install'
[0.552s] Level 1:colcon.colcon_core.package_identification:_identify(first_package) by extensions ['colcon_pkg']
[0.552s] Level 1:colcon.colcon_core.package_identification:_identify(first_package) by extension 'colcon_pkg'
[0.552s] Level 1:colcon.colcon_core.package_identification:_identify(first_package) by extensions ['colcon_meta']
[0.552s] Level 1:colcon.colcon_core.package_identification:_identify(first_package) by extension 'colcon_meta'
[0.552s] Level 1:colcon.colcon_core.package_identification:_identify(first_package) by extensions ['ros']
[0.552s] Level 1:colcon.colcon_core.package_identification:_identify(first_package) by extension 'ros'
[0.558s] DEBUG:colcon.colcon_core.package_identification:Package 'first_package' with type 'ros.ament_python' and name 'first_package'
[0.559s] Level 1:colcon.colcon_core.package_identification:_identify(image_pipeline) by extensions ['ignore', 'ignore_ament_install']
[0.560s] Level 1:colcon.colcon_core.package_identification:_identify(image_pipeline) by extension 'ignore'
[0.562s] Level 1:colcon.colcon_core.package_identification:_identify(image_pipeline) by extension 'ignore_ament_install'
[0.563s] Level 1:colcon.colcon_core.package_identification:_identify(image_pipeline) by extensions ['colcon_pkg']
[0.565s] Level 1:colcon.colcon_core.package_identification:_identify(image_pipeline) by extension 'colcon_pkg'
[0.565s] Level 1:colcon.colcon_core.package_identification:_identify(image_pipeline) by extensions ['colcon_meta']
[0.565s] Level 1:colcon.colcon_core.package_identification:_identify(image_pipeline) by extension 'colcon_meta'
[0.565s] Level 1:colcon.colcon_core.package_identification:_identify(image_pipeline) by extensions ['ros']
[0.565s] Level 1:colcon.colcon_core.package_identification:_identify(image_pipeline) by extension 'ros'
[0.566s] Level 1:colcon.colcon_core.package_identification:_identify(image_pipeline) by extensions ['cmake', 'python']
[0.566s] Level 1:colcon.colcon_core.package_identification:_identify(image_pipeline) by extension 'cmake'
[0.566s] Level 1:colcon.colcon_core.package_identification:_identify(image_pipeline) by extension 'python'
[0.566s] Level 1:colcon.colcon_core.package_identification:_identify(image_pipeline) by extensions ['python_setup_py']
[0.567s] Level 1:colcon.colcon_core.package_identification:_identify(image_pipeline) by extension 'python_setup_py'
[0.568s] Level 1:colcon.colcon_core.package_identification:_identify(image_pipeline/camera_calibration) by extensions ['ignore', 'ignore_ament_install']
[0.568s] Level 1:colcon.colcon_core.package_identification:_identify(image_pipeline/camera_calibration) by extension 'ignore'
[0.569s] Level 1:colcon.colcon_core.package_identification:_identify(image_pipeline/camera_calibration) by extension 'ignore_ament_install'
[0.569s] Level 1:colcon.colcon_core.package_identification:_identify(image_pipeline/camera_calibration) by extensions ['colcon_pkg']
[0.569s] Level 1:colcon.colcon_core.package_identification:_identify(image_pipeline/camera_calibration) by extension 'colcon_pkg'
[0.569s] Level 1:colcon.colcon_core.package_identification:_identify(image_pipeline/camera_calibration) by extensions ['colcon_meta']
[0.570s] Level 1:colcon.colcon_core.package_identification:_identify(image_pipeline/camera_calibration) by extension 'colcon_meta'
[0.570s] Level 1:colcon.colcon_core.package_identification:_identify(image_pipeline/camera_calibration) by extensions ['ros']
[0.570s] Level 1:colcon.colcon_core.package_identification:_identify(image_pipeline/camera_calibration) by extension 'ros'
[0.573s] DEBUG:colcon.colcon_core.package_identification:Package 'image_pipeline/camera_calibration' with type 'ros.ament_python' and name 'camera_calibration'
[0.573s] Level 1:colcon.colcon_core.package_identification:_identify(image_pipeline/depth_image_proc) by extensions ['ignore', 'ignore_ament_install']
[0.574s] Level 1:colcon.colcon_core.package_identification:_identify(image_pipeline/depth_image_proc) by extension 'ignore'
[0.574s] Level 1:colcon.colcon_core.package_identification:_identify(image_pipeline/depth_image_proc) by extension 'ignore_ament_install'
[0.575s] Level 1:colcon.colcon_core.package_identification:_identify(image_pipeline/depth_image_proc) by extensions ['colcon_pkg']
[0.576s] Level 1:colcon.colcon_core.package_identification:_identify(image_pipeline/depth_image_proc) by extension 'colcon_pkg'
[0.576s] Level 1:colcon.colcon_core.package_identification:_identify(image_pipeline/depth_image_proc) by extensions ['colcon_meta']
[0.576s] Level 1:colcon.colcon_core.package_identification:_identify(image_pipeline/depth_image_proc) by extension 'colcon_meta'
[0.576s] Level 1:colcon.colcon_core.package_identification:_identify(image_pipeline/depth_image_proc) by extensions ['ros']
[0.576s] Level 1:colcon.colcon_core.package_identification:_identify(image_pipeline/depth_image_proc) by extension 'ros'
[0.580s] DEBUG:colcon.colcon_core.package_identification:Package 'image_pipeline/depth_image_proc' with type 'ros.ament_cmake' and name 'depth_image_proc'
[0.581s] Level 1:colcon.colcon_core.package_identification:_identify(image_pipeline/image_pipeline) by extensions ['ignore', 'ignore_ament_install']
[0.581s] Level 1:colcon.colcon_core.package_identification:_identify(image_pipeline/image_pipeline) by extension 'ignore'
[0.582s] Level 1:colcon.colcon_core.package_identification:_identify(image_pipeline/image_pipeline) by extension 'ignore_ament_install'
[0.582s] Level 1:colcon.colcon_core.package_identification:_identify(image_pipeline/image_pipeline) by extensions ['colcon_pkg']
[0.582s] Level 1:colcon.colcon_core.package_identification:_identify(image_pipeline/image_pipeline) by extension 'colcon_pkg'
[0.582s] Level 1:colcon.colcon_core.package_identification:_identify(image_pipeline/image_pipeline) by extensions ['colcon_meta']
[0.582s] Level 1:colcon.colcon_core.package_identification:_identify(image_pipeline/image_pipeline) by extension 'colcon_meta'
[0.582s] Level 1:colcon.colcon_core.package_identification:_identify(image_pipeline/image_pipeline) by extensions ['ros']
[0.582s] Level 1:colcon.colcon_core.package_identification:_identify(image_pipeline/image_pipeline) by extension 'ros'
[0.584s] DEBUG:colcon.colcon_core.package_identification:Package 'image_pipeline/image_pipeline' with type 'ros.ament_cmake' and name 'image_pipeline'
[0.585s] Level 1:colcon.colcon_core.package_identification:_identify(image_pipeline/image_proc) by extensions ['ignore', 'ignore_ament_install']
[0.586s] Level 1:colcon.colcon_core.package_identification:_identify(image_pipeline/image_proc) by extension 'ignore'
[0.586s] Level 1:colcon.colcon_core.package_identification:_identify(image_pipeline/image_proc) by extension 'ignore_ament_install'
[0.586s] Level 1:colcon.colcon_core.package_identification:_identify(image_pipeline/image_proc) by extensions ['colcon_pkg']
[0.586s] Level 1:colcon.colcon_core.package_identification:_identify(image_pipeline/image_proc) by extension 'colcon_pkg'
[0.586s] Level 1:colcon.colcon_core.package_identification:_identify(image_pipeline/image_proc) by extensions ['colcon_meta']
[0.586s] Level 1:colcon.colcon_core.package_identification:_identify(image_pipeline/image_proc) by extension 'colcon_meta'
[0.586s] Level 1:colcon.colcon_core.package_identification:_identify(image_pipeline/image_proc) by extensions ['ros']
[0.586s] Level 1:colcon.colcon_core.package_identification:_identify(image_pipeline/image_proc) by extension 'ros'
[0.589s] DEBUG:colcon.colcon_core.package_identification:Package 'image_pipeline/image_proc' with type 'ros.ament_cmake' and name 'image_proc'
[0.590s] Level 1:colcon.colcon_core.package_identification:_identify(image_pipeline/image_publisher) by extensions ['ignore', 'ignore_ament_install']
[0.590s] Level 1:colcon.colcon_core.package_identification:_identify(image_pipeline/image_publisher) by extension 'ignore'
[0.590s] Level 1:colcon.colcon_core.package_identification:_identify(image_pipeline/image_publisher) by extension 'ignore_ament_install'
[0.591s] Level 1:colcon.colcon_core.package_identification:_identify(image_pipeline/image_publisher) by extensions ['colcon_pkg']
[0.591s] Level 1:colcon.colcon_core.package_identification:_identify(image_pipeline/image_publisher) by extension 'colcon_pkg'
[0.591s] Level 1:colcon.colcon_core.package_identification:_identify(image_pipeline/image_publisher) by extensions ['colcon_meta']
[0.591s] Level 1:colcon.colcon_core.package_identification:_identify(image_pipeline/image_publisher) by extension 'colcon_meta'
[0.591s] Level 1:colcon.colcon_core.package_identification:_identify(image_pipeline/image_publisher) by extensions ['ros']
[0.591s] Level 1:colcon.colcon_core.package_identification:_identify(image_pipeline/image_publisher) by extension 'ros'
[0.593s] DEBUG:colcon.colcon_core.package_identification:Package 'image_pipeline/image_publisher' with type 'ros.ament_cmake' and name 'image_publisher'
[0.594s] Level 1:colcon.colcon_core.package_identification:_identify(image_pipeline/image_rotate) by extensions ['ignore', 'ignore_ament_install']
[0.595s] Level 1:colcon.colcon_core.package_identification:_identify(image_pipeline/image_rotate) by extension 'ignore'
[0.596s] Level 1:colcon.colcon_core.package_identification:_identify(image_pipeline/image_rotate) by extension 'ignore_ament_install'
[0.596s] Level 1:colcon.colcon_core.package_identification:_identify(image_pipeline/image_rotate) by extensions ['colcon_pkg']
[0.596s] Level 1:colcon.colcon_core.package_identification:_identify(image_pipeline/image_rotate) by extension 'colcon_pkg'
[0.596s] Level 1:colcon.colcon_core.package_identification:_identify(image_pipeline/image_rotate) by extensions ['colcon_meta']
[0.596s] Level 1:colcon.colcon_core.package_identification:_identify(image_pipeline/image_rotate) by extension 'colcon_meta'
[0.596s] Level 1:colcon.colcon_core.package_identification:_identify(image_pipeline/image_rotate) by extensions ['ros']
[0.597s] Level 1:colcon.colcon_core.package_identification:_identify(image_pipeline/image_rotate) by extension 'ros'
[0.599s] DEBUG:colcon.colcon_core.package_identification:Package 'image_pipeline/image_rotate' with type 'ros.ament_cmake' and name 'image_rotate'
[0.600s] Level 1:colcon.colcon_core.package_identification:_identify(image_pipeline/image_view) by extensions ['ignore', 'ignore_ament_install']
[0.601s] Level 1:colcon.colcon_core.package_identification:_identify(image_pipeline/image_view) by extension 'ignore'
[0.601s] Level 1:colcon.colcon_core.package_identification:_identify(image_pipeline/image_view) by extension 'ignore_ament_install'
[0.601s] Level 1:colcon.colcon_core.package_identification:_identify(image_pipeline/image_view) by extensions ['colcon_pkg']
[0.602s] Level 1:colcon.colcon_core.package_identification:_identify(image_pipeline/image_view) by extension 'colcon_pkg'
[0.602s] Level 1:colcon.colcon_core.package_identification:_identify(image_pipeline/image_view) by extensions ['colcon_meta']
[0.602s] Level 1:colcon.colcon_core.package_identification:_identify(image_pipeline/image_view) by extension 'colcon_meta'
[0.602s] Level 1:colcon.colcon_core.package_identification:_identify(image_pipeline/image_view) by extensions ['ros']
[0.602s] Level 1:colcon.colcon_core.package_identification:_identify(image_pipeline/image_view) by extension 'ros'
[0.606s] DEBUG:colcon.colcon_core.package_identification:Package 'image_pipeline/image_view' with type 'ros.ament_cmake' and name 'image_view'
[0.607s] Level 1:colcon.colcon_core.package_identification:_identify(image_pipeline/stereo_image_proc) by extensions ['ignore', 'ignore_ament_install']
[0.607s] Level 1:colcon.colcon_core.package_identification:_identify(image_pipeline/stereo_image_proc) by extension 'ignore'
[0.608s] Level 1:colcon.colcon_core.package_identification:_identify(image_pipeline/stereo_image_proc) by extension 'ignore_ament_install'
[0.609s] Level 1:colcon.colcon_core.package_identification:_identify(image_pipeline/stereo_image_proc) by extensions ['colcon_pkg']
[0.609s] Level 1:colcon.colcon_core.package_identification:_identify(image_pipeline/stereo_image_proc) by extension 'colcon_pkg'
[0.609s] Level 1:colcon.colcon_core.package_identification:_identify(image_pipeline/stereo_image_proc) by extensions ['colcon_meta']
[0.610s] Level 1:colcon.colcon_core.package_identification:_identify(image_pipeline/stereo_image_proc) by extension 'colcon_meta'
[0.610s] Level 1:colcon.colcon_core.package_identification:_identify(image_pipeline/stereo_image_proc) by extensions ['ros']
[0.610s] Level 1:colcon.colcon_core.package_identification:_identify(image_pipeline/stereo_image_proc) by extension 'ros'
[0.613s] DEBUG:colcon.colcon_core.package_identification:Package 'image_pipeline/stereo_image_proc' with type 'ros.ament_cmake' and name 'stereo_image_proc'
[0.614s] Level 1:colcon.colcon_core.package_identification:_identify(image_pipeline/tools) by extensions ['ignore', 'ignore_ament_install']
[0.615s] Level 1:colcon.colcon_core.package_identification:_identify(image_pipeline/tools) by extension 'ignore'
[0.615s] Level 1:colcon.colcon_core.package_identification:_identify(image_pipeline/tools) by extension 'ignore_ament_install'
[0.615s] Level 1:colcon.colcon_core.package_identification:_identify(image_pipeline/tools) by extensions ['colcon_pkg']
[0.615s] Level 1:colcon.colcon_core.package_identification:_identify(image_pipeline/tools) by extension 'colcon_pkg'
[0.615s] Level 1:colcon.colcon_core.package_identification:_identify(image_pipeline/tools) by extensions ['colcon_meta']
[0.616s] Level 1:colcon.colcon_core.package_identification:_identify(image_pipeline/tools) by extension 'colcon_meta'
[0.616s] Level 1:colcon.colcon_core.package_identification:_identify(image_pipeline/tools) by extensions ['ros']
[0.616s] Level 1:colcon.colcon_core.package_identification:_identify(image_pipeline/tools) by extension 'ros'
[0.616s] Level 1:colcon.colcon_core.package_identification:_identify(image_pipeline/tools) by extensions ['cmake', 'python']
[0.616s] Level 1:colcon.colcon_core.package_identification:_identify(image_pipeline/tools) by extension 'cmake'
[0.616s] Level 1:colcon.colcon_core.package_identification:_identify(image_pipeline/tools) by extension 'python'
[0.616s] Level 1:colcon.colcon_core.package_identification:_identify(image_pipeline/tools) by extensions ['python_setup_py']
[0.616s] Level 1:colcon.colcon_core.package_identification:_identify(image_pipeline/tools) by extension 'python_setup_py'
[0.616s] Level 1:colcon.colcon_core.package_identification:_identify(image_pipeline/tracetools_image_pipeline) by extensions ['ignore', 'ignore_ament_install']
[0.617s] Level 1:colcon.colcon_core.package_identification:_identify(image_pipeline/tracetools_image_pipeline) by extension 'ignore'
[0.617s] Level 1:colcon.colcon_core.package_identification:_identify(image_pipeline/tracetools_image_pipeline) by extension 'ignore_ament_install'
[0.617s] Level 1:colcon.colcon_core.package_identification:_identify(image_pipeline/tracetools_image_pipeline) by extensions ['colcon_pkg']
[0.618s] Level 1:colcon.colcon_core.package_identification:_identify(image_pipeline/tracetools_image_pipeline) by extension 'colcon_pkg'
[0.618s] Level 1:colcon.colcon_core.package_identification:_identify(image_pipeline/tracetools_image_pipeline) by extensions ['colcon_meta']
[0.618s] Level 1:colcon.colcon_core.package_identification:_identify(image_pipeline/tracetools_image_pipeline) by extension 'colcon_meta'
[0.618s] Level 1:colcon.colcon_core.package_identification:_identify(image_pipeline/tracetools_image_pipeline) by extensions ['ros']
[0.618s] Level 1:colcon.colcon_core.package_identification:_identify(image_pipeline/tracetools_image_pipeline) by extension 'ros'
[0.619s] DEBUG:colcon.colcon_core.package_identification:Package 'image_pipeline/tracetools_image_pipeline' with type 'ros.ament_cmake' and name 'tracetools_image_pipeline'
[0.620s] Level 1:colcon.colcon_core.package_identification:_identify(image_pipeline/wiki_files) by extensions ['ignore', 'ignore_ament_install']
[0.620s] Level 1:colcon.colcon_core.package_identification:_identify(image_pipeline/wiki_files) by extension 'ignore'
[0.621s] Level 1:colcon.colcon_core.package_identification:_identify(image_pipeline/wiki_files) by extension 'ignore_ament_install'
[0.621s] Level 1:colcon.colcon_core.package_identification:_identify(image_pipeline/wiki_files) by extensions ['colcon_pkg']
[0.622s] Level 1:colcon.colcon_core.package_identification:_identify(image_pipeline/wiki_files) by extension 'colcon_pkg'
[0.622s] Level 1:colcon.colcon_core.package_identification:_identify(image_pipeline/wiki_files) by extensions ['colcon_meta']
[0.623s] Level 1:colcon.colcon_core.package_identification:_identify(image_pipeline/wiki_files) by extension 'colcon_meta'
[0.623s] Level 1:colcon.colcon_core.package_identification:_identify(image_pipeline/wiki_files) by extensions ['ros']
[0.623s] Level 1:colcon.colcon_core.package_identification:_identify(image_pipeline/wiki_files) by extension 'ros'
[0.623s] Level 1:colcon.colcon_core.package_identification:_identify(image_pipeline/wiki_files) by extensions ['cmake', 'python']
[0.623s] Level 1:colcon.colcon_core.package_identification:_identify(image_pipeline/wiki_files) by extension 'cmake'
[0.623s] Level 1:colcon.colcon_core.package_identification:_identify(image_pipeline/wiki_files) by extension 'python'
[0.623s] Level 1:colcon.colcon_core.package_identification:_identify(image_pipeline/wiki_files) by extensions ['python_setup_py']
[0.623s] Level 1:colcon.colcon_core.package_identification:_identify(image_pipeline/wiki_files) by extension 'python_setup_py'
[0.624s] Level 1:colcon.colcon_core.package_identification:_identify(install) by extensions ['ignore', 'ignore_ament_install']
[0.625s] Level 1:colcon.colcon_core.package_identification:_identify(install) by extension 'ignore'
[0.625s] Level 1:colcon.colcon_core.package_identification:_identify(install) ignored
[0.625s] Level 1:colcon.colcon_core.package_identification:_identify(launch) by extensions ['ignore', 'ignore_ament_install']
[0.625s] Level 1:colcon.colcon_core.package_identification:_identify(launch) by extension 'ignore'
[0.625s] Level 1:colcon.colcon_core.package_identification:_identify(launch) by extension 'ignore_ament_install'
[0.626s] Level 1:colcon.colcon_core.package_identification:_identify(launch) by extensions ['colcon_pkg']
[0.626s] Level 1:colcon.colcon_core.package_identification:_identify(launch) by extension 'colcon_pkg'
[0.626s] Level 1:colcon.colcon_core.package_identification:_identify(launch) by extensions ['colcon_meta']
[0.626s] Level 1:colcon.colcon_core.package_identification:_identify(launch) by extension 'colcon_meta'
[0.627s] Level 1:colcon.colcon_core.package_identification:_identify(launch) by extensions ['ros']
[0.627s] Level 1:colcon.colcon_core.package_identification:_identify(launch) by extension 'ros'
[0.627s] Level 1:colcon.colcon_core.package_identification:_identify(launch) by extensions ['cmake', 'python']
[0.628s] Level 1:colcon.colcon_core.package_identification:_identify(launch) by extension 'cmake'
[0.628s] Level 1:colcon.colcon_core.package_identification:_identify(launch) by extension 'python'
[0.629s] Level 1:colcon.colcon_core.package_identification:_identify(launch) by extensions ['python_setup_py']
[0.629s] Level 1:colcon.colcon_core.package_identification:_identify(launch) by extension 'python_setup_py'
[0.629s] Level 1:colcon.colcon_core.package_identification:_identify(launch/build) by extensions ['ignore', 'ignore_ament_install']
[0.630s] Level 1:colcon.colcon_core.package_identification:_identify(launch/build) by extension 'ignore'
[0.630s] Level 1:colcon.colcon_core.package_identification:_identify(launch/build) ignored
[0.631s] Level 1:colcon.colcon_core.package_identification:_identify(launch/install) by extensions ['ignore', 'ignore_ament_install']
[0.631s] Level 1:colcon.colcon_core.package_identification:_identify(launch/install) by extension 'ignore'
[0.631s] Level 1:colcon.colcon_core.package_identification:_identify(launch/install) ignored
[0.631s] Level 1:colcon.colcon_core.package_identification:_identify(launch/log) by extensions ['ignore', 'ignore_ament_install']
[0.631s] Level 1:colcon.colcon_core.package_identification:_identify(launch/log) by extension 'ignore'
[0.631s] Level 1:colcon.colcon_core.package_identification:_identify(launch/log) ignored
[0.632s] Level 1:colcon.colcon_core.package_identification:_identify(log) by extensions ['ignore', 'ignore_ament_install']
[0.632s] Level 1:colcon.colcon_core.package_identification:_identify(log) by extension 'ignore'
[0.633s] Level 1:colcon.colcon_core.package_identification:_identify(log) ignored
[0.634s] Level 1:colcon.colcon_core.package_identification:_identify(sprint2) by extensions ['ignore', 'ignore_ament_install']
[0.635s] Level 1:colcon.colcon_core.package_identification:_identify(sprint2) by extension 'ignore'
[0.636s] Level 1:colcon.colcon_core.package_identification:_identify(sprint2) by extension 'ignore_ament_install'
[0.636s] Level 1:colcon.colcon_core.package_identification:_identify(sprint2) by extensions ['colcon_pkg']
[0.636s] Level 1:colcon.colcon_core.package_identification:_identify(sprint2) by extension 'colcon_pkg'
[0.637s] Level 1:colcon.colcon_core.package_identification:_identify(sprint2) by extensions ['colcon_meta']
[0.637s] Level 1:colcon.colcon_core.package_identification:_identify(sprint2) by extension 'colcon_meta'
[0.637s] Level 1:colcon.colcon_core.package_identification:_identify(sprint2) by extensions ['ros']
[0.637s] Level 1:colcon.colcon_core.package_identification:_identify(sprint2) by extension 'ros'
[0.639s] DEBUG:colcon.colcon_core.package_identification:Package 'sprint2' with type 'ros.ament_python' and name 'sprint2'
[0.640s] Level 1:colcon.colcon_core.package_identification:_identify(src) by extensions ['ignore', 'ignore_ament_install']
[0.640s] Level 1:colcon.colcon_core.package_identification:_identify(src) by extension 'ignore'
[0.641s] Level 1:colcon.colcon_core.package_identification:_identify(src) by extension 'ignore_ament_install'
[0.641s] Level 1:colcon.colcon_core.package_identification:_identify(src) by extensions ['colcon_pkg']
[0.641s] Level 1:colcon.colcon_core.package_identification:_identify(src) by extension 'colcon_pkg'
[0.641s] Level 1:colcon.colcon_core.package_identification:_identify(src) by extensions ['colcon_meta']
[0.641s] Level 1:colcon.colcon_core.package_identification:_identify(src) by extension 'colcon_meta'
[0.641s] Level 1:colcon.colcon_core.package_identification:_identify(src) by extensions ['ros']
[0.641s] Level 1:colcon.colcon_core.package_identification:_identify(src) by extension 'ros'
[0.641s] Level 1:colcon.colcon_core.package_identification:_identify(src) by extensions ['cmake', 'python']
[0.641s] Level 1:colcon.colcon_core.package_identification:_identify(src) by extension 'cmake'
[0.641s] Level 1:colcon.colcon_core.package_identification:_identify(src) by extension 'python'
[0.641s] Level 1:colcon.colcon_core.package_identification:_identify(src) by extensions ['python_setup_py']
[0.642s] Level 1:colcon.colcon_core.package_identification:_identify(src) by extension 'python_setup_py'
[0.642s] Level 1:colcon.colcon_core.package_identification:_identify(src/examples) by extensions ['ignore', 'ignore_ament_install']
[0.642s] Level 1:colcon.colcon_core.package_identification:_identify(src/examples) by extension 'ignore'
[0.643s] Level 1:colcon.colcon_core.package_identification:_identify(src/examples) by extension 'ignore_ament_install'
[0.643s] Level 1:colcon.colcon_core.package_identification:_identify(src/examples) by extensions ['colcon_pkg']
[0.643s] Level 1:colcon.colcon_core.package_identification:_identify(src/examples) by extension 'colcon_pkg'
[0.644s] Level 1:colcon.colcon_core.package_identification:_identify(src/examples) by extensions ['colcon_meta']
[0.644s] Level 1:colcon.colcon_core.package_identification:_identify(src/examples) by extension 'colcon_meta'
[0.644s] Level 1:colcon.colcon_core.package_identification:_identify(src/examples) by extensions ['ros']
[0.644s] Level 1:colcon.colcon_core.package_identification:_identify(src/examples) by extension 'ros'
[0.645s] Level 1:colcon.colcon_core.package_identification:_identify(src/examples) by extensions ['cmake', 'python']
[0.645s] Level 1:colcon.colcon_core.package_identification:_identify(src/examples) by extension 'cmake'
[0.645s] Level 1:colcon.colcon_core.package_identification:_identify(src/examples) by extension 'python'
[0.645s] Level 1:colcon.colcon_core.package_identification:_identify(src/examples) by extensions ['python_setup_py']
[0.645s] Level 1:colcon.colcon_core.package_identification:_identify(src/examples) by extension 'python_setup_py'
[0.646s] Level 1:colcon.colcon_core.package_identification:_identify(src/examples/launch_testing) by extensions ['ignore', 'ignore_ament_install']
[0.646s] Level 1:colcon.colcon_core.package_identification:_identify(src/examples/launch_testing) by extension 'ignore'
[0.646s] Level 1:colcon.colcon_core.package_identification:_identify(src/examples/launch_testing) by extension 'ignore_ament_install'
[0.647s] Level 1:colcon.colcon_core.package_identification:_identify(src/examples/launch_testing) by extensions ['colcon_pkg']
[0.647s] Level 1:colcon.colcon_core.package_identification:_identify(src/examples/launch_testing) by extension 'colcon_pkg'
[0.648s] Level 1:colcon.colcon_core.package_identification:_identify(src/examples/launch_testing) by extensions ['colcon_meta']
[0.648s] Level 1:colcon.colcon_core.package_identification:_identify(src/examples/launch_testing) by extension 'colcon_meta'
[0.648s] Level 1:colcon.colcon_core.package_identification:_identify(src/examples/launch_testing) by extensions ['ros']
[0.648s] Level 1:colcon.colcon_core.package_identification:_identify(src/examples/launch_testing) by extension 'ros'
[0.648s] Level 1:colcon.colcon_core.package_identification:_identify(src/examples/launch_testing) by extensions ['cmake', 'python']
[0.648s] Level 1:colcon.colcon_core.package_identification:_identify(src/examples/launch_testing) by extension 'cmake'
[0.648s] Level 1:colcon.colcon_core.package_identification:_identify(src/examples/launch_testing) by extension 'python'
[0.649s] Level 1:colcon.colcon_core.package_identification:_identify(src/examples/launch_testing) by extensions ['python_setup_py']
[0.649s] Level 1:colcon.colcon_core.package_identification:_identify(src/examples/launch_testing) by extension 'python_setup_py'
[0.649s] Level 1:colcon.colcon_core.package_identification:_identify(src/examples/launch_testing/launch_testing_examples) by extensions ['ignore', 'ignore_ament_install']
[0.650s] Level 1:colcon.colcon_core.package_identification:_identify(src/examples/launch_testing/launch_testing_examples) by extension 'ignore'
[0.651s] Level 1:colcon.colcon_core.package_identification:_identify(src/examples/launch_testing/launch_testing_examples) by extension 'ignore_ament_install'
[0.651s] Level 1:colcon.colcon_core.package_identification:_identify(src/examples/launch_testing/launch_testing_examples) by extensions ['colcon_pkg']
[0.651s] Level 1:colcon.colcon_core.package_identification:_identify(src/examples/launch_testing/launch_testing_examples) by extension 'colcon_pkg'
[0.651s] Level 1:colcon.colcon_core.package_identification:_identify(src/examples/launch_testing/launch_testing_examples) by extensions ['colcon_meta']
[0.651s] Level 1:colcon.colcon_core.package_identification:_identify(src/examples/launch_testing/launch_testing_examples) by extension 'colcon_meta'
[0.651s] Level 1:colcon.colcon_core.package_identification:_identify(src/examples/launch_testing/launch_testing_examples) by extensions ['ros']
[0.652s] Level 1:colcon.colcon_core.package_identification:_identify(src/examples/launch_testing/launch_testing_examples) by extension 'ros'
[0.670s] DEBUG:colcon.colcon_core.package_identification:Package 'src/examples/launch_testing/launch_testing_examples' with type 'ros.ament_python' and name 'launch_testing_examples'
[0.671s] Level 1:colcon.colcon_core.package_identification:_identify(src/examples/rclcpp) by extensions ['ignore', 'ignore_ament_install']
[0.672s] Level 1:colcon.colcon_core.package_identification:_identify(src/examples/rclcpp) by extension 'ignore'
[0.672s] Level 1:colcon.colcon_core.package_identification:_identify(src/examples/rclcpp) by extension 'ignore_ament_install'
[0.672s] Level 1:colcon.colcon_core.package_identification:_identify(src/examples/rclcpp) by extensions ['colcon_pkg']
[0.672s] Level 1:colcon.colcon_core.package_identification:_identify(src/examples/rclcpp) by extension 'colcon_pkg'
[0.672s] Level 1:colcon.colcon_core.package_identification:_identify(src/examples/rclcpp) by extensions ['colcon_meta']
[0.672s] Level 1:colcon.colcon_core.package_identification:_identify(src/examples/rclcpp) by extension 'colcon_meta'
[0.672s] Level 1:colcon.colcon_core.package_identification:_identify(src/examples/rclcpp) by extensions ['ros']
[0.673s] Level 1:colcon.colcon_core.package_identification:_identify(src/examples/rclcpp) by extension 'ros'
[0.673s] Level 1:colcon.colcon_core.package_identification:_identify(src/examples/rclcpp) by extensions ['cmake', 'python']
[0.674s] Level 1:colcon.colcon_core.package_identification:_identify(src/examples/rclcpp) by extension 'cmake'
[0.674s] Level 1:colcon.colcon_core.package_identification:_identify(src/examples/rclcpp) by extension 'python'
[0.674s] Level 1:colcon.colcon_core.package_identification:_identify(src/examples/rclcpp) by extensions ['python_setup_py']
[0.675s] Level 1:colcon.colcon_core.package_identification:_identify(src/examples/rclcpp) by extension 'python_setup_py'
[0.675s] Level 1:colcon.colcon_core.package_identification:_identify(src/examples/rclcpp/actions) by extensions ['ignore', 'ignore_ament_install']
[0.676s] Level 1:colcon.colcon_core.package_identification:_identify(src/examples/rclcpp/actions) by extension 'ignore'
[0.676s] Level 1:colcon.colcon_core.package_identification:_identify(src/examples/rclcpp/actions) by extension 'ignore_ament_install'
[0.676s] Level 1:colcon.colcon_core.package_identification:_identify(src/examples/rclcpp/actions) by extensions ['colcon_pkg']
[0.676s] Level 1:colcon.colcon_core.package_identification:_identify(src/examples/rclcpp/actions) by extension 'colcon_pkg'
[0.676s] Level 1:colcon.colcon_core.package_identification:_identify(src/examples/rclcpp/actions) by extensions ['colcon_meta']
[0.676s] Level 1:colcon.colcon_core.package_identification:_identify(src/examples/rclcpp/actions) by extension 'colcon_meta'
[0.676s] Level 1:colcon.colcon_core.package_identification:_identify(src/examples/rclcpp/actions) by extensions ['ros']
[0.676s] Level 1:colcon.colcon_core.package_identification:_identify(src/examples/rclcpp/actions) by extension 'ros'
[0.677s] Level 1:colcon.colcon_core.package_identification:_identify(src/examples/rclcpp/actions) by extensions ['cmake', 'python']
[0.677s] Level 1:colcon.colcon_core.package_identification:_identify(src/examples/rclcpp/actions) by extension 'cmake'
[0.678s] Level 1:colcon.colcon_core.package_identification:_identify(src/examples/rclcpp/actions) by extension 'python'
[0.678s] Level 1:colcon.colcon_core.package_identification:_identify(src/examples/rclcpp/actions) by extensions ['python_setup_py']
[0.678s] Level 1:colcon.colcon_core.package_identification:_identify(src/examples/rclcpp/actions) by extension 'python_setup_py'
[0.678s] Level 1:colcon.colcon_core.package_identification:_identify(src/examples/rclcpp/actions/minimal_action_client) by extensions ['ignore', 'ignore_ament_install']
[0.678s] Level 1:colcon.colcon_core.package_identification:_identify(src/examples/rclcpp/actions/minimal_action_client) by extension 'ignore'
[0.679s] Level 1:colcon.colcon_core.package_identification:_identify(src/examples/rclcpp/actions/minimal_action_client) by extension 'ignore_ament_install'
[0.679s] Level 1:colcon.colcon_core.package_identification:_identify(src/examples/rclcpp/actions/minimal_action_client) by extensions ['colcon_pkg']
[0.679s] Level 1:colcon.colcon_core.package_identification:_identify(src/examples/rclcpp/actions/minimal_action_client) by extension 'colcon_pkg'
[0.679s] Level 1:colcon.colcon_core.package_identification:_identify(src/examples/rclcpp/actions/minimal_action_client) by extensions ['colcon_meta']
[0.679s] Level 1:colcon.colcon_core.package_identification:_identify(src/examples/rclcpp/actions/minimal_action_client) by extension 'colcon_meta'
[0.679s] Level 1:colcon.colcon_core.package_identification:_identify(src/examples/rclcpp/actions/minimal_action_client) by extensions ['ros']
[0.679s] Level 1:colcon.colcon_core.package_identification:_identify(src/examples/rclcpp/actions/minimal_action_client) by extension 'ros'
[0.681s] DEBUG:colcon.colcon_core.package_identification:Package 'src/examples/rclcpp/actions/minimal_action_client' with type 'ros.ament_cmake' and name 'examples_rclcpp_minimal_action_client'
[0.682s] Level 1:colcon.colcon_core.package_identification:_identify(src/examples/rclcpp/actions/minimal_action_server) by extensions ['ignore', 'ignore_ament_install']
[0.683s] Level 1:colcon.colcon_core.package_identification:_identify(src/examples/rclcpp/actions/minimal_action_server) by extension 'ignore'
[0.684s] Level 1:colcon.colcon_core.package_identification:_identify(src/examples/rclcpp/actions/minimal_action_server) by extension 'ignore_ament_install'
[0.684s] Level 1:colcon.colcon_core.package_identification:_identify(src/examples/rclcpp/actions/minimal_action_server) by extensions ['colcon_pkg']
[0.684s] Level 1:colcon.colcon_core.package_identification:_identify(src/examples/rclcpp/actions/minimal_action_server) by extension 'colcon_pkg'
[0.685s] Level 1:colcon.colcon_core.package_identification:_identify(src/examples/rclcpp/actions/minimal_action_server) by extensions ['colcon_meta']
[0.685s] Level 1:colcon.colcon_core.package_identification:_identify(src/examples/rclcpp/actions/minimal_action_server) by extension 'colcon_meta'
[0.685s] Level 1:colcon.colcon_core.package_identification:_identify(src/examples/rclcpp/actions/minimal_action_server) by extensions ['ros']
[0.686s] Level 1:colcon.colcon_core.package_identification:_identify(src/examples/rclcpp/actions/minimal_action_server) by extension 'ros'
[0.687s] DEBUG:colcon.colcon_core.package_identification:Package 'src/examples/rclcpp/actions/minimal_action_server' with type 'ros.ament_cmake' and name 'examples_rclcpp_minimal_action_server'
[0.688s] Level 1:colcon.colcon_core.package_identification:_identify(src/examples/rclcpp/composition) by extensions ['ignore', 'ignore_ament_install']
[0.689s] Level 1:colcon.colcon_core.package_identification:_identify(src/examples/rclcpp/composition) by extension 'ignore'
[0.689s] Level 1:colcon.colcon_core.package_identification:_identify(src/examples/rclcpp/composition) by extension 'ignore_ament_install'
[0.689s] Level 1:colcon.colcon_core.package_identification:_identify(src/examples/rclcpp/composition) by extensions ['colcon_pkg']
[0.689s] Level 1:colcon.colcon_core.package_identification:_identify(src/examples/rclcpp/composition) by extension 'colcon_pkg'
[0.689s] Level 1:colcon.colcon_core.package_identification:_identify(src/examples/rclcpp/composition) by extensions ['colcon_meta']
[0.689s] Level 1:colcon.colcon_core.package_identification:_identify(src/examples/rclcpp/composition) by extension 'colcon_meta'
[0.689s] Level 1:colcon.colcon_core.package_identification:_identify(src/examples/rclcpp/composition) by extensions ['ros']
[0.690s] Level 1:colcon.colcon_core.package_identification:_identify(src/examples/rclcpp/composition) by extension 'ros'
[0.690s] Level 1:colcon.colcon_core.package_identification:_identify(src/examples/rclcpp/composition) by extensions ['cmake', 'python']
[0.690s] Level 1:colcon.colcon_core.package_identification:_identify(src/examples/rclcpp/composition) by extension 'cmake'
[0.691s] Level 1:colcon.colcon_core.package_identification:_identify(src/examples/rclcpp/composition) by extension 'python'
[0.691s] Level 1:colcon.colcon_core.package_identification:_identify(src/examples/rclcpp/composition) by extensions ['python_setup_py']
[0.691s] Level 1:colcon.colcon_core.package_identification:_identify(src/examples/rclcpp/composition) by extension 'python_setup_py'
[0.691s] Level 1:colcon.colcon_core.package_identification:_identify(src/examples/rclcpp/composition/minimal_composition) by extensions ['ignore', 'ignore_ament_install']
[0.692s] Level 1:colcon.colcon_core.package_identification:_identify(src/examples/rclcpp/composition/minimal_composition) by extension 'ignore'
[0.692s] Level 1:colcon.colcon_core.package_identification:_identify(src/examples/rclcpp/composition/minimal_composition) by extension 'ignore_ament_install'
[0.692s] Level 1:colcon.colcon_core.package_identification:_identify(src/examples/rclcpp/composition/minimal_composition) by extensions ['colcon_pkg']
[0.692s] Level 1:colcon.colcon_core.package_identification:_identify(src/examples/rclcpp/composition/minimal_composition) by extension 'colcon_pkg'
[0.692s] Level 1:colcon.colcon_core.package_identification:_identify(src/examples/rclcpp/composition/minimal_composition) by extensions ['colcon_meta']
[0.692s] Level 1:colcon.colcon_core.package_identification:_identify(src/examples/rclcpp/composition/minimal_composition) by extension 'colcon_meta'
[0.692s] Level 1:colcon.colcon_core.package_identification:_identify(src/examples/rclcpp/composition/minimal_composition) by extensions ['ros']
[0.692s] Level 1:colcon.colcon_core.package_identification:_identify(src/examples/rclcpp/composition/minimal_composition) by extension 'ros'
[0.694s] DEBUG:colcon.colcon_core.package_identification:Package 'src/examples/rclcpp/composition/minimal_composition' with type 'ros.ament_cmake' and name 'examples_rclcpp_minimal_composition'
[0.694s] Level 1:colcon.colcon_core.package_identification:_identify(src/examples/rclcpp/executors) by extensions ['ignore', 'ignore_ament_install']
[0.695s] Level 1:colcon.colcon_core.package_identification:_identify(src/examples/rclcpp/executors) by extension 'ignore'
[0.695s] Level 1:colcon.colcon_core.package_identification:_identify(src/examples/rclcpp/executors) by extension 'ignore_ament_install'
[0.695s] Level 1:colcon.colcon_core.package_identification:_identify(src/examples/rclcpp/executors) by extensions ['colcon_pkg']
[0.695s] Level 1:colcon.colcon_core.package_identification:_identify(src/examples/rclcpp/executors) by extension 'colcon_pkg'
[0.695s] Level 1:colcon.colcon_core.package_identification:_identify(src/examples/rclcpp/executors) by extensions ['colcon_meta']
[0.695s] Level 1:colcon.colcon_core.package_identification:_identify(src/examples/rclcpp/executors) by extension 'colcon_meta'
[0.695s] Level 1:colcon.colcon_core.package_identification:_identify(src/examples/rclcpp/executors) by extensions ['ros']
[0.695s] Level 1:colcon.colcon_core.package_identification:_identify(src/examples/rclcpp/executors) by extension 'ros'
[0.696s] Level 1:colcon.colcon_core.package_identification:_identify(src/examples/rclcpp/executors) by extensions ['cmake', 'python']
[0.696s] Level 1:colcon.colcon_core.package_identification:_identify(src/examples/rclcpp/executors) by extension 'cmake'
[0.696s] Level 1:colcon.colcon_core.package_identification:_identify(src/examples/rclcpp/executors) by extension 'python'
[0.696s] Level 1:colcon.colcon_core.package_identification:_identify(src/examples/rclcpp/executors) by extensions ['python_setup_py']
[0.697s] Level 1:colcon.colcon_core.package_identification:_identify(src/examples/rclcpp/executors) by extension 'python_setup_py'
[0.697s] Level 1:colcon.colcon_core.package_identification:_identify(src/examples/rclcpp/executors/cbg_executor) by extensions ['ignore', 'ignore_ament_install']
[0.697s] Level 1:colcon.colcon_core.package_identification:_identify(src/examples/rclcpp/executors/cbg_executor) by extension 'ignore'
[0.697s] Level 1:colcon.colcon_core.package_identification:_identify(src/examples/rclcpp/executors/cbg_executor) by extension 'ignore_ament_install'
[0.698s] Level 1:colcon.colcon_core.package_identification:_identify(src/examples/rclcpp/executors/cbg_executor) by extensions ['colcon_pkg']
[0.698s] Level 1:colcon.colcon_core.package_identification:_identify(src/examples/rclcpp/executors/cbg_executor) by extension 'colcon_pkg'
[0.698s] Level 1:colcon.colcon_core.package_identification:_identify(src/examples/rclcpp/executors/cbg_executor) by extensions ['colcon_meta']
[0.698s] Level 1:colcon.colcon_core.package_identification:_identify(src/examples/rclcpp/executors/cbg_executor) by extension 'colcon_meta'
[0.698s] Level 1:colcon.colcon_core.package_identification:_identify(src/examples/rclcpp/executors/cbg_executor) by extensions ['ros']
[0.698s] Level 1:colcon.colcon_core.package_identification:_identify(src/examples/rclcpp/executors/cbg_executor) by extension 'ros'
[0.700s] DEBUG:colcon.colcon_core.package_identification:Package 'src/examples/rclcpp/executors/cbg_executor' with type 'ros.ament_cmake' and name 'examples_rclcpp_cbg_executor'
[0.700s] Level 1:colcon.colcon_core.package_identification:_identify(src/examples/rclcpp/executors/multithreaded_executor) by extensions ['ignore', 'ignore_ament_install']
[0.701s] Level 1:colcon.colcon_core.package_identification:_identify(src/examples/rclcpp/executors/multithreaded_executor) by extension 'ignore'
[0.701s] Level 1:colcon.colcon_core.package_identification:_identify(src/examples/rclcpp/executors/multithreaded_executor) by extension 'ignore_ament_install'
[0.701s] Level 1:colcon.colcon_core.package_identification:_identify(src/examples/rclcpp/executors/multithreaded_executor) by extensions ['colcon_pkg']
[0.702s] Level 1:colcon.colcon_core.package_identification:_identify(src/examples/rclcpp/executors/multithreaded_executor) by extension 'colcon_pkg'
[0.702s] Level 1:colcon.colcon_core.package_identification:_identify(src/examples/rclcpp/executors/multithreaded_executor) by extensions ['colcon_meta']
[0.702s] Level 1:colcon.colcon_core.package_identification:_identify(src/examples/rclcpp/executors/multithreaded_executor) by extension 'colcon_meta'
[0.702s] Level 1:colcon.colcon_core.package_identification:_identify(src/examples/rclcpp/executors/multithreaded_executor) by extensions ['ros']
[0.702s] Level 1:colcon.colcon_core.package_identification:_identify(src/examples/rclcpp/executors/multithreaded_executor) by extension 'ros'
[0.703s] DEBUG:colcon.colcon_core.package_identification:Package 'src/examples/rclcpp/executors/multithreaded_executor' with type 'ros.ament_cmake' and name 'examples_rclcpp_multithreaded_executor'
[0.704s] Level 1:colcon.colcon_core.package_identification:_identify(src/examples/rclcpp/services) by extensions ['ignore', 'ignore_ament_install']
[0.705s] Level 1:colcon.colcon_core.package_identification:_identify(src/examples/rclcpp/services) by extension 'ignore'
[0.706s] Level 1:colcon.colcon_core.package_identification:_identify(src/examples/rclcpp/services) by extension 'ignore_ament_install'
[0.706s] Level 1:colcon.colcon_core.package_identification:_identify(src/examples/rclcpp/services) by extensions ['colcon_pkg']
[0.706s] Level 1:colcon.colcon_core.package_identification:_identify(src/examples/rclcpp/services) by extension 'colcon_pkg'
[0.706s] Level 1:colcon.colcon_core.package_identification:_identify(src/examples/rclcpp/services) by extensions ['colcon_meta']
[0.706s] Level 1:colcon.colcon_core.package_identification:_identify(src/examples/rclcpp/services) by extension 'colcon_meta'
[0.706s] Level 1:colcon.colcon_core.package_identification:_identify(src/examples/rclcpp/services) by extensions ['ros']
[0.707s] Level 1:colcon.colcon_core.package_identification:_identify(src/examples/rclcpp/services) by extension 'ros'
[0.707s] Level 1:colcon.colcon_core.package_identification:_identify(src/examples/rclcpp/services) by extensions ['cmake', 'python']
[0.707s] Level 1:colcon.colcon_core.package_identification:_identify(src/examples/rclcpp/services) by extension 'cmake'
[0.707s] Level 1:colcon.colcon_core.package_identification:_identify(src/examples/rclcpp/services) by extension 'python'
[0.707s] Level 1:colcon.colcon_core.package_identification:_identify(src/examples/rclcpp/services) by extensions ['python_setup_py']
[0.707s] Level 1:colcon.colcon_core.package_identification:_identify(src/examples/rclcpp/services) by extension 'python_setup_py'
[0.708s] Level 1:colcon.colcon_core.package_identification:_identify(src/examples/rclcpp/services/async_client) by extensions ['ignore', 'ignore_ament_install']
[0.709s] Level 1:colcon.colcon_core.package_identification:_identify(src/examples/rclcpp/services/async_client) by extension 'ignore'
[0.709s] Level 1:colcon.colcon_core.package_identification:_identify(src/examples/rclcpp/services/async_client) by extension 'ignore_ament_install'
[0.710s] Level 1:colcon.colcon_core.package_identification:_identify(src/examples/rclcpp/services/async_client) by extensions ['colcon_pkg']
[0.710s] Level 1:colcon.colcon_core.package_identification:_identify(src/examples/rclcpp/services/async_client) by extension 'colcon_pkg'
[0.710s] Level 1:colcon.colcon_core.package_identification:_identify(src/examples/rclcpp/services/async_client) by extensions ['colcon_meta']
[0.711s] Level 1:colcon.colcon_core.package_identification:_identify(src/examples/rclcpp/services/async_client) by extension 'colcon_meta'
[0.711s] Level 1:colcon.colcon_core.package_identification:_identify(src/examples/rclcpp/services/async_client) by extensions ['ros']
[0.711s] Level 1:colcon.colcon_core.package_identification:_identify(src/examples/rclcpp/services/async_client) by extension 'ros'
[0.713s] DEBUG:colcon.colcon_core.package_identification:Package 'src/examples/rclcpp/services/async_client' with type 'ros.ament_cmake' and name 'examples_rclcpp_async_client'
[0.714s] Level 1:colcon.colcon_core.package_identification:_identify(src/examples/rclcpp/services/minimal_client) by extensions ['ignore', 'ignore_ament_install']
[0.715s] Level 1:colcon.colcon_core.package_identification:_identify(src/examples/rclcpp/services/minimal_client) by extension 'ignore'
[0.715s] Level 1:colcon.colcon_core.package_identification:_identify(src/examples/rclcpp/services/minimal_client) by extension 'ignore_ament_install'
[0.715s] Level 1:colcon.colcon_core.package_identification:_identify(src/examples/rclcpp/services/minimal_client) by extensions ['colcon_pkg']
[0.716s] Level 1:colcon.colcon_core.package_identification:_identify(src/examples/rclcpp/services/minimal_client) by extension 'colcon_pkg'
[0.716s] Level 1:colcon.colcon_core.package_identification:_identify(src/examples/rclcpp/services/minimal_client) by extensions ['colcon_meta']
[0.716s] Level 1:colcon.colcon_core.package_identification:_identify(src/examples/rclcpp/services/minimal_client) by extension 'colcon_meta'
[0.716s] Level 1:colcon.colcon_core.package_identification:_identify(src/examples/rclcpp/services/minimal_client) by extensions ['ros']
[0.716s] Level 1:colcon.colcon_core.package_identification:_identify(src/examples/rclcpp/services/minimal_client) by extension 'ros'
[0.717s] DEBUG:colcon.colcon_core.package_identification:Package 'src/examples/rclcpp/services/minimal_client' with type 'ros.ament_cmake' and name 'examples_rclcpp_minimal_client'
[0.718s] Level 1:colcon.colcon_core.package_identification:_identify(src/examples/rclcpp/services/minimal_service) by extensions ['ignore', 'ignore_ament_install']
[0.719s] Level 1:colcon.colcon_core.package_identification:_identify(src/examples/rclcpp/services/minimal_service) by extension 'ignore'
[0.719s] Level 1:colcon.colcon_core.package_identification:_identify(src/examples/rclcpp/services/minimal_service) by extension 'ignore_ament_install'
[0.719s] Level 1:colcon.colcon_core.package_identification:_identify(src/examples/rclcpp/services/minimal_service) by extensions ['colcon_pkg']
[0.719s] Level 1:colcon.colcon_core.package_identification:_identify(src/examples/rclcpp/services/minimal_service) by extension 'colcon_pkg'
[0.719s] Level 1:colcon.colcon_core.package_identification:_identify(src/examples/rclcpp/services/minimal_service) by extensions ['colcon_meta']
[0.719s] Level 1:colcon.colcon_core.package_identification:_identify(src/examples/rclcpp/services/minimal_service) by extension 'colcon_meta'
[0.720s] Level 1:colcon.colcon_core.package_identification:_identify(src/examples/rclcpp/services/minimal_service) by extensions ['ros']
[0.720s] Level 1:colcon.colcon_core.package_identification:_identify(src/examples/rclcpp/services/minimal_service) by extension 'ros'
[0.721s] DEBUG:colcon.colcon_core.package_identification:Package 'src/examples/rclcpp/services/minimal_service' with type 'ros.ament_cmake' and name 'examples_rclcpp_minimal_service'
[0.722s] Level 1:colcon.colcon_core.package_identification:_identify(src/examples/rclcpp/timers) by extensions ['ignore', 'ignore_ament_install']
[0.722s] Level 1:colcon.colcon_core.package_identification:_identify(src/examples/rclcpp/timers) by extension 'ignore'
[0.723s] Level 1:colcon.colcon_core.package_identification:_identify(src/examples/rclcpp/timers) by extension 'ignore_ament_install'
[0.723s] Level 1:colcon.colcon_core.package_identification:_identify(src/examples/rclcpp/timers) by extensions ['colcon_pkg']
[0.723s] Level 1:colcon.colcon_core.package_identification:_identify(src/examples/rclcpp/timers) by extension 'colcon_pkg'
[0.723s] Level 1:colcon.colcon_core.package_identification:_identify(src/examples/rclcpp/timers) by extensions ['colcon_meta']
[0.723s] Level 1:colcon.colcon_core.package_identification:_identify(src/examples/rclcpp/timers) by extension 'colcon_meta'
[0.723s] Level 1:colcon.colcon_core.package_identification:_identify(src/examples/rclcpp/timers) by extensions ['ros']
[0.723s] Level 1:colcon.colcon_core.package_identification:_identify(src/examples/rclcpp/timers) by extension 'ros'
[0.723s] Level 1:colcon.colcon_core.package_identification:_identify(src/examples/rclcpp/timers) by extensions ['cmake', 'python']
[0.723s] Level 1:colcon.colcon_core.package_identification:_identify(src/examples/rclcpp/timers) by extension 'cmake'
[0.724s] Level 1:colcon.colcon_core.package_identification:_identify(src/examples/rclcpp/timers) by extension 'python'
[0.725s] Level 1:colcon.colcon_core.package_identification:_identify(src/examples/rclcpp/timers) by extensions ['python_setup_py']
[0.725s] Level 1:colcon.colcon_core.package_identification:_identify(src/examples/rclcpp/timers) by extension 'python_setup_py'
[0.725s] Level 1:colcon.colcon_core.package_identification:_identify(src/examples/rclcpp/timers/minimal_timer) by extensions ['ignore', 'ignore_ament_install']
[0.726s] Level 1:colcon.colcon_core.package_identification:_identify(src/examples/rclcpp/timers/minimal_timer) by extension 'ignore'
[0.726s] Level 1:colcon.colcon_core.package_identification:_identify(src/examples/rclcpp/timers/minimal_timer) by extension 'ignore_ament_install'
[0.726s] Level 1:colcon.colcon_core.package_identification:_identify(src/examples/rclcpp/timers/minimal_timer) by extensions ['colcon_pkg']
[0.726s] Level 1:colcon.colcon_core.package_identification:_identify(src/examples/rclcpp/timers/minimal_timer) by extension 'colcon_pkg'
[0.726s] Level 1:colcon.colcon_core.package_identification:_identify(src/examples/rclcpp/timers/minimal_timer) by extensions ['colcon_meta']
[0.726s] Level 1:colcon.colcon_core.package_identification:_identify(src/examples/rclcpp/timers/minimal_timer) by extension 'colcon_meta'
[0.726s] Level 1:colcon.colcon_core.package_identification:_identify(src/examples/rclcpp/timers/minimal_timer) by extensions ['ros']
[0.726s] Level 1:colcon.colcon_core.package_identification:_identify(src/examples/rclcpp/timers/minimal_timer) by extension 'ros'
[0.728s] DEBUG:colcon.colcon_core.package_identification:Package 'src/examples/rclcpp/timers/minimal_timer' with type 'ros.ament_cmake' and name 'examples_rclcpp_minimal_timer'
[0.729s] Level 1:colcon.colcon_core.package_identification:_identify(src/examples/rclcpp/topics) by extensions ['ignore', 'ignore_ament_install']
[0.729s] Level 1:colcon.colcon_core.package_identification:_identify(src/examples/rclcpp/topics) by extension 'ignore'
[0.729s] Level 1:colcon.colcon_core.package_identification:_identify(src/examples/rclcpp/topics) by extension 'ignore_ament_install'
[0.729s] Level 1:colcon.colcon_core.package_identification:_identify(src/examples/rclcpp/topics) by extensions ['colcon_pkg']
[0.729s] Level 1:colcon.colcon_core.package_identification:_identify(src/examples/rclcpp/topics) by extension 'colcon_pkg'
[0.729s] Level 1:colcon.colcon_core.package_identification:_identify(src/examples/rclcpp/topics) by extensions ['colcon_meta']
[0.729s] Level 1:colcon.colcon_core.package_identification:_identify(src/examples/rclcpp/topics) by extension 'colcon_meta'
[0.729s] Level 1:colcon.colcon_core.package_identification:_identify(src/examples/rclcpp/topics) by extensions ['ros']
[0.730s] Level 1:colcon.colcon_core.package_identification:_identify(src/examples/rclcpp/topics) by extension 'ros'
[0.730s] Level 1:colcon.colcon_core.package_identification:_identify(src/examples/rclcpp/topics) by extensions ['cmake', 'python']
[0.730s] Level 1:colcon.colcon_core.package_identification:_identify(src/examples/rclcpp/topics) by extension 'cmake'
[0.731s] Level 1:colcon.colcon_core.package_identification:_identify(src/examples/rclcpp/topics) by extension 'python'
[0.731s] Level 1:colcon.colcon_core.package_identification:_identify(src/examples/rclcpp/topics) by extensions ['python_setup_py']
[0.731s] Level 1:colcon.colcon_core.package_identification:_identify(src/examples/rclcpp/topics) by extension 'python_setup_py'
[0.731s] Level 1:colcon.colcon_core.package_identification:_identify(src/examples/rclcpp/topics/minimal_publisher) by extensions ['ignore', 'ignore_ament_install']
[0.732s] Level 1:colcon.colcon_core.package_identification:_identify(src/examples/rclcpp/topics/minimal_publisher) by extension 'ignore'
[0.732s] Level 1:colcon.colcon_core.package_identification:_identify(src/examples/rclcpp/topics/minimal_publisher) by extension 'ignore_ament_install'
[0.733s] Level 1:colcon.colcon_core.package_identification:_identify(src/examples/rclcpp/topics/minimal_publisher) by extensions ['colcon_pkg']
[0.733s] Level 1:colcon.colcon_core.package_identification:_identify(src/examples/rclcpp/topics/minimal_publisher) by extension 'colcon_pkg'
[0.733s] Level 1:colcon.colcon_core.package_identification:_identify(src/examples/rclcpp/topics/minimal_publisher) by extensions ['colcon_meta']
[0.734s] Level 1:colcon.colcon_core.package_identification:_identify(src/examples/rclcpp/topics/minimal_publisher) by extension 'colcon_meta'
[0.734s] Level 1:colcon.colcon_core.package_identification:_identify(src/examples/rclcpp/topics/minimal_publisher) by extensions ['ros']
[0.734s] Level 1:colcon.colcon_core.package_identification:_identify(src/examples/rclcpp/topics/minimal_publisher) by extension 'ros'
[0.736s] DEBUG:colcon.colcon_core.package_identification:Package 'src/examples/rclcpp/topics/minimal_publisher' with type 'ros.ament_cmake' and name 'examples_rclcpp_minimal_publisher'
[0.737s] Level 1:colcon.colcon_core.package_identification:_identify(src/examples/rclcpp/topics/minimal_subscriber) by extensions ['ignore', 'ignore_ament_install']
[0.738s] Level 1:colcon.colcon_core.package_identification:_identify(src/examples/rclcpp/topics/minimal_subscriber) by extension 'ignore'
[0.738s] Level 1:colcon.colcon_core.package_identification:_identify(src/examples/rclcpp/topics/minimal_subscriber) by extension 'ignore_ament_install'
[0.738s] Level 1:colcon.colcon_core.package_identification:_identify(src/examples/rclcpp/topics/minimal_subscriber) by extensions ['colcon_pkg']
[0.738s] Level 1:colcon.colcon_core.package_identification:_identify(src/examples/rclcpp/topics/minimal_subscriber) by extension 'colcon_pkg'
[0.738s] Level 1:colcon.colcon_core.package_identification:_identify(src/examples/rclcpp/topics/minimal_subscriber) by extensions ['colcon_meta']
[0.738s] Level 1:colcon.colcon_core.package_identification:_identify(src/examples/rclcpp/topics/minimal_subscriber) by extension 'colcon_meta'
[0.738s] Level 1:colcon.colcon_core.package_identification:_identify(src/examples/rclcpp/topics/minimal_subscriber) by extensions ['ros']
[0.738s] Level 1:colcon.colcon_core.package_identification:_identify(src/examples/rclcpp/topics/minimal_subscriber) by extension 'ros'
[0.740s] DEBUG:colcon.colcon_core.package_identification:Package 'src/examples/rclcpp/topics/minimal_subscriber' with type 'ros.ament_cmake' and name 'examples_rclcpp_minimal_subscriber'
[0.741s] Level 1:colcon.colcon_core.package_identification:_identify(src/examples/rclcpp/wait_set) by extensions ['ignore', 'ignore_ament_install']
[0.741s] Level 1:colcon.colcon_core.package_identification:_identify(src/examples/rclcpp/wait_set) by extension 'ignore'
[0.742s] Level 1:colcon.colcon_core.package_identification:_identify(src/examples/rclcpp/wait_set) by extension 'ignore_ament_install'
[0.742s] Level 1:colcon.colcon_core.package_identification:_identify(src/examples/rclcpp/wait_set) by extensions ['colcon_pkg']
[0.742s] Level 1:colcon.colcon_core.package_identification:_identify(src/examples/rclcpp/wait_set) by extension 'colcon_pkg'
[0.742s] Level 1:colcon.colcon_core.package_identification:_identify(src/examples/rclcpp/wait_set) by extensions ['colcon_meta']
[0.742s] Level 1:colcon.colcon_core.package_identification:_identify(src/examples/rclcpp/wait_set) by extension 'colcon_meta'
[0.742s] Level 1:colcon.colcon_core.package_identification:_identify(src/examples/rclcpp/wait_set) by extensions ['ros']
[0.742s] Level 1:colcon.colcon_core.package_identification:_identify(src/examples/rclcpp/wait_set) by extension 'ros'
[0.743s] DEBUG:colcon.colcon_core.package_identification:Package 'src/examples/rclcpp/wait_set' with type 'ros.ament_cmake' and name 'examples_rclcpp_wait_set'
[0.744s] Level 1:colcon.colcon_core.package_identification:_identify(src/examples/rclpy) by extensions ['ignore', 'ignore_ament_install']
[0.745s] Level 1:colcon.colcon_core.package_identification:_identify(src/examples/rclpy) by extension 'ignore'
[0.745s] Level 1:colcon.colcon_core.package_identification:_identify(src/examples/rclpy) by extension 'ignore_ament_install'
[0.745s] Level 1:colcon.colcon_core.package_identification:_identify(src/examples/rclpy) by extensions ['colcon_pkg']
[0.745s] Level 1:colcon.colcon_core.package_identification:_identify(src/examples/rclpy) by extension 'colcon_pkg'
[0.745s] Level 1:colcon.colcon_core.package_identification:_identify(src/examples/rclpy) by extensions ['colcon_meta']
[0.745s] Level 1:colcon.colcon_core.package_identification:_identify(src/examples/rclpy) by extension 'colcon_meta'
[0.746s] Level 1:colcon.colcon_core.package_identification:_identify(src/examples/rclpy) by extensions ['ros']
[0.746s] Level 1:colcon.colcon_core.package_identification:_identify(src/examples/rclpy) by extension 'ros'
[0.746s] Level 1:colcon.colcon_core.package_identification:_identify(src/examples/rclpy) by extensions ['cmake', 'python']
[0.746s] Level 1:colcon.colcon_core.package_identification:_identify(src/examples/rclpy) by extension 'cmake'
[0.747s] Level 1:colcon.colcon_core.package_identification:_identify(src/examples/rclpy) by extension 'python'
[0.747s] Level 1:colcon.colcon_core.package_identification:_identify(src/examples/rclpy) by extensions ['python_setup_py']
[0.747s] Level 1:colcon.colcon_core.package_identification:_identify(src/examples/rclpy) by extension 'python_setup_py'
[0.747s] Level 1:colcon.colcon_core.package_identification:_identify(src/examples/rclpy/actions) by extensions ['ignore', 'ignore_ament_install']
[0.747s] Level 1:colcon.colcon_core.package_identification:_identify(src/examples/rclpy/actions) by extension 'ignore'
[0.747s] Level 1:colcon.colcon_core.package_identification:_identify(src/examples/rclpy/actions) by extension 'ignore_ament_install'
[0.748s] Level 1:colcon.colcon_core.package_identification:_identify(src/examples/rclpy/actions) by extensions ['colcon_pkg']
[0.748s] Level 1:colcon.colcon_core.package_identification:_identify(src/examples/rclpy/actions) by extension 'colcon_pkg'
[0.748s] Level 1:colcon.colcon_core.package_identification:_identify(src/examples/rclpy/actions) by extensions ['colcon_meta']
[0.748s] Level 1:colcon.colcon_core.package_identification:_identify(src/examples/rclpy/actions) by extension 'colcon_meta'
[0.748s] Level 1:colcon.colcon_core.package_identification:_identify(src/examples/rclpy/actions) by extensions ['ros']
[0.748s] Level 1:colcon.colcon_core.package_identification:_identify(src/examples/rclpy/actions) by extension 'ros'
[0.748s] Level 1:colcon.colcon_core.package_identification:_identify(src/examples/rclpy/actions) by extensions ['cmake', 'python']
[0.748s] Level 1:colcon.colcon_core.package_identification:_identify(src/examples/rclpy/actions) by extension 'cmake'
[0.748s] Level 1:colcon.colcon_core.package_identification:_identify(src/examples/rclpy/actions) by extension 'python'
[0.749s] Level 1:colcon.colcon_core.package_identification:_identify(src/examples/rclpy/actions) by extensions ['python_setup_py']
[0.750s] Level 1:colcon.colcon_core.package_identification:_identify(src/examples/rclpy/actions) by extension 'python_setup_py'
[0.750s] Level 1:colcon.colcon_core.package_identification:_identify(src/examples/rclpy/actions/minimal_action_client) by extensions ['ignore', 'ignore_ament_install']
[0.750s] Level 1:colcon.colcon_core.package_identification:_identify(src/examples/rclpy/actions/minimal_action_client) by extension 'ignore'
[0.751s] Level 1:colcon.colcon_core.package_identification:_identify(src/examples/rclpy/actions/minimal_action_client) by extension 'ignore_ament_install'
[0.751s] Level 1:colcon.colcon_core.package_identification:_identify(src/examples/rclpy/actions/minimal_action_client) by extensions ['colcon_pkg']
[0.751s] Level 1:colcon.colcon_core.package_identification:_identify(src/examples/rclpy/actions/minimal_action_client) by extension 'colcon_pkg'
[0.751s] Level 1:colcon.colcon_core.package_identification:_identify(src/examples/rclpy/actions/minimal_action_client) by extensions ['colcon_meta']
[0.751s] Level 1:colcon.colcon_core.package_identification:_identify(src/examples/rclpy/actions/minimal_action_client) by extension 'colcon_meta'
[0.751s] Level 1:colcon.colcon_core.package_identification:_identify(src/examples/rclpy/actions/minimal_action_client) by extensions ['ros']
[0.752s] Level 1:colcon.colcon_core.package_identification:_identify(src/examples/rclpy/actions/minimal_action_client) by extension 'ros'
[0.753s] DEBUG:colcon.colcon_core.package_identification:Package 'src/examples/rclpy/actions/minimal_action_client' with type 'ros.ament_python' and name 'examples_rclpy_minimal_action_client'
[0.755s] Level 1:colcon.colcon_core.package_identification:_identify(src/examples/rclpy/actions/minimal_action_server) by extensions ['ignore', 'ignore_ament_install']
[0.755s] Level 1:colcon.colcon_core.package_identification:_identify(src/examples/rclpy/actions/minimal_action_server) by extension 'ignore'
[0.755s] Level 1:colcon.colcon_core.package_identification:_identify(src/examples/rclpy/actions/minimal_action_server) by extension 'ignore_ament_install'
[0.755s] Level 1:colcon.colcon_core.package_identification:_identify(src/examples/rclpy/actions/minimal_action_server) by extensions ['colcon_pkg']
[0.755s] Level 1:colcon.colcon_core.package_identification:_identify(src/examples/rclpy/actions/minimal_action_server) by extension 'colcon_pkg'
[0.755s] Level 1:colcon.colcon_core.package_identification:_identify(src/examples/rclpy/actions/minimal_action_server) by extensions ['colcon_meta']
[0.755s] Level 1:colcon.colcon_core.package_identification:_identify(src/examples/rclpy/actions/minimal_action_server) by extension 'colcon_meta'
[0.755s] Level 1:colcon.colcon_core.package_identification:_identify(src/examples/rclpy/actions/minimal_action_server) by extensions ['ros']
[0.756s] Level 1:colcon.colcon_core.package_identification:_identify(src/examples/rclpy/actions/minimal_action_server) by extension 'ros'
[0.758s] DEBUG:colcon.colcon_core.package_identification:Package 'src/examples/rclpy/actions/minimal_action_server' with type 'ros.ament_python' and name 'examples_rclpy_minimal_action_server'
[0.759s] Level 1:colcon.colcon_core.package_identification:_identify(src/examples/rclpy/executors) by extensions ['ignore', 'ignore_ament_install']
[0.759s] Level 1:colcon.colcon_core.package_identification:_identify(src/examples/rclpy/executors) by extension 'ignore'
[0.760s] Level 1:colcon.colcon_core.package_identification:_identify(src/examples/rclpy/executors) by extension 'ignore_ament_install'
[0.760s] Level 1:colcon.colcon_core.package_identification:_identify(src/examples/rclpy/executors) by extensions ['colcon_pkg']
[0.760s] Level 1:colcon.colcon_core.package_identification:_identify(src/examples/rclpy/executors) by extension 'colcon_pkg'
[0.760s] Level 1:colcon.colcon_core.package_identification:_identify(src/examples/rclpy/executors) by extensions ['colcon_meta']
[0.760s] Level 1:colcon.colcon_core.package_identification:_identify(src/examples/rclpy/executors) by extension 'colcon_meta'
[0.760s] Level 1:colcon.colcon_core.package_identification:_identify(src/examples/rclpy/executors) by extensions ['ros']
[0.760s] Level 1:colcon.colcon_core.package_identification:_identify(src/examples/rclpy/executors) by extension 'ros'
[0.762s] DEBUG:colcon.colcon_core.package_identification:Package 'src/examples/rclpy/executors' with type 'ros.ament_python' and name 'examples_rclpy_executors'
[0.763s] Level 1:colcon.colcon_core.package_identification:_identify(src/examples/rclpy/guard_conditions) by extensions ['ignore', 'ignore_ament_install']
[0.763s] Level 1:colcon.colcon_core.package_identification:_identify(src/examples/rclpy/guard_conditions) by extension 'ignore'
[0.763s] Level 1:colcon.colcon_core.package_identification:_identify(src/examples/rclpy/guard_conditions) by extension 'ignore_ament_install'
[0.763s] Level 1:colcon.colcon_core.package_identification:_identify(src/examples/rclpy/guard_conditions) by extensions ['colcon_pkg']
[0.763s] Level 1:colcon.colcon_core.package_identification:_identify(src/examples/rclpy/guard_conditions) by extension 'colcon_pkg'
[0.763s] Level 1:colcon.colcon_core.package_identification:_identify(src/examples/rclpy/guard_conditions) by extensions ['colcon_meta']
[0.764s] Level 1:colcon.colcon_core.package_identification:_identify(src/examples/rclpy/guard_conditions) by extension 'colcon_meta'
[0.764s] Level 1:colcon.colcon_core.package_identification:_identify(src/examples/rclpy/guard_conditions) by extensions ['ros']
[0.765s] Level 1:colcon.colcon_core.package_identification:_identify(src/examples/rclpy/guard_conditions) by extension 'ros'
[0.767s] DEBUG:colcon.colcon_core.package_identification:Package 'src/examples/rclpy/guard_conditions' with type 'ros.ament_python' and name 'examples_rclpy_guard_conditions'
[0.768s] Level 1:colcon.colcon_core.package_identification:_identify(src/examples/rclpy/services) by extensions ['ignore', 'ignore_ament_install']
[0.769s] Level 1:colcon.colcon_core.package_identification:_identify(src/examples/rclpy/services) by extension 'ignore'
[0.770s] Level 1:colcon.colcon_core.package_identification:_identify(src/examples/rclpy/services) by extension 'ignore_ament_install'
[0.770s] Level 1:colcon.colcon_core.package_identification:_identify(src/examples/rclpy/services) by extensions ['colcon_pkg']
[0.771s] Level 1:colcon.colcon_core.package_identification:_identify(src/examples/rclpy/services) by extension 'colcon_pkg'
[0.771s] Level 1:colcon.colcon_core.package_identification:_identify(src/examples/rclpy/services) by extensions ['colcon_meta']
[0.772s] Level 1:colcon.colcon_core.package_identification:_identify(src/examples/rclpy/services) by extension 'colcon_meta'
[0.772s] Level 1:colcon.colcon_core.package_identification:_identify(src/examples/rclpy/services) by extensions ['ros']
[0.772s] Level 1:colcon.colcon_core.package_identification:_identify(src/examples/rclpy/services) by extension 'ros'
[0.772s] Level 1:colcon.colcon_core.package_identification:_identify(src/examples/rclpy/services) by extensions ['cmake', 'python']
[0.772s] Level 1:colcon.colcon_core.package_identification:_identify(src/examples/rclpy/services) by extension 'cmake'
[0.772s] Level 1:colcon.colcon_core.package_identification:_identify(src/examples/rclpy/services) by extension 'python'
[0.773s] Level 1:colcon.colcon_core.package_identification:_identify(src/examples/rclpy/services) by extensions ['python_setup_py']
[0.773s] Level 1:colcon.colcon_core.package_identification:_identify(src/examples/rclpy/services) by extension 'python_setup_py'
[0.774s] Level 1:colcon.colcon_core.package_identification:_identify(src/examples/rclpy/services/minimal_client) by extensions ['ignore', 'ignore_ament_install']
[0.775s] Level 1:colcon.colcon_core.package_identification:_identify(src/examples/rclpy/services/minimal_client) by extension 'ignore'
[0.775s] Level 1:colcon.colcon_core.package_identification:_identify(src/examples/rclpy/services/minimal_client) by extension 'ignore_ament_install'
[0.775s] Level 1:colcon.colcon_core.package_identification:_identify(src/examples/rclpy/services/minimal_client) by extensions ['colcon_pkg']
[0.775s] Level 1:colcon.colcon_core.package_identification:_identify(src/examples/rclpy/services/minimal_client) by extension 'colcon_pkg'
[0.775s] Level 1:colcon.colcon_core.package_identification:_identify(src/examples/rclpy/services/minimal_client) by extensions ['colcon_meta']
[0.775s] Level 1:colcon.colcon_core.package_identification:_identify(src/examples/rclpy/services/minimal_client) by extension 'colcon_meta'
[0.776s] Level 1:colcon.colcon_core.package_identification:_identify(src/examples/rclpy/services/minimal_client) by extensions ['ros']
[0.776s] Level 1:colcon.colcon_core.package_identification:_identify(src/examples/rclpy/services/minimal_client) by extension 'ros'
[0.778s] DEBUG:colcon.colcon_core.package_identification:Package 'src/examples/rclpy/services/minimal_client' with type 'ros.ament_python' and name 'examples_rclpy_minimal_client'
[0.780s] Level 1:colcon.colcon_core.package_identification:_identify(src/examples/rclpy/services/minimal_service) by extensions ['ignore', 'ignore_ament_install']
[0.780s] Level 1:colcon.colcon_core.package_identification:_identify(src/examples/rclpy/services/minimal_service) by extension 'ignore'
[0.781s] Level 1:colcon.colcon_core.package_identification:_identify(src/examples/rclpy/services/minimal_service) by extension 'ignore_ament_install'
[0.781s] Level 1:colcon.colcon_core.package_identification:_identify(src/examples/rclpy/services/minimal_service) by extensions ['colcon_pkg']
[0.781s] Level 1:colcon.colcon_core.package_identification:_identify(src/examples/rclpy/services/minimal_service) by extension 'colcon_pkg'
[0.781s] Level 1:colcon.colcon_core.package_identification:_identify(src/examples/rclpy/services/minimal_service) by extensions ['colcon_meta']
[0.781s] Level 1:colcon.colcon_core.package_identification:_identify(src/examples/rclpy/services/minimal_service) by extension 'colcon_meta'
[0.781s] Level 1:colcon.colcon_core.package_identification:_identify(src/examples/rclpy/services/minimal_service) by extensions ['ros']
[0.781s] Level 1:colcon.colcon_core.package_identification:_identify(src/examples/rclpy/services/minimal_service) by extension 'ros'
[0.783s] DEBUG:colcon.colcon_core.package_identification:Package 'src/examples/rclpy/services/minimal_service' with type 'ros.ament_python' and name 'examples_rclpy_minimal_service'
[0.784s] Level 1:colcon.colcon_core.package_identification:_identify(src/examples/rclpy/topics) by extensions ['ignore', 'ignore_ament_install']
[0.785s] Level 1:colcon.colcon_core.package_identification:_identify(src/examples/rclpy/topics) by extension 'ignore'
[0.785s] Level 1:colcon.colcon_core.package_identification:_identify(src/examples/rclpy/topics) by extension 'ignore_ament_install'
[0.785s] Level 1:colcon.colcon_core.package_identification:_identify(src/examples/rclpy/topics) by extensions ['colcon_pkg']
[0.785s] Level 1:colcon.colcon_core.package_identification:_identify(src/examples/rclpy/topics) by extension 'colcon_pkg'
[0.785s] Level 1:colcon.colcon_core.package_identification:_identify(src/examples/rclpy/topics) by extensions ['colcon_meta']
[0.785s] Level 1:colcon.colcon_core.package_identification:_identify(src/examples/rclpy/topics) by extension 'colcon_meta'
[0.787s] Level 1:colcon.colcon_core.package_identification:_identify(src/examples/rclpy/topics) by extensions ['ros']
[0.787s] Level 1:colcon.colcon_core.package_identification:_identify(src/examples/rclpy/topics) by extension 'ros'
[0.787s] Level 1:colcon.colcon_core.package_identification:_identify(src/examples/rclpy/topics) by extensions ['cmake', 'python']
[0.788s] Level 1:colcon.colcon_core.package_identification:_identify(src/examples/rclpy/topics) by extension 'cmake'
[0.788s] Level 1:colcon.colcon_core.package_identification:_identify(src/examples/rclpy/topics) by extension 'python'
[0.788s] Level 1:colcon.colcon_core.package_identification:_identify(src/examples/rclpy/topics) by extensions ['python_setup_py']
[0.788s] Level 1:colcon.colcon_core.package_identification:_identify(src/examples/rclpy/topics) by extension 'python_setup_py'
[0.788s] Level 1:colcon.colcon_core.package_identification:_identify(src/examples/rclpy/topics/minimal_publisher) by extensions ['ignore', 'ignore_ament_install']
[0.788s] Level 1:colcon.colcon_core.package_identification:_identify(src/examples/rclpy/topics/minimal_publisher) by extension 'ignore'
[0.788s] Level 1:colcon.colcon_core.package_identification:_identify(src/examples/rclpy/topics/minimal_publisher) by extension 'ignore_ament_install'
[0.789s] Level 1:colcon.colcon_core.package_identification:_identify(src/examples/rclpy/topics/minimal_publisher) by extensions ['colcon_pkg']
[0.789s] Level 1:colcon.colcon_core.package_identification:_identify(src/examples/rclpy/topics/minimal_publisher) by extension 'colcon_pkg'
[0.789s] Level 1:colcon.colcon_core.package_identification:_identify(src/examples/rclpy/topics/minimal_publisher) by extensions ['colcon_meta']
[0.789s] Level 1:colcon.colcon_core.package_identification:_identify(src/examples/rclpy/topics/minimal_publisher) by extension 'colcon_meta'
[0.789s] Level 1:colcon.colcon_core.package_identification:_identify(src/examples/rclpy/topics/minimal_publisher) by extensions ['ros']
[0.790s] Level 1:colcon.colcon_core.package_identification:_identify(src/examples/rclpy/topics/minimal_publisher) by extension 'ros'
[0.791s] DEBUG:colcon.colcon_core.package_identification:Package 'src/examples/rclpy/topics/minimal_publisher' with type 'ros.ament_python' and name 'examples_rclpy_minimal_publisher'
[0.792s] Level 1:colcon.colcon_core.package_identification:_identify(src/examples/rclpy/topics/minimal_subscriber) by extensions ['ignore', 'ignore_ament_install']
[0.793s] Level 1:colcon.colcon_core.package_identification:_identify(src/examples/rclpy/topics/minimal_subscriber) by extension 'ignore'
[0.793s] Level 1:colcon.colcon_core.package_identification:_identify(src/examples/rclpy/topics/minimal_subscriber) by extension 'ignore_ament_install'
[0.793s] Level 1:colcon.colcon_core.package_identification:_identify(src/examples/rclpy/topics/minimal_subscriber) by extensions ['colcon_pkg']
[0.793s] Level 1:colcon.colcon_core.package_identification:_identify(src/examples/rclpy/topics/minimal_subscriber) by extension 'colcon_pkg'
[0.793s] Level 1:colcon.colcon_core.package_identification:_identify(src/examples/rclpy/topics/minimal_subscriber) by extensions ['colcon_meta']
[0.793s] Level 1:colcon.colcon_core.package_identification:_identify(src/examples/rclpy/topics/minimal_subscriber) by extension 'colcon_meta'
[0.793s] Level 1:colcon.colcon_core.package_identification:_identify(src/examples/rclpy/topics/minimal_subscriber) by extensions ['ros']
[0.794s] Level 1:colcon.colcon_core.package_identification:_identify(src/examples/rclpy/topics/minimal_subscriber) by extension 'ros'
[0.795s] DEBUG:colcon.colcon_core.package_identification:Package 'src/examples/rclpy/topics/minimal_subscriber' with type 'ros.ament_python' and name 'examples_rclpy_minimal_subscriber'
[0.797s] Level 1:colcon.colcon_core.package_identification:_identify(src/examples/rclpy/topics/pointcloud_publisher) by extensions ['ignore', 'ignore_ament_install']
[0.798s] Level 1:colcon.colcon_core.package_identification:_identify(src/examples/rclpy/topics/pointcloud_publisher) by extension 'ignore'
[0.798s] Level 1:colcon.colcon_core.package_identification:_identify(src/examples/rclpy/topics/pointcloud_publisher) by extension 'ignore_ament_install'
[0.799s] Level 1:colcon.colcon_core.package_identification:_identify(src/examples/rclpy/topics/pointcloud_publisher) by extensions ['colcon_pkg']
[0.799s] Level 1:colcon.colcon_core.package_identification:_identify(src/examples/rclpy/topics/pointcloud_publisher) by extension 'colcon_pkg'
[0.799s] Level 1:colcon.colcon_core.package_identification:_identify(src/examples/rclpy/topics/pointcloud_publisher) by extensions ['colcon_meta']
[0.800s] Level 1:colcon.colcon_core.package_identification:_identify(src/examples/rclpy/topics/pointcloud_publisher) by extension 'colcon_meta'
[0.800s] Level 1:colcon.colcon_core.package_identification:_identify(src/examples/rclpy/topics/pointcloud_publisher) by extensions ['ros']
[0.800s] Level 1:colcon.colcon_core.package_identification:_identify(src/examples/rclpy/topics/pointcloud_publisher) by extension 'ros'
[0.801s] DEBUG:colcon.colcon_core.package_identification:Package 'src/examples/rclpy/topics/pointcloud_publisher' with type 'ros.ament_python' and name 'examples_rclpy_pointcloud_publisher'
[0.802s] Level 1:colcon.colcon_core.package_identification:_identify(src/image_converter) by extensions ['ignore', 'ignore_ament_install']
[0.803s] Level 1:colcon.colcon_core.package_identification:_identify(src/image_converter) by extension 'ignore'
[0.803s] Level 1:colcon.colcon_core.package_identification:_identify(src/image_converter) by extension 'ignore_ament_install'
[0.803s] Level 1:colcon.colcon_core.package_identification:_identify(src/image_converter) by extensions ['colcon_pkg']
[0.804s] Level 1:colcon.colcon_core.package_identification:_identify(src/image_converter) by extension 'colcon_pkg'
[0.804s] Level 1:colcon.colcon_core.package_identification:_identify(src/image_converter) by extensions ['colcon_meta']
[0.804s] Level 1:colcon.colcon_core.package_identification:_identify(src/image_converter) by extension 'colcon_meta'
[0.804s] Level 1:colcon.colcon_core.package_identification:_identify(src/image_converter) by extensions ['ros']
[0.804s] Level 1:colcon.colcon_core.package_identification:_identify(src/image_converter) by extension 'ros'
[0.806s] DEBUG:colcon.colcon_core.package_identification:Package 'src/image_converter' with type 'ros.ament_python' and name 'image_converter'
[0.807s] Level 1:colcon.colcon_core.package_identification:_identify(src/vision_opencv) by extensions ['ignore', 'ignore_ament_install']
[0.808s] Level 1:colcon.colcon_core.package_identification:_identify(src/vision_opencv) by extension 'ignore'
[0.808s] Level 1:colcon.colcon_core.package_identification:_identify(src/vision_opencv) by extension 'ignore_ament_install'
[0.808s] Level 1:colcon.colcon_core.package_identification:_identify(src/vision_opencv) by extensions ['colcon_pkg']
[0.808s] Level 1:colcon.colcon_core.package_identification:_identify(src/vision_opencv) by extension 'colcon_pkg'
[0.809s] Level 1:colcon.colcon_core.package_identification:_identify(src/vision_opencv) by extensions ['colcon_meta']
[0.809s] Level 1:colcon.colcon_core.package_identification:_identify(src/vision_opencv) by extension 'colcon_meta'
[0.810s] Level 1:colcon.colcon_core.package_identification:_identify(src/vision_opencv) by extensions ['ros']
[0.810s] Level 1:colcon.colcon_core.package_identification:_identify(src/vision_opencv) by extension 'ros'
[0.810s] Level 1:colcon.colcon_core.package_identification:_identify(src/vision_opencv) by extensions ['cmake', 'python']
[0.810s] Level 1:colcon.colcon_core.package_identification:_identify(src/vision_opencv) by extension 'cmake'
[0.810s] Level 1:colcon.colcon_core.package_identification:_identify(src/vision_opencv) by extension 'python'
[0.811s] Level 1:colcon.colcon_core.package_identification:_identify(src/vision_opencv) by extensions ['python_setup_py']
[0.811s] Level 1:colcon.colcon_core.package_identification:_identify(src/vision_opencv) by extension 'python_setup_py'
[0.812s] Level 1:colcon.colcon_core.package_identification:_identify(src/vision_opencv/cv_bridge) by extensions ['ignore', 'ignore_ament_install']
[0.812s] Level 1:colcon.colcon_core.package_identification:_identify(src/vision_opencv/cv_bridge) by extension 'ignore'
[0.812s] Level 1:colcon.colcon_core.package_identification:_identify(src/vision_opencv/cv_bridge) by extension 'ignore_ament_install'
[0.812s] Level 1:colcon.colcon_core.package_identification:_identify(src/vision_opencv/cv_bridge) by extensions ['colcon_pkg']
[0.813s] Level 1:colcon.colcon_core.package_identification:_identify(src/vision_opencv/cv_bridge) by extension 'colcon_pkg'
[0.814s] Level 1:colcon.colcon_core.package_identification:_identify(src/vision_opencv/cv_bridge) by extensions ['colcon_meta']
[0.814s] Level 1:colcon.colcon_core.package_identification:_identify(src/vision_opencv/cv_bridge) by extension 'colcon_meta'
[0.814s] Level 1:colcon.colcon_core.package_identification:_identify(src/vision_opencv/cv_bridge) by extensions ['ros']
[0.814s] Level 1:colcon.colcon_core.package_identification:_identify(src/vision_opencv/cv_bridge) by extension 'ros'
[0.817s] DEBUG:colcon.colcon_core.package_identification:Package 'src/vision_opencv/cv_bridge' with type 'ros.ament_cmake' and name 'cv_bridge'
[0.818s] Level 1:colcon.colcon_core.package_identification:_identify(src/vision_opencv/image_geometry) by extensions ['ignore', 'ignore_ament_install']
[0.819s] Level 1:colcon.colcon_core.package_identification:_identify(src/vision_opencv/image_geometry) by extension 'ignore'
[0.819s] Level 1:colcon.colcon_core.package_identification:_identify(src/vision_opencv/image_geometry) by extension 'ignore_ament_install'
[0.819s] Level 1:colcon.colcon_core.package_identification:_identify(src/vision_opencv/image_geometry) by extensions ['colcon_pkg']
[0.819s] Level 1:colcon.colcon_core.package_identification:_identify(src/vision_opencv/image_geometry) by extension 'colcon_pkg'
[0.819s] Level 1:colcon.colcon_core.package_identification:_identify(src/vision_opencv/image_geometry) by extensions ['colcon_meta']
[0.819s] Level 1:colcon.colcon_core.package_identification:_identify(src/vision_opencv/image_geometry) by extension 'colcon_meta'
[0.819s] Level 1:colcon.colcon_core.package_identification:_identify(src/vision_opencv/image_geometry) by extensions ['ros']
[0.819s] Level 1:colcon.colcon_core.package_identification:_identify(src/vision_opencv/image_geometry) by extension 'ros'
[0.822s] DEBUG:colcon.colcon_core.package_identification:Package 'src/vision_opencv/image_geometry' with type 'ros.ament_cmake' and name 'image_geometry'
[0.823s] Level 1:colcon.colcon_core.package_identification:_identify(src/vision_opencv/opencv_tests) by extensions ['ignore', 'ignore_ament_install']
[0.824s] Level 1:colcon.colcon_core.package_identification:_identify(src/vision_opencv/opencv_tests) by extension 'ignore'
[0.824s] Level 1:colcon.colcon_core.package_identification:_identify(src/vision_opencv/opencv_tests) by extension 'ignore_ament_install'
[0.824s] Level 1:colcon.colcon_core.package_identification:_identify(src/vision_opencv/opencv_tests) by extensions ['colcon_pkg']
[0.824s] Level 1:colcon.colcon_core.package_identification:_identify(src/vision_opencv/opencv_tests) by extension 'colcon_pkg'
[0.825s] Level 1:colcon.colcon_core.package_identification:_identify(src/vision_opencv/opencv_tests) by extensions ['colcon_meta']
[0.825s] Level 1:colcon.colcon_core.package_identification:_identify(src/vision_opencv/opencv_tests) by extension 'colcon_meta'
[0.825s] Level 1:colcon.colcon_core.package_identification:_identify(src/vision_opencv/opencv_tests) by extensions ['ros']
[0.825s] Level 1:colcon.colcon_core.package_identification:_identify(src/vision_opencv/opencv_tests) by extension 'ros'
[0.826s] DEBUG:colcon.colcon_core.package_identification:Package 'src/vision_opencv/opencv_tests' with type 'ros.ament_python' and name 'opencv_tests'
[0.827s] Level 1:colcon.colcon_core.package_identification:_identify(src/vision_opencv/vision_opencv) by extensions ['ignore', 'ignore_ament_install']
[0.828s] Level 1:colcon.colcon_core.package_identification:_identify(src/vision_opencv/vision_opencv) by extension 'ignore'
[0.828s] Level 1:colcon.colcon_core.package_identification:_identify(src/vision_opencv/vision_opencv) by extension 'ignore_ament_install'
[0.828s] Level 1:colcon.colcon_core.package_identification:_identify(src/vision_opencv/vision_opencv) by extensions ['colcon_pkg']
[0.828s] Level 1:colcon.colcon_core.package_identification:_identify(src/vision_opencv/vision_opencv) by extension 'colcon_pkg'
[0.829s] Level 1:colcon.colcon_core.package_identification:_identify(src/vision_opencv/vision_opencv) by extensions ['colcon_meta']
[0.830s] Level 1:colcon.colcon_core.package_identification:_identify(src/vision_opencv/vision_opencv) by extension 'colcon_meta'
[0.830s] Level 1:colcon.colcon_core.package_identification:_identify(src/vision_opencv/vision_opencv) by extensions ['ros']
[0.830s] Level 1:colcon.colcon_core.package_identification:_identify(src/vision_opencv/vision_opencv) by extension 'ros'
[0.832s] DEBUG:colcon.colcon_core.package_identification:Package 'src/vision_opencv/vision_opencv' with type 'ros.ament_cmake' and name 'vision_opencv'
[0.832s] Level 1:colcon.colcon_core.package_discovery:discover_packages(recursive) using defaults
[0.832s] Level 1:colcon.colcon_core.package_discovery:discover_packages(ignore) discover
[0.832s] Level 1:colcon.colcon_core.package_discovery:discover_packages(ignore) using defaults
[0.832s] Level 1:colcon.colcon_core.package_discovery:discover_packages(path) discover
[0.832s] Level 1:colcon.colcon_core.package_discovery:discover_packages(path) using defaults
[0.890s] Level 1:colcon.colcon_core.package_discovery:discover_packages(prefix_path) check parameters
[0.891s] Level 1:colcon.colcon_core.package_discovery:discover_packages(prefix_path) discover
[0.900s] DEBUG:colcon.colcon_installed_package_information.package_discovery:Found 38 installed packages in /home/bryan/Workspace/ros2_ws/install
[0.904s] DEBUG:colcon.colcon_installed_package_information.package_discovery:Found 313 installed packages in /opt/ros/humble
[0.912s] Level 1:colcon.colcon_core.package_discovery:discover_packages(prefix_path) using defaults
[0.999s] WARNING:colcon.colcon_core.package_selection:Some selected packages are already built in one or more underlay workspaces:
	'image_geometry' is in: /home/bryan/Workspace/ros2_ws/install/image_geometry, /opt/ros/humble
	'examples_rclcpp_multithreaded_executor' is in: /home/bryan/Workspace/ros2_ws/install/examples_rclcpp_multithreaded_executor, /opt/ros/humble
	'examples_rclcpp_minimal_action_client' is in: /home/bryan/Workspace/ros2_ws/install/examples_rclcpp_minimal_action_client, /opt/ros/humble
	'cv_bridge' is in: /home/bryan/Workspace/ros2_ws/install/cv_bridge, /opt/ros/humble
	'image_pipeline' is in: /home/bryan/Workspace/ros2_ws/install/image_pipeline, /opt/ros/humble
	'examples_rclpy_minimal_action_server' is in: /home/bryan/Workspace/ros2_ws/install/examples_rclpy_minimal_action_server, /opt/ros/humble
	'examples_rclpy_minimal_action_client' is in: /home/bryan/Workspace/ros2_ws/install/examples_rclpy_minimal_action_client, /opt/ros/humble
	'examples_rclcpp_minimal_action_server' is in: /home/bryan/Workspace/ros2_ws/install/examples_rclcpp_minimal_action_server, /opt/ros/humble
	'examples_rclpy_minimal_service' is in: /home/bryan/Workspace/ros2_ws/install/examples_rclpy_minimal_service, /opt/ros/humble
	'examples_rclpy_minimal_subscriber' is in: /home/bryan/Workspace/ros2_ws/install/examples_rclpy_minimal_subscriber, /opt/ros/humble
	'vision_opencv' is in: /home/bryan/Workspace/ros2_ws/install/vision_opencv, /opt/ros/humble
	'examples_rclpy_minimal_publisher' is in: /home/bryan/Workspace/ros2_ws/install/examples_rclpy_minimal_publisher, /opt/ros/humble
	'examples_rclcpp_minimal_subscriber' is in: /home/bryan/Workspace/ros2_ws/install/examples_rclcpp_minimal_subscriber, /opt/ros/humble
	'examples_rclcpp_minimal_service' is in: /home/bryan/Workspace/ros2_ws/install/examples_rclcpp_minimal_service, /opt/ros/humble
	'examples_rclpy_minimal_client' is in: /home/bryan/Workspace/ros2_ws/install/examples_rclpy_minimal_client, /opt/ros/humble
	'examples_rclcpp_minimal_client' is in: /home/bryan/Workspace/ros2_ws/install/examples_rclcpp_minimal_client, /opt/ros/humble
	'examples_rclcpp_minimal_publisher' is in: /home/bryan/Workspace/ros2_ws/install/examples_rclcpp_minimal_publisher, /opt/ros/humble
	'examples_rclcpp_minimal_timer' is in: /home/bryan/Workspace/ros2_ws/install/examples_rclcpp_minimal_timer, /opt/ros/humble
	'examples_rclpy_executors' is in: /home/bryan/Workspace/ros2_ws/install/examples_rclpy_executors, /opt/ros/humble
	'examples_rclcpp_minimal_composition' is in: /home/bryan/Workspace/ros2_ws/install/examples_rclcpp_minimal_composition, /opt/ros/humble
If a package in a merged underlay workspace is overridden and it installs headers, then all packages in the overlay must sort their include directories by workspace order. Failure to do so may result in build failures or undefined behavior at run time.
If the overridden package is used by another package in any underlay, then the overriding package in the overlay must be API and ABI compatible or undefined behavior at run time may occur.

If you understand the risks and want to override a package anyways, add the following to the command line:
	--allow-overriding cv_bridge examples_rclcpp_minimal_action_client examples_rclcpp_minimal_action_server examples_rclcpp_minimal_client examples_rclcpp_minimal_composition examples_rclcpp_minimal_publisher examples_rclcpp_minimal_service examples_rclcpp_minimal_subscriber examples_rclcpp_minimal_timer examples_rclcpp_multithreaded_executor examples_rclpy_executors examples_rclpy_minimal_action_client examples_rclpy_minimal_action_server examples_rclpy_minimal_client examples_rclpy_minimal_publisher examples_rclpy_minimal_service examples_rclpy_minimal_subscriber image_geometry image_pipeline vision_opencv

This may be promoted to an error in a future release of colcon-override-check.
[1.002s] Level 5:colcon.colcon_core.verb:set package 'cv_bridge' build argument 'cmake_args' from command line to 'None'
[1.002s] Level 5:colcon.colcon_core.verb:set package 'cv_bridge' build argument 'cmake_target' from command line to 'None'
[1.002s] Level 5:colcon.colcon_core.verb:set package 'cv_bridge' build argument 'cmake_target_skip_unavailable' from command line to 'False'
[1.002s] Level 5:colcon.colcon_core.verb:set package 'cv_bridge' build argument 'cmake_clean_cache' from command line to 'False'
[1.002s] Level 5:colcon.colcon_core.verb:set package 'cv_bridge' build argument 'cmake_clean_first' from command line to 'False'
[1.002s] Level 5:colcon.colcon_core.verb:set package 'cv_bridge' build argument 'cmake_force_configure' from command line to 'False'
[1.002s] Level 5:colcon.colcon_core.verb:set package 'cv_bridge' build argument 'ament_cmake_args' from command line to 'None'
[1.002s] Level 5:colcon.colcon_core.verb:set package 'cv_bridge' build argument 'catkin_cmake_args' from command line to 'None'
[1.002s] Level 5:colcon.colcon_core.verb:set package 'cv_bridge' build argument 'catkin_skip_building_tests' from command line to 'False'
[1.002s] DEBUG:colcon.colcon_core.verb:Building package 'cv_bridge' with the following arguments: {'ament_cmake_args': None, 'build_base': '/home/bryan/Workspace/ros2_ws/build/cv_bridge', 'catkin_cmake_args': None, 'catkin_skip_building_tests': False, 'cmake_args': None, 'cmake_clean_cache': False, 'cmake_clean_first': False, 'cmake_force_configure': False, 'cmake_target': None, 'cmake_target_skip_unavailable': False, 'install_base': '/home/bryan/Workspace/ros2_ws/install/cv_bridge', 'merge_install': False, 'path': '/home/bryan/Workspace/ros2_ws/src/vision_opencv/cv_bridge', 'symlink_install': False, 'test_result_base': None}
[1.003s] Level 5:colcon.colcon_core.verb:set package 'examples_rclcpp_async_client' build argument 'cmake_args' from command line to 'None'
[1.003s] Level 5:colcon.colcon_core.verb:set package 'examples_rclcpp_async_client' build argument 'cmake_target' from command line to 'None'
[1.003s] Level 5:colcon.colcon_core.verb:set package 'examples_rclcpp_async_client' build argument 'cmake_target_skip_unavailable' from command line to 'False'
[1.003s] Level 5:colcon.colcon_core.verb:set package 'examples_rclcpp_async_client' build argument 'cmake_clean_cache' from command line to 'False'
[1.003s] Level 5:colcon.colcon_core.verb:set package 'examples_rclcpp_async_client' build argument 'cmake_clean_first' from command line to 'False'
[1.003s] Level 5:colcon.colcon_core.verb:set package 'examples_rclcpp_async_client' build argument 'cmake_force_configure' from command line to 'False'
[1.003s] Level 5:colcon.colcon_core.verb:set package 'examples_rclcpp_async_client' build argument 'ament_cmake_args' from command line to 'None'
[1.003s] Level 5:colcon.colcon_core.verb:set package 'examples_rclcpp_async_client' build argument 'catkin_cmake_args' from command line to 'None'
[1.003s] Level 5:colcon.colcon_core.verb:set package 'examples_rclcpp_async_client' build argument 'catkin_skip_building_tests' from command line to 'False'
[1.004s] DEBUG:colcon.colcon_core.verb:Building package 'examples_rclcpp_async_client' with the following arguments: {'ament_cmake_args': None, 'build_base': '/home/bryan/Workspace/ros2_ws/build/examples_rclcpp_async_client', 'catkin_cmake_args': None, 'catkin_skip_building_tests': False, 'cmake_args': None, 'cmake_clean_cache': False, 'cmake_clean_first': False, 'cmake_force_configure': False, 'cmake_target': None, 'cmake_target_skip_unavailable': False, 'install_base': '/home/bryan/Workspace/ros2_ws/install/examples_rclcpp_async_client', 'merge_install': False, 'path': '/home/bryan/Workspace/ros2_ws/src/examples/rclcpp/services/async_client', 'symlink_install': False, 'test_result_base': None}
[1.004s] Level 5:colcon.colcon_core.verb:set package 'examples_rclcpp_cbg_executor' build argument 'cmake_args' from command line to 'None'
[1.004s] Level 5:colcon.colcon_core.verb:set package 'examples_rclcpp_cbg_executor' build argument 'cmake_target' from command line to 'None'
[1.005s] Level 5:colcon.colcon_core.verb:set package 'examples_rclcpp_cbg_executor' build argument 'cmake_target_skip_unavailable' from command line to 'False'
[1.005s] Level 5:colcon.colcon_core.verb:set package 'examples_rclcpp_cbg_executor' build argument 'cmake_clean_cache' from command line to 'False'
[1.005s] Level 5:colcon.colcon_core.verb:set package 'examples_rclcpp_cbg_executor' build argument 'cmake_clean_first' from command line to 'False'
[1.005s] Level 5:colcon.colcon_core.verb:set package 'examples_rclcpp_cbg_executor' build argument 'cmake_force_configure' from command line to 'False'
[1.005s] Level 5:colcon.colcon_core.verb:set package 'examples_rclcpp_cbg_executor' build argument 'ament_cmake_args' from command line to 'None'
[1.005s] Level 5:colcon.colcon_core.verb:set package 'examples_rclcpp_cbg_executor' build argument 'catkin_cmake_args' from command line to 'None'
[1.005s] Level 5:colcon.colcon_core.verb:set package 'examples_rclcpp_cbg_executor' build argument 'catkin_skip_building_tests' from command line to 'False'
[1.005s] DEBUG:colcon.colcon_core.verb:Building package 'examples_rclcpp_cbg_executor' with the following arguments: {'ament_cmake_args': None, 'build_base': '/home/bryan/Workspace/ros2_ws/build/examples_rclcpp_cbg_executor', 'catkin_cmake_args': None, 'catkin_skip_building_tests': False, 'cmake_args': None, 'cmake_clean_cache': False, 'cmake_clean_first': False, 'cmake_force_configure': False, 'cmake_target': None, 'cmake_target_skip_unavailable': False, 'install_base': '/home/bryan/Workspace/ros2_ws/install/examples_rclcpp_cbg_executor', 'merge_install': False, 'path': '/home/bryan/Workspace/ros2_ws/src/examples/rclcpp/executors/cbg_executor', 'symlink_install': False, 'test_result_base': None}
[1.006s] Level 5:colcon.colcon_core.verb:set package 'examples_rclcpp_minimal_action_client' build argument 'cmake_args' from command line to 'None'
[1.006s] Level 5:colcon.colcon_core.verb:set package 'examples_rclcpp_minimal_action_client' build argument 'cmake_target' from command line to 'None'
[1.006s] Level 5:colcon.colcon_core.verb:set package 'examples_rclcpp_minimal_action_client' build argument 'cmake_target_skip_unavailable' from command line to 'False'
[1.006s] Level 5:colcon.colcon_core.verb:set package 'examples_rclcpp_minimal_action_client' build argument 'cmake_clean_cache' from command line to 'False'
[1.006s] Level 5:colcon.colcon_core.verb:set package 'examples_rclcpp_minimal_action_client' build argument 'cmake_clean_first' from command line to 'False'
[1.006s] Level 5:colcon.colcon_core.verb:set package 'examples_rclcpp_minimal_action_client' build argument 'cmake_force_configure' from command line to 'False'
[1.006s] Level 5:colcon.colcon_core.verb:set package 'examples_rclcpp_minimal_action_client' build argument 'ament_cmake_args' from command line to 'None'
[1.006s] Level 5:colcon.colcon_core.verb:set package 'examples_rclcpp_minimal_action_client' build argument 'catkin_cmake_args' from command line to 'None'
[1.006s] Level 5:colcon.colcon_core.verb:set package 'examples_rclcpp_minimal_action_client' build argument 'catkin_skip_building_tests' from command line to 'False'
[1.006s] DEBUG:colcon.colcon_core.verb:Building package 'examples_rclcpp_minimal_action_client' with the following arguments: {'ament_cmake_args': None, 'build_base': '/home/bryan/Workspace/ros2_ws/build/examples_rclcpp_minimal_action_client', 'catkin_cmake_args': None, 'catkin_skip_building_tests': False, 'cmake_args': None, 'cmake_clean_cache': False, 'cmake_clean_first': False, 'cmake_force_configure': False, 'cmake_target': None, 'cmake_target_skip_unavailable': False, 'install_base': '/home/bryan/Workspace/ros2_ws/install/examples_rclcpp_minimal_action_client', 'merge_install': False, 'path': '/home/bryan/Workspace/ros2_ws/src/examples/rclcpp/actions/minimal_action_client', 'symlink_install': False, 'test_result_base': None}
[1.007s] Level 5:colcon.colcon_core.verb:set package 'examples_rclcpp_minimal_action_server' build argument 'cmake_args' from command line to 'None'
[1.007s] Level 5:colcon.colcon_core.verb:set package 'examples_rclcpp_minimal_action_server' build argument 'cmake_target' from command line to 'None'
[1.007s] Level 5:colcon.colcon_core.verb:set package 'examples_rclcpp_minimal_action_server' build argument 'cmake_target_skip_unavailable' from command line to 'False'
[1.007s] Level 5:colcon.colcon_core.verb:set package 'examples_rclcpp_minimal_action_server' build argument 'cmake_clean_cache' from command line to 'False'
[1.007s] Level 5:colcon.colcon_core.verb:set package 'examples_rclcpp_minimal_action_server' build argument 'cmake_clean_first' from command line to 'False'
[1.007s] Level 5:colcon.colcon_core.verb:set package 'examples_rclcpp_minimal_action_server' build argument 'cmake_force_configure' from command line to 'False'
[1.007s] Level 5:colcon.colcon_core.verb:set package 'examples_rclcpp_minimal_action_server' build argument 'ament_cmake_args' from command line to 'None'
[1.007s] Level 5:colcon.colcon_core.verb:set package 'examples_rclcpp_minimal_action_server' build argument 'catkin_cmake_args' from command line to 'None'
[1.007s] Level 5:colcon.colcon_core.verb:set package 'examples_rclcpp_minimal_action_server' build argument 'catkin_skip_building_tests' from command line to 'False'
[1.007s] DEBUG:colcon.colcon_core.verb:Building package 'examples_rclcpp_minimal_action_server' with the following arguments: {'ament_cmake_args': None, 'build_base': '/home/bryan/Workspace/ros2_ws/build/examples_rclcpp_minimal_action_server', 'catkin_cmake_args': None, 'catkin_skip_building_tests': False, 'cmake_args': None, 'cmake_clean_cache': False, 'cmake_clean_first': False, 'cmake_force_configure': False, 'cmake_target': None, 'cmake_target_skip_unavailable': False, 'install_base': '/home/bryan/Workspace/ros2_ws/install/examples_rclcpp_minimal_action_server', 'merge_install': False, 'path': '/home/bryan/Workspace/ros2_ws/src/examples/rclcpp/actions/minimal_action_server', 'symlink_install': False, 'test_result_base': None}
[1.008s] Level 5:colcon.colcon_core.verb:set package 'examples_rclcpp_minimal_client' build argument 'cmake_args' from command line to 'None'
[1.008s] Level 5:colcon.colcon_core.verb:set package 'examples_rclcpp_minimal_client' build argument 'cmake_target' from command line to 'None'
[1.008s] Level 5:colcon.colcon_core.verb:set package 'examples_rclcpp_minimal_client' build argument 'cmake_target_skip_unavailable' from command line to 'False'
[1.009s] Level 5:colcon.colcon_core.verb:set package 'examples_rclcpp_minimal_client' build argument 'cmake_clean_cache' from command line to 'False'
[1.009s] Level 5:colcon.colcon_core.verb:set package 'examples_rclcpp_minimal_client' build argument 'cmake_clean_first' from command line to 'False'
[1.009s] Level 5:colcon.colcon_core.verb:set package 'examples_rclcpp_minimal_client' build argument 'cmake_force_configure' from command line to 'False'
[1.009s] Level 5:colcon.colcon_core.verb:set package 'examples_rclcpp_minimal_client' build argument 'ament_cmake_args' from command line to 'None'
[1.009s] Level 5:colcon.colcon_core.verb:set package 'examples_rclcpp_minimal_client' build argument 'catkin_cmake_args' from command line to 'None'
[1.009s] Level 5:colcon.colcon_core.verb:set package 'examples_rclcpp_minimal_client' build argument 'catkin_skip_building_tests' from command line to 'False'
[1.009s] DEBUG:colcon.colcon_core.verb:Building package 'examples_rclcpp_minimal_client' with the following arguments: {'ament_cmake_args': None, 'build_base': '/home/bryan/Workspace/ros2_ws/build/examples_rclcpp_minimal_client', 'catkin_cmake_args': None, 'catkin_skip_building_tests': False, 'cmake_args': None, 'cmake_clean_cache': False, 'cmake_clean_first': False, 'cmake_force_configure': False, 'cmake_target': None, 'cmake_target_skip_unavailable': False, 'install_base': '/home/bryan/Workspace/ros2_ws/install/examples_rclcpp_minimal_client', 'merge_install': False, 'path': '/home/bryan/Workspace/ros2_ws/src/examples/rclcpp/services/minimal_client', 'symlink_install': False, 'test_result_base': None}
[1.010s] Level 5:colcon.colcon_core.verb:set package 'examples_rclcpp_minimal_composition' build argument 'cmake_args' from command line to 'None'
[1.011s] Level 5:colcon.colcon_core.verb:set package 'examples_rclcpp_minimal_composition' build argument 'cmake_target' from command line to 'None'
[1.011s] Level 5:colcon.colcon_core.verb:set package 'examples_rclcpp_minimal_composition' build argument 'cmake_target_skip_unavailable' from command line to 'False'
[1.011s] Level 5:colcon.colcon_core.verb:set package 'examples_rclcpp_minimal_composition' build argument 'cmake_clean_cache' from command line to 'False'
[1.011s] Level 5:colcon.colcon_core.verb:set package 'examples_rclcpp_minimal_composition' build argument 'cmake_clean_first' from command line to 'False'
[1.011s] Level 5:colcon.colcon_core.verb:set package 'examples_rclcpp_minimal_composition' build argument 'cmake_force_configure' from command line to 'False'
[1.011s] Level 5:colcon.colcon_core.verb:set package 'examples_rclcpp_minimal_composition' build argument 'ament_cmake_args' from command line to 'None'
[1.011s] Level 5:colcon.colcon_core.verb:set package 'examples_rclcpp_minimal_composition' build argument 'catkin_cmake_args' from command line to 'None'
[1.011s] Level 5:colcon.colcon_core.verb:set package 'examples_rclcpp_minimal_composition' build argument 'catkin_skip_building_tests' from command line to 'False'
[1.011s] DEBUG:colcon.colcon_core.verb:Building package 'examples_rclcpp_minimal_composition' with the following arguments: {'ament_cmake_args': None, 'build_base': '/home/bryan/Workspace/ros2_ws/build/examples_rclcpp_minimal_composition', 'catkin_cmake_args': None, 'catkin_skip_building_tests': False, 'cmake_args': None, 'cmake_clean_cache': False, 'cmake_clean_first': False, 'cmake_force_configure': False, 'cmake_target': None, 'cmake_target_skip_unavailable': False, 'install_base': '/home/bryan/Workspace/ros2_ws/install/examples_rclcpp_minimal_composition', 'merge_install': False, 'path': '/home/bryan/Workspace/ros2_ws/src/examples/rclcpp/composition/minimal_composition', 'symlink_install': False, 'test_result_base': None}
[1.012s] Level 5:colcon.colcon_core.verb:set package 'examples_rclcpp_minimal_publisher' build argument 'cmake_args' from command line to 'None'
[1.013s] Level 5:colcon.colcon_core.verb:set package 'examples_rclcpp_minimal_publisher' build argument 'cmake_target' from command line to 'None'
[1.014s] Level 5:colcon.colcon_core.verb:set package 'examples_rclcpp_minimal_publisher' build argument 'cmake_target_skip_unavailable' from command line to 'False'
[1.014s] Level 5:colcon.colcon_core.verb:set package 'examples_rclcpp_minimal_publisher' build argument 'cmake_clean_cache' from command line to 'False'
[1.014s] Level 5:colcon.colcon_core.verb:set package 'examples_rclcpp_minimal_publisher' build argument 'cmake_clean_first' from command line to 'False'
[1.014s] Level 5:colcon.colcon_core.verb:set package 'examples_rclcpp_minimal_publisher' build argument 'cmake_force_configure' from command line to 'False'
[1.014s] Level 5:colcon.colcon_core.verb:set package 'examples_rclcpp_minimal_publisher' build argument 'ament_cmake_args' from command line to 'None'
[1.014s] Level 5:colcon.colcon_core.verb:set package 'examples_rclcpp_minimal_publisher' build argument 'catkin_cmake_args' from command line to 'None'
[1.014s] Level 5:colcon.colcon_core.verb:set package 'examples_rclcpp_minimal_publisher' build argument 'catkin_skip_building_tests' from command line to 'False'
[1.014s] DEBUG:colcon.colcon_core.verb:Building package 'examples_rclcpp_minimal_publisher' with the following arguments: {'ament_cmake_args': None, 'build_base': '/home/bryan/Workspace/ros2_ws/build/examples_rclcpp_minimal_publisher', 'catkin_cmake_args': None, 'catkin_skip_building_tests': False, 'cmake_args': None, 'cmake_clean_cache': False, 'cmake_clean_first': False, 'cmake_force_configure': False, 'cmake_target': None, 'cmake_target_skip_unavailable': False, 'install_base': '/home/bryan/Workspace/ros2_ws/install/examples_rclcpp_minimal_publisher', 'merge_install': False, 'path': '/home/bryan/Workspace/ros2_ws/src/examples/rclcpp/topics/minimal_publisher', 'symlink_install': False, 'test_result_base': None}
[1.015s] Level 5:colcon.colcon_core.verb:set package 'examples_rclcpp_minimal_service' build argument 'cmake_args' from command line to 'None'
[1.016s] Level 5:colcon.colcon_core.verb:set package 'examples_rclcpp_minimal_service' build argument 'cmake_target' from command line to 'None'
[1.016s] Level 5:colcon.colcon_core.verb:set package 'examples_rclcpp_minimal_service' build argument 'cmake_target_skip_unavailable' from command line to 'False'
[1.016s] Level 5:colcon.colcon_core.verb:set package 'examples_rclcpp_minimal_service' build argument 'cmake_clean_cache' from command line to 'False'
[1.016s] Level 5:colcon.colcon_core.verb:set package 'examples_rclcpp_minimal_service' build argument 'cmake_clean_first' from command line to 'False'
[1.016s] Level 5:colcon.colcon_core.verb:set package 'examples_rclcpp_minimal_service' build argument 'cmake_force_configure' from command line to 'False'
[1.016s] Level 5:colcon.colcon_core.verb:set package 'examples_rclcpp_minimal_service' build argument 'ament_cmake_args' from command line to 'None'
[1.016s] Level 5:colcon.colcon_core.verb:set package 'examples_rclcpp_minimal_service' build argument 'catkin_cmake_args' from command line to 'None'
[1.016s] Level 5:colcon.colcon_core.verb:set package 'examples_rclcpp_minimal_service' build argument 'catkin_skip_building_tests' from command line to 'False'
[1.016s] DEBUG:colcon.colcon_core.verb:Building package 'examples_rclcpp_minimal_service' with the following arguments: {'ament_cmake_args': None, 'build_base': '/home/bryan/Workspace/ros2_ws/build/examples_rclcpp_minimal_service', 'catkin_cmake_args': None, 'catkin_skip_building_tests': False, 'cmake_args': None, 'cmake_clean_cache': False, 'cmake_clean_first': False, 'cmake_force_configure': False, 'cmake_target': None, 'cmake_target_skip_unavailable': False, 'install_base': '/home/bryan/Workspace/ros2_ws/install/examples_rclcpp_minimal_service', 'merge_install': False, 'path': '/home/bryan/Workspace/ros2_ws/src/examples/rclcpp/services/minimal_service', 'symlink_install': False, 'test_result_base': None}
[1.017s] Level 5:colcon.colcon_core.verb:set package 'examples_rclcpp_minimal_subscriber' build argument 'cmake_args' from command line to 'None'
[1.017s] Level 5:colcon.colcon_core.verb:set package 'examples_rclcpp_minimal_subscriber' build argument 'cmake_target' from command line to 'None'
[1.018s] Level 5:colcon.colcon_core.verb:set package 'examples_rclcpp_minimal_subscriber' build argument 'cmake_target_skip_unavailable' from command line to 'False'
[1.018s] Level 5:colcon.colcon_core.verb:set package 'examples_rclcpp_minimal_subscriber' build argument 'cmake_clean_cache' from command line to 'False'
[1.018s] Level 5:colcon.colcon_core.verb:set package 'examples_rclcpp_minimal_subscriber' build argument 'cmake_clean_first' from command line to 'False'
[1.018s] Level 5:colcon.colcon_core.verb:set package 'examples_rclcpp_minimal_subscriber' build argument 'cmake_force_configure' from command line to 'False'
[1.018s] Level 5:colcon.colcon_core.verb:set package 'examples_rclcpp_minimal_subscriber' build argument 'ament_cmake_args' from command line to 'None'
[1.018s] Level 5:colcon.colcon_core.verb:set package 'examples_rclcpp_minimal_subscriber' build argument 'catkin_cmake_args' from command line to 'None'
[1.018s] Level 5:colcon.colcon_core.verb:set package 'examples_rclcpp_minimal_subscriber' build argument 'catkin_skip_building_tests' from command line to 'False'
[1.018s] DEBUG:colcon.colcon_core.verb:Building package 'examples_rclcpp_minimal_subscriber' with the following arguments: {'ament_cmake_args': None, 'build_base': '/home/bryan/Workspace/ros2_ws/build/examples_rclcpp_minimal_subscriber', 'catkin_cmake_args': None, 'catkin_skip_building_tests': False, 'cmake_args': None, 'cmake_clean_cache': False, 'cmake_clean_first': False, 'cmake_force_configure': False, 'cmake_target': None, 'cmake_target_skip_unavailable': False, 'install_base': '/home/bryan/Workspace/ros2_ws/install/examples_rclcpp_minimal_subscriber', 'merge_install': False, 'path': '/home/bryan/Workspace/ros2_ws/src/examples/rclcpp/topics/minimal_subscriber', 'symlink_install': False, 'test_result_base': None}
[1.019s] Level 5:colcon.colcon_core.verb:set package 'examples_rclcpp_minimal_timer' build argument 'cmake_args' from command line to 'None'
[1.020s] Level 5:colcon.colcon_core.verb:set package 'examples_rclcpp_minimal_timer' build argument 'cmake_target' from command line to 'None'
[1.020s] Level 5:colcon.colcon_core.verb:set package 'examples_rclcpp_minimal_timer' build argument 'cmake_target_skip_unavailable' from command line to 'False'
[1.020s] Level 5:colcon.colcon_core.verb:set package 'examples_rclcpp_minimal_timer' build argument 'cmake_clean_cache' from command line to 'False'
[1.020s] Level 5:colcon.colcon_core.verb:set package 'examples_rclcpp_minimal_timer' build argument 'cmake_clean_first' from command line to 'False'
[1.020s] Level 5:colcon.colcon_core.verb:set package 'examples_rclcpp_minimal_timer' build argument 'cmake_force_configure' from command line to 'False'
[1.020s] Level 5:colcon.colcon_core.verb:set package 'examples_rclcpp_minimal_timer' build argument 'ament_cmake_args' from command line to 'None'
[1.020s] Level 5:colcon.colcon_core.verb:set package 'examples_rclcpp_minimal_timer' build argument 'catkin_cmake_args' from command line to 'None'
[1.020s] Level 5:colcon.colcon_core.verb:set package 'examples_rclcpp_minimal_timer' build argument 'catkin_skip_building_tests' from command line to 'False'
[1.020s] DEBUG:colcon.colcon_core.verb:Building package 'examples_rclcpp_minimal_timer' with the following arguments: {'ament_cmake_args': None, 'build_base': '/home/bryan/Workspace/ros2_ws/build/examples_rclcpp_minimal_timer', 'catkin_cmake_args': None, 'catkin_skip_building_tests': False, 'cmake_args': None, 'cmake_clean_cache': False, 'cmake_clean_first': False, 'cmake_force_configure': False, 'cmake_target': None, 'cmake_target_skip_unavailable': False, 'install_base': '/home/bryan/Workspace/ros2_ws/install/examples_rclcpp_minimal_timer', 'merge_install': False, 'path': '/home/bryan/Workspace/ros2_ws/src/examples/rclcpp/timers/minimal_timer', 'symlink_install': False, 'test_result_base': None}
[1.021s] Level 5:colcon.colcon_core.verb:set package 'examples_rclcpp_multithreaded_executor' build argument 'cmake_args' from command line to 'None'
[1.021s] Level 5:colcon.colcon_core.verb:set package 'examples_rclcpp_multithreaded_executor' build argument 'cmake_target' from command line to 'None'
[1.022s] Level 5:colcon.colcon_core.verb:set package 'examples_rclcpp_multithreaded_executor' build argument 'cmake_target_skip_unavailable' from command line to 'False'
[1.022s] Level 5:colcon.colcon_core.verb:set package 'examples_rclcpp_multithreaded_executor' build argument 'cmake_clean_cache' from command line to 'False'
[1.022s] Level 5:colcon.colcon_core.verb:set package 'examples_rclcpp_multithreaded_executor' build argument 'cmake_clean_first' from command line to 'False'
[1.022s] Level 5:colcon.colcon_core.verb:set package 'examples_rclcpp_multithreaded_executor' build argument 'cmake_force_configure' from command line to 'False'
[1.022s] Level 5:colcon.colcon_core.verb:set package 'examples_rclcpp_multithreaded_executor' build argument 'ament_cmake_args' from command line to 'None'
[1.022s] Level 5:colcon.colcon_core.verb:set package 'examples_rclcpp_multithreaded_executor' build argument 'catkin_cmake_args' from command line to 'None'
[1.022s] Level 5:colcon.colcon_core.verb:set package 'examples_rclcpp_multithreaded_executor' build argument 'catkin_skip_building_tests' from command line to 'False'
[1.022s] DEBUG:colcon.colcon_core.verb:Building package 'examples_rclcpp_multithreaded_executor' with the following arguments: {'ament_cmake_args': None, 'build_base': '/home/bryan/Workspace/ros2_ws/build/examples_rclcpp_multithreaded_executor', 'catkin_cmake_args': None, 'catkin_skip_building_tests': False, 'cmake_args': None, 'cmake_clean_cache': False, 'cmake_clean_first': False, 'cmake_force_configure': False, 'cmake_target': None, 'cmake_target_skip_unavailable': False, 'install_base': '/home/bryan/Workspace/ros2_ws/install/examples_rclcpp_multithreaded_executor', 'merge_install': False, 'path': '/home/bryan/Workspace/ros2_ws/src/examples/rclcpp/executors/multithreaded_executor', 'symlink_install': False, 'test_result_base': None}
[1.023s] Level 5:colcon.colcon_core.verb:set package 'examples_rclcpp_wait_set' build argument 'cmake_args' from command line to 'None'
[1.023s] Level 5:colcon.colcon_core.verb:set package 'examples_rclcpp_wait_set' build argument 'cmake_target' from command line to 'None'
[1.023s] Level 5:colcon.colcon_core.verb:set package 'examples_rclcpp_wait_set' build argument 'cmake_target_skip_unavailable' from command line to 'False'
[1.023s] Level 5:colcon.colcon_core.verb:set package 'examples_rclcpp_wait_set' build argument 'cmake_clean_cache' from command line to 'False'
[1.023s] Level 5:colcon.colcon_core.verb:set package 'examples_rclcpp_wait_set' build argument 'cmake_clean_first' from command line to 'False'
[1.024s] Level 5:colcon.colcon_core.verb:set package 'examples_rclcpp_wait_set' build argument 'cmake_force_configure' from command line to 'False'
[1.024s] Level 5:colcon.colcon_core.verb:set package 'examples_rclcpp_wait_set' build argument 'ament_cmake_args' from command line to 'None'
[1.024s] Level 5:colcon.colcon_core.verb:set package 'examples_rclcpp_wait_set' build argument 'catkin_cmake_args' from command line to 'None'
[1.024s] Level 5:colcon.colcon_core.verb:set package 'examples_rclcpp_wait_set' build argument 'catkin_skip_building_tests' from command line to 'False'
[1.024s] DEBUG:colcon.colcon_core.verb:Building package 'examples_rclcpp_wait_set' with the following arguments: {'ament_cmake_args': None, 'build_base': '/home/bryan/Workspace/ros2_ws/build/examples_rclcpp_wait_set', 'catkin_cmake_args': None, 'catkin_skip_building_tests': False, 'cmake_args': None, 'cmake_clean_cache': False, 'cmake_clean_first': False, 'cmake_force_configure': False, 'cmake_target': None, 'cmake_target_skip_unavailable': False, 'install_base': '/home/bryan/Workspace/ros2_ws/install/examples_rclcpp_wait_set', 'merge_install': False, 'path': '/home/bryan/Workspace/ros2_ws/src/examples/rclcpp/wait_set', 'symlink_install': False, 'test_result_base': None}
[1.025s] Level 5:colcon.colcon_core.verb:set package 'examples_rclpy_executors' build argument 'cmake_args' from command line to 'None'
[1.025s] Level 5:colcon.colcon_core.verb:set package 'examples_rclpy_executors' build argument 'cmake_target' from command line to 'None'
[1.025s] Level 5:colcon.colcon_core.verb:set package 'examples_rclpy_executors' build argument 'cmake_target_skip_unavailable' from command line to 'False'
[1.025s] Level 5:colcon.colcon_core.verb:set package 'examples_rclpy_executors' build argument 'cmake_clean_cache' from command line to 'False'
[1.025s] Level 5:colcon.colcon_core.verb:set package 'examples_rclpy_executors' build argument 'cmake_clean_first' from command line to 'False'
[1.025s] Level 5:colcon.colcon_core.verb:set package 'examples_rclpy_executors' build argument 'cmake_force_configure' from command line to 'False'
[1.025s] Level 5:colcon.colcon_core.verb:set package 'examples_rclpy_executors' build argument 'ament_cmake_args' from command line to 'None'
[1.025s] Level 5:colcon.colcon_core.verb:set package 'examples_rclpy_executors' build argument 'catkin_cmake_args' from command line to 'None'
[1.025s] Level 5:colcon.colcon_core.verb:set package 'examples_rclpy_executors' build argument 'catkin_skip_building_tests' from command line to 'False'
[1.025s] DEBUG:colcon.colcon_core.verb:Building package 'examples_rclpy_executors' with the following arguments: {'ament_cmake_args': None, 'build_base': '/home/bryan/Workspace/ros2_ws/build/examples_rclpy_executors', 'catkin_cmake_args': None, 'catkin_skip_building_tests': False, 'cmake_args': None, 'cmake_clean_cache': False, 'cmake_clean_first': False, 'cmake_force_configure': False, 'cmake_target': None, 'cmake_target_skip_unavailable': False, 'install_base': '/home/bryan/Workspace/ros2_ws/install/examples_rclpy_executors', 'merge_install': False, 'path': '/home/bryan/Workspace/ros2_ws/src/examples/rclpy/executors', 'symlink_install': False, 'test_result_base': None}
[1.026s] Level 5:colcon.colcon_core.verb:set package 'examples_rclpy_guard_conditions' build argument 'cmake_args' from command line to 'None'
[1.026s] Level 5:colcon.colcon_core.verb:set package 'examples_rclpy_guard_conditions' build argument 'cmake_target' from command line to 'None'
[1.026s] Level 5:colcon.colcon_core.verb:set package 'examples_rclpy_guard_conditions' build argument 'cmake_target_skip_unavailable' from command line to 'False'
[1.026s] Level 5:colcon.colcon_core.verb:set package 'examples_rclpy_guard_conditions' build argument 'cmake_clean_cache' from command line to 'False'
[1.026s] Level 5:colcon.colcon_core.verb:set package 'examples_rclpy_guard_conditions' build argument 'cmake_clean_first' from command line to 'False'
[1.026s] Level 5:colcon.colcon_core.verb:set package 'examples_rclpy_guard_conditions' build argument 'cmake_force_configure' from command line to 'False'
[1.026s] Level 5:colcon.colcon_core.verb:set package 'examples_rclpy_guard_conditions' build argument 'ament_cmake_args' from command line to 'None'
[1.026s] Level 5:colcon.colcon_core.verb:set package 'examples_rclpy_guard_conditions' build argument 'catkin_cmake_args' from command line to 'None'
[1.026s] Level 5:colcon.colcon_core.verb:set package 'examples_rclpy_guard_conditions' build argument 'catkin_skip_building_tests' from command line to 'False'
[1.026s] DEBUG:colcon.colcon_core.verb:Building package 'examples_rclpy_guard_conditions' with the following arguments: {'ament_cmake_args': None, 'build_base': '/home/bryan/Workspace/ros2_ws/build/examples_rclpy_guard_conditions', 'catkin_cmake_args': None, 'catkin_skip_building_tests': False, 'cmake_args': None, 'cmake_clean_cache': False, 'cmake_clean_first': False, 'cmake_force_configure': False, 'cmake_target': None, 'cmake_target_skip_unavailable': False, 'install_base': '/home/bryan/Workspace/ros2_ws/install/examples_rclpy_guard_conditions', 'merge_install': False, 'path': '/home/bryan/Workspace/ros2_ws/src/examples/rclpy/guard_conditions', 'symlink_install': False, 'test_result_base': None}
[1.026s] Level 5:colcon.colcon_core.verb:set package 'examples_rclpy_minimal_action_client' build argument 'cmake_args' from command line to 'None'
[1.027s] Level 5:colcon.colcon_core.verb:set package 'examples_rclpy_minimal_action_client' build argument 'cmake_target' from command line to 'None'
[1.027s] Level 5:colcon.colcon_core.verb:set package 'examples_rclpy_minimal_action_client' build argument 'cmake_target_skip_unavailable' from command line to 'False'
[1.027s] Level 5:colcon.colcon_core.verb:set package 'examples_rclpy_minimal_action_client' build argument 'cmake_clean_cache' from command line to 'False'
[1.027s] Level 5:colcon.colcon_core.verb:set package 'examples_rclpy_minimal_action_client' build argument 'cmake_clean_first' from command line to 'False'
[1.027s] Level 5:colcon.colcon_core.verb:set package 'examples_rclpy_minimal_action_client' build argument 'cmake_force_configure' from command line to 'False'
[1.027s] Level 5:colcon.colcon_core.verb:set package 'examples_rclpy_minimal_action_client' build argument 'ament_cmake_args' from command line to 'None'
[1.027s] Level 5:colcon.colcon_core.verb:set package 'examples_rclpy_minimal_action_client' build argument 'catkin_cmake_args' from command line to 'None'
[1.027s] Level 5:colcon.colcon_core.verb:set package 'examples_rclpy_minimal_action_client' build argument 'catkin_skip_building_tests' from command line to 'False'
[1.027s] DEBUG:colcon.colcon_core.verb:Building package 'examples_rclpy_minimal_action_client' with the following arguments: {'ament_cmake_args': None, 'build_base': '/home/bryan/Workspace/ros2_ws/build/examples_rclpy_minimal_action_client', 'catkin_cmake_args': None, 'catkin_skip_building_tests': False, 'cmake_args': None, 'cmake_clean_cache': False, 'cmake_clean_first': False, 'cmake_force_configure': False, 'cmake_target': None, 'cmake_target_skip_unavailable': False, 'install_base': '/home/bryan/Workspace/ros2_ws/install/examples_rclpy_minimal_action_client', 'merge_install': False, 'path': '/home/bryan/Workspace/ros2_ws/src/examples/rclpy/actions/minimal_action_client', 'symlink_install': False, 'test_result_base': None}
[1.027s] Level 5:colcon.colcon_core.verb:set package 'examples_rclpy_minimal_action_server' build argument 'cmake_args' from command line to 'None'
[1.027s] Level 5:colcon.colcon_core.verb:set package 'examples_rclpy_minimal_action_server' build argument 'cmake_target' from command line to 'None'
[1.028s] Level 5:colcon.colcon_core.verb:set package 'examples_rclpy_minimal_action_server' build argument 'cmake_target_skip_unavailable' from command line to 'False'
[1.028s] Level 5:colcon.colcon_core.verb:set package 'examples_rclpy_minimal_action_server' build argument 'cmake_clean_cache' from command line to 'False'
[1.028s] Level 5:colcon.colcon_core.verb:set package 'examples_rclpy_minimal_action_server' build argument 'cmake_clean_first' from command line to 'False'
[1.028s] Level 5:colcon.colcon_core.verb:set package 'examples_rclpy_minimal_action_server' build argument 'cmake_force_configure' from command line to 'False'
[1.028s] Level 5:colcon.colcon_core.verb:set package 'examples_rclpy_minimal_action_server' build argument 'ament_cmake_args' from command line to 'None'
[1.028s] Level 5:colcon.colcon_core.verb:set package 'examples_rclpy_minimal_action_server' build argument 'catkin_cmake_args' from command line to 'None'
[1.028s] Level 5:colcon.colcon_core.verb:set package 'examples_rclpy_minimal_action_server' build argument 'catkin_skip_building_tests' from command line to 'False'
[1.028s] DEBUG:colcon.colcon_core.verb:Building package 'examples_rclpy_minimal_action_server' with the following arguments: {'ament_cmake_args': None, 'build_base': '/home/bryan/Workspace/ros2_ws/build/examples_rclpy_minimal_action_server', 'catkin_cmake_args': None, 'catkin_skip_building_tests': False, 'cmake_args': None, 'cmake_clean_cache': False, 'cmake_clean_first': False, 'cmake_force_configure': False, 'cmake_target': None, 'cmake_target_skip_unavailable': False, 'install_base': '/home/bryan/Workspace/ros2_ws/install/examples_rclpy_minimal_action_server', 'merge_install': False, 'path': '/home/bryan/Workspace/ros2_ws/src/examples/rclpy/actions/minimal_action_server', 'symlink_install': False, 'test_result_base': None}
[1.029s] Level 5:colcon.colcon_core.verb:set package 'examples_rclpy_minimal_client' build argument 'cmake_args' from command line to 'None'
[1.029s] Level 5:colcon.colcon_core.verb:set package 'examples_rclpy_minimal_client' build argument 'cmake_target' from command line to 'None'
[1.029s] Level 5:colcon.colcon_core.verb:set package 'examples_rclpy_minimal_client' build argument 'cmake_target_skip_unavailable' from command line to 'False'
[1.029s] Level 5:colcon.colcon_core.verb:set package 'examples_rclpy_minimal_client' build argument 'cmake_clean_cache' from command line to 'False'
[1.029s] Level 5:colcon.colcon_core.verb:set package 'examples_rclpy_minimal_client' build argument 'cmake_clean_first' from command line to 'False'
[1.029s] Level 5:colcon.colcon_core.verb:set package 'examples_rclpy_minimal_client' build argument 'cmake_force_configure' from command line to 'False'
[1.029s] Level 5:colcon.colcon_core.verb:set package 'examples_rclpy_minimal_client' build argument 'ament_cmake_args' from command line to 'None'
[1.029s] Level 5:colcon.colcon_core.verb:set package 'examples_rclpy_minimal_client' build argument 'catkin_cmake_args' from command line to 'None'
[1.029s] Level 5:colcon.colcon_core.verb:set package 'examples_rclpy_minimal_client' build argument 'catkin_skip_building_tests' from command line to 'False'
[1.029s] DEBUG:colcon.colcon_core.verb:Building package 'examples_rclpy_minimal_client' with the following arguments: {'ament_cmake_args': None, 'build_base': '/home/bryan/Workspace/ros2_ws/build/examples_rclpy_minimal_client', 'catkin_cmake_args': None, 'catkin_skip_building_tests': False, 'cmake_args': None, 'cmake_clean_cache': False, 'cmake_clean_first': False, 'cmake_force_configure': False, 'cmake_target': None, 'cmake_target_skip_unavailable': False, 'install_base': '/home/bryan/Workspace/ros2_ws/install/examples_rclpy_minimal_client', 'merge_install': False, 'path': '/home/bryan/Workspace/ros2_ws/src/examples/rclpy/services/minimal_client', 'symlink_install': False, 'test_result_base': None}
[1.030s] Level 5:colcon.colcon_core.verb:set package 'examples_rclpy_minimal_publisher' build argument 'cmake_args' from command line to 'None'
[1.030s] Level 5:colcon.colcon_core.verb:set package 'examples_rclpy_minimal_publisher' build argument 'cmake_target' from command line to 'None'
[1.030s] Level 5:colcon.colcon_core.verb:set package 'examples_rclpy_minimal_publisher' build argument 'cmake_target_skip_unavailable' from command line to 'False'
[1.030s] Level 5:colcon.colcon_core.verb:set package 'examples_rclpy_minimal_publisher' build argument 'cmake_clean_cache' from command line to 'False'
[1.031s] Level 5:colcon.colcon_core.verb:set package 'examples_rclpy_minimal_publisher' build argument 'cmake_clean_first' from command line to 'False'
[1.031s] Level 5:colcon.colcon_core.verb:set package 'examples_rclpy_minimal_publisher' build argument 'cmake_force_configure' from command line to 'False'
[1.031s] Level 5:colcon.colcon_core.verb:set package 'examples_rclpy_minimal_publisher' build argument 'ament_cmake_args' from command line to 'None'
[1.031s] Level 5:colcon.colcon_core.verb:set package 'examples_rclpy_minimal_publisher' build argument 'catkin_cmake_args' from command line to 'None'
[1.031s] Level 5:colcon.colcon_core.verb:set package 'examples_rclpy_minimal_publisher' build argument 'catkin_skip_building_tests' from command line to 'False'
[1.031s] DEBUG:colcon.colcon_core.verb:Building package 'examples_rclpy_minimal_publisher' with the following arguments: {'ament_cmake_args': None, 'build_base': '/home/bryan/Workspace/ros2_ws/build/examples_rclpy_minimal_publisher', 'catkin_cmake_args': None, 'catkin_skip_building_tests': False, 'cmake_args': None, 'cmake_clean_cache': False, 'cmake_clean_first': False, 'cmake_force_configure': False, 'cmake_target': None, 'cmake_target_skip_unavailable': False, 'install_base': '/home/bryan/Workspace/ros2_ws/install/examples_rclpy_minimal_publisher', 'merge_install': False, 'path': '/home/bryan/Workspace/ros2_ws/src/examples/rclpy/topics/minimal_publisher', 'symlink_install': False, 'test_result_base': None}
[1.032s] Level 5:colcon.colcon_core.verb:set package 'examples_rclpy_minimal_service' build argument 'cmake_args' from command line to 'None'
[1.032s] Level 5:colcon.colcon_core.verb:set package 'examples_rclpy_minimal_service' build argument 'cmake_target' from command line to 'None'
[1.032s] Level 5:colcon.colcon_core.verb:set package 'examples_rclpy_minimal_service' build argument 'cmake_target_skip_unavailable' from command line to 'False'
[1.032s] Level 5:colcon.colcon_core.verb:set package 'examples_rclpy_minimal_service' build argument 'cmake_clean_cache' from command line to 'False'
[1.032s] Level 5:colcon.colcon_core.verb:set package 'examples_rclpy_minimal_service' build argument 'cmake_clean_first' from command line to 'False'
[1.032s] Level 5:colcon.colcon_core.verb:set package 'examples_rclpy_minimal_service' build argument 'cmake_force_configure' from command line to 'False'
[1.032s] Level 5:colcon.colcon_core.verb:set package 'examples_rclpy_minimal_service' build argument 'ament_cmake_args' from command line to 'None'
[1.032s] Level 5:colcon.colcon_core.verb:set package 'examples_rclpy_minimal_service' build argument 'catkin_cmake_args' from command line to 'None'
[1.032s] Level 5:colcon.colcon_core.verb:set package 'examples_rclpy_minimal_service' build argument 'catkin_skip_building_tests' from command line to 'False'
[1.032s] DEBUG:colcon.colcon_core.verb:Building package 'examples_rclpy_minimal_service' with the following arguments: {'ament_cmake_args': None, 'build_base': '/home/bryan/Workspace/ros2_ws/build/examples_rclpy_minimal_service', 'catkin_cmake_args': None, 'catkin_skip_building_tests': False, 'cmake_args': None, 'cmake_clean_cache': False, 'cmake_clean_first': False, 'cmake_force_configure': False, 'cmake_target': None, 'cmake_target_skip_unavailable': False, 'install_base': '/home/bryan/Workspace/ros2_ws/install/examples_rclpy_minimal_service', 'merge_install': False, 'path': '/home/bryan/Workspace/ros2_ws/src/examples/rclpy/services/minimal_service', 'symlink_install': False, 'test_result_base': None}
[1.033s] Level 5:colcon.colcon_core.verb:set package 'examples_rclpy_minimal_subscriber' build argument 'cmake_args' from command line to 'None'
[1.033s] Level 5:colcon.colcon_core.verb:set package 'examples_rclpy_minimal_subscriber' build argument 'cmake_target' from command line to 'None'
[1.033s] Level 5:colcon.colcon_core.verb:set package 'examples_rclpy_minimal_subscriber' build argument 'cmake_target_skip_unavailable' from command line to 'False'
[1.033s] Level 5:colcon.colcon_core.verb:set package 'examples_rclpy_minimal_subscriber' build argument 'cmake_clean_cache' from command line to 'False'
[1.034s] Level 5:colcon.colcon_core.verb:set package 'examples_rclpy_minimal_subscriber' build argument 'cmake_clean_first' from command line to 'False'
[1.034s] Level 5:colcon.colcon_core.verb:set package 'examples_rclpy_minimal_subscriber' build argument 'cmake_force_configure' from command line to 'False'
[1.034s] Level 5:colcon.colcon_core.verb:set package 'examples_rclpy_minimal_subscriber' build argument 'ament_cmake_args' from command line to 'None'
[1.034s] Level 5:colcon.colcon_core.verb:set package 'examples_rclpy_minimal_subscriber' build argument 'catkin_cmake_args' from command line to 'None'
[1.034s] Level 5:colcon.colcon_core.verb:set package 'examples_rclpy_minimal_subscriber' build argument 'catkin_skip_building_tests' from command line to 'False'
[1.034s] DEBUG:colcon.colcon_core.verb:Building package 'examples_rclpy_minimal_subscriber' with the following arguments: {'ament_cmake_args': None, 'build_base': '/home/bryan/Workspace/ros2_ws/build/examples_rclpy_minimal_subscriber', 'catkin_cmake_args': None, 'catkin_skip_building_tests': False, 'cmake_args': None, 'cmake_clean_cache': False, 'cmake_clean_first': False, 'cmake_force_configure': False, 'cmake_target': None, 'cmake_target_skip_unavailable': False, 'install_base': '/home/bryan/Workspace/ros2_ws/install/examples_rclpy_minimal_subscriber', 'merge_install': False, 'path': '/home/bryan/Workspace/ros2_ws/src/examples/rclpy/topics/minimal_subscriber', 'symlink_install': False, 'test_result_base': None}
[1.035s] Level 5:colcon.colcon_core.verb:set package 'examples_rclpy_pointcloud_publisher' build argument 'cmake_args' from command line to 'None'
[1.036s] Level 5:colcon.colcon_core.verb:set package 'examples_rclpy_pointcloud_publisher' build argument 'cmake_target' from command line to 'None'
[1.036s] Level 5:colcon.colcon_core.verb:set package 'examples_rclpy_pointcloud_publisher' build argument 'cmake_target_skip_unavailable' from command line to 'False'
[1.036s] Level 5:colcon.colcon_core.verb:set package 'examples_rclpy_pointcloud_publisher' build argument 'cmake_clean_cache' from command line to 'False'
[1.036s] Level 5:colcon.colcon_core.verb:set package 'examples_rclpy_pointcloud_publisher' build argument 'cmake_clean_first' from command line to 'False'
[1.037s] Level 5:colcon.colcon_core.verb:set package 'examples_rclpy_pointcloud_publisher' build argument 'cmake_force_configure' from command line to 'False'
[1.037s] Level 5:colcon.colcon_core.verb:set package 'examples_rclpy_pointcloud_publisher' build argument 'ament_cmake_args' from command line to 'None'
[1.037s] Level 5:colcon.colcon_core.verb:set package 'examples_rclpy_pointcloud_publisher' build argument 'catkin_cmake_args' from command line to 'None'
[1.037s] Level 5:colcon.colcon_core.verb:set package 'examples_rclpy_pointcloud_publisher' build argument 'catkin_skip_building_tests' from command line to 'False'
[1.037s] DEBUG:colcon.colcon_core.verb:Building package 'examples_rclpy_pointcloud_publisher' with the following arguments: {'ament_cmake_args': None, 'build_base': '/home/bryan/Workspace/ros2_ws/build/examples_rclpy_pointcloud_publisher', 'catkin_cmake_args': None, 'catkin_skip_building_tests': False, 'cmake_args': None, 'cmake_clean_cache': False, 'cmake_clean_first': False, 'cmake_force_configure': False, 'cmake_target': None, 'cmake_target_skip_unavailable': False, 'install_base': '/home/bryan/Workspace/ros2_ws/install/examples_rclpy_pointcloud_publisher', 'merge_install': False, 'path': '/home/bryan/Workspace/ros2_ws/src/examples/rclpy/topics/pointcloud_publisher', 'symlink_install': False, 'test_result_base': None}
[1.038s] Level 5:colcon.colcon_core.verb:set package 'first_package' build argument 'cmake_args' from command line to 'None'
[1.038s] Level 5:colcon.colcon_core.verb:set package 'first_package' build argument 'cmake_target' from command line to 'None'
[1.039s] Level 5:colcon.colcon_core.verb:set package 'first_package' build argument 'cmake_target_skip_unavailable' from command line to 'False'
[1.039s] Level 5:colcon.colcon_core.verb:set package 'first_package' build argument 'cmake_clean_cache' from command line to 'False'
[1.039s] Level 5:colcon.colcon_core.verb:set package 'first_package' build argument 'cmake_clean_first' from command line to 'False'
[1.039s] Level 5:colcon.colcon_core.verb:set package 'first_package' build argument 'cmake_force_configure' from command line to 'False'
[1.039s] Level 5:colcon.colcon_core.verb:set package 'first_package' build argument 'ament_cmake_args' from command line to 'None'
[1.039s] Level 5:colcon.colcon_core.verb:set package 'first_package' build argument 'catkin_cmake_args' from command line to 'None'
[1.041s] Level 5:colcon.colcon_core.verb:set package 'first_package' build argument 'catkin_skip_building_tests' from command line to 'False'
[1.041s] DEBUG:colcon.colcon_core.verb:Building package 'first_package' with the following arguments: {'ament_cmake_args': None, 'build_base': '/home/bryan/Workspace/ros2_ws/build/first_package', 'catkin_cmake_args': None, 'catkin_skip_building_tests': False, 'cmake_args': None, 'cmake_clean_cache': False, 'cmake_clean_first': False, 'cmake_force_configure': False, 'cmake_target': None, 'cmake_target_skip_unavailable': False, 'install_base': '/home/bryan/Workspace/ros2_ws/install/first_package', 'merge_install': False, 'path': '/home/bryan/Workspace/ros2_ws/first_package', 'symlink_install': False, 'test_result_base': None}
[1.043s] Level 5:colcon.colcon_core.verb:set package 'image_converter' build argument 'cmake_args' from command line to 'None'
[1.044s] Level 5:colcon.colcon_core.verb:set package 'image_converter' build argument 'cmake_target' from command line to 'None'
[1.044s] Level 5:colcon.colcon_core.verb:set package 'image_converter' build argument 'cmake_target_skip_unavailable' from command line to 'False'
[1.044s] Level 5:colcon.colcon_core.verb:set package 'image_converter' build argument 'cmake_clean_cache' from command line to 'False'
[1.044s] Level 5:colcon.colcon_core.verb:set package 'image_converter' build argument 'cmake_clean_first' from command line to 'False'
[1.044s] Level 5:colcon.colcon_core.verb:set package 'image_converter' build argument 'cmake_force_configure' from command line to 'False'
[1.044s] Level 5:colcon.colcon_core.verb:set package 'image_converter' build argument 'ament_cmake_args' from command line to 'None'
[1.044s] Level 5:colcon.colcon_core.verb:set package 'image_converter' build argument 'catkin_cmake_args' from command line to 'None'
[1.044s] Level 5:colcon.colcon_core.verb:set package 'image_converter' build argument 'catkin_skip_building_tests' from command line to 'False'
[1.045s] DEBUG:colcon.colcon_core.verb:Building package 'image_converter' with the following arguments: {'ament_cmake_args': None, 'build_base': '/home/bryan/Workspace/ros2_ws/build/image_converter', 'catkin_cmake_args': None, 'catkin_skip_building_tests': False, 'cmake_args': None, 'cmake_clean_cache': False, 'cmake_clean_first': False, 'cmake_force_configure': False, 'cmake_target': None, 'cmake_target_skip_unavailable': False, 'install_base': '/home/bryan/Workspace/ros2_ws/install/image_converter', 'merge_install': False, 'path': '/home/bryan/Workspace/ros2_ws/src/image_converter', 'symlink_install': False, 'test_result_base': None}
[1.046s] Level 5:colcon.colcon_core.verb:set package 'image_geometry' build argument 'cmake_args' from command line to 'None'
[1.046s] Level 5:colcon.colcon_core.verb:set package 'image_geometry' build argument 'cmake_target' from command line to 'None'
[1.046s] Level 5:colcon.colcon_core.verb:set package 'image_geometry' build argument 'cmake_target_skip_unavailable' from command line to 'False'
[1.046s] Level 5:colcon.colcon_core.verb:set package 'image_geometry' build argument 'cmake_clean_cache' from command line to 'False'
[1.046s] Level 5:colcon.colcon_core.verb:set package 'image_geometry' build argument 'cmake_clean_first' from command line to 'False'
[1.046s] Level 5:colcon.colcon_core.verb:set package 'image_geometry' build argument 'cmake_force_configure' from command line to 'False'
[1.046s] Level 5:colcon.colcon_core.verb:set package 'image_geometry' build argument 'ament_cmake_args' from command line to 'None'
[1.046s] Level 5:colcon.colcon_core.verb:set package 'image_geometry' build argument 'catkin_cmake_args' from command line to 'None'
[1.046s] Level 5:colcon.colcon_core.verb:set package 'image_geometry' build argument 'catkin_skip_building_tests' from command line to 'False'
[1.046s] DEBUG:colcon.colcon_core.verb:Building package 'image_geometry' with the following arguments: {'ament_cmake_args': None, 'build_base': '/home/bryan/Workspace/ros2_ws/build/image_geometry', 'catkin_cmake_args': None, 'catkin_skip_building_tests': False, 'cmake_args': None, 'cmake_clean_cache': False, 'cmake_clean_first': False, 'cmake_force_configure': False, 'cmake_target': None, 'cmake_target_skip_unavailable': False, 'install_base': '/home/bryan/Workspace/ros2_ws/install/image_geometry', 'merge_install': False, 'path': '/home/bryan/Workspace/ros2_ws/src/vision_opencv/image_geometry', 'symlink_install': False, 'test_result_base': None}
[1.047s] Level 5:colcon.colcon_core.verb:set package 'launch_testing_examples' build argument 'cmake_args' from command line to 'None'
[1.048s] Level 5:colcon.colcon_core.verb:set package 'launch_testing_examples' build argument 'cmake_target' from command line to 'None'
[1.048s] Level 5:colcon.colcon_core.verb:set package 'launch_testing_examples' build argument 'cmake_target_skip_unavailable' from command line to 'False'
[1.048s] Level 5:colcon.colcon_core.verb:set package 'launch_testing_examples' build argument 'cmake_clean_cache' from command line to 'False'
[1.048s] Level 5:colcon.colcon_core.verb:set package 'launch_testing_examples' build argument 'cmake_clean_first' from command line to 'False'
[1.048s] Level 5:colcon.colcon_core.verb:set package 'launch_testing_examples' build argument 'cmake_force_configure' from command line to 'False'
[1.049s] Level 5:colcon.colcon_core.verb:set package 'launch_testing_examples' build argument 'ament_cmake_args' from command line to 'None'
[1.049s] Level 5:colcon.colcon_core.verb:set package 'launch_testing_examples' build argument 'catkin_cmake_args' from command line to 'None'
[1.049s] Level 5:colcon.colcon_core.verb:set package 'launch_testing_examples' build argument 'catkin_skip_building_tests' from command line to 'False'
[1.049s] DEBUG:colcon.colcon_core.verb:Building package 'launch_testing_examples' with the following arguments: {'ament_cmake_args': None, 'build_base': '/home/bryan/Workspace/ros2_ws/build/launch_testing_examples', 'catkin_cmake_args': None, 'catkin_skip_building_tests': False, 'cmake_args': None, 'cmake_clean_cache': False, 'cmake_clean_first': False, 'cmake_force_configure': False, 'cmake_target': None, 'cmake_target_skip_unavailable': False, 'install_base': '/home/bryan/Workspace/ros2_ws/install/launch_testing_examples', 'merge_install': False, 'path': '/home/bryan/Workspace/ros2_ws/src/examples/launch_testing/launch_testing_examples', 'symlink_install': False, 'test_result_base': None}
[1.051s] Level 5:colcon.colcon_core.verb:set package 'sprint2' build argument 'cmake_args' from command line to 'None'
[1.051s] Level 5:colcon.colcon_core.verb:set package 'sprint2' build argument 'cmake_target' from command line to 'None'
[1.051s] Level 5:colcon.colcon_core.verb:set package 'sprint2' build argument 'cmake_target_skip_unavailable' from command line to 'False'
[1.051s] Level 5:colcon.colcon_core.verb:set package 'sprint2' build argument 'cmake_clean_cache' from command line to 'False'
[1.051s] Level 5:colcon.colcon_core.verb:set package 'sprint2' build argument 'cmake_clean_first' from command line to 'False'
[1.052s] Level 5:colcon.colcon_core.verb:set package 'sprint2' build argument 'cmake_force_configure' from command line to 'False'
[1.052s] Level 5:colcon.colcon_core.verb:set package 'sprint2' build argument 'ament_cmake_args' from command line to 'None'
[1.052s] Level 5:colcon.colcon_core.verb:set package 'sprint2' build argument 'catkin_cmake_args' from command line to 'None'
[1.052s] Level 5:colcon.colcon_core.verb:set package 'sprint2' build argument 'catkin_skip_building_tests' from command line to 'False'
[1.052s] DEBUG:colcon.colcon_core.verb:Building package 'sprint2' with the following arguments: {'ament_cmake_args': None, 'build_base': '/home/bryan/Workspace/ros2_ws/build/sprint2', 'catkin_cmake_args': None, 'catkin_skip_building_tests': False, 'cmake_args': None, 'cmake_clean_cache': False, 'cmake_clean_first': False, 'cmake_force_configure': False, 'cmake_target': None, 'cmake_target_skip_unavailable': False, 'install_base': '/home/bryan/Workspace/ros2_ws/install/sprint2', 'merge_install': False, 'path': '/home/bryan/Workspace/ros2_ws/sprint2', 'symlink_install': False, 'test_result_base': None}
[1.054s] Level 5:colcon.colcon_core.verb:set package 'tracetools_image_pipeline' build argument 'cmake_args' from command line to 'None'
[1.054s] Level 5:colcon.colcon_core.verb:set package 'tracetools_image_pipeline' build argument 'cmake_target' from command line to 'None'
[1.054s] Level 5:colcon.colcon_core.verb:set package 'tracetools_image_pipeline' build argument 'cmake_target_skip_unavailable' from command line to 'False'
[1.054s] Level 5:colcon.colcon_core.verb:set package 'tracetools_image_pipeline' build argument 'cmake_clean_cache' from command line to 'False'
[1.054s] Level 5:colcon.colcon_core.verb:set package 'tracetools_image_pipeline' build argument 'cmake_clean_first' from command line to 'False'
[1.054s] Level 5:colcon.colcon_core.verb:set package 'tracetools_image_pipeline' build argument 'cmake_force_configure' from command line to 'False'
[1.055s] Level 5:colcon.colcon_core.verb:set package 'tracetools_image_pipeline' build argument 'ament_cmake_args' from command line to 'None'
[1.055s] Level 5:colcon.colcon_core.verb:set package 'tracetools_image_pipeline' build argument 'catkin_cmake_args' from command line to 'None'
[1.055s] Level 5:colcon.colcon_core.verb:set package 'tracetools_image_pipeline' build argument 'catkin_skip_building_tests' from command line to 'False'
[1.055s] DEBUG:colcon.colcon_core.verb:Building package 'tracetools_image_pipeline' with the following arguments: {'ament_cmake_args': None, 'build_base': '/home/bryan/Workspace/ros2_ws/build/tracetools_image_pipeline', 'catkin_cmake_args': None, 'catkin_skip_building_tests': False, 'cmake_args': None, 'cmake_clean_cache': False, 'cmake_clean_first': False, 'cmake_force_configure': False, 'cmake_target': None, 'cmake_target_skip_unavailable': False, 'install_base': '/home/bryan/Workspace/ros2_ws/install/tracetools_image_pipeline', 'merge_install': False, 'path': '/home/bryan/Workspace/ros2_ws/image_pipeline/tracetools_image_pipeline', 'symlink_install': False, 'test_result_base': None}
[1.056s] Level 5:colcon.colcon_core.verb:set package 'camera_calibration' build argument 'cmake_args' from command line to 'None'
[1.056s] Level 5:colcon.colcon_core.verb:set package 'camera_calibration' build argument 'cmake_target' from command line to 'None'
[1.056s] Level 5:colcon.colcon_core.verb:set package 'camera_calibration' build argument 'cmake_target_skip_unavailable' from command line to 'False'
[1.056s] Level 5:colcon.colcon_core.verb:set package 'camera_calibration' build argument 'cmake_clean_cache' from command line to 'False'
[1.056s] Level 5:colcon.colcon_core.verb:set package 'camera_calibration' build argument 'cmake_clean_first' from command line to 'False'
[1.056s] Level 5:colcon.colcon_core.verb:set package 'camera_calibration' build argument 'cmake_force_configure' from command line to 'False'
[1.056s] Level 5:colcon.colcon_core.verb:set package 'camera_calibration' build argument 'ament_cmake_args' from command line to 'None'
[1.056s] Level 5:colcon.colcon_core.verb:set package 'camera_calibration' build argument 'catkin_cmake_args' from command line to 'None'
[1.056s] Level 5:colcon.colcon_core.verb:set package 'camera_calibration' build argument 'catkin_skip_building_tests' from command line to 'False'
[1.056s] DEBUG:colcon.colcon_core.verb:Building package 'camera_calibration' with the following arguments: {'ament_cmake_args': None, 'build_base': '/home/bryan/Workspace/ros2_ws/build/camera_calibration', 'catkin_cmake_args': None, 'catkin_skip_building_tests': False, 'cmake_args': None, 'cmake_clean_cache': False, 'cmake_clean_first': False, 'cmake_force_configure': False, 'cmake_target': None, 'cmake_target_skip_unavailable': False, 'install_base': '/home/bryan/Workspace/ros2_ws/install/camera_calibration', 'merge_install': False, 'path': '/home/bryan/Workspace/ros2_ws/image_pipeline/camera_calibration', 'symlink_install': False, 'test_result_base': None}
[1.057s] Level 5:colcon.colcon_core.verb:set package 'depth_image_proc' build argument 'cmake_args' from command line to 'None'
[1.057s] Level 5:colcon.colcon_core.verb:set package 'depth_image_proc' build argument 'cmake_target' from command line to 'None'
[1.057s] Level 5:colcon.colcon_core.verb:set package 'depth_image_proc' build argument 'cmake_target_skip_unavailable' from command line to 'False'
[1.057s] Level 5:colcon.colcon_core.verb:set package 'depth_image_proc' build argument 'cmake_clean_cache' from command line to 'False'
[1.057s] Level 5:colcon.colcon_core.verb:set package 'depth_image_proc' build argument 'cmake_clean_first' from command line to 'False'
[1.057s] Level 5:colcon.colcon_core.verb:set package 'depth_image_proc' build argument 'cmake_force_configure' from command line to 'False'
[1.058s] Level 5:colcon.colcon_core.verb:set package 'depth_image_proc' build argument 'ament_cmake_args' from command line to 'None'
[1.058s] Level 5:colcon.colcon_core.verb:set package 'depth_image_proc' build argument 'catkin_cmake_args' from command line to 'None'
[1.058s] Level 5:colcon.colcon_core.verb:set package 'depth_image_proc' build argument 'catkin_skip_building_tests' from command line to 'False'
[1.058s] DEBUG:colcon.colcon_core.verb:Building package 'depth_image_proc' with the following arguments: {'ament_cmake_args': None, 'build_base': '/home/bryan/Workspace/ros2_ws/build/depth_image_proc', 'catkin_cmake_args': None, 'catkin_skip_building_tests': False, 'cmake_args': None, 'cmake_clean_cache': False, 'cmake_clean_first': False, 'cmake_force_configure': False, 'cmake_target': None, 'cmake_target_skip_unavailable': False, 'install_base': '/home/bryan/Workspace/ros2_ws/install/depth_image_proc', 'merge_install': False, 'path': '/home/bryan/Workspace/ros2_ws/image_pipeline/depth_image_proc', 'symlink_install': False, 'test_result_base': None}
[1.059s] Level 5:colcon.colcon_core.verb:set package 'image_proc' build argument 'cmake_args' from command line to 'None'
[1.059s] Level 5:colcon.colcon_core.verb:set package 'image_proc' build argument 'cmake_target' from command line to 'None'
[1.059s] Level 5:colcon.colcon_core.verb:set package 'image_proc' build argument 'cmake_target_skip_unavailable' from command line to 'False'
[1.059s] Level 5:colcon.colcon_core.verb:set package 'image_proc' build argument 'cmake_clean_cache' from command line to 'False'
[1.059s] Level 5:colcon.colcon_core.verb:set package 'image_proc' build argument 'cmake_clean_first' from command line to 'False'
[1.059s] Level 5:colcon.colcon_core.verb:set package 'image_proc' build argument 'cmake_force_configure' from command line to 'False'
[1.059s] Level 5:colcon.colcon_core.verb:set package 'image_proc' build argument 'ament_cmake_args' from command line to 'None'
[1.059s] Level 5:colcon.colcon_core.verb:set package 'image_proc' build argument 'catkin_cmake_args' from command line to 'None'
[1.059s] Level 5:colcon.colcon_core.verb:set package 'image_proc' build argument 'catkin_skip_building_tests' from command line to 'False'
[1.059s] DEBUG:colcon.colcon_core.verb:Building package 'image_proc' with the following arguments: {'ament_cmake_args': None, 'build_base': '/home/bryan/Workspace/ros2_ws/build/image_proc', 'catkin_cmake_args': None, 'catkin_skip_building_tests': False, 'cmake_args': None, 'cmake_clean_cache': False, 'cmake_clean_first': False, 'cmake_force_configure': False, 'cmake_target': None, 'cmake_target_skip_unavailable': False, 'install_base': '/home/bryan/Workspace/ros2_ws/install/image_proc', 'merge_install': False, 'path': '/home/bryan/Workspace/ros2_ws/image_pipeline/image_proc', 'symlink_install': False, 'test_result_base': None}
[1.060s] Level 5:colcon.colcon_core.verb:set package 'image_publisher' build argument 'cmake_args' from command line to 'None'
[1.060s] Level 5:colcon.colcon_core.verb:set package 'image_publisher' build argument 'cmake_target' from command line to 'None'
[1.060s] Level 5:colcon.colcon_core.verb:set package 'image_publisher' build argument 'cmake_target_skip_unavailable' from command line to 'False'
[1.061s] Level 5:colcon.colcon_core.verb:set package 'image_publisher' build argument 'cmake_clean_cache' from command line to 'False'
[1.061s] Level 5:colcon.colcon_core.verb:set package 'image_publisher' build argument 'cmake_clean_first' from command line to 'False'
[1.061s] Level 5:colcon.colcon_core.verb:set package 'image_publisher' build argument 'cmake_force_configure' from command line to 'False'
[1.061s] Level 5:colcon.colcon_core.verb:set package 'image_publisher' build argument 'ament_cmake_args' from command line to 'None'
[1.061s] Level 5:colcon.colcon_core.verb:set package 'image_publisher' build argument 'catkin_cmake_args' from command line to 'None'
[1.061s] Level 5:colcon.colcon_core.verb:set package 'image_publisher' build argument 'catkin_skip_building_tests' from command line to 'False'
[1.061s] DEBUG:colcon.colcon_core.verb:Building package 'image_publisher' with the following arguments: {'ament_cmake_args': None, 'build_base': '/home/bryan/Workspace/ros2_ws/build/image_publisher', 'catkin_cmake_args': None, 'catkin_skip_building_tests': False, 'cmake_args': None, 'cmake_clean_cache': False, 'cmake_clean_first': False, 'cmake_force_configure': False, 'cmake_target': None, 'cmake_target_skip_unavailable': False, 'install_base': '/home/bryan/Workspace/ros2_ws/install/image_publisher', 'merge_install': False, 'path': '/home/bryan/Workspace/ros2_ws/image_pipeline/image_publisher', 'symlink_install': False, 'test_result_base': None}
[1.062s] Level 5:colcon.colcon_core.verb:set package 'image_rotate' build argument 'cmake_args' from command line to 'None'
[1.063s] Level 5:colcon.colcon_core.verb:set package 'image_rotate' build argument 'cmake_target' from command line to 'None'
[1.063s] Level 5:colcon.colcon_core.verb:set package 'image_rotate' build argument 'cmake_target_skip_unavailable' from command line to 'False'
[1.063s] Level 5:colcon.colcon_core.verb:set package 'image_rotate' build argument 'cmake_clean_cache' from command line to 'False'
[1.063s] Level 5:colcon.colcon_core.verb:set package 'image_rotate' build argument 'cmake_clean_first' from command line to 'False'
[1.063s] Level 5:colcon.colcon_core.verb:set package 'image_rotate' build argument 'cmake_force_configure' from command line to 'False'
[1.063s] Level 5:colcon.colcon_core.verb:set package 'image_rotate' build argument 'ament_cmake_args' from command line to 'None'
[1.063s] Level 5:colcon.colcon_core.verb:set package 'image_rotate' build argument 'catkin_cmake_args' from command line to 'None'
[1.063s] Level 5:colcon.colcon_core.verb:set package 'image_rotate' build argument 'catkin_skip_building_tests' from command line to 'False'
[1.064s] DEBUG:colcon.colcon_core.verb:Building package 'image_rotate' with the following arguments: {'ament_cmake_args': None, 'build_base': '/home/bryan/Workspace/ros2_ws/build/image_rotate', 'catkin_cmake_args': None, 'catkin_skip_building_tests': False, 'cmake_args': None, 'cmake_clean_cache': False, 'cmake_clean_first': False, 'cmake_force_configure': False, 'cmake_target': None, 'cmake_target_skip_unavailable': False, 'install_base': '/home/bryan/Workspace/ros2_ws/install/image_rotate', 'merge_install': False, 'path': '/home/bryan/Workspace/ros2_ws/image_pipeline/image_rotate', 'symlink_install': False, 'test_result_base': None}
[1.065s] Level 5:colcon.colcon_core.verb:set package 'image_view' build argument 'cmake_args' from command line to 'None'
[1.066s] Level 5:colcon.colcon_core.verb:set package 'image_view' build argument 'cmake_target' from command line to 'None'
[1.066s] Level 5:colcon.colcon_core.verb:set package 'image_view' build argument 'cmake_target_skip_unavailable' from command line to 'False'
[1.066s] Level 5:colcon.colcon_core.verb:set package 'image_view' build argument 'cmake_clean_cache' from command line to 'False'
[1.066s] Level 5:colcon.colcon_core.verb:set package 'image_view' build argument 'cmake_clean_first' from command line to 'False'
[1.066s] Level 5:colcon.colcon_core.verb:set package 'image_view' build argument 'cmake_force_configure' from command line to 'False'
[1.066s] Level 5:colcon.colcon_core.verb:set package 'image_view' build argument 'ament_cmake_args' from command line to 'None'
[1.066s] Level 5:colcon.colcon_core.verb:set package 'image_view' build argument 'catkin_cmake_args' from command line to 'None'
[1.066s] Level 5:colcon.colcon_core.verb:set package 'image_view' build argument 'catkin_skip_building_tests' from command line to 'False'
[1.066s] DEBUG:colcon.colcon_core.verb:Building package 'image_view' with the following arguments: {'ament_cmake_args': None, 'build_base': '/home/bryan/Workspace/ros2_ws/build/image_view', 'catkin_cmake_args': None, 'catkin_skip_building_tests': False, 'cmake_args': None, 'cmake_clean_cache': False, 'cmake_clean_first': False, 'cmake_force_configure': False, 'cmake_target': None, 'cmake_target_skip_unavailable': False, 'install_base': '/home/bryan/Workspace/ros2_ws/install/image_view', 'merge_install': False, 'path': '/home/bryan/Workspace/ros2_ws/image_pipeline/image_view', 'symlink_install': False, 'test_result_base': None}
[1.067s] Level 5:colcon.colcon_core.verb:set package 'opencv_tests' build argument 'cmake_args' from command line to 'None'
[1.069s] Level 5:colcon.colcon_core.verb:set package 'opencv_tests' build argument 'cmake_target' from command line to 'None'
[1.070s] Level 5:colcon.colcon_core.verb:set package 'opencv_tests' build argument 'cmake_target_skip_unavailable' from command line to 'False'
[1.070s] Level 5:colcon.colcon_core.verb:set package 'opencv_tests' build argument 'cmake_clean_cache' from command line to 'False'
[1.070s] Level 5:colcon.colcon_core.verb:set package 'opencv_tests' build argument 'cmake_clean_first' from command line to 'False'
[1.070s] Level 5:colcon.colcon_core.verb:set package 'opencv_tests' build argument 'cmake_force_configure' from command line to 'False'
[1.070s] Level 5:colcon.colcon_core.verb:set package 'opencv_tests' build argument 'ament_cmake_args' from command line to 'None'
[1.070s] Level 5:colcon.colcon_core.verb:set package 'opencv_tests' build argument 'catkin_cmake_args' from command line to 'None'
[1.070s] Level 5:colcon.colcon_core.verb:set package 'opencv_tests' build argument 'catkin_skip_building_tests' from command line to 'False'
[1.070s] DEBUG:colcon.colcon_core.verb:Building package 'opencv_tests' with the following arguments: {'ament_cmake_args': None, 'build_base': '/home/bryan/Workspace/ros2_ws/build/opencv_tests', 'catkin_cmake_args': None, 'catkin_skip_building_tests': False, 'cmake_args': None, 'cmake_clean_cache': False, 'cmake_clean_first': False, 'cmake_force_configure': False, 'cmake_target': None, 'cmake_target_skip_unavailable': False, 'install_base': '/home/bryan/Workspace/ros2_ws/install/opencv_tests', 'merge_install': False, 'path': '/home/bryan/Workspace/ros2_ws/src/vision_opencv/opencv_tests', 'symlink_install': False, 'test_result_base': None}
[1.072s] Level 5:colcon.colcon_core.verb:set package 'vision_opencv' build argument 'cmake_args' from command line to 'None'
[1.072s] Level 5:colcon.colcon_core.verb:set package 'vision_opencv' build argument 'cmake_target' from command line to 'None'
[1.072s] Level 5:colcon.colcon_core.verb:set package 'vision_opencv' build argument 'cmake_target_skip_unavailable' from command line to 'False'
[1.072s] Level 5:colcon.colcon_core.verb:set package 'vision_opencv' build argument 'cmake_clean_cache' from command line to 'False'
[1.072s] Level 5:colcon.colcon_core.verb:set package 'vision_opencv' build argument 'cmake_clean_first' from command line to 'False'
[1.072s] Level 5:colcon.colcon_core.verb:set package 'vision_opencv' build argument 'cmake_force_configure' from command line to 'False'
[1.073s] Level 5:colcon.colcon_core.verb:set package 'vision_opencv' build argument 'ament_cmake_args' from command line to 'None'
[1.073s] Level 5:colcon.colcon_core.verb:set package 'vision_opencv' build argument 'catkin_cmake_args' from command line to 'None'
[1.073s] Level 5:colcon.colcon_core.verb:set package 'vision_opencv' build argument 'catkin_skip_building_tests' from command line to 'False'
[1.073s] DEBUG:colcon.colcon_core.verb:Building package 'vision_opencv' with the following arguments: {'ament_cmake_args': None, 'build_base': '/home/bryan/Workspace/ros2_ws/build/vision_opencv', 'catkin_cmake_args': None, 'catkin_skip_building_tests': False, 'cmake_args': None, 'cmake_clean_cache': False, 'cmake_clean_first': False, 'cmake_force_configure': False, 'cmake_target': None, 'cmake_target_skip_unavailable': False, 'install_base': '/home/bryan/Workspace/ros2_ws/install/vision_opencv', 'merge_install': False, 'path': '/home/bryan/Workspace/ros2_ws/src/vision_opencv/vision_opencv', 'symlink_install': False, 'test_result_base': None}
[1.074s] Level 5:colcon.colcon_core.verb:set package 'stereo_image_proc' build argument 'cmake_args' from command line to 'None'
[1.075s] Level 5:colcon.colcon_core.verb:set package 'stereo_image_proc' build argument 'cmake_target' from command line to 'None'
[1.075s] Level 5:colcon.colcon_core.verb:set package 'stereo_image_proc' build argument 'cmake_target_skip_unavailable' from command line to 'False'
[1.075s] Level 5:colcon.colcon_core.verb:set package 'stereo_image_proc' build argument 'cmake_clean_cache' from command line to 'False'
[1.075s] Level 5:colcon.colcon_core.verb:set package 'stereo_image_proc' build argument 'cmake_clean_first' from command line to 'False'
[1.075s] Level 5:colcon.colcon_core.verb:set package 'stereo_image_proc' build argument 'cmake_force_configure' from command line to 'False'
[1.075s] Level 5:colcon.colcon_core.verb:set package 'stereo_image_proc' build argument 'ament_cmake_args' from command line to 'None'
[1.075s] Level 5:colcon.colcon_core.verb:set package 'stereo_image_proc' build argument 'catkin_cmake_args' from command line to 'None'
[1.075s] Level 5:colcon.colcon_core.verb:set package 'stereo_image_proc' build argument 'catkin_skip_building_tests' from command line to 'False'
[1.075s] DEBUG:colcon.colcon_core.verb:Building package 'stereo_image_proc' with the following arguments: {'ament_cmake_args': None, 'build_base': '/home/bryan/Workspace/ros2_ws/build/stereo_image_proc', 'catkin_cmake_args': None, 'catkin_skip_building_tests': False, 'cmake_args': None, 'cmake_clean_cache': False, 'cmake_clean_first': False, 'cmake_force_configure': False, 'cmake_target': None, 'cmake_target_skip_unavailable': False, 'install_base': '/home/bryan/Workspace/ros2_ws/install/stereo_image_proc', 'merge_install': False, 'path': '/home/bryan/Workspace/ros2_ws/image_pipeline/stereo_image_proc', 'symlink_install': False, 'test_result_base': None}
[1.077s] Level 5:colcon.colcon_core.verb:set package 'image_pipeline' build argument 'cmake_args' from command line to 'None'
[1.077s] Level 5:colcon.colcon_core.verb:set package 'image_pipeline' build argument 'cmake_target' from command line to 'None'
[1.077s] Level 5:colcon.colcon_core.verb:set package 'image_pipeline' build argument 'cmake_target_skip_unavailable' from command line to 'False'
[1.077s] Level 5:colcon.colcon_core.verb:set package 'image_pipeline' build argument 'cmake_clean_cache' from command line to 'False'
[1.077s] Level 5:colcon.colcon_core.verb:set package 'image_pipeline' build argument 'cmake_clean_first' from command line to 'False'
[1.077s] Level 5:colcon.colcon_core.verb:set package 'image_pipeline' build argument 'cmake_force_configure' from command line to 'False'
[1.077s] Level 5:colcon.colcon_core.verb:set package 'image_pipeline' build argument 'ament_cmake_args' from command line to 'None'
[1.077s] Level 5:colcon.colcon_core.verb:set package 'image_pipeline' build argument 'catkin_cmake_args' from command line to 'None'
[1.077s] Level 5:colcon.colcon_core.verb:set package 'image_pipeline' build argument 'catkin_skip_building_tests' from command line to 'False'
[1.077s] DEBUG:colcon.colcon_core.verb:Building package 'image_pipeline' with the following arguments: {'ament_cmake_args': None, 'build_base': '/home/bryan/Workspace/ros2_ws/build/image_pipeline', 'catkin_cmake_args': None, 'catkin_skip_building_tests': False, 'cmake_args': None, 'cmake_clean_cache': False, 'cmake_clean_first': False, 'cmake_force_configure': False, 'cmake_target': None, 'cmake_target_skip_unavailable': False, 'install_base': '/home/bryan/Workspace/ros2_ws/install/image_pipeline', 'merge_install': False, 'path': '/home/bryan/Workspace/ros2_ws/image_pipeline/image_pipeline', 'symlink_install': False, 'test_result_base': None}
[1.078s] INFO:colcon.colcon_core.executor:Executing jobs using 'parallel' executor
[1.083s] DEBUG:colcon.colcon_parallel_executor.executor.parallel:run_until_complete
[1.087s] INFO:colcon.colcon_ros.task.ament_cmake.build:Building ROS package in '/home/bryan/Workspace/ros2_ws/src/vision_opencv/cv_bridge' with build type 'ament_cmake'
[1.087s] INFO:colcon.colcon_cmake.task.cmake.build:Building CMake package in '/home/bryan/Workspace/ros2_ws/src/vision_opencv/cv_bridge'
[1.108s] INFO:colcon.colcon_core.plugin_system:Skipping extension 'colcon_core.shell.bat': Not used on non-Windows systems
[1.127s] INFO:colcon.colcon_core.shell:Skip shell extension 'powershell' for command environment: Not usable outside of PowerShell
[1.127s] DEBUG:colcon.colcon_core.shell:Skip shell extension 'dsv' for command environment
[1.153s] INFO:colcon.colcon_ros.task.ament_cmake.build:Building ROS package in '/home/bryan/Workspace/ros2_ws/src/vision_opencv/image_geometry' with build type 'ament_cmake'
[1.154s] INFO:colcon.colcon_cmake.task.cmake.build:Building CMake package in '/home/bryan/Workspace/ros2_ws/src/vision_opencv/image_geometry'
[1.155s] INFO:colcon.colcon_core.shell:Skip shell extension 'powershell' for command environment: Not usable outside of PowerShell
[1.159s] DEBUG:colcon.colcon_core.shell:Skip shell extension 'dsv' for command environment
[1.210s] INFO:colcon.colcon_ros.task.ament_cmake.build:Building ROS package in '/home/bryan/Workspace/ros2_ws/image_pipeline/tracetools_image_pipeline' with build type 'ament_cmake'
[1.211s] INFO:colcon.colcon_cmake.task.cmake.build:Building CMake package in '/home/bryan/Workspace/ros2_ws/image_pipeline/tracetools_image_pipeline'
[1.215s] INFO:colcon.colcon_core.shell:Skip shell extension 'powershell' for command environment: Not usable outside of PowerShell
[1.219s] DEBUG:colcon.colcon_core.shell:Skip shell extension 'dsv' for command environment
[1.319s] DEBUG:colcon.colcon_core.event_handler.log_command:Invoking command in '/home/bryan/Workspace/ros2_ws/build/cv_bridge': CMAKE_PREFIX_PATH=${CMAKE_PREFIX_PATH}:/home/bryan/Workspace/ros2_ws/install/sprint2:/home/bryan/Workspace/ros2_ws/install/launch_testing_examples:/home/bryan/Workspace/ros2_ws/install/image_converter:/home/bryan/Workspace/ros2_ws/install/first_package:/home/bryan/Workspace/ros2_ws/install/examples_rclpy_pointcloud_publisher:/home/bryan/Workspace/ros2_ws/install/examples_rclpy_minimal_subscriber:/home/bryan/Workspace/ros2_ws/install/examples_rclpy_minimal_service:/home/bryan/Workspace/ros2_ws/install/examples_rclpy_minimal_publisher:/home/bryan/Workspace/ros2_ws/install/examples_rclpy_minimal_client:/home/bryan/Workspace/ros2_ws/install/examples_rclpy_minimal_action_server:/home/bryan/Workspace/ros2_ws/install/examples_rclpy_minimal_action_client:/home/bryan/Workspace/ros2_ws/install/examples_rclpy_guard_conditions:/home/bryan/Workspace/ros2_ws/install/examples_rclpy_executors:/home/bryan/Workspace/ros2_ws/install/camera_calibration:/opt/ros/humble /usr/bin/cmake --build /home/bryan/Workspace/ros2_ws/build/cv_bridge -- -j3 -l3
[1.413s] DEBUG:colcon.colcon_core.event_handler.log_command:Invoking command in '/home/bryan/Workspace/ros2_ws/build/image_geometry': CMAKE_PREFIX_PATH=${CMAKE_PREFIX_PATH}:/home/bryan/Workspace/ros2_ws/install/sprint2:/home/bryan/Workspace/ros2_ws/install/launch_testing_examples:/home/bryan/Workspace/ros2_ws/install/image_converter:/home/bryan/Workspace/ros2_ws/install/first_package:/home/bryan/Workspace/ros2_ws/install/examples_rclpy_pointcloud_publisher:/home/bryan/Workspace/ros2_ws/install/examples_rclpy_minimal_subscriber:/home/bryan/Workspace/ros2_ws/install/examples_rclpy_minimal_service:/home/bryan/Workspace/ros2_ws/install/examples_rclpy_minimal_publisher:/home/bryan/Workspace/ros2_ws/install/examples_rclpy_minimal_client:/home/bryan/Workspace/ros2_ws/install/examples_rclpy_minimal_action_server:/home/bryan/Workspace/ros2_ws/install/examples_rclpy_minimal_action_client:/home/bryan/Workspace/ros2_ws/install/examples_rclpy_guard_conditions:/home/bryan/Workspace/ros2_ws/install/examples_rclpy_executors:/home/bryan/Workspace/ros2_ws/install/camera_calibration:/opt/ros/humble /usr/bin/cmake --build /home/bryan/Workspace/ros2_ws/build/image_geometry -- -j3 -l3
[1.467s] DEBUG:colcon.colcon_core.event_handler.log_command:Invoking command in '/home/bryan/Workspace/ros2_ws/build/tracetools_image_pipeline': CMAKE_PREFIX_PATH=${CMAKE_PREFIX_PATH}:/home/bryan/Workspace/ros2_ws/install/sprint2:/home/bryan/Workspace/ros2_ws/install/launch_testing_examples:/home/bryan/Workspace/ros2_ws/install/image_converter:/home/bryan/Workspace/ros2_ws/install/first_package:/home/bryan/Workspace/ros2_ws/install/examples_rclpy_pointcloud_publisher:/home/bryan/Workspace/ros2_ws/install/examples_rclpy_minimal_subscriber:/home/bryan/Workspace/ros2_ws/install/examples_rclpy_minimal_service:/home/bryan/Workspace/ros2_ws/install/examples_rclpy_minimal_publisher:/home/bryan/Workspace/ros2_ws/install/examples_rclpy_minimal_client:/home/bryan/Workspace/ros2_ws/install/examples_rclpy_minimal_action_server:/home/bryan/Workspace/ros2_ws/install/examples_rclpy_minimal_action_client:/home/bryan/Workspace/ros2_ws/install/examples_rclpy_guard_conditions:/home/bryan/Workspace/ros2_ws/install/examples_rclpy_executors:/home/bryan/Workspace/ros2_ws/install/camera_calibration:/opt/ros/humble /usr/bin/cmake --build /home/bryan/Workspace/ros2_ws/build/tracetools_image_pipeline -- -j3 -l3
[2.236s] DEBUG:colcon.colcon_core.event_handler.log_command:Invoked command in '/home/bryan/Workspace/ros2_ws/build/tracetools_image_pipeline' returned '0': CMAKE_PREFIX_PATH=${CMAKE_PREFIX_PATH}:/home/bryan/Workspace/ros2_ws/install/sprint2:/home/bryan/Workspace/ros2_ws/install/launch_testing_examples:/home/bryan/Workspace/ros2_ws/install/image_converter:/home/bryan/Workspace/ros2_ws/install/first_package:/home/bryan/Workspace/ros2_ws/install/examples_rclpy_pointcloud_publisher:/home/bryan/Workspace/ros2_ws/install/examples_rclpy_minimal_subscriber:/home/bryan/Workspace/ros2_ws/install/examples_rclpy_minimal_service:/home/bryan/Workspace/ros2_ws/install/examples_rclpy_minimal_publisher:/home/bryan/Workspace/ros2_ws/install/examples_rclpy_minimal_client:/home/bryan/Workspace/ros2_ws/install/examples_rclpy_minimal_action_server:/home/bryan/Workspace/ros2_ws/install/examples_rclpy_minimal_action_client:/home/bryan/Workspace/ros2_ws/install/examples_rclpy_guard_conditions:/home/bryan/Workspace/ros2_ws/install/examples_rclpy_executors:/home/bryan/Workspace/ros2_ws/install/camera_calibration:/opt/ros/humble /usr/bin/cmake --build /home/bryan/Workspace/ros2_ws/build/tracetools_image_pipeline -- -j3 -l3
[2.238s] DEBUG:colcon.colcon_core.event_handler.log_command:Invoking command in '/home/bryan/Workspace/ros2_ws/build/tracetools_image_pipeline': CMAKE_PREFIX_PATH=${CMAKE_PREFIX_PATH}:/home/bryan/Workspace/ros2_ws/install/sprint2:/home/bryan/Workspace/ros2_ws/install/launch_testing_examples:/home/bryan/Workspace/ros2_ws/install/image_converter:/home/bryan/Workspace/ros2_ws/install/first_package:/home/bryan/Workspace/ros2_ws/install/examples_rclpy_pointcloud_publisher:/home/bryan/Workspace/ros2_ws/install/examples_rclpy_minimal_subscriber:/home/bryan/Workspace/ros2_ws/install/examples_rclpy_minimal_service:/home/bryan/Workspace/ros2_ws/install/examples_rclpy_minimal_publisher:/home/bryan/Workspace/ros2_ws/install/examples_rclpy_minimal_client:/home/bryan/Workspace/ros2_ws/install/examples_rclpy_minimal_action_server:/home/bryan/Workspace/ros2_ws/install/examples_rclpy_minimal_action_client:/home/bryan/Workspace/ros2_ws/install/examples_rclpy_guard_conditions:/home/bryan/Workspace/ros2_ws/install/examples_rclpy_executors:/home/bryan/Workspace/ros2_ws/install/camera_calibration:/opt/ros/humble /usr/bin/cmake --install /home/bryan/Workspace/ros2_ws/build/tracetools_image_pipeline
[2.367s] Level 1:colcon.colcon_core.environment:create_environment_scripts_only(tracetools_image_pipeline)
[2.388s] Level 1:colcon.colcon_core.environment:checking '/home/bryan/Workspace/ros2_ws/install/tracetools_image_pipeline' for CMake module files
[2.390s] DEBUG:colcon.colcon_core.event_handler.log_command:Invoked command in '/home/bryan/Workspace/ros2_ws/build/tracetools_image_pipeline' returned '0': CMAKE_PREFIX_PATH=${CMAKE_PREFIX_PATH}:/home/bryan/Workspace/ros2_ws/install/sprint2:/home/bryan/Workspace/ros2_ws/install/launch_testing_examples:/home/bryan/Workspace/ros2_ws/install/image_converter:/home/bryan/Workspace/ros2_ws/install/first_package:/home/bryan/Workspace/ros2_ws/install/examples_rclpy_pointcloud_publisher:/home/bryan/Workspace/ros2_ws/install/examples_rclpy_minimal_subscriber:/home/bryan/Workspace/ros2_ws/install/examples_rclpy_minimal_service:/home/bryan/Workspace/ros2_ws/install/examples_rclpy_minimal_publisher:/home/bryan/Workspace/ros2_ws/install/examples_rclpy_minimal_client:/home/bryan/Workspace/ros2_ws/install/examples_rclpy_minimal_action_server:/home/bryan/Workspace/ros2_ws/install/examples_rclpy_minimal_action_client:/home/bryan/Workspace/ros2_ws/install/examples_rclpy_guard_conditions:/home/bryan/Workspace/ros2_ws/install/examples_rclpy_executors:/home/bryan/Workspace/ros2_ws/install/camera_calibration:/opt/ros/humble /usr/bin/cmake --install /home/bryan/Workspace/ros2_ws/build/tracetools_image_pipeline
[2.394s] Level 1:colcon.colcon_core.environment:checking '/home/bryan/Workspace/ros2_ws/install/tracetools_image_pipeline' for CMake config files
[2.395s] Level 1:colcon.colcon_core.shell:create_environment_hook('tracetools_image_pipeline', 'cmake_prefix_path')
[2.395s] INFO:colcon.colcon_core.shell:Creating environment hook '/home/bryan/Workspace/ros2_ws/install/tracetools_image_pipeline/share/tracetools_image_pipeline/hook/cmake_prefix_path.ps1'
[2.445s] INFO:colcon.colcon_core.shell:Creating environment descriptor '/home/bryan/Workspace/ros2_ws/install/tracetools_image_pipeline/share/tracetools_image_pipeline/hook/cmake_prefix_path.dsv'
[2.453s] INFO:colcon.colcon_core.shell:Creating environment hook '/home/bryan/Workspace/ros2_ws/install/tracetools_image_pipeline/share/tracetools_image_pipeline/hook/cmake_prefix_path.sh'
[2.467s] Level 1:colcon.colcon_core.environment:checking '/home/bryan/Workspace/ros2_ws/install/tracetools_image_pipeline/lib'
[2.468s] Level 1:colcon.colcon_core.shell:create_environment_hook('tracetools_image_pipeline', 'ld_library_path_lib')
[2.468s] INFO:colcon.colcon_core.shell:Creating environment hook '/home/bryan/Workspace/ros2_ws/install/tracetools_image_pipeline/share/tracetools_image_pipeline/hook/ld_library_path_lib.ps1'
[2.471s] INFO:colcon.colcon_core.shell:Creating environment descriptor '/home/bryan/Workspace/ros2_ws/install/tracetools_image_pipeline/share/tracetools_image_pipeline/hook/ld_library_path_lib.dsv'
[2.474s] INFO:colcon.colcon_core.shell:Creating environment hook '/home/bryan/Workspace/ros2_ws/install/tracetools_image_pipeline/share/tracetools_image_pipeline/hook/ld_library_path_lib.sh'
[2.513s] Level 1:colcon.colcon_core.environment:checking '/home/bryan/Workspace/ros2_ws/install/tracetools_image_pipeline/bin'
[2.513s] Level 1:colcon.colcon_core.environment:checking '/home/bryan/Workspace/ros2_ws/install/tracetools_image_pipeline/lib/pkgconfig/tracetools_image_pipeline.pc'
[2.517s] Level 1:colcon.colcon_core.environment:checking '/home/bryan/Workspace/ros2_ws/install/tracetools_image_pipeline/lib/python3.10/site-packages'
[2.518s] Level 1:colcon.colcon_core.environment:checking '/home/bryan/Workspace/ros2_ws/install/tracetools_image_pipeline/bin'
[2.519s] INFO:colcon.colcon_core.shell:Creating package script '/home/bryan/Workspace/ros2_ws/install/tracetools_image_pipeline/share/tracetools_image_pipeline/package.ps1'
[2.523s] INFO:colcon.colcon_core.shell:Creating package descriptor '/home/bryan/Workspace/ros2_ws/install/tracetools_image_pipeline/share/tracetools_image_pipeline/package.dsv'
[2.525s] INFO:colcon.colcon_core.shell:Creating package script '/home/bryan/Workspace/ros2_ws/install/tracetools_image_pipeline/share/tracetools_image_pipeline/package.sh'
[2.530s] INFO:colcon.colcon_core.shell:Creating package script '/home/bryan/Workspace/ros2_ws/install/tracetools_image_pipeline/share/tracetools_image_pipeline/package.bash'
[2.533s] INFO:colcon.colcon_core.shell:Creating package script '/home/bryan/Workspace/ros2_ws/install/tracetools_image_pipeline/share/tracetools_image_pipeline/package.zsh'
[2.536s] Level 1:colcon.colcon_core.environment:create_file_with_runtime_dependencies(/home/bryan/Workspace/ros2_ws/install/tracetools_image_pipeline/share/colcon-core/packages/tracetools_image_pipeline)
[2.538s] Level 1:colcon.colcon_core.environment:create_environment_scripts_only(tracetools_image_pipeline)
[2.538s] Level 1:colcon.colcon_core.environment:checking '/home/bryan/Workspace/ros2_ws/install/tracetools_image_pipeline' for CMake module files
[2.539s] Level 1:colcon.colcon_core.environment:checking '/home/bryan/Workspace/ros2_ws/install/tracetools_image_pipeline' for CMake config files
[2.539s] Level 1:colcon.colcon_core.shell:create_environment_hook('tracetools_image_pipeline', 'cmake_prefix_path')
[2.540s] INFO:colcon.colcon_core.shell:Creating environment hook '/home/bryan/Workspace/ros2_ws/install/tracetools_image_pipeline/share/tracetools_image_pipeline/hook/cmake_prefix_path.ps1'
[2.542s] INFO:colcon.colcon_core.shell:Creating environment descriptor '/home/bryan/Workspace/ros2_ws/install/tracetools_image_pipeline/share/tracetools_image_pipeline/hook/cmake_prefix_path.dsv'
[2.544s] INFO:colcon.colcon_core.shell:Creating environment hook '/home/bryan/Workspace/ros2_ws/install/tracetools_image_pipeline/share/tracetools_image_pipeline/hook/cmake_prefix_path.sh'
[2.546s] Level 1:colcon.colcon_core.environment:checking '/home/bryan/Workspace/ros2_ws/install/tracetools_image_pipeline/lib'
[2.547s] Level 1:colcon.colcon_core.shell:create_environment_hook('tracetools_image_pipeline', 'ld_library_path_lib')
[2.547s] INFO:colcon.colcon_core.shell:Creating environment hook '/home/bryan/Workspace/ros2_ws/install/tracetools_image_pipeline/share/tracetools_image_pipeline/hook/ld_library_path_lib.ps1'
[2.549s] INFO:colcon.colcon_core.shell:Creating environment descriptor '/home/bryan/Workspace/ros2_ws/install/tracetools_image_pipeline/share/tracetools_image_pipeline/hook/ld_library_path_lib.dsv'
[2.551s] INFO:colcon.colcon_core.shell:Creating environment hook '/home/bryan/Workspace/ros2_ws/install/tracetools_image_pipeline/share/tracetools_image_pipeline/hook/ld_library_path_lib.sh'
[2.552s] Level 1:colcon.colcon_core.environment:checking '/home/bryan/Workspace/ros2_ws/install/tracetools_image_pipeline/bin'
[2.553s] Level 1:colcon.colcon_core.environment:checking '/home/bryan/Workspace/ros2_ws/install/tracetools_image_pipeline/lib/pkgconfig/tracetools_image_pipeline.pc'
[2.553s] Level 1:colcon.colcon_core.environment:checking '/home/bryan/Workspace/ros2_ws/install/tracetools_image_pipeline/lib/python3.10/site-packages'
[2.554s] Level 1:colcon.colcon_core.environment:checking '/home/bryan/Workspace/ros2_ws/install/tracetools_image_pipeline/bin'
[2.555s] INFO:colcon.colcon_core.shell:Creating package script '/home/bryan/Workspace/ros2_ws/install/tracetools_image_pipeline/share/tracetools_image_pipeline/package.ps1'
[2.556s] INFO:colcon.colcon_core.shell:Creating package descriptor '/home/bryan/Workspace/ros2_ws/install/tracetools_image_pipeline/share/tracetools_image_pipeline/package.dsv'
[2.559s] INFO:colcon.colcon_core.shell:Creating package script '/home/bryan/Workspace/ros2_ws/install/tracetools_image_pipeline/share/tracetools_image_pipeline/package.sh'
[2.561s] INFO:colcon.colcon_core.shell:Creating package script '/home/bryan/Workspace/ros2_ws/install/tracetools_image_pipeline/share/tracetools_image_pipeline/package.bash'
[2.564s] INFO:colcon.colcon_core.shell:Creating package script '/home/bryan/Workspace/ros2_ws/install/tracetools_image_pipeline/share/tracetools_image_pipeline/package.zsh'
[2.571s] Level 1:colcon.colcon_core.environment:create_file_with_runtime_dependencies(/home/bryan/Workspace/ros2_ws/install/tracetools_image_pipeline/share/colcon-core/packages/tracetools_image_pipeline)
[2.586s] INFO:colcon.colcon_ros.task.ament_cmake.build:Building ROS package in '/home/bryan/Workspace/ros2_ws/src/examples/rclcpp/services/async_client' with build type 'ament_cmake'
[2.587s] INFO:colcon.colcon_cmake.task.cmake.build:Building CMake package in '/home/bryan/Workspace/ros2_ws/src/examples/rclcpp/services/async_client'
[2.587s] INFO:colcon.colcon_core.shell:Skip shell extension 'powershell' for command environment: Not usable outside of PowerShell
[2.587s] DEBUG:colcon.colcon_core.shell:Skip shell extension 'dsv' for command environment
[2.813s] DEBUG:colcon.colcon_core.event_handler.log_command:Invoking command in '/home/bryan/Workspace/ros2_ws/build/examples_rclcpp_async_client': CMAKE_PREFIX_PATH=${CMAKE_PREFIX_PATH}:/home/bryan/Workspace/ros2_ws/install/sprint2:/home/bryan/Workspace/ros2_ws/install/launch_testing_examples:/home/bryan/Workspace/ros2_ws/install/image_converter:/home/bryan/Workspace/ros2_ws/install/first_package:/home/bryan/Workspace/ros2_ws/install/examples_rclpy_pointcloud_publisher:/home/bryan/Workspace/ros2_ws/install/examples_rclpy_minimal_subscriber:/home/bryan/Workspace/ros2_ws/install/examples_rclpy_minimal_service:/home/bryan/Workspace/ros2_ws/install/examples_rclpy_minimal_publisher:/home/bryan/Workspace/ros2_ws/install/examples_rclpy_minimal_client:/home/bryan/Workspace/ros2_ws/install/examples_rclpy_minimal_action_server:/home/bryan/Workspace/ros2_ws/install/examples_rclpy_minimal_action_client:/home/bryan/Workspace/ros2_ws/install/examples_rclpy_guard_conditions:/home/bryan/Workspace/ros2_ws/install/examples_rclpy_executors:/home/bryan/Workspace/ros2_ws/install/camera_calibration:/opt/ros/humble /usr/bin/cmake --build /home/bryan/Workspace/ros2_ws/build/examples_rclcpp_async_client -- -j3 -l3
[3.079s] DEBUG:colcon.colcon_core.event_handler.log_command:Invoked command in '/home/bryan/Workspace/ros2_ws/build/examples_rclcpp_async_client' returned '0': CMAKE_PREFIX_PATH=${CMAKE_PREFIX_PATH}:/home/bryan/Workspace/ros2_ws/install/sprint2:/home/bryan/Workspace/ros2_ws/install/launch_testing_examples:/home/bryan/Workspace/ros2_ws/install/image_converter:/home/bryan/Workspace/ros2_ws/install/first_package:/home/bryan/Workspace/ros2_ws/install/examples_rclpy_pointcloud_publisher:/home/bryan/Workspace/ros2_ws/install/examples_rclpy_minimal_subscriber:/home/bryan/Workspace/ros2_ws/install/examples_rclpy_minimal_service:/home/bryan/Workspace/ros2_ws/install/examples_rclpy_minimal_publisher:/home/bryan/Workspace/ros2_ws/install/examples_rclpy_minimal_client:/home/bryan/Workspace/ros2_ws/install/examples_rclpy_minimal_action_server:/home/bryan/Workspace/ros2_ws/install/examples_rclpy_minimal_action_client:/home/bryan/Workspace/ros2_ws/install/examples_rclpy_guard_conditions:/home/bryan/Workspace/ros2_ws/install/examples_rclpy_executors:/home/bryan/Workspace/ros2_ws/install/camera_calibration:/opt/ros/humble /usr/bin/cmake --build /home/bryan/Workspace/ros2_ws/build/examples_rclcpp_async_client -- -j3 -l3
[3.131s] DEBUG:colcon.colcon_core.event_handler.log_command:Invoking command in '/home/bryan/Workspace/ros2_ws/build/examples_rclcpp_async_client': CMAKE_PREFIX_PATH=${CMAKE_PREFIX_PATH}:/home/bryan/Workspace/ros2_ws/install/sprint2:/home/bryan/Workspace/ros2_ws/install/launch_testing_examples:/home/bryan/Workspace/ros2_ws/install/image_converter:/home/bryan/Workspace/ros2_ws/install/first_package:/home/bryan/Workspace/ros2_ws/install/examples_rclpy_pointcloud_publisher:/home/bryan/Workspace/ros2_ws/install/examples_rclpy_minimal_subscriber:/home/bryan/Workspace/ros2_ws/install/examples_rclpy_minimal_service:/home/bryan/Workspace/ros2_ws/install/examples_rclpy_minimal_publisher:/home/bryan/Workspace/ros2_ws/install/examples_rclpy_minimal_client:/home/bryan/Workspace/ros2_ws/install/examples_rclpy_minimal_action_server:/home/bryan/Workspace/ros2_ws/install/examples_rclpy_minimal_action_client:/home/bryan/Workspace/ros2_ws/install/examples_rclpy_guard_conditions:/home/bryan/Workspace/ros2_ws/install/examples_rclpy_executors:/home/bryan/Workspace/ros2_ws/install/camera_calibration:/opt/ros/humble /usr/bin/cmake --install /home/bryan/Workspace/ros2_ws/build/examples_rclcpp_async_client
[3.219s] Level 1:colcon.colcon_core.environment:create_environment_scripts_only(examples_rclcpp_async_client)
[3.221s] Level 1:colcon.colcon_core.environment:checking '/home/bryan/Workspace/ros2_ws/install/examples_rclcpp_async_client' for CMake module files
[3.220s] DEBUG:colcon.colcon_core.event_handler.log_command:Invoked command in '/home/bryan/Workspace/ros2_ws/build/examples_rclcpp_async_client' returned '0': CMAKE_PREFIX_PATH=${CMAKE_PREFIX_PATH}:/home/bryan/Workspace/ros2_ws/install/sprint2:/home/bryan/Workspace/ros2_ws/install/launch_testing_examples:/home/bryan/Workspace/ros2_ws/install/image_converter:/home/bryan/Workspace/ros2_ws/install/first_package:/home/bryan/Workspace/ros2_ws/install/examples_rclpy_pointcloud_publisher:/home/bryan/Workspace/ros2_ws/install/examples_rclpy_minimal_subscriber:/home/bryan/Workspace/ros2_ws/install/examples_rclpy_minimal_service:/home/bryan/Workspace/ros2_ws/install/examples_rclpy_minimal_publisher:/home/bryan/Workspace/ros2_ws/install/examples_rclpy_minimal_client:/home/bryan/Workspace/ros2_ws/install/examples_rclpy_minimal_action_server:/home/bryan/Workspace/ros2_ws/install/examples_rclpy_minimal_action_client:/home/bryan/Workspace/ros2_ws/install/examples_rclpy_guard_conditions:/home/bryan/Workspace/ros2_ws/install/examples_rclpy_executors:/home/bryan/Workspace/ros2_ws/install/camera_calibration:/opt/ros/humble /usr/bin/cmake --install /home/bryan/Workspace/ros2_ws/build/examples_rclcpp_async_client
[3.222s] Level 1:colcon.colcon_core.environment:checking '/home/bryan/Workspace/ros2_ws/install/examples_rclcpp_async_client' for CMake config files
[3.230s] Level 1:colcon.colcon_core.shell:create_environment_hook('examples_rclcpp_async_client', 'cmake_prefix_path')
[3.234s] INFO:colcon.colcon_core.shell:Creating environment hook '/home/bryan/Workspace/ros2_ws/install/examples_rclcpp_async_client/share/examples_rclcpp_async_client/hook/cmake_prefix_path.ps1'
[3.276s] INFO:colcon.colcon_core.shell:Creating environment descriptor '/home/bryan/Workspace/ros2_ws/install/examples_rclcpp_async_client/share/examples_rclcpp_async_client/hook/cmake_prefix_path.dsv'
[3.278s] INFO:colcon.colcon_core.shell:Creating environment hook '/home/bryan/Workspace/ros2_ws/install/examples_rclcpp_async_client/share/examples_rclcpp_async_client/hook/cmake_prefix_path.sh'
[3.281s] Level 1:colcon.colcon_core.environment:checking '/home/bryan/Workspace/ros2_ws/install/examples_rclcpp_async_client/lib'
[3.282s] Level 1:colcon.colcon_core.environment:checking '/home/bryan/Workspace/ros2_ws/install/examples_rclcpp_async_client/bin'
[3.282s] Level 1:colcon.colcon_core.environment:checking '/home/bryan/Workspace/ros2_ws/install/examples_rclcpp_async_client/lib/pkgconfig/examples_rclcpp_async_client.pc'
[3.282s] Level 1:colcon.colcon_core.environment:checking '/home/bryan/Workspace/ros2_ws/install/examples_rclcpp_async_client/lib/python3.10/site-packages'
[3.283s] Level 1:colcon.colcon_core.environment:checking '/home/bryan/Workspace/ros2_ws/install/examples_rclcpp_async_client/bin'
[3.284s] INFO:colcon.colcon_core.shell:Creating package script '/home/bryan/Workspace/ros2_ws/install/examples_rclcpp_async_client/share/examples_rclcpp_async_client/package.ps1'
[3.287s] INFO:colcon.colcon_core.shell:Creating package descriptor '/home/bryan/Workspace/ros2_ws/install/examples_rclcpp_async_client/share/examples_rclcpp_async_client/package.dsv'
[3.288s] INFO:colcon.colcon_core.shell:Creating package script '/home/bryan/Workspace/ros2_ws/install/examples_rclcpp_async_client/share/examples_rclcpp_async_client/package.sh'
[3.290s] INFO:colcon.colcon_core.shell:Creating package script '/home/bryan/Workspace/ros2_ws/install/examples_rclcpp_async_client/share/examples_rclcpp_async_client/package.bash'
[3.291s] INFO:colcon.colcon_core.shell:Creating package script '/home/bryan/Workspace/ros2_ws/install/examples_rclcpp_async_client/share/examples_rclcpp_async_client/package.zsh'
[3.293s] Level 1:colcon.colcon_core.environment:create_file_with_runtime_dependencies(/home/bryan/Workspace/ros2_ws/install/examples_rclcpp_async_client/share/colcon-core/packages/examples_rclcpp_async_client)
[3.295s] Level 1:colcon.colcon_core.environment:create_environment_scripts_only(examples_rclcpp_async_client)
[3.296s] Level 1:colcon.colcon_core.environment:checking '/home/bryan/Workspace/ros2_ws/install/examples_rclcpp_async_client' for CMake module files
[3.296s] Level 1:colcon.colcon_core.environment:checking '/home/bryan/Workspace/ros2_ws/install/examples_rclcpp_async_client' for CMake config files
[3.297s] Level 1:colcon.colcon_core.shell:create_environment_hook('examples_rclcpp_async_client', 'cmake_prefix_path')
[3.297s] INFO:colcon.colcon_core.shell:Creating environment hook '/home/bryan/Workspace/ros2_ws/install/examples_rclcpp_async_client/share/examples_rclcpp_async_client/hook/cmake_prefix_path.ps1'
[3.298s] INFO:colcon.colcon_core.shell:Creating environment descriptor '/home/bryan/Workspace/ros2_ws/install/examples_rclcpp_async_client/share/examples_rclcpp_async_client/hook/cmake_prefix_path.dsv'
[3.300s] INFO:colcon.colcon_core.shell:Creating environment hook '/home/bryan/Workspace/ros2_ws/install/examples_rclcpp_async_client/share/examples_rclcpp_async_client/hook/cmake_prefix_path.sh'
[3.302s] Level 1:colcon.colcon_core.environment:checking '/home/bryan/Workspace/ros2_ws/install/examples_rclcpp_async_client/lib'
[3.302s] Level 1:colcon.colcon_core.environment:checking '/home/bryan/Workspace/ros2_ws/install/examples_rclcpp_async_client/bin'
[3.302s] Level 1:colcon.colcon_core.environment:checking '/home/bryan/Workspace/ros2_ws/install/examples_rclcpp_async_client/lib/pkgconfig/examples_rclcpp_async_client.pc'
[3.302s] Level 1:colcon.colcon_core.environment:checking '/home/bryan/Workspace/ros2_ws/install/examples_rclcpp_async_client/lib/python3.10/site-packages'
[3.303s] Level 1:colcon.colcon_core.environment:checking '/home/bryan/Workspace/ros2_ws/install/examples_rclcpp_async_client/bin'
[3.303s] INFO:colcon.colcon_core.shell:Creating package script '/home/bryan/Workspace/ros2_ws/install/examples_rclcpp_async_client/share/examples_rclcpp_async_client/package.ps1'
[3.310s] INFO:colcon.colcon_core.shell:Creating package descriptor '/home/bryan/Workspace/ros2_ws/install/examples_rclcpp_async_client/share/examples_rclcpp_async_client/package.dsv'
[3.312s] INFO:colcon.colcon_core.shell:Creating package script '/home/bryan/Workspace/ros2_ws/install/examples_rclcpp_async_client/share/examples_rclcpp_async_client/package.sh'
[3.314s] INFO:colcon.colcon_core.shell:Creating package script '/home/bryan/Workspace/ros2_ws/install/examples_rclcpp_async_client/share/examples_rclcpp_async_client/package.bash'
[3.322s] INFO:colcon.colcon_core.shell:Creating package script '/home/bryan/Workspace/ros2_ws/install/examples_rclcpp_async_client/share/examples_rclcpp_async_client/package.zsh'
[3.331s] Level 1:colcon.colcon_core.environment:create_file_with_runtime_dependencies(/home/bryan/Workspace/ros2_ws/install/examples_rclcpp_async_client/share/colcon-core/packages/examples_rclcpp_async_client)
[3.338s] INFO:colcon.colcon_ros.task.ament_cmake.build:Building ROS package in '/home/bryan/Workspace/ros2_ws/src/examples/rclcpp/executors/cbg_executor' with build type 'ament_cmake'
[3.354s] INFO:colcon.colcon_cmake.task.cmake.build:Building CMake package in '/home/bryan/Workspace/ros2_ws/src/examples/rclcpp/executors/cbg_executor'
[3.355s] INFO:colcon.colcon_core.shell:Skip shell extension 'powershell' for command environment: Not usable outside of PowerShell
[3.355s] DEBUG:colcon.colcon_core.shell:Skip shell extension 'dsv' for command environment
[3.503s] DEBUG:colcon.colcon_core.event_handler.log_command:Invoking command in '/home/bryan/Workspace/ros2_ws/build/examples_rclcpp_cbg_executor': CMAKE_PREFIX_PATH=${CMAKE_PREFIX_PATH}:/home/bryan/Workspace/ros2_ws/install/sprint2:/home/bryan/Workspace/ros2_ws/install/launch_testing_examples:/home/bryan/Workspace/ros2_ws/install/image_converter:/home/bryan/Workspace/ros2_ws/install/first_package:/home/bryan/Workspace/ros2_ws/install/examples_rclpy_pointcloud_publisher:/home/bryan/Workspace/ros2_ws/install/examples_rclpy_minimal_subscriber:/home/bryan/Workspace/ros2_ws/install/examples_rclpy_minimal_service:/home/bryan/Workspace/ros2_ws/install/examples_rclpy_minimal_publisher:/home/bryan/Workspace/ros2_ws/install/examples_rclpy_minimal_client:/home/bryan/Workspace/ros2_ws/install/examples_rclpy_minimal_action_server:/home/bryan/Workspace/ros2_ws/install/examples_rclpy_minimal_action_client:/home/bryan/Workspace/ros2_ws/install/examples_rclpy_guard_conditions:/home/bryan/Workspace/ros2_ws/install/examples_rclpy_executors:/home/bryan/Workspace/ros2_ws/install/camera_calibration:/opt/ros/humble /usr/bin/cmake --build /home/bryan/Workspace/ros2_ws/build/examples_rclcpp_cbg_executor -- -j3 -l3
[3.901s] DEBUG:colcon.colcon_core.event_handler.log_command:Invoked command in '/home/bryan/Workspace/ros2_ws/build/image_geometry' returned '0': CMAKE_PREFIX_PATH=${CMAKE_PREFIX_PATH}:/home/bryan/Workspace/ros2_ws/install/sprint2:/home/bryan/Workspace/ros2_ws/install/launch_testing_examples:/home/bryan/Workspace/ros2_ws/install/image_converter:/home/bryan/Workspace/ros2_ws/install/first_package:/home/bryan/Workspace/ros2_ws/install/examples_rclpy_pointcloud_publisher:/home/bryan/Workspace/ros2_ws/install/examples_rclpy_minimal_subscriber:/home/bryan/Workspace/ros2_ws/install/examples_rclpy_minimal_service:/home/bryan/Workspace/ros2_ws/install/examples_rclpy_minimal_publisher:/home/bryan/Workspace/ros2_ws/install/examples_rclpy_minimal_client:/home/bryan/Workspace/ros2_ws/install/examples_rclpy_minimal_action_server:/home/bryan/Workspace/ros2_ws/install/examples_rclpy_minimal_action_client:/home/bryan/Workspace/ros2_ws/install/examples_rclpy_guard_conditions:/home/bryan/Workspace/ros2_ws/install/examples_rclpy_executors:/home/bryan/Workspace/ros2_ws/install/camera_calibration:/opt/ros/humble /usr/bin/cmake --build /home/bryan/Workspace/ros2_ws/build/image_geometry -- -j3 -l3
[3.902s] DEBUG:colcon.colcon_core.event_handler.log_command:Invoking command in '/home/bryan/Workspace/ros2_ws/build/image_geometry': CMAKE_PREFIX_PATH=${CMAKE_PREFIX_PATH}:/home/bryan/Workspace/ros2_ws/install/sprint2:/home/bryan/Workspace/ros2_ws/install/launch_testing_examples:/home/bryan/Workspace/ros2_ws/install/image_converter:/home/bryan/Workspace/ros2_ws/install/first_package:/home/bryan/Workspace/ros2_ws/install/examples_rclpy_pointcloud_publisher:/home/bryan/Workspace/ros2_ws/install/examples_rclpy_minimal_subscriber:/home/bryan/Workspace/ros2_ws/install/examples_rclpy_minimal_service:/home/bryan/Workspace/ros2_ws/install/examples_rclpy_minimal_publisher:/home/bryan/Workspace/ros2_ws/install/examples_rclpy_minimal_client:/home/bryan/Workspace/ros2_ws/install/examples_rclpy_minimal_action_server:/home/bryan/Workspace/ros2_ws/install/examples_rclpy_minimal_action_client:/home/bryan/Workspace/ros2_ws/install/examples_rclpy_guard_conditions:/home/bryan/Workspace/ros2_ws/install/examples_rclpy_executors:/home/bryan/Workspace/ros2_ws/install/camera_calibration:/opt/ros/humble /usr/bin/cmake --install /home/bryan/Workspace/ros2_ws/build/image_geometry
[4.085s] Level 1:colcon.colcon_core.environment:create_environment_scripts_only(image_geometry)
[4.085s] Level 1:colcon.colcon_core.environment:checking '/home/bryan/Workspace/ros2_ws/install/image_geometry' for CMake module files
[4.096s] Level 1:colcon.colcon_core.environment:checking '/home/bryan/Workspace/ros2_ws/install/image_geometry' for CMake config files
[4.097s] Level 1:colcon.colcon_core.shell:create_environment_hook('image_geometry', 'cmake_prefix_path')
[4.109s] INFO:colcon.colcon_core.shell:Creating environment hook '/home/bryan/Workspace/ros2_ws/install/image_geometry/share/image_geometry/hook/cmake_prefix_path.ps1'
[4.108s] DEBUG:colcon.colcon_core.event_handler.log_command:Invoked command in '/home/bryan/Workspace/ros2_ws/build/image_geometry' returned '0': CMAKE_PREFIX_PATH=${CMAKE_PREFIX_PATH}:/home/bryan/Workspace/ros2_ws/install/sprint2:/home/bryan/Workspace/ros2_ws/install/launch_testing_examples:/home/bryan/Workspace/ros2_ws/install/image_converter:/home/bryan/Workspace/ros2_ws/install/first_package:/home/bryan/Workspace/ros2_ws/install/examples_rclpy_pointcloud_publisher:/home/bryan/Workspace/ros2_ws/install/examples_rclpy_minimal_subscriber:/home/bryan/Workspace/ros2_ws/install/examples_rclpy_minimal_service:/home/bryan/Workspace/ros2_ws/install/examples_rclpy_minimal_publisher:/home/bryan/Workspace/ros2_ws/install/examples_rclpy_minimal_client:/home/bryan/Workspace/ros2_ws/install/examples_rclpy_minimal_action_server:/home/bryan/Workspace/ros2_ws/install/examples_rclpy_minimal_action_client:/home/bryan/Workspace/ros2_ws/install/examples_rclpy_guard_conditions:/home/bryan/Workspace/ros2_ws/install/examples_rclpy_executors:/home/bryan/Workspace/ros2_ws/install/camera_calibration:/opt/ros/humble /usr/bin/cmake --install /home/bryan/Workspace/ros2_ws/build/image_geometry
[4.110s] INFO:colcon.colcon_core.shell:Creating environment descriptor '/home/bryan/Workspace/ros2_ws/install/image_geometry/share/image_geometry/hook/cmake_prefix_path.dsv'
[4.111s] INFO:colcon.colcon_core.shell:Creating environment hook '/home/bryan/Workspace/ros2_ws/install/image_geometry/share/image_geometry/hook/cmake_prefix_path.sh'
[4.113s] Level 1:colcon.colcon_core.environment:checking '/home/bryan/Workspace/ros2_ws/install/image_geometry/lib'
[4.114s] Level 1:colcon.colcon_core.shell:create_environment_hook('image_geometry', 'ld_library_path_lib')
[4.114s] INFO:colcon.colcon_core.shell:Creating environment hook '/home/bryan/Workspace/ros2_ws/install/image_geometry/share/image_geometry/hook/ld_library_path_lib.ps1'
[4.115s] INFO:colcon.colcon_core.shell:Creating environment descriptor '/home/bryan/Workspace/ros2_ws/install/image_geometry/share/image_geometry/hook/ld_library_path_lib.dsv'
[4.116s] INFO:colcon.colcon_core.shell:Creating environment hook '/home/bryan/Workspace/ros2_ws/install/image_geometry/share/image_geometry/hook/ld_library_path_lib.sh'
[4.118s] Level 1:colcon.colcon_core.environment:checking '/home/bryan/Workspace/ros2_ws/install/image_geometry/bin'
[4.118s] Level 1:colcon.colcon_core.environment:checking '/home/bryan/Workspace/ros2_ws/install/image_geometry/lib/pkgconfig/image_geometry.pc'
[4.119s] Level 1:colcon.colcon_core.environment:checking '/home/bryan/Workspace/ros2_ws/install/image_geometry/lib/python3.10/site-packages'
[4.122s] Level 1:colcon.colcon_core.environment:checking '/home/bryan/Workspace/ros2_ws/install/image_geometry/bin'
[4.123s] INFO:colcon.colcon_core.shell:Creating package script '/home/bryan/Workspace/ros2_ws/install/image_geometry/share/image_geometry/package.ps1'
[4.125s] INFO:colcon.colcon_core.shell:Creating package descriptor '/home/bryan/Workspace/ros2_ws/install/image_geometry/share/image_geometry/package.dsv'
[4.184s] INFO:colcon.colcon_core.shell:Creating package script '/home/bryan/Workspace/ros2_ws/install/image_geometry/share/image_geometry/package.sh'
[4.186s] INFO:colcon.colcon_core.shell:Creating package script '/home/bryan/Workspace/ros2_ws/install/image_geometry/share/image_geometry/package.bash'
[4.188s] INFO:colcon.colcon_core.shell:Creating package script '/home/bryan/Workspace/ros2_ws/install/image_geometry/share/image_geometry/package.zsh'
[4.189s] Level 1:colcon.colcon_core.environment:create_file_with_runtime_dependencies(/home/bryan/Workspace/ros2_ws/install/image_geometry/share/colcon-core/packages/image_geometry)
[4.191s] Level 1:colcon.colcon_core.environment:create_environment_scripts_only(image_geometry)
[4.192s] Level 1:colcon.colcon_core.environment:checking '/home/bryan/Workspace/ros2_ws/install/image_geometry' for CMake module files
[4.192s] Level 1:colcon.colcon_core.environment:checking '/home/bryan/Workspace/ros2_ws/install/image_geometry' for CMake config files
[4.193s] Level 1:colcon.colcon_core.shell:create_environment_hook('image_geometry', 'cmake_prefix_path')
[4.194s] INFO:colcon.colcon_core.shell:Creating environment hook '/home/bryan/Workspace/ros2_ws/install/image_geometry/share/image_geometry/hook/cmake_prefix_path.ps1'
[4.197s] INFO:colcon.colcon_core.shell:Creating environment descriptor '/home/bryan/Workspace/ros2_ws/install/image_geometry/share/image_geometry/hook/cmake_prefix_path.dsv'
[4.200s] INFO:colcon.colcon_core.shell:Creating environment hook '/home/bryan/Workspace/ros2_ws/install/image_geometry/share/image_geometry/hook/cmake_prefix_path.sh'
[4.203s] Level 1:colcon.colcon_core.environment:checking '/home/bryan/Workspace/ros2_ws/install/image_geometry/lib'
[4.204s] Level 1:colcon.colcon_core.shell:create_environment_hook('image_geometry', 'ld_library_path_lib')
[4.205s] INFO:colcon.colcon_core.shell:Creating environment hook '/home/bryan/Workspace/ros2_ws/install/image_geometry/share/image_geometry/hook/ld_library_path_lib.ps1'
[4.207s] INFO:colcon.colcon_core.shell:Creating environment descriptor '/home/bryan/Workspace/ros2_ws/install/image_geometry/share/image_geometry/hook/ld_library_path_lib.dsv'
[4.217s] INFO:colcon.colcon_core.shell:Creating environment hook '/home/bryan/Workspace/ros2_ws/install/image_geometry/share/image_geometry/hook/ld_library_path_lib.sh'
[4.219s] Level 1:colcon.colcon_core.environment:checking '/home/bryan/Workspace/ros2_ws/install/image_geometry/bin'
[4.220s] Level 1:colcon.colcon_core.environment:checking '/home/bryan/Workspace/ros2_ws/install/image_geometry/lib/pkgconfig/image_geometry.pc'
[4.220s] Level 1:colcon.colcon_core.environment:checking '/home/bryan/Workspace/ros2_ws/install/image_geometry/lib/python3.10/site-packages'
[4.222s] Level 1:colcon.colcon_core.environment:checking '/home/bryan/Workspace/ros2_ws/install/image_geometry/bin'
[4.224s] INFO:colcon.colcon_core.shell:Creating package script '/home/bryan/Workspace/ros2_ws/install/image_geometry/share/image_geometry/package.ps1'
[4.228s] INFO:colcon.colcon_core.shell:Creating package descriptor '/home/bryan/Workspace/ros2_ws/install/image_geometry/share/image_geometry/package.dsv'
[4.233s] INFO:colcon.colcon_core.shell:Creating package script '/home/bryan/Workspace/ros2_ws/install/image_geometry/share/image_geometry/package.sh'
[4.235s] INFO:colcon.colcon_core.shell:Creating package script '/home/bryan/Workspace/ros2_ws/install/image_geometry/share/image_geometry/package.bash'
[4.239s] INFO:colcon.colcon_core.shell:Creating package script '/home/bryan/Workspace/ros2_ws/install/image_geometry/share/image_geometry/package.zsh'
[4.242s] Level 1:colcon.colcon_core.environment:create_file_with_runtime_dependencies(/home/bryan/Workspace/ros2_ws/install/image_geometry/share/colcon-core/packages/image_geometry)
[4.266s] INFO:colcon.colcon_ros.task.ament_cmake.build:Building ROS package in '/home/bryan/Workspace/ros2_ws/src/examples/rclcpp/actions/minimal_action_client' with build type 'ament_cmake'
[4.280s] INFO:colcon.colcon_cmake.task.cmake.build:Building CMake package in '/home/bryan/Workspace/ros2_ws/src/examples/rclcpp/actions/minimal_action_client'
[4.281s] INFO:colcon.colcon_core.shell:Skip shell extension 'powershell' for command environment: Not usable outside of PowerShell
[4.281s] DEBUG:colcon.colcon_core.shell:Skip shell extension 'dsv' for command environment
[4.334s] DEBUG:colcon.colcon_core.event_handler.log_command:Invoked command in '/home/bryan/Workspace/ros2_ws/build/examples_rclcpp_cbg_executor' returned '0': CMAKE_PREFIX_PATH=${CMAKE_PREFIX_PATH}:/home/bryan/Workspace/ros2_ws/install/sprint2:/home/bryan/Workspace/ros2_ws/install/launch_testing_examples:/home/bryan/Workspace/ros2_ws/install/image_converter:/home/bryan/Workspace/ros2_ws/install/first_package:/home/bryan/Workspace/ros2_ws/install/examples_rclpy_pointcloud_publisher:/home/bryan/Workspace/ros2_ws/install/examples_rclpy_minimal_subscriber:/home/bryan/Workspace/ros2_ws/install/examples_rclpy_minimal_service:/home/bryan/Workspace/ros2_ws/install/examples_rclpy_minimal_publisher:/home/bryan/Workspace/ros2_ws/install/examples_rclpy_minimal_client:/home/bryan/Workspace/ros2_ws/install/examples_rclpy_minimal_action_server:/home/bryan/Workspace/ros2_ws/install/examples_rclpy_minimal_action_client:/home/bryan/Workspace/ros2_ws/install/examples_rclpy_guard_conditions:/home/bryan/Workspace/ros2_ws/install/examples_rclpy_executors:/home/bryan/Workspace/ros2_ws/install/camera_calibration:/opt/ros/humble /usr/bin/cmake --build /home/bryan/Workspace/ros2_ws/build/examples_rclcpp_cbg_executor -- -j3 -l3
[4.336s] DEBUG:colcon.colcon_core.event_handler.log_command:Invoking command in '/home/bryan/Workspace/ros2_ws/build/examples_rclcpp_cbg_executor': CMAKE_PREFIX_PATH=${CMAKE_PREFIX_PATH}:/home/bryan/Workspace/ros2_ws/install/sprint2:/home/bryan/Workspace/ros2_ws/install/launch_testing_examples:/home/bryan/Workspace/ros2_ws/install/image_converter:/home/bryan/Workspace/ros2_ws/install/first_package:/home/bryan/Workspace/ros2_ws/install/examples_rclpy_pointcloud_publisher:/home/bryan/Workspace/ros2_ws/install/examples_rclpy_minimal_subscriber:/home/bryan/Workspace/ros2_ws/install/examples_rclpy_minimal_service:/home/bryan/Workspace/ros2_ws/install/examples_rclpy_minimal_publisher:/home/bryan/Workspace/ros2_ws/install/examples_rclpy_minimal_client:/home/bryan/Workspace/ros2_ws/install/examples_rclpy_minimal_action_server:/home/bryan/Workspace/ros2_ws/install/examples_rclpy_minimal_action_client:/home/bryan/Workspace/ros2_ws/install/examples_rclpy_guard_conditions:/home/bryan/Workspace/ros2_ws/install/examples_rclpy_executors:/home/bryan/Workspace/ros2_ws/install/camera_calibration:/opt/ros/humble /usr/bin/cmake --install /home/bryan/Workspace/ros2_ws/build/examples_rclcpp_cbg_executor
[4.396s] DEBUG:colcon.colcon_core.event_handler.log_command:Invoking command in '/home/bryan/Workspace/ros2_ws/build/examples_rclcpp_minimal_action_client': CMAKE_PREFIX_PATH=${CMAKE_PREFIX_PATH}:/home/bryan/Workspace/ros2_ws/install/sprint2:/home/bryan/Workspace/ros2_ws/install/launch_testing_examples:/home/bryan/Workspace/ros2_ws/install/image_converter:/home/bryan/Workspace/ros2_ws/install/first_package:/home/bryan/Workspace/ros2_ws/install/examples_rclpy_pointcloud_publisher:/home/bryan/Workspace/ros2_ws/install/examples_rclpy_minimal_subscriber:/home/bryan/Workspace/ros2_ws/install/examples_rclpy_minimal_service:/home/bryan/Workspace/ros2_ws/install/examples_rclpy_minimal_publisher:/home/bryan/Workspace/ros2_ws/install/examples_rclpy_minimal_client:/home/bryan/Workspace/ros2_ws/install/examples_rclpy_minimal_action_server:/home/bryan/Workspace/ros2_ws/install/examples_rclpy_minimal_action_client:/home/bryan/Workspace/ros2_ws/install/examples_rclpy_guard_conditions:/home/bryan/Workspace/ros2_ws/install/examples_rclpy_executors:/home/bryan/Workspace/ros2_ws/install/camera_calibration:/opt/ros/humble /usr/bin/cmake --build /home/bryan/Workspace/ros2_ws/build/examples_rclcpp_minimal_action_client -- -j3 -l3
[4.539s] Level 1:colcon.colcon_core.environment:create_environment_scripts_only(examples_rclcpp_cbg_executor)
[4.540s] DEBUG:colcon.colcon_core.event_handler.log_command:Invoked command in '/home/bryan/Workspace/ros2_ws/build/examples_rclcpp_cbg_executor' returned '0': CMAKE_PREFIX_PATH=${CMAKE_PREFIX_PATH}:/home/bryan/Workspace/ros2_ws/install/sprint2:/home/bryan/Workspace/ros2_ws/install/launch_testing_examples:/home/bryan/Workspace/ros2_ws/install/image_converter:/home/bryan/Workspace/ros2_ws/install/first_package:/home/bryan/Workspace/ros2_ws/install/examples_rclpy_pointcloud_publisher:/home/bryan/Workspace/ros2_ws/install/examples_rclpy_minimal_subscriber:/home/bryan/Workspace/ros2_ws/install/examples_rclpy_minimal_service:/home/bryan/Workspace/ros2_ws/install/examples_rclpy_minimal_publisher:/home/bryan/Workspace/ros2_ws/install/examples_rclpy_minimal_client:/home/bryan/Workspace/ros2_ws/install/examples_rclpy_minimal_action_server:/home/bryan/Workspace/ros2_ws/install/examples_rclpy_minimal_action_client:/home/bryan/Workspace/ros2_ws/install/examples_rclpy_guard_conditions:/home/bryan/Workspace/ros2_ws/install/examples_rclpy_executors:/home/bryan/Workspace/ros2_ws/install/camera_calibration:/opt/ros/humble /usr/bin/cmake --install /home/bryan/Workspace/ros2_ws/build/examples_rclcpp_cbg_executor
[4.549s] Level 1:colcon.colcon_core.environment:checking '/home/bryan/Workspace/ros2_ws/install/examples_rclcpp_cbg_executor' for CMake module files
[4.553s] Level 1:colcon.colcon_core.environment:checking '/home/bryan/Workspace/ros2_ws/install/examples_rclcpp_cbg_executor' for CMake config files
[4.554s] Level 1:colcon.colcon_core.shell:create_environment_hook('examples_rclcpp_cbg_executor', 'cmake_prefix_path')
[4.555s] INFO:colcon.colcon_core.shell:Creating environment hook '/home/bryan/Workspace/ros2_ws/install/examples_rclcpp_cbg_executor/share/examples_rclcpp_cbg_executor/hook/cmake_prefix_path.ps1'
[4.556s] INFO:colcon.colcon_core.shell:Creating environment descriptor '/home/bryan/Workspace/ros2_ws/install/examples_rclcpp_cbg_executor/share/examples_rclcpp_cbg_executor/hook/cmake_prefix_path.dsv'
[4.558s] INFO:colcon.colcon_core.shell:Creating environment hook '/home/bryan/Workspace/ros2_ws/install/examples_rclcpp_cbg_executor/share/examples_rclcpp_cbg_executor/hook/cmake_prefix_path.sh'
[4.560s] Level 1:colcon.colcon_core.environment:checking '/home/bryan/Workspace/ros2_ws/install/examples_rclcpp_cbg_executor/lib'
[4.561s] Level 1:colcon.colcon_core.environment:checking '/home/bryan/Workspace/ros2_ws/install/examples_rclcpp_cbg_executor/bin'
[4.561s] Level 1:colcon.colcon_core.environment:checking '/home/bryan/Workspace/ros2_ws/install/examples_rclcpp_cbg_executor/lib/pkgconfig/examples_rclcpp_cbg_executor.pc'
[4.562s] Level 1:colcon.colcon_core.environment:checking '/home/bryan/Workspace/ros2_ws/install/examples_rclcpp_cbg_executor/lib/python3.10/site-packages'
[4.563s] Level 1:colcon.colcon_core.environment:checking '/home/bryan/Workspace/ros2_ws/install/examples_rclcpp_cbg_executor/bin'
[4.564s] INFO:colcon.colcon_core.shell:Creating package script '/home/bryan/Workspace/ros2_ws/install/examples_rclcpp_cbg_executor/share/examples_rclcpp_cbg_executor/package.ps1'
[4.565s] INFO:colcon.colcon_core.shell:Creating package descriptor '/home/bryan/Workspace/ros2_ws/install/examples_rclcpp_cbg_executor/share/examples_rclcpp_cbg_executor/package.dsv'
[4.572s] INFO:colcon.colcon_core.shell:Creating package script '/home/bryan/Workspace/ros2_ws/install/examples_rclcpp_cbg_executor/share/examples_rclcpp_cbg_executor/package.sh'
[4.575s] INFO:colcon.colcon_core.shell:Creating package script '/home/bryan/Workspace/ros2_ws/install/examples_rclcpp_cbg_executor/share/examples_rclcpp_cbg_executor/package.bash'
[4.576s] INFO:colcon.colcon_core.shell:Creating package script '/home/bryan/Workspace/ros2_ws/install/examples_rclcpp_cbg_executor/share/examples_rclcpp_cbg_executor/package.zsh'
[4.578s] Level 1:colcon.colcon_core.environment:create_file_with_runtime_dependencies(/home/bryan/Workspace/ros2_ws/install/examples_rclcpp_cbg_executor/share/colcon-core/packages/examples_rclcpp_cbg_executor)
[4.580s] Level 1:colcon.colcon_core.environment:create_environment_scripts_only(examples_rclcpp_cbg_executor)
[4.581s] Level 1:colcon.colcon_core.environment:checking '/home/bryan/Workspace/ros2_ws/install/examples_rclcpp_cbg_executor' for CMake module files
[4.582s] Level 1:colcon.colcon_core.environment:checking '/home/bryan/Workspace/ros2_ws/install/examples_rclcpp_cbg_executor' for CMake config files
[4.589s] Level 1:colcon.colcon_core.shell:create_environment_hook('examples_rclcpp_cbg_executor', 'cmake_prefix_path')
[4.590s] INFO:colcon.colcon_core.shell:Creating environment hook '/home/bryan/Workspace/ros2_ws/install/examples_rclcpp_cbg_executor/share/examples_rclcpp_cbg_executor/hook/cmake_prefix_path.ps1'
[4.600s] INFO:colcon.colcon_core.shell:Creating environment descriptor '/home/bryan/Workspace/ros2_ws/install/examples_rclcpp_cbg_executor/share/examples_rclcpp_cbg_executor/hook/cmake_prefix_path.dsv'
[4.602s] INFO:colcon.colcon_core.shell:Creating environment hook '/home/bryan/Workspace/ros2_ws/install/examples_rclcpp_cbg_executor/share/examples_rclcpp_cbg_executor/hook/cmake_prefix_path.sh'
[4.606s] Level 1:colcon.colcon_core.environment:checking '/home/bryan/Workspace/ros2_ws/install/examples_rclcpp_cbg_executor/lib'
[4.607s] Level 1:colcon.colcon_core.environment:checking '/home/bryan/Workspace/ros2_ws/install/examples_rclcpp_cbg_executor/bin'
[4.608s] Level 1:colcon.colcon_core.environment:checking '/home/bryan/Workspace/ros2_ws/install/examples_rclcpp_cbg_executor/lib/pkgconfig/examples_rclcpp_cbg_executor.pc'
[4.608s] Level 1:colcon.colcon_core.environment:checking '/home/bryan/Workspace/ros2_ws/install/examples_rclcpp_cbg_executor/lib/python3.10/site-packages'
[4.608s] Level 1:colcon.colcon_core.environment:checking '/home/bryan/Workspace/ros2_ws/install/examples_rclcpp_cbg_executor/bin'
[4.609s] INFO:colcon.colcon_core.shell:Creating package script '/home/bryan/Workspace/ros2_ws/install/examples_rclcpp_cbg_executor/share/examples_rclcpp_cbg_executor/package.ps1'
[4.624s] INFO:colcon.colcon_core.shell:Creating package descriptor '/home/bryan/Workspace/ros2_ws/install/examples_rclcpp_cbg_executor/share/examples_rclcpp_cbg_executor/package.dsv'
[4.642s] INFO:colcon.colcon_core.shell:Creating package script '/home/bryan/Workspace/ros2_ws/install/examples_rclcpp_cbg_executor/share/examples_rclcpp_cbg_executor/package.sh'
[4.644s] INFO:colcon.colcon_core.shell:Creating package script '/home/bryan/Workspace/ros2_ws/install/examples_rclcpp_cbg_executor/share/examples_rclcpp_cbg_executor/package.bash'
[4.647s] INFO:colcon.colcon_core.shell:Creating package script '/home/bryan/Workspace/ros2_ws/install/examples_rclcpp_cbg_executor/share/examples_rclcpp_cbg_executor/package.zsh'
[4.649s] Level 1:colcon.colcon_core.environment:create_file_with_runtime_dependencies(/home/bryan/Workspace/ros2_ws/install/examples_rclcpp_cbg_executor/share/colcon-core/packages/examples_rclcpp_cbg_executor)
[4.651s] INFO:colcon.colcon_ros.task.ament_cmake.build:Building ROS package in '/home/bryan/Workspace/ros2_ws/src/examples/rclcpp/actions/minimal_action_server' with build type 'ament_cmake'
[4.652s] INFO:colcon.colcon_cmake.task.cmake.build:Building CMake package in '/home/bryan/Workspace/ros2_ws/src/examples/rclcpp/actions/minimal_action_server'
[4.652s] INFO:colcon.colcon_core.shell:Skip shell extension 'powershell' for command environment: Not usable outside of PowerShell
[4.652s] DEBUG:colcon.colcon_core.shell:Skip shell extension 'dsv' for command environment
[4.711s] DEBUG:colcon.colcon_core.event_handler.log_command:Invoking command in '/home/bryan/Workspace/ros2_ws/build/examples_rclcpp_minimal_action_server': CMAKE_PREFIX_PATH=${CMAKE_PREFIX_PATH}:/home/bryan/Workspace/ros2_ws/install/sprint2:/home/bryan/Workspace/ros2_ws/install/launch_testing_examples:/home/bryan/Workspace/ros2_ws/install/image_converter:/home/bryan/Workspace/ros2_ws/install/first_package:/home/bryan/Workspace/ros2_ws/install/examples_rclpy_pointcloud_publisher:/home/bryan/Workspace/ros2_ws/install/examples_rclpy_minimal_subscriber:/home/bryan/Workspace/ros2_ws/install/examples_rclpy_minimal_service:/home/bryan/Workspace/ros2_ws/install/examples_rclpy_minimal_publisher:/home/bryan/Workspace/ros2_ws/install/examples_rclpy_minimal_client:/home/bryan/Workspace/ros2_ws/install/examples_rclpy_minimal_action_server:/home/bryan/Workspace/ros2_ws/install/examples_rclpy_minimal_action_client:/home/bryan/Workspace/ros2_ws/install/examples_rclpy_guard_conditions:/home/bryan/Workspace/ros2_ws/install/examples_rclpy_executors:/home/bryan/Workspace/ros2_ws/install/camera_calibration:/opt/ros/humble /usr/bin/cmake --build /home/bryan/Workspace/ros2_ws/build/examples_rclcpp_minimal_action_server -- -j3 -l3
[4.751s] DEBUG:colcon.colcon_core.event_handler.log_command:Invoked command in '/home/bryan/Workspace/ros2_ws/build/cv_bridge' returned '0': CMAKE_PREFIX_PATH=${CMAKE_PREFIX_PATH}:/home/bryan/Workspace/ros2_ws/install/sprint2:/home/bryan/Workspace/ros2_ws/install/launch_testing_examples:/home/bryan/Workspace/ros2_ws/install/image_converter:/home/bryan/Workspace/ros2_ws/install/first_package:/home/bryan/Workspace/ros2_ws/install/examples_rclpy_pointcloud_publisher:/home/bryan/Workspace/ros2_ws/install/examples_rclpy_minimal_subscriber:/home/bryan/Workspace/ros2_ws/install/examples_rclpy_minimal_service:/home/bryan/Workspace/ros2_ws/install/examples_rclpy_minimal_publisher:/home/bryan/Workspace/ros2_ws/install/examples_rclpy_minimal_client:/home/bryan/Workspace/ros2_ws/install/examples_rclpy_minimal_action_server:/home/bryan/Workspace/ros2_ws/install/examples_rclpy_minimal_action_client:/home/bryan/Workspace/ros2_ws/install/examples_rclpy_guard_conditions:/home/bryan/Workspace/ros2_ws/install/examples_rclpy_executors:/home/bryan/Workspace/ros2_ws/install/camera_calibration:/opt/ros/humble /usr/bin/cmake --build /home/bryan/Workspace/ros2_ws/build/cv_bridge -- -j3 -l3
[4.753s] DEBUG:colcon.colcon_core.event_handler.log_command:Invoking command in '/home/bryan/Workspace/ros2_ws/build/cv_bridge': CMAKE_PREFIX_PATH=${CMAKE_PREFIX_PATH}:/home/bryan/Workspace/ros2_ws/install/sprint2:/home/bryan/Workspace/ros2_ws/install/launch_testing_examples:/home/bryan/Workspace/ros2_ws/install/image_converter:/home/bryan/Workspace/ros2_ws/install/first_package:/home/bryan/Workspace/ros2_ws/install/examples_rclpy_pointcloud_publisher:/home/bryan/Workspace/ros2_ws/install/examples_rclpy_minimal_subscriber:/home/bryan/Workspace/ros2_ws/install/examples_rclpy_minimal_service:/home/bryan/Workspace/ros2_ws/install/examples_rclpy_minimal_publisher:/home/bryan/Workspace/ros2_ws/install/examples_rclpy_minimal_client:/home/bryan/Workspace/ros2_ws/install/examples_rclpy_minimal_action_server:/home/bryan/Workspace/ros2_ws/install/examples_rclpy_minimal_action_client:/home/bryan/Workspace/ros2_ws/install/examples_rclpy_guard_conditions:/home/bryan/Workspace/ros2_ws/install/examples_rclpy_executors:/home/bryan/Workspace/ros2_ws/install/camera_calibration:/opt/ros/humble /usr/bin/cmake --install /home/bryan/Workspace/ros2_ws/build/cv_bridge
[4.994s] Level 1:colcon.colcon_core.environment:create_environment_scripts_only(cv_bridge)
[4.994s] Level 1:colcon.colcon_core.environment:checking '/home/bryan/Workspace/ros2_ws/install/cv_bridge' for CMake module files
[4.995s] Level 1:colcon.colcon_core.environment:checking '/home/bryan/Workspace/ros2_ws/install/cv_bridge' for CMake config files
[4.996s] Level 1:colcon.colcon_core.shell:create_environment_hook('cv_bridge', 'cmake_prefix_path')
[4.996s] INFO:colcon.colcon_core.shell:Creating environment hook '/home/bryan/Workspace/ros2_ws/install/cv_bridge/share/cv_bridge/hook/cmake_prefix_path.ps1'
[4.998s] INFO:colcon.colcon_core.shell:Creating environment descriptor '/home/bryan/Workspace/ros2_ws/install/cv_bridge/share/cv_bridge/hook/cmake_prefix_path.dsv'
[5.000s] DEBUG:colcon.colcon_core.event_handler.log_command:Invoked command in '/home/bryan/Workspace/ros2_ws/build/cv_bridge' returned '0': CMAKE_PREFIX_PATH=${CMAKE_PREFIX_PATH}:/home/bryan/Workspace/ros2_ws/install/sprint2:/home/bryan/Workspace/ros2_ws/install/launch_testing_examples:/home/bryan/Workspace/ros2_ws/install/image_converter:/home/bryan/Workspace/ros2_ws/install/first_package:/home/bryan/Workspace/ros2_ws/install/examples_rclpy_pointcloud_publisher:/home/bryan/Workspace/ros2_ws/install/examples_rclpy_minimal_subscriber:/home/bryan/Workspace/ros2_ws/install/examples_rclpy_minimal_service:/home/bryan/Workspace/ros2_ws/install/examples_rclpy_minimal_publisher:/home/bryan/Workspace/ros2_ws/install/examples_rclpy_minimal_client:/home/bryan/Workspace/ros2_ws/install/examples_rclpy_minimal_action_server:/home/bryan/Workspace/ros2_ws/install/examples_rclpy_minimal_action_client:/home/bryan/Workspace/ros2_ws/install/examples_rclpy_guard_conditions:/home/bryan/Workspace/ros2_ws/install/examples_rclpy_executors:/home/bryan/Workspace/ros2_ws/install/camera_calibration:/opt/ros/humble /usr/bin/cmake --install /home/bryan/Workspace/ros2_ws/build/cv_bridge
[5.003s] INFO:colcon.colcon_core.shell:Creating environment hook '/home/bryan/Workspace/ros2_ws/install/cv_bridge/share/cv_bridge/hook/cmake_prefix_path.sh'
[5.008s] Level 1:colcon.colcon_core.environment:checking '/home/bryan/Workspace/ros2_ws/install/cv_bridge/lib'
[5.009s] Level 1:colcon.colcon_core.shell:create_environment_hook('cv_bridge', 'ld_library_path_lib')
[5.009s] INFO:colcon.colcon_core.shell:Creating environment hook '/home/bryan/Workspace/ros2_ws/install/cv_bridge/share/cv_bridge/hook/ld_library_path_lib.ps1'
[5.040s] INFO:colcon.colcon_core.shell:Creating environment descriptor '/home/bryan/Workspace/ros2_ws/install/cv_bridge/share/cv_bridge/hook/ld_library_path_lib.dsv'
[5.041s] INFO:colcon.colcon_core.shell:Creating environment hook '/home/bryan/Workspace/ros2_ws/install/cv_bridge/share/cv_bridge/hook/ld_library_path_lib.sh'
[5.042s] Level 1:colcon.colcon_core.environment:checking '/home/bryan/Workspace/ros2_ws/install/cv_bridge/bin'
[5.043s] Level 1:colcon.colcon_core.environment:checking '/home/bryan/Workspace/ros2_ws/install/cv_bridge/lib/pkgconfig/cv_bridge.pc'
[5.044s] Level 1:colcon.colcon_core.environment:checking '/home/bryan/Workspace/ros2_ws/install/cv_bridge/lib/python3.10/site-packages'
[5.044s] Level 1:colcon.colcon_core.environment:checking '/home/bryan/Workspace/ros2_ws/install/cv_bridge/bin'
[5.046s] INFO:colcon.colcon_core.shell:Creating package script '/home/bryan/Workspace/ros2_ws/install/cv_bridge/share/cv_bridge/package.ps1'
[5.054s] INFO:colcon.colcon_core.shell:Creating package descriptor '/home/bryan/Workspace/ros2_ws/install/cv_bridge/share/cv_bridge/package.dsv'
[5.103s] INFO:colcon.colcon_core.shell:Creating package script '/home/bryan/Workspace/ros2_ws/install/cv_bridge/share/cv_bridge/package.sh'
[5.105s] INFO:colcon.colcon_core.shell:Creating package script '/home/bryan/Workspace/ros2_ws/install/cv_bridge/share/cv_bridge/package.bash'
[5.108s] INFO:colcon.colcon_core.shell:Creating package script '/home/bryan/Workspace/ros2_ws/install/cv_bridge/share/cv_bridge/package.zsh'
[5.111s] Level 1:colcon.colcon_core.environment:create_file_with_runtime_dependencies(/home/bryan/Workspace/ros2_ws/install/cv_bridge/share/colcon-core/packages/cv_bridge)
[5.113s] Level 1:colcon.colcon_core.environment:create_environment_scripts_only(cv_bridge)
[5.114s] Level 1:colcon.colcon_core.environment:checking '/home/bryan/Workspace/ros2_ws/install/cv_bridge' for CMake module files
[5.114s] Level 1:colcon.colcon_core.environment:checking '/home/bryan/Workspace/ros2_ws/install/cv_bridge' for CMake config files
[5.115s] Level 1:colcon.colcon_core.shell:create_environment_hook('cv_bridge', 'cmake_prefix_path')
[5.116s] INFO:colcon.colcon_core.shell:Creating environment hook '/home/bryan/Workspace/ros2_ws/install/cv_bridge/share/cv_bridge/hook/cmake_prefix_path.ps1'
[5.118s] INFO:colcon.colcon_core.shell:Creating environment descriptor '/home/bryan/Workspace/ros2_ws/install/cv_bridge/share/cv_bridge/hook/cmake_prefix_path.dsv'
[5.120s] INFO:colcon.colcon_core.shell:Creating environment hook '/home/bryan/Workspace/ros2_ws/install/cv_bridge/share/cv_bridge/hook/cmake_prefix_path.sh'
[5.122s] Level 1:colcon.colcon_core.environment:checking '/home/bryan/Workspace/ros2_ws/install/cv_bridge/lib'
[5.123s] Level 1:colcon.colcon_core.shell:create_environment_hook('cv_bridge', 'ld_library_path_lib')
[5.124s] INFO:colcon.colcon_core.shell:Creating environment hook '/home/bryan/Workspace/ros2_ws/install/cv_bridge/share/cv_bridge/hook/ld_library_path_lib.ps1'
[5.125s] INFO:colcon.colcon_core.shell:Creating environment descriptor '/home/bryan/Workspace/ros2_ws/install/cv_bridge/share/cv_bridge/hook/ld_library_path_lib.dsv'
[5.127s] INFO:colcon.colcon_core.shell:Creating environment hook '/home/bryan/Workspace/ros2_ws/install/cv_bridge/share/cv_bridge/hook/ld_library_path_lib.sh'
[5.128s] Level 1:colcon.colcon_core.environment:checking '/home/bryan/Workspace/ros2_ws/install/cv_bridge/bin'
[5.128s] Level 1:colcon.colcon_core.environment:checking '/home/bryan/Workspace/ros2_ws/install/cv_bridge/lib/pkgconfig/cv_bridge.pc'
[5.129s] Level 1:colcon.colcon_core.environment:checking '/home/bryan/Workspace/ros2_ws/install/cv_bridge/lib/python3.10/site-packages'
[5.129s] Level 1:colcon.colcon_core.environment:checking '/home/bryan/Workspace/ros2_ws/install/cv_bridge/bin'
[5.130s] INFO:colcon.colcon_core.shell:Creating package script '/home/bryan/Workspace/ros2_ws/install/cv_bridge/share/cv_bridge/package.ps1'
[5.134s] INFO:colcon.colcon_core.shell:Creating package descriptor '/home/bryan/Workspace/ros2_ws/install/cv_bridge/share/cv_bridge/package.dsv'
[5.138s] INFO:colcon.colcon_core.shell:Creating package script '/home/bryan/Workspace/ros2_ws/install/cv_bridge/share/cv_bridge/package.sh'
[5.163s] INFO:colcon.colcon_core.shell:Creating package script '/home/bryan/Workspace/ros2_ws/install/cv_bridge/share/cv_bridge/package.bash'
[5.164s] INFO:colcon.colcon_core.shell:Creating package script '/home/bryan/Workspace/ros2_ws/install/cv_bridge/share/cv_bridge/package.zsh'
[5.166s] Level 1:colcon.colcon_core.environment:create_file_with_runtime_dependencies(/home/bryan/Workspace/ros2_ws/install/cv_bridge/share/colcon-core/packages/cv_bridge)
[5.180s] INFO:colcon.colcon_ros.task.ament_cmake.build:Building ROS package in '/home/bryan/Workspace/ros2_ws/image_pipeline/image_proc' with build type 'ament_cmake'
[5.217s] INFO:colcon.colcon_cmake.task.cmake.build:Building CMake package in '/home/bryan/Workspace/ros2_ws/image_pipeline/image_proc'
[5.245s] INFO:colcon.colcon_core.shell:Skip shell extension 'powershell' for command environment: Not usable outside of PowerShell
[5.246s] DEBUG:colcon.colcon_core.shell:Skip shell extension 'dsv' for command environment
[5.371s] DEBUG:colcon.colcon_core.event_handler.log_command:Invoked command in '/home/bryan/Workspace/ros2_ws/build/examples_rclcpp_minimal_action_client' returned '0': CMAKE_PREFIX_PATH=${CMAKE_PREFIX_PATH}:/home/bryan/Workspace/ros2_ws/install/sprint2:/home/bryan/Workspace/ros2_ws/install/launch_testing_examples:/home/bryan/Workspace/ros2_ws/install/image_converter:/home/bryan/Workspace/ros2_ws/install/first_package:/home/bryan/Workspace/ros2_ws/install/examples_rclpy_pointcloud_publisher:/home/bryan/Workspace/ros2_ws/install/examples_rclpy_minimal_subscriber:/home/bryan/Workspace/ros2_ws/install/examples_rclpy_minimal_service:/home/bryan/Workspace/ros2_ws/install/examples_rclpy_minimal_publisher:/home/bryan/Workspace/ros2_ws/install/examples_rclpy_minimal_client:/home/bryan/Workspace/ros2_ws/install/examples_rclpy_minimal_action_server:/home/bryan/Workspace/ros2_ws/install/examples_rclpy_minimal_action_client:/home/bryan/Workspace/ros2_ws/install/examples_rclpy_guard_conditions:/home/bryan/Workspace/ros2_ws/install/examples_rclpy_executors:/home/bryan/Workspace/ros2_ws/install/camera_calibration:/opt/ros/humble /usr/bin/cmake --build /home/bryan/Workspace/ros2_ws/build/examples_rclcpp_minimal_action_client -- -j3 -l3
[5.372s] DEBUG:colcon.colcon_core.event_handler.log_command:Invoking command in '/home/bryan/Workspace/ros2_ws/build/examples_rclcpp_minimal_action_client': CMAKE_PREFIX_PATH=${CMAKE_PREFIX_PATH}:/home/bryan/Workspace/ros2_ws/install/sprint2:/home/bryan/Workspace/ros2_ws/install/launch_testing_examples:/home/bryan/Workspace/ros2_ws/install/image_converter:/home/bryan/Workspace/ros2_ws/install/first_package:/home/bryan/Workspace/ros2_ws/install/examples_rclpy_pointcloud_publisher:/home/bryan/Workspace/ros2_ws/install/examples_rclpy_minimal_subscriber:/home/bryan/Workspace/ros2_ws/install/examples_rclpy_minimal_service:/home/bryan/Workspace/ros2_ws/install/examples_rclpy_minimal_publisher:/home/bryan/Workspace/ros2_ws/install/examples_rclpy_minimal_client:/home/bryan/Workspace/ros2_ws/install/examples_rclpy_minimal_action_server:/home/bryan/Workspace/ros2_ws/install/examples_rclpy_minimal_action_client:/home/bryan/Workspace/ros2_ws/install/examples_rclpy_guard_conditions:/home/bryan/Workspace/ros2_ws/install/examples_rclpy_executors:/home/bryan/Workspace/ros2_ws/install/camera_calibration:/opt/ros/humble /usr/bin/cmake --install /home/bryan/Workspace/ros2_ws/build/examples_rclcpp_minimal_action_client
[5.495s] DEBUG:colcon.colcon_core.event_handler.log_command:Invoking command in '/home/bryan/Workspace/ros2_ws/build/image_proc': AMENT_PREFIX_PATH=/home/bryan/Workspace/ros2_ws/install/image_geometry:/home/bryan/Workspace/ros2_ws/install/cv_bridge:${AMENT_PREFIX_PATH} CMAKE_PREFIX_PATH=/home/bryan/Workspace/ros2_ws/install/tracetools_image_pipeline:/home/bryan/Workspace/ros2_ws/install/image_geometry:/home/bryan/Workspace/ros2_ws/install/cv_bridge:/home/bryan/Workspace/ros2_ws/install/image_proc:/home/bryan/Workspace/ros2_ws/install/image_rotate:/home/bryan/Workspace/ros2_ws/install/image_publisher:/home/bryan/Workspace/ros2_ws/install/examples_rclcpp_wait_set:/home/bryan/Workspace/ros2_ws/install/examples_rclcpp_multithreaded_executor:/home/bryan/Workspace/ros2_ws/install/examples_rclcpp_minimal_timer:/home/bryan/Workspace/ros2_ws/install/examples_rclcpp_minimal_subscriber:/home/bryan/Workspace/ros2_ws/install/examples_rclcpp_minimal_service:/home/bryan/Workspace/ros2_ws/install/examples_rclcpp_minimal_publisher:/home/bryan/Workspace/ros2_ws/install/examples_rclcpp_minimal_composition:/home/bryan/Workspace/ros2_ws/install/examples_rclcpp_minimal_client:/home/bryan/Workspace/ros2_ws/install/examples_rclcpp_minimal_action_server:/home/bryan/Workspace/ros2_ws/install/examples_rclcpp_minimal_action_client:/home/bryan/Workspace/ros2_ws/install/examples_rclcpp_cbg_executor:/home/bryan/Workspace/ros2_ws/install/examples_rclcpp_async_client:/home/bryan/Workspace/ros2_ws/install/sprint2:/home/bryan/Workspace/ros2_ws/install/launch_testing_examples:/home/bryan/Workspace/ros2_ws/install/image_converter:/home/bryan/Workspace/ros2_ws/install/first_package:/home/bryan/Workspace/ros2_ws/install/examples_rclpy_pointcloud_publisher:/home/bryan/Workspace/ros2_ws/install/examples_rclpy_minimal_subscriber:/home/bryan/Workspace/ros2_ws/install/examples_rclpy_minimal_service:/home/bryan/Workspace/ros2_ws/install/examples_rclpy_minimal_publisher:/home/bryan/Workspace/ros2_ws/install/examples_rclpy_minimal_client:/home/bryan/Workspace/ros2_ws/install/examples_rclpy_minimal_action_server:/home/bryan/Workspace/ros2_ws/install/examples_rclpy_minimal_action_client:/home/bryan/Workspace/ros2_ws/install/examples_rclpy_guard_conditions:/home/bryan/Workspace/ros2_ws/install/examples_rclpy_executors:/home/bryan/Workspace/ros2_ws/install/camera_calibration:/opt/ros/humble LD_LIBRARY_PATH=/home/bryan/Workspace/ros2_ws/install/tracetools_image_pipeline/lib:/home/bryan/Workspace/ros2_ws/install/image_geometry/lib:/home/bryan/Workspace/ros2_ws/install/cv_bridge/lib:/home/bryan/Workspace/ros2_ws/install/image_proc/lib:/home/bryan/Workspace/ros2_ws/install/image_rotate/lib:/home/bryan/Workspace/ros2_ws/install/image_publisher/lib:/home/bryan/Workspace/ros2_ws/install/examples_rclcpp_wait_set/lib:/home/bryan/Workspace/ros2_ws/install/examples_rclcpp_minimal_subscriber/lib:/home/bryan/Workspace/ros2_ws/install/examples_rclcpp_minimal_composition/lib:/opt/ros/humble/opt/rviz_ogre_vendor/lib:/opt/ros/humble/lib/x86_64-linux-gnu:/opt/ros/humble/lib PYTHONPATH=/home/bryan/Workspace/ros2_ws/install/image_geometry/local/lib/python3.10/dist-packages:/home/bryan/Workspace/ros2_ws/install/cv_bridge/local/lib/python3.10/dist-packages:${PYTHONPATH} /usr/bin/cmake --build /home/bryan/Workspace/ros2_ws/build/image_proc -- -j3 -l3
[5.512s] Level 1:colcon.colcon_core.environment:create_environment_scripts_only(examples_rclcpp_minimal_action_client)
[5.513s] Level 1:colcon.colcon_core.environment:checking '/home/bryan/Workspace/ros2_ws/install/examples_rclcpp_minimal_action_client' for CMake module files
[5.530s] Level 1:colcon.colcon_core.environment:checking '/home/bryan/Workspace/ros2_ws/install/examples_rclcpp_minimal_action_client' for CMake config files
[5.531s] Level 1:colcon.colcon_core.shell:create_environment_hook('examples_rclcpp_minimal_action_client', 'cmake_prefix_path')
[5.564s] INFO:colcon.colcon_core.shell:Creating environment hook '/home/bryan/Workspace/ros2_ws/install/examples_rclcpp_minimal_action_client/share/examples_rclcpp_minimal_action_client/hook/cmake_prefix_path.ps1'
[5.567s] DEBUG:colcon.colcon_core.event_handler.log_command:Invoked command in '/home/bryan/Workspace/ros2_ws/build/examples_rclcpp_minimal_action_client' returned '0': CMAKE_PREFIX_PATH=${CMAKE_PREFIX_PATH}:/home/bryan/Workspace/ros2_ws/install/sprint2:/home/bryan/Workspace/ros2_ws/install/launch_testing_examples:/home/bryan/Workspace/ros2_ws/install/image_converter:/home/bryan/Workspace/ros2_ws/install/first_package:/home/bryan/Workspace/ros2_ws/install/examples_rclpy_pointcloud_publisher:/home/bryan/Workspace/ros2_ws/install/examples_rclpy_minimal_subscriber:/home/bryan/Workspace/ros2_ws/install/examples_rclpy_minimal_service:/home/bryan/Workspace/ros2_ws/install/examples_rclpy_minimal_publisher:/home/bryan/Workspace/ros2_ws/install/examples_rclpy_minimal_client:/home/bryan/Workspace/ros2_ws/install/examples_rclpy_minimal_action_server:/home/bryan/Workspace/ros2_ws/install/examples_rclpy_minimal_action_client:/home/bryan/Workspace/ros2_ws/install/examples_rclpy_guard_conditions:/home/bryan/Workspace/ros2_ws/install/examples_rclpy_executors:/home/bryan/Workspace/ros2_ws/install/camera_calibration:/opt/ros/humble /usr/bin/cmake --install /home/bryan/Workspace/ros2_ws/build/examples_rclcpp_minimal_action_client
[5.579s] INFO:colcon.colcon_core.shell:Creating environment descriptor '/home/bryan/Workspace/ros2_ws/install/examples_rclcpp_minimal_action_client/share/examples_rclcpp_minimal_action_client/hook/cmake_prefix_path.dsv'
[5.581s] INFO:colcon.colcon_core.shell:Creating environment hook '/home/bryan/Workspace/ros2_ws/install/examples_rclcpp_minimal_action_client/share/examples_rclcpp_minimal_action_client/hook/cmake_prefix_path.sh'
[5.582s] Level 1:colcon.colcon_core.environment:checking '/home/bryan/Workspace/ros2_ws/install/examples_rclcpp_minimal_action_client/lib'
[5.582s] Level 1:colcon.colcon_core.environment:checking '/home/bryan/Workspace/ros2_ws/install/examples_rclcpp_minimal_action_client/bin'
[5.582s] Level 1:colcon.colcon_core.environment:checking '/home/bryan/Workspace/ros2_ws/install/examples_rclcpp_minimal_action_client/lib/pkgconfig/examples_rclcpp_minimal_action_client.pc'
[5.583s] Level 1:colcon.colcon_core.environment:checking '/home/bryan/Workspace/ros2_ws/install/examples_rclcpp_minimal_action_client/lib/python3.10/site-packages'
[5.583s] Level 1:colcon.colcon_core.environment:checking '/home/bryan/Workspace/ros2_ws/install/examples_rclcpp_minimal_action_client/bin'
[5.583s] INFO:colcon.colcon_core.shell:Creating package script '/home/bryan/Workspace/ros2_ws/install/examples_rclcpp_minimal_action_client/share/examples_rclcpp_minimal_action_client/package.ps1'
[5.592s] INFO:colcon.colcon_core.shell:Creating package descriptor '/home/bryan/Workspace/ros2_ws/install/examples_rclcpp_minimal_action_client/share/examples_rclcpp_minimal_action_client/package.dsv'
[5.593s] INFO:colcon.colcon_core.shell:Creating package script '/home/bryan/Workspace/ros2_ws/install/examples_rclcpp_minimal_action_client/share/examples_rclcpp_minimal_action_client/package.sh'
[5.594s] INFO:colcon.colcon_core.shell:Creating package script '/home/bryan/Workspace/ros2_ws/install/examples_rclcpp_minimal_action_client/share/examples_rclcpp_minimal_action_client/package.bash'
[5.599s] INFO:colcon.colcon_core.shell:Creating package script '/home/bryan/Workspace/ros2_ws/install/examples_rclcpp_minimal_action_client/share/examples_rclcpp_minimal_action_client/package.zsh'
[5.613s] Level 1:colcon.colcon_core.environment:create_file_with_runtime_dependencies(/home/bryan/Workspace/ros2_ws/install/examples_rclcpp_minimal_action_client/share/colcon-core/packages/examples_rclcpp_minimal_action_client)
[5.624s] Level 1:colcon.colcon_core.environment:create_environment_scripts_only(examples_rclcpp_minimal_action_client)
[5.627s] Level 1:colcon.colcon_core.environment:checking '/home/bryan/Workspace/ros2_ws/install/examples_rclcpp_minimal_action_client' for CMake module files
[5.629s] Level 1:colcon.colcon_core.environment:checking '/home/bryan/Workspace/ros2_ws/install/examples_rclcpp_minimal_action_client' for CMake config files
[5.630s] Level 1:colcon.colcon_core.shell:create_environment_hook('examples_rclcpp_minimal_action_client', 'cmake_prefix_path')
[5.631s] INFO:colcon.colcon_core.shell:Creating environment hook '/home/bryan/Workspace/ros2_ws/install/examples_rclcpp_minimal_action_client/share/examples_rclcpp_minimal_action_client/hook/cmake_prefix_path.ps1'
[5.644s] INFO:colcon.colcon_core.shell:Creating environment descriptor '/home/bryan/Workspace/ros2_ws/install/examples_rclcpp_minimal_action_client/share/examples_rclcpp_minimal_action_client/hook/cmake_prefix_path.dsv'
[5.646s] INFO:colcon.colcon_core.shell:Creating environment hook '/home/bryan/Workspace/ros2_ws/install/examples_rclcpp_minimal_action_client/share/examples_rclcpp_minimal_action_client/hook/cmake_prefix_path.sh'
[5.648s] Level 1:colcon.colcon_core.environment:checking '/home/bryan/Workspace/ros2_ws/install/examples_rclcpp_minimal_action_client/lib'
[5.649s] Level 1:colcon.colcon_core.environment:checking '/home/bryan/Workspace/ros2_ws/install/examples_rclcpp_minimal_action_client/bin'
[5.649s] Level 1:colcon.colcon_core.environment:checking '/home/bryan/Workspace/ros2_ws/install/examples_rclcpp_minimal_action_client/lib/pkgconfig/examples_rclcpp_minimal_action_client.pc'
[5.650s] Level 1:colcon.colcon_core.environment:checking '/home/bryan/Workspace/ros2_ws/install/examples_rclcpp_minimal_action_client/lib/python3.10/site-packages'
[5.650s] Level 1:colcon.colcon_core.environment:checking '/home/bryan/Workspace/ros2_ws/install/examples_rclcpp_minimal_action_client/bin'
[5.651s] INFO:colcon.colcon_core.shell:Creating package script '/home/bryan/Workspace/ros2_ws/install/examples_rclcpp_minimal_action_client/share/examples_rclcpp_minimal_action_client/package.ps1'
[5.653s] INFO:colcon.colcon_core.shell:Creating package descriptor '/home/bryan/Workspace/ros2_ws/install/examples_rclcpp_minimal_action_client/share/examples_rclcpp_minimal_action_client/package.dsv'
[5.655s] INFO:colcon.colcon_core.shell:Creating package script '/home/bryan/Workspace/ros2_ws/install/examples_rclcpp_minimal_action_client/share/examples_rclcpp_minimal_action_client/package.sh'
[5.656s] INFO:colcon.colcon_core.shell:Creating package script '/home/bryan/Workspace/ros2_ws/install/examples_rclcpp_minimal_action_client/share/examples_rclcpp_minimal_action_client/package.bash'
[5.657s] INFO:colcon.colcon_core.shell:Creating package script '/home/bryan/Workspace/ros2_ws/install/examples_rclcpp_minimal_action_client/share/examples_rclcpp_minimal_action_client/package.zsh'
[5.658s] Level 1:colcon.colcon_core.environment:create_file_with_runtime_dependencies(/home/bryan/Workspace/ros2_ws/install/examples_rclcpp_minimal_action_client/share/colcon-core/packages/examples_rclcpp_minimal_action_client)
[5.664s] INFO:colcon.colcon_ros.task.ament_python.build:Building ROS package in '/home/bryan/Workspace/ros2_ws/image_pipeline/camera_calibration' with build type 'ament_python'
[5.665s] Level 1:colcon.colcon_core.shell:create_environment_hook('camera_calibration', 'ament_prefix_path')
[5.665s] INFO:colcon.colcon_core.shell:Creating environment hook '/home/bryan/Workspace/ros2_ws/install/camera_calibration/share/camera_calibration/hook/ament_prefix_path.ps1'
[5.668s] INFO:colcon.colcon_core.shell:Creating environment descriptor '/home/bryan/Workspace/ros2_ws/install/camera_calibration/share/camera_calibration/hook/ament_prefix_path.dsv'
[5.671s] INFO:colcon.colcon_core.shell:Creating environment hook '/home/bryan/Workspace/ros2_ws/install/camera_calibration/share/camera_calibration/hook/ament_prefix_path.sh'
[5.673s] INFO:colcon.colcon_core.shell:Skip shell extension 'powershell' for command environment: Not usable outside of PowerShell
[5.673s] DEBUG:colcon.colcon_core.shell:Skip shell extension 'dsv' for command environment
[5.732s] DEBUG:colcon.colcon_core.event_handler.log_command:Invoked command in '/home/bryan/Workspace/ros2_ws/build/examples_rclcpp_minimal_action_server' returned '0': CMAKE_PREFIX_PATH=${CMAKE_PREFIX_PATH}:/home/bryan/Workspace/ros2_ws/install/sprint2:/home/bryan/Workspace/ros2_ws/install/launch_testing_examples:/home/bryan/Workspace/ros2_ws/install/image_converter:/home/bryan/Workspace/ros2_ws/install/first_package:/home/bryan/Workspace/ros2_ws/install/examples_rclpy_pointcloud_publisher:/home/bryan/Workspace/ros2_ws/install/examples_rclpy_minimal_subscriber:/home/bryan/Workspace/ros2_ws/install/examples_rclpy_minimal_service:/home/bryan/Workspace/ros2_ws/install/examples_rclpy_minimal_publisher:/home/bryan/Workspace/ros2_ws/install/examples_rclpy_minimal_client:/home/bryan/Workspace/ros2_ws/install/examples_rclpy_minimal_action_server:/home/bryan/Workspace/ros2_ws/install/examples_rclpy_minimal_action_client:/home/bryan/Workspace/ros2_ws/install/examples_rclpy_guard_conditions:/home/bryan/Workspace/ros2_ws/install/examples_rclpy_executors:/home/bryan/Workspace/ros2_ws/install/camera_calibration:/opt/ros/humble /usr/bin/cmake --build /home/bryan/Workspace/ros2_ws/build/examples_rclcpp_minimal_action_server -- -j3 -l3
[5.741s] DEBUG:colcon.colcon_core.event_handler.log_command:Invoking command in '/home/bryan/Workspace/ros2_ws/build/examples_rclcpp_minimal_action_server': CMAKE_PREFIX_PATH=${CMAKE_PREFIX_PATH}:/home/bryan/Workspace/ros2_ws/install/sprint2:/home/bryan/Workspace/ros2_ws/install/launch_testing_examples:/home/bryan/Workspace/ros2_ws/install/image_converter:/home/bryan/Workspace/ros2_ws/install/first_package:/home/bryan/Workspace/ros2_ws/install/examples_rclpy_pointcloud_publisher:/home/bryan/Workspace/ros2_ws/install/examples_rclpy_minimal_subscriber:/home/bryan/Workspace/ros2_ws/install/examples_rclpy_minimal_service:/home/bryan/Workspace/ros2_ws/install/examples_rclpy_minimal_publisher:/home/bryan/Workspace/ros2_ws/install/examples_rclpy_minimal_client:/home/bryan/Workspace/ros2_ws/install/examples_rclpy_minimal_action_server:/home/bryan/Workspace/ros2_ws/install/examples_rclpy_minimal_action_client:/home/bryan/Workspace/ros2_ws/install/examples_rclpy_guard_conditions:/home/bryan/Workspace/ros2_ws/install/examples_rclpy_executors:/home/bryan/Workspace/ros2_ws/install/camera_calibration:/opt/ros/humble /usr/bin/cmake --install /home/bryan/Workspace/ros2_ws/build/examples_rclcpp_minimal_action_server
[6.656s] INFO:colcon.colcon_core.task.python.build:Building Python package in '/home/bryan/Workspace/ros2_ws/image_pipeline/camera_calibration'
[6.663s] INFO:colcon.colcon_core.shell:Skip shell extension 'powershell' for command environment: Not usable outside of PowerShell
[6.663s] DEBUG:colcon.colcon_core.shell:Skip shell extension 'dsv' for command environment
[6.684s] Level 1:colcon.colcon_core.environment:create_environment_scripts_only(examples_rclcpp_minimal_action_server)
[6.686s] Level 1:colcon.colcon_core.environment:checking '/home/bryan/Workspace/ros2_ws/install/examples_rclcpp_minimal_action_server' for CMake module files
[6.687s] Level 1:colcon.colcon_core.environment:checking '/home/bryan/Workspace/ros2_ws/install/examples_rclcpp_minimal_action_server' for CMake config files
[6.691s] Level 1:colcon.colcon_core.shell:create_environment_hook('examples_rclcpp_minimal_action_server', 'cmake_prefix_path')
[6.693s] INFO:colcon.colcon_core.shell:Creating environment hook '/home/bryan/Workspace/ros2_ws/install/examples_rclcpp_minimal_action_server/share/examples_rclcpp_minimal_action_server/hook/cmake_prefix_path.ps1'
[6.695s] INFO:colcon.colcon_core.shell:Creating environment descriptor '/home/bryan/Workspace/ros2_ws/install/examples_rclcpp_minimal_action_server/share/examples_rclcpp_minimal_action_server/hook/cmake_prefix_path.dsv'
[6.696s] INFO:colcon.colcon_core.shell:Creating environment hook '/home/bryan/Workspace/ros2_ws/install/examples_rclcpp_minimal_action_server/share/examples_rclcpp_minimal_action_server/hook/cmake_prefix_path.sh'
[6.697s] Level 1:colcon.colcon_core.environment:checking '/home/bryan/Workspace/ros2_ws/install/examples_rclcpp_minimal_action_server/lib'
[6.698s] Level 1:colcon.colcon_core.environment:checking '/home/bryan/Workspace/ros2_ws/install/examples_rclcpp_minimal_action_server/bin'
[6.698s] Level 1:colcon.colcon_core.environment:checking '/home/bryan/Workspace/ros2_ws/install/examples_rclcpp_minimal_action_server/lib/pkgconfig/examples_rclcpp_minimal_action_server.pc'
[6.698s] Level 1:colcon.colcon_core.environment:checking '/home/bryan/Workspace/ros2_ws/install/examples_rclcpp_minimal_action_server/lib/python3.10/site-packages'
[6.699s] Level 1:colcon.colcon_core.environment:checking '/home/bryan/Workspace/ros2_ws/install/examples_rclcpp_minimal_action_server/bin'
[6.700s] INFO:colcon.colcon_core.shell:Creating package script '/home/bryan/Workspace/ros2_ws/install/examples_rclcpp_minimal_action_server/share/examples_rclcpp_minimal_action_server/package.ps1'
[6.702s] DEBUG:colcon.colcon_core.event_handler.log_command:Invoked command in '/home/bryan/Workspace/ros2_ws/build/examples_rclcpp_minimal_action_server' returned '0': CMAKE_PREFIX_PATH=${CMAKE_PREFIX_PATH}:/home/bryan/Workspace/ros2_ws/install/sprint2:/home/bryan/Workspace/ros2_ws/install/launch_testing_examples:/home/bryan/Workspace/ros2_ws/install/image_converter:/home/bryan/Workspace/ros2_ws/install/first_package:/home/bryan/Workspace/ros2_ws/install/examples_rclpy_pointcloud_publisher:/home/bryan/Workspace/ros2_ws/install/examples_rclpy_minimal_subscriber:/home/bryan/Workspace/ros2_ws/install/examples_rclpy_minimal_service:/home/bryan/Workspace/ros2_ws/install/examples_rclpy_minimal_publisher:/home/bryan/Workspace/ros2_ws/install/examples_rclpy_minimal_client:/home/bryan/Workspace/ros2_ws/install/examples_rclpy_minimal_action_server:/home/bryan/Workspace/ros2_ws/install/examples_rclpy_minimal_action_client:/home/bryan/Workspace/ros2_ws/install/examples_rclpy_guard_conditions:/home/bryan/Workspace/ros2_ws/install/examples_rclpy_executors:/home/bryan/Workspace/ros2_ws/install/camera_calibration:/opt/ros/humble /usr/bin/cmake --install /home/bryan/Workspace/ros2_ws/build/examples_rclcpp_minimal_action_server
[6.703s] INFO:colcon.colcon_core.shell:Creating package descriptor '/home/bryan/Workspace/ros2_ws/install/examples_rclcpp_minimal_action_server/share/examples_rclcpp_minimal_action_server/package.dsv'
[6.705s] INFO:colcon.colcon_core.shell:Creating package script '/home/bryan/Workspace/ros2_ws/install/examples_rclcpp_minimal_action_server/share/examples_rclcpp_minimal_action_server/package.sh'
[6.724s] INFO:colcon.colcon_core.shell:Creating package script '/home/bryan/Workspace/ros2_ws/install/examples_rclcpp_minimal_action_server/share/examples_rclcpp_minimal_action_server/package.bash'
[6.726s] INFO:colcon.colcon_core.shell:Creating package script '/home/bryan/Workspace/ros2_ws/install/examples_rclcpp_minimal_action_server/share/examples_rclcpp_minimal_action_server/package.zsh'
[6.727s] Level 1:colcon.colcon_core.environment:create_file_with_runtime_dependencies(/home/bryan/Workspace/ros2_ws/install/examples_rclcpp_minimal_action_server/share/colcon-core/packages/examples_rclcpp_minimal_action_server)
[6.729s] Level 1:colcon.colcon_core.environment:create_environment_scripts_only(examples_rclcpp_minimal_action_server)
[6.729s] Level 1:colcon.colcon_core.environment:checking '/home/bryan/Workspace/ros2_ws/install/examples_rclcpp_minimal_action_server' for CMake module files
[6.730s] Level 1:colcon.colcon_core.environment:checking '/home/bryan/Workspace/ros2_ws/install/examples_rclcpp_minimal_action_server' for CMake config files
[6.730s] Level 1:colcon.colcon_core.shell:create_environment_hook('examples_rclcpp_minimal_action_server', 'cmake_prefix_path')
[6.731s] INFO:colcon.colcon_core.shell:Creating environment hook '/home/bryan/Workspace/ros2_ws/install/examples_rclcpp_minimal_action_server/share/examples_rclcpp_minimal_action_server/hook/cmake_prefix_path.ps1'
[6.732s] INFO:colcon.colcon_core.shell:Creating environment descriptor '/home/bryan/Workspace/ros2_ws/install/examples_rclcpp_minimal_action_server/share/examples_rclcpp_minimal_action_server/hook/cmake_prefix_path.dsv'
[6.732s] INFO:colcon.colcon_core.shell:Creating environment hook '/home/bryan/Workspace/ros2_ws/install/examples_rclcpp_minimal_action_server/share/examples_rclcpp_minimal_action_server/hook/cmake_prefix_path.sh'
[6.734s] Level 1:colcon.colcon_core.environment:checking '/home/bryan/Workspace/ros2_ws/install/examples_rclcpp_minimal_action_server/lib'
[6.734s] Level 1:colcon.colcon_core.environment:checking '/home/bryan/Workspace/ros2_ws/install/examples_rclcpp_minimal_action_server/bin'
[6.734s] Level 1:colcon.colcon_core.environment:checking '/home/bryan/Workspace/ros2_ws/install/examples_rclcpp_minimal_action_server/lib/pkgconfig/examples_rclcpp_minimal_action_server.pc'
[6.734s] Level 1:colcon.colcon_core.environment:checking '/home/bryan/Workspace/ros2_ws/install/examples_rclcpp_minimal_action_server/lib/python3.10/site-packages'
[6.735s] Level 1:colcon.colcon_core.environment:checking '/home/bryan/Workspace/ros2_ws/install/examples_rclcpp_minimal_action_server/bin'
[6.743s] INFO:colcon.colcon_core.shell:Creating package script '/home/bryan/Workspace/ros2_ws/install/examples_rclcpp_minimal_action_server/share/examples_rclcpp_minimal_action_server/package.ps1'
[6.765s] INFO:colcon.colcon_core.shell:Creating package descriptor '/home/bryan/Workspace/ros2_ws/install/examples_rclcpp_minimal_action_server/share/examples_rclcpp_minimal_action_server/package.dsv'
[6.771s] INFO:colcon.colcon_core.shell:Creating package script '/home/bryan/Workspace/ros2_ws/install/examples_rclcpp_minimal_action_server/share/examples_rclcpp_minimal_action_server/package.sh'
[6.774s] INFO:colcon.colcon_core.shell:Creating package script '/home/bryan/Workspace/ros2_ws/install/examples_rclcpp_minimal_action_server/share/examples_rclcpp_minimal_action_server/package.bash'
[6.776s] INFO:colcon.colcon_core.shell:Creating package script '/home/bryan/Workspace/ros2_ws/install/examples_rclcpp_minimal_action_server/share/examples_rclcpp_minimal_action_server/package.zsh'
[6.777s] Level 1:colcon.colcon_core.environment:create_file_with_runtime_dependencies(/home/bryan/Workspace/ros2_ws/install/examples_rclcpp_minimal_action_server/share/colcon-core/packages/examples_rclcpp_minimal_action_server)
[6.779s] INFO:colcon.colcon_ros.task.ament_cmake.build:Building ROS package in '/home/bryan/Workspace/ros2_ws/image_pipeline/depth_image_proc' with build type 'ament_cmake'
[6.779s] INFO:colcon.colcon_cmake.task.cmake.build:Building CMake package in '/home/bryan/Workspace/ros2_ws/image_pipeline/depth_image_proc'
[6.780s] INFO:colcon.colcon_core.shell:Skip shell extension 'powershell' for command environment: Not usable outside of PowerShell
[6.780s] DEBUG:colcon.colcon_core.shell:Skip shell extension 'dsv' for command environment
[6.941s] DEBUG:colcon.colcon_core.event_handler.log_command:Invoking command in '/home/bryan/Workspace/ros2_ws/build/depth_image_proc': AMENT_PREFIX_PATH=/home/bryan/Workspace/ros2_ws/install/image_geometry:/home/bryan/Workspace/ros2_ws/install/cv_bridge:${AMENT_PREFIX_PATH} CMAKE_PREFIX_PATH=/home/bryan/Workspace/ros2_ws/install/image_geometry:/home/bryan/Workspace/ros2_ws/install/cv_bridge:/home/bryan/Workspace/ros2_ws/install/image_proc:/home/bryan/Workspace/ros2_ws/install/tracetools_image_pipeline:/home/bryan/Workspace/ros2_ws/install/image_rotate:/home/bryan/Workspace/ros2_ws/install/image_publisher:/home/bryan/Workspace/ros2_ws/install/examples_rclcpp_wait_set:/home/bryan/Workspace/ros2_ws/install/examples_rclcpp_multithreaded_executor:/home/bryan/Workspace/ros2_ws/install/examples_rclcpp_minimal_timer:/home/bryan/Workspace/ros2_ws/install/examples_rclcpp_minimal_subscriber:/home/bryan/Workspace/ros2_ws/install/examples_rclcpp_minimal_service:/home/bryan/Workspace/ros2_ws/install/examples_rclcpp_minimal_publisher:/home/bryan/Workspace/ros2_ws/install/examples_rclcpp_minimal_composition:/home/bryan/Workspace/ros2_ws/install/examples_rclcpp_minimal_client:/home/bryan/Workspace/ros2_ws/install/examples_rclcpp_minimal_action_server:/home/bryan/Workspace/ros2_ws/install/examples_rclcpp_minimal_action_client:/home/bryan/Workspace/ros2_ws/install/examples_rclcpp_cbg_executor:/home/bryan/Workspace/ros2_ws/install/examples_rclcpp_async_client:/home/bryan/Workspace/ros2_ws/install/sprint2:/home/bryan/Workspace/ros2_ws/install/launch_testing_examples:/home/bryan/Workspace/ros2_ws/install/image_converter:/home/bryan/Workspace/ros2_ws/install/first_package:/home/bryan/Workspace/ros2_ws/install/examples_rclpy_pointcloud_publisher:/home/bryan/Workspace/ros2_ws/install/examples_rclpy_minimal_subscriber:/home/bryan/Workspace/ros2_ws/install/examples_rclpy_minimal_service:/home/bryan/Workspace/ros2_ws/install/examples_rclpy_minimal_publisher:/home/bryan/Workspace/ros2_ws/install/examples_rclpy_minimal_client:/home/bryan/Workspace/ros2_ws/install/examples_rclpy_minimal_action_server:/home/bryan/Workspace/ros2_ws/install/examples_rclpy_minimal_action_client:/home/bryan/Workspace/ros2_ws/install/examples_rclpy_guard_conditions:/home/bryan/Workspace/ros2_ws/install/examples_rclpy_executors:/home/bryan/Workspace/ros2_ws/install/camera_calibration:/opt/ros/humble LD_LIBRARY_PATH=/home/bryan/Workspace/ros2_ws/install/image_geometry/lib:/home/bryan/Workspace/ros2_ws/install/cv_bridge/lib:${LD_LIBRARY_PATH} PYTHONPATH=/home/bryan/Workspace/ros2_ws/install/image_geometry/local/lib/python3.10/dist-packages:/home/bryan/Workspace/ros2_ws/install/cv_bridge/local/lib/python3.10/dist-packages:${PYTHONPATH} /usr/bin/cmake --build /home/bryan/Workspace/ros2_ws/build/depth_image_proc -- -j3 -l3
[7.529s] DEBUG:colcon.colcon_core.event_handler.log_command:Invoked command in '/home/bryan/Workspace/ros2_ws/build/image_proc' returned '0': AMENT_PREFIX_PATH=/home/bryan/Workspace/ros2_ws/install/image_geometry:/home/bryan/Workspace/ros2_ws/install/cv_bridge:${AMENT_PREFIX_PATH} CMAKE_PREFIX_PATH=/home/bryan/Workspace/ros2_ws/install/tracetools_image_pipeline:/home/bryan/Workspace/ros2_ws/install/image_geometry:/home/bryan/Workspace/ros2_ws/install/cv_bridge:/home/bryan/Workspace/ros2_ws/install/image_proc:/home/bryan/Workspace/ros2_ws/install/image_rotate:/home/bryan/Workspace/ros2_ws/install/image_publisher:/home/bryan/Workspace/ros2_ws/install/examples_rclcpp_wait_set:/home/bryan/Workspace/ros2_ws/install/examples_rclcpp_multithreaded_executor:/home/bryan/Workspace/ros2_ws/install/examples_rclcpp_minimal_timer:/home/bryan/Workspace/ros2_ws/install/examples_rclcpp_minimal_subscriber:/home/bryan/Workspace/ros2_ws/install/examples_rclcpp_minimal_service:/home/bryan/Workspace/ros2_ws/install/examples_rclcpp_minimal_publisher:/home/bryan/Workspace/ros2_ws/install/examples_rclcpp_minimal_composition:/home/bryan/Workspace/ros2_ws/install/examples_rclcpp_minimal_client:/home/bryan/Workspace/ros2_ws/install/examples_rclcpp_minimal_action_server:/home/bryan/Workspace/ros2_ws/install/examples_rclcpp_minimal_action_client:/home/bryan/Workspace/ros2_ws/install/examples_rclcpp_cbg_executor:/home/bryan/Workspace/ros2_ws/install/examples_rclcpp_async_client:/home/bryan/Workspace/ros2_ws/install/sprint2:/home/bryan/Workspace/ros2_ws/install/launch_testing_examples:/home/bryan/Workspace/ros2_ws/install/image_converter:/home/bryan/Workspace/ros2_ws/install/first_package:/home/bryan/Workspace/ros2_ws/install/examples_rclpy_pointcloud_publisher:/home/bryan/Workspace/ros2_ws/install/examples_rclpy_minimal_subscriber:/home/bryan/Workspace/ros2_ws/install/examples_rclpy_minimal_service:/home/bryan/Workspace/ros2_ws/install/examples_rclpy_minimal_publisher:/home/bryan/Workspace/ros2_ws/install/examples_rclpy_minimal_client:/home/bryan/Workspace/ros2_ws/install/examples_rclpy_minimal_action_server:/home/bryan/Workspace/ros2_ws/install/examples_rclpy_minimal_action_client:/home/bryan/Workspace/ros2_ws/install/examples_rclpy_guard_conditions:/home/bryan/Workspace/ros2_ws/install/examples_rclpy_executors:/home/bryan/Workspace/ros2_ws/install/camera_calibration:/opt/ros/humble LD_LIBRARY_PATH=/home/bryan/Workspace/ros2_ws/install/tracetools_image_pipeline/lib:/home/bryan/Workspace/ros2_ws/install/image_geometry/lib:/home/bryan/Workspace/ros2_ws/install/cv_bridge/lib:/home/bryan/Workspace/ros2_ws/install/image_proc/lib:/home/bryan/Workspace/ros2_ws/install/image_rotate/lib:/home/bryan/Workspace/ros2_ws/install/image_publisher/lib:/home/bryan/Workspace/ros2_ws/install/examples_rclcpp_wait_set/lib:/home/bryan/Workspace/ros2_ws/install/examples_rclcpp_minimal_subscriber/lib:/home/bryan/Workspace/ros2_ws/install/examples_rclcpp_minimal_composition/lib:/opt/ros/humble/opt/rviz_ogre_vendor/lib:/opt/ros/humble/lib/x86_64-linux-gnu:/opt/ros/humble/lib PYTHONPATH=/home/bryan/Workspace/ros2_ws/install/image_geometry/local/lib/python3.10/dist-packages:/home/bryan/Workspace/ros2_ws/install/cv_bridge/local/lib/python3.10/dist-packages:${PYTHONPATH} /usr/bin/cmake --build /home/bryan/Workspace/ros2_ws/build/image_proc -- -j3 -l3
[7.530s] DEBUG:colcon.colcon_core.event_handler.log_command:Invoking command in '/home/bryan/Workspace/ros2_ws/build/image_proc': AMENT_PREFIX_PATH=/home/bryan/Workspace/ros2_ws/install/image_geometry:/home/bryan/Workspace/ros2_ws/install/cv_bridge:${AMENT_PREFIX_PATH} CMAKE_PREFIX_PATH=/home/bryan/Workspace/ros2_ws/install/tracetools_image_pipeline:/home/bryan/Workspace/ros2_ws/install/image_geometry:/home/bryan/Workspace/ros2_ws/install/cv_bridge:/home/bryan/Workspace/ros2_ws/install/image_proc:/home/bryan/Workspace/ros2_ws/install/image_rotate:/home/bryan/Workspace/ros2_ws/install/image_publisher:/home/bryan/Workspace/ros2_ws/install/examples_rclcpp_wait_set:/home/bryan/Workspace/ros2_ws/install/examples_rclcpp_multithreaded_executor:/home/bryan/Workspace/ros2_ws/install/examples_rclcpp_minimal_timer:/home/bryan/Workspace/ros2_ws/install/examples_rclcpp_minimal_subscriber:/home/bryan/Workspace/ros2_ws/install/examples_rclcpp_minimal_service:/home/bryan/Workspace/ros2_ws/install/examples_rclcpp_minimal_publisher:/home/bryan/Workspace/ros2_ws/install/examples_rclcpp_minimal_composition:/home/bryan/Workspace/ros2_ws/install/examples_rclcpp_minimal_client:/home/bryan/Workspace/ros2_ws/install/examples_rclcpp_minimal_action_server:/home/bryan/Workspace/ros2_ws/install/examples_rclcpp_minimal_action_client:/home/bryan/Workspace/ros2_ws/install/examples_rclcpp_cbg_executor:/home/bryan/Workspace/ros2_ws/install/examples_rclcpp_async_client:/home/bryan/Workspace/ros2_ws/install/sprint2:/home/bryan/Workspace/ros2_ws/install/launch_testing_examples:/home/bryan/Workspace/ros2_ws/install/image_converter:/home/bryan/Workspace/ros2_ws/install/first_package:/home/bryan/Workspace/ros2_ws/install/examples_rclpy_pointcloud_publisher:/home/bryan/Workspace/ros2_ws/install/examples_rclpy_minimal_subscriber:/home/bryan/Workspace/ros2_ws/install/examples_rclpy_minimal_service:/home/bryan/Workspace/ros2_ws/install/examples_rclpy_minimal_publisher:/home/bryan/Workspace/ros2_ws/install/examples_rclpy_minimal_client:/home/bryan/Workspace/ros2_ws/install/examples_rclpy_minimal_action_server:/home/bryan/Workspace/ros2_ws/install/examples_rclpy_minimal_action_client:/home/bryan/Workspace/ros2_ws/install/examples_rclpy_guard_conditions:/home/bryan/Workspace/ros2_ws/install/examples_rclpy_executors:/home/bryan/Workspace/ros2_ws/install/camera_calibration:/opt/ros/humble LD_LIBRARY_PATH=/home/bryan/Workspace/ros2_ws/install/tracetools_image_pipeline/lib:/home/bryan/Workspace/ros2_ws/install/image_geometry/lib:/home/bryan/Workspace/ros2_ws/install/cv_bridge/lib:/home/bryan/Workspace/ros2_ws/install/image_proc/lib:/home/bryan/Workspace/ros2_ws/install/image_rotate/lib:/home/bryan/Workspace/ros2_ws/install/image_publisher/lib:/home/bryan/Workspace/ros2_ws/install/examples_rclcpp_wait_set/lib:/home/bryan/Workspace/ros2_ws/install/examples_rclcpp_minimal_subscriber/lib:/home/bryan/Workspace/ros2_ws/install/examples_rclcpp_minimal_composition/lib:/opt/ros/humble/opt/rviz_ogre_vendor/lib:/opt/ros/humble/lib/x86_64-linux-gnu:/opt/ros/humble/lib PYTHONPATH=/home/bryan/Workspace/ros2_ws/install/image_geometry/local/lib/python3.10/dist-packages:/home/bryan/Workspace/ros2_ws/install/cv_bridge/local/lib/python3.10/dist-packages:${PYTHONPATH} /usr/bin/cmake --install /home/bryan/Workspace/ros2_ws/build/image_proc
[7.575s] Level 1:colcon.colcon_core.environment:create_environment_scripts_only(image_proc)
[7.575s] Level 1:colcon.colcon_core.environment:checking '/home/bryan/Workspace/ros2_ws/install/image_proc' for CMake module files
[7.576s] Level 1:colcon.colcon_core.environment:checking '/home/bryan/Workspace/ros2_ws/install/image_proc' for CMake config files
[7.576s] Level 1:colcon.colcon_core.shell:create_environment_hook('image_proc', 'cmake_prefix_path')
[7.576s] INFO:colcon.colcon_core.shell:Creating environment hook '/home/bryan/Workspace/ros2_ws/install/image_proc/share/image_proc/hook/cmake_prefix_path.ps1'
[7.578s] DEBUG:colcon.colcon_core.event_handler.log_command:Invoked command in '/home/bryan/Workspace/ros2_ws/build/image_proc' returned '0': AMENT_PREFIX_PATH=/home/bryan/Workspace/ros2_ws/install/image_geometry:/home/bryan/Workspace/ros2_ws/install/cv_bridge:${AMENT_PREFIX_PATH} CMAKE_PREFIX_PATH=/home/bryan/Workspace/ros2_ws/install/tracetools_image_pipeline:/home/bryan/Workspace/ros2_ws/install/image_geometry:/home/bryan/Workspace/ros2_ws/install/cv_bridge:/home/bryan/Workspace/ros2_ws/install/image_proc:/home/bryan/Workspace/ros2_ws/install/image_rotate:/home/bryan/Workspace/ros2_ws/install/image_publisher:/home/bryan/Workspace/ros2_ws/install/examples_rclcpp_wait_set:/home/bryan/Workspace/ros2_ws/install/examples_rclcpp_multithreaded_executor:/home/bryan/Workspace/ros2_ws/install/examples_rclcpp_minimal_timer:/home/bryan/Workspace/ros2_ws/install/examples_rclcpp_minimal_subscriber:/home/bryan/Workspace/ros2_ws/install/examples_rclcpp_minimal_service:/home/bryan/Workspace/ros2_ws/install/examples_rclcpp_minimal_publisher:/home/bryan/Workspace/ros2_ws/install/examples_rclcpp_minimal_composition:/home/bryan/Workspace/ros2_ws/install/examples_rclcpp_minimal_client:/home/bryan/Workspace/ros2_ws/install/examples_rclcpp_minimal_action_server:/home/bryan/Workspace/ros2_ws/install/examples_rclcpp_minimal_action_client:/home/bryan/Workspace/ros2_ws/install/examples_rclcpp_cbg_executor:/home/bryan/Workspace/ros2_ws/install/examples_rclcpp_async_client:/home/bryan/Workspace/ros2_ws/install/sprint2:/home/bryan/Workspace/ros2_ws/install/launch_testing_examples:/home/bryan/Workspace/ros2_ws/install/image_converter:/home/bryan/Workspace/ros2_ws/install/first_package:/home/bryan/Workspace/ros2_ws/install/examples_rclpy_pointcloud_publisher:/home/bryan/Workspace/ros2_ws/install/examples_rclpy_minimal_subscriber:/home/bryan/Workspace/ros2_ws/install/examples_rclpy_minimal_service:/home/bryan/Workspace/ros2_ws/install/examples_rclpy_minimal_publisher:/home/bryan/Workspace/ros2_ws/install/examples_rclpy_minimal_client:/home/bryan/Workspace/ros2_ws/install/examples_rclpy_minimal_action_server:/home/bryan/Workspace/ros2_ws/install/examples_rclpy_minimal_action_client:/home/bryan/Workspace/ros2_ws/install/examples_rclpy_guard_conditions:/home/bryan/Workspace/ros2_ws/install/examples_rclpy_executors:/home/bryan/Workspace/ros2_ws/install/camera_calibration:/opt/ros/humble LD_LIBRARY_PATH=/home/bryan/Workspace/ros2_ws/install/tracetools_image_pipeline/lib:/home/bryan/Workspace/ros2_ws/install/image_geometry/lib:/home/bryan/Workspace/ros2_ws/install/cv_bridge/lib:/home/bryan/Workspace/ros2_ws/install/image_proc/lib:/home/bryan/Workspace/ros2_ws/install/image_rotate/lib:/home/bryan/Workspace/ros2_ws/install/image_publisher/lib:/home/bryan/Workspace/ros2_ws/install/examples_rclcpp_wait_set/lib:/home/bryan/Workspace/ros2_ws/install/examples_rclcpp_minimal_subscriber/lib:/home/bryan/Workspace/ros2_ws/install/examples_rclcpp_minimal_composition/lib:/opt/ros/humble/opt/rviz_ogre_vendor/lib:/opt/ros/humble/lib/x86_64-linux-gnu:/opt/ros/humble/lib PYTHONPATH=/home/bryan/Workspace/ros2_ws/install/image_geometry/local/lib/python3.10/dist-packages:/home/bryan/Workspace/ros2_ws/install/cv_bridge/local/lib/python3.10/dist-packages:${PYTHONPATH} /usr/bin/cmake --install /home/bryan/Workspace/ros2_ws/build/image_proc
[7.579s] INFO:colcon.colcon_core.shell:Creating environment descriptor '/home/bryan/Workspace/ros2_ws/install/image_proc/share/image_proc/hook/cmake_prefix_path.dsv'
[7.580s] INFO:colcon.colcon_core.shell:Creating environment hook '/home/bryan/Workspace/ros2_ws/install/image_proc/share/image_proc/hook/cmake_prefix_path.sh'
[7.581s] Level 1:colcon.colcon_core.environment:checking '/home/bryan/Workspace/ros2_ws/install/image_proc/lib'
[7.582s] Level 1:colcon.colcon_core.shell:create_environment_hook('image_proc', 'ld_library_path_lib')
[7.582s] INFO:colcon.colcon_core.shell:Creating environment hook '/home/bryan/Workspace/ros2_ws/install/image_proc/share/image_proc/hook/ld_library_path_lib.ps1'
[7.583s] INFO:colcon.colcon_core.shell:Creating environment descriptor '/home/bryan/Workspace/ros2_ws/install/image_proc/share/image_proc/hook/ld_library_path_lib.dsv'
[7.584s] INFO:colcon.colcon_core.shell:Creating environment hook '/home/bryan/Workspace/ros2_ws/install/image_proc/share/image_proc/hook/ld_library_path_lib.sh'
[7.585s] Level 1:colcon.colcon_core.environment:checking '/home/bryan/Workspace/ros2_ws/install/image_proc/bin'
[7.585s] Level 1:colcon.colcon_core.shell:create_environment_hook('image_proc', 'path')
[7.585s] INFO:colcon.colcon_core.shell:Creating environment hook '/home/bryan/Workspace/ros2_ws/install/image_proc/share/image_proc/hook/path.ps1'
[7.586s] INFO:colcon.colcon_core.shell:Creating environment descriptor '/home/bryan/Workspace/ros2_ws/install/image_proc/share/image_proc/hook/path.dsv'
[7.587s] INFO:colcon.colcon_core.shell:Creating environment hook '/home/bryan/Workspace/ros2_ws/install/image_proc/share/image_proc/hook/path.sh'
[7.588s] Level 1:colcon.colcon_core.environment:checking '/home/bryan/Workspace/ros2_ws/install/image_proc/lib/pkgconfig/image_proc.pc'
[7.588s] Level 1:colcon.colcon_core.environment:checking '/home/bryan/Workspace/ros2_ws/install/image_proc/lib/python3.10/site-packages'
[7.589s] Level 1:colcon.colcon_core.environment:checking '/home/bryan/Workspace/ros2_ws/install/image_proc/bin'
[7.589s] Level 1:colcon.colcon_core.shell:create_environment_hook('image_proc', 'pythonscriptspath')
[7.589s] INFO:colcon.colcon_core.shell:Creating environment hook '/home/bryan/Workspace/ros2_ws/install/image_proc/share/image_proc/hook/pythonscriptspath.ps1'
[7.590s] INFO:colcon.colcon_core.shell:Creating environment descriptor '/home/bryan/Workspace/ros2_ws/install/image_proc/share/image_proc/hook/pythonscriptspath.dsv'
[7.591s] INFO:colcon.colcon_core.shell:Creating environment hook '/home/bryan/Workspace/ros2_ws/install/image_proc/share/image_proc/hook/pythonscriptspath.sh'
[7.593s] INFO:colcon.colcon_core.shell:Creating package script '/home/bryan/Workspace/ros2_ws/install/image_proc/share/image_proc/package.ps1'
[7.594s] INFO:colcon.colcon_core.shell:Creating package descriptor '/home/bryan/Workspace/ros2_ws/install/image_proc/share/image_proc/package.dsv'
[7.595s] INFO:colcon.colcon_core.shell:Creating package script '/home/bryan/Workspace/ros2_ws/install/image_proc/share/image_proc/package.sh'
[7.596s] INFO:colcon.colcon_core.shell:Creating package script '/home/bryan/Workspace/ros2_ws/install/image_proc/share/image_proc/package.bash'
[7.597s] INFO:colcon.colcon_core.shell:Creating package script '/home/bryan/Workspace/ros2_ws/install/image_proc/share/image_proc/package.zsh'
[7.598s] Level 1:colcon.colcon_core.environment:create_file_with_runtime_dependencies(/home/bryan/Workspace/ros2_ws/install/image_proc/share/colcon-core/packages/image_proc)
[7.599s] Level 1:colcon.colcon_core.environment:create_environment_scripts_only(image_proc)
[7.600s] Level 1:colcon.colcon_core.environment:checking '/home/bryan/Workspace/ros2_ws/install/image_proc' for CMake module files
[7.603s] Level 1:colcon.colcon_core.environment:checking '/home/bryan/Workspace/ros2_ws/install/image_proc' for CMake config files
[7.603s] Level 1:colcon.colcon_core.shell:create_environment_hook('image_proc', 'cmake_prefix_path')
[7.604s] INFO:colcon.colcon_core.shell:Creating environment hook '/home/bryan/Workspace/ros2_ws/install/image_proc/share/image_proc/hook/cmake_prefix_path.ps1'
[7.605s] INFO:colcon.colcon_core.shell:Creating environment descriptor '/home/bryan/Workspace/ros2_ws/install/image_proc/share/image_proc/hook/cmake_prefix_path.dsv'
[7.609s] INFO:colcon.colcon_core.shell:Creating environment hook '/home/bryan/Workspace/ros2_ws/install/image_proc/share/image_proc/hook/cmake_prefix_path.sh'
[7.611s] Level 1:colcon.colcon_core.environment:checking '/home/bryan/Workspace/ros2_ws/install/image_proc/lib'
[7.611s] Level 1:colcon.colcon_core.shell:create_environment_hook('image_proc', 'ld_library_path_lib')
[7.611s] INFO:colcon.colcon_core.shell:Creating environment hook '/home/bryan/Workspace/ros2_ws/install/image_proc/share/image_proc/hook/ld_library_path_lib.ps1'
[7.612s] INFO:colcon.colcon_core.shell:Creating environment descriptor '/home/bryan/Workspace/ros2_ws/install/image_proc/share/image_proc/hook/ld_library_path_lib.dsv'
[7.613s] INFO:colcon.colcon_core.shell:Creating environment hook '/home/bryan/Workspace/ros2_ws/install/image_proc/share/image_proc/hook/ld_library_path_lib.sh'
[7.614s] Level 1:colcon.colcon_core.environment:checking '/home/bryan/Workspace/ros2_ws/install/image_proc/bin'
[7.615s] Level 1:colcon.colcon_core.shell:create_environment_hook('image_proc', 'path')
[7.615s] INFO:colcon.colcon_core.shell:Creating environment hook '/home/bryan/Workspace/ros2_ws/install/image_proc/share/image_proc/hook/path.ps1'
[7.616s] INFO:colcon.colcon_core.shell:Creating environment descriptor '/home/bryan/Workspace/ros2_ws/install/image_proc/share/image_proc/hook/path.dsv'
[7.617s] INFO:colcon.colcon_core.shell:Creating environment hook '/home/bryan/Workspace/ros2_ws/install/image_proc/share/image_proc/hook/path.sh'
[7.636s] Level 1:colcon.colcon_core.environment:checking '/home/bryan/Workspace/ros2_ws/install/image_proc/lib/pkgconfig/image_proc.pc'
[7.636s] Level 1:colcon.colcon_core.environment:checking '/home/bryan/Workspace/ros2_ws/install/image_proc/lib/python3.10/site-packages'
[7.637s] Level 1:colcon.colcon_core.environment:checking '/home/bryan/Workspace/ros2_ws/install/image_proc/bin'
[7.638s] Level 1:colcon.colcon_core.shell:create_environment_hook('image_proc', 'pythonscriptspath')
[7.638s] INFO:colcon.colcon_core.shell:Creating environment hook '/home/bryan/Workspace/ros2_ws/install/image_proc/share/image_proc/hook/pythonscriptspath.ps1'
[7.640s] INFO:colcon.colcon_core.shell:Creating environment descriptor '/home/bryan/Workspace/ros2_ws/install/image_proc/share/image_proc/hook/pythonscriptspath.dsv'
[7.641s] INFO:colcon.colcon_core.shell:Creating environment hook '/home/bryan/Workspace/ros2_ws/install/image_proc/share/image_proc/hook/pythonscriptspath.sh'
[7.644s] INFO:colcon.colcon_core.shell:Creating package script '/home/bryan/Workspace/ros2_ws/install/image_proc/share/image_proc/package.ps1'
[7.646s] INFO:colcon.colcon_core.shell:Creating package descriptor '/home/bryan/Workspace/ros2_ws/install/image_proc/share/image_proc/package.dsv'
[7.648s] INFO:colcon.colcon_core.shell:Creating package script '/home/bryan/Workspace/ros2_ws/install/image_proc/share/image_proc/package.sh'
[7.650s] INFO:colcon.colcon_core.shell:Creating package script '/home/bryan/Workspace/ros2_ws/install/image_proc/share/image_proc/package.bash'
[7.651s] INFO:colcon.colcon_core.shell:Creating package script '/home/bryan/Workspace/ros2_ws/install/image_proc/share/image_proc/package.zsh'
[7.652s] Level 1:colcon.colcon_core.environment:create_file_with_runtime_dependencies(/home/bryan/Workspace/ros2_ws/install/image_proc/share/colcon-core/packages/image_proc)
[7.657s] INFO:colcon.colcon_ros.task.ament_cmake.build:Building ROS package in '/home/bryan/Workspace/ros2_ws/image_pipeline/image_publisher' with build type 'ament_cmake'
[7.657s] INFO:colcon.colcon_cmake.task.cmake.build:Building CMake package in '/home/bryan/Workspace/ros2_ws/image_pipeline/image_publisher'
[7.658s] INFO:colcon.colcon_core.shell:Skip shell extension 'powershell' for command environment: Not usable outside of PowerShell
[7.658s] DEBUG:colcon.colcon_core.shell:Skip shell extension 'dsv' for command environment
[7.721s] DEBUG:colcon.colcon_core.event_handler.log_command:Invoking command in '/home/bryan/Workspace/ros2_ws/build/image_publisher': AMENT_PREFIX_PATH=/home/bryan/Workspace/ros2_ws/install/cv_bridge:${AMENT_PREFIX_PATH} CMAKE_PREFIX_PATH=/home/bryan/Workspace/ros2_ws/install/cv_bridge:/home/bryan/Workspace/ros2_ws/install/image_proc:/home/bryan/Workspace/ros2_ws/install/tracetools_image_pipeline:/home/bryan/Workspace/ros2_ws/install/image_rotate:/home/bryan/Workspace/ros2_ws/install/image_publisher:/home/bryan/Workspace/ros2_ws/install/examples_rclcpp_wait_set:/home/bryan/Workspace/ros2_ws/install/examples_rclcpp_multithreaded_executor:/home/bryan/Workspace/ros2_ws/install/examples_rclcpp_minimal_timer:/home/bryan/Workspace/ros2_ws/install/examples_rclcpp_minimal_subscriber:/home/bryan/Workspace/ros2_ws/install/examples_rclcpp_minimal_service:/home/bryan/Workspace/ros2_ws/install/examples_rclcpp_minimal_publisher:/home/bryan/Workspace/ros2_ws/install/examples_rclcpp_minimal_composition:/home/bryan/Workspace/ros2_ws/install/examples_rclcpp_minimal_client:/home/bryan/Workspace/ros2_ws/install/examples_rclcpp_minimal_action_server:/home/bryan/Workspace/ros2_ws/install/examples_rclcpp_minimal_action_client:/home/bryan/Workspace/ros2_ws/install/examples_rclcpp_cbg_executor:/home/bryan/Workspace/ros2_ws/install/examples_rclcpp_async_client:/home/bryan/Workspace/ros2_ws/install/sprint2:/home/bryan/Workspace/ros2_ws/install/launch_testing_examples:/home/bryan/Workspace/ros2_ws/install/image_converter:/home/bryan/Workspace/ros2_ws/install/first_package:/home/bryan/Workspace/ros2_ws/install/examples_rclpy_pointcloud_publisher:/home/bryan/Workspace/ros2_ws/install/examples_rclpy_minimal_subscriber:/home/bryan/Workspace/ros2_ws/install/examples_rclpy_minimal_service:/home/bryan/Workspace/ros2_ws/install/examples_rclpy_minimal_publisher:/home/bryan/Workspace/ros2_ws/install/examples_rclpy_minimal_client:/home/bryan/Workspace/ros2_ws/install/examples_rclpy_minimal_action_server:/home/bryan/Workspace/ros2_ws/install/examples_rclpy_minimal_action_client:/home/bryan/Workspace/ros2_ws/install/examples_rclpy_guard_conditions:/home/bryan/Workspace/ros2_ws/install/examples_rclpy_executors:/home/bryan/Workspace/ros2_ws/install/camera_calibration:/opt/ros/humble LD_LIBRARY_PATH=/home/bryan/Workspace/ros2_ws/install/cv_bridge/lib:${LD_LIBRARY_PATH} PYTHONPATH=/home/bryan/Workspace/ros2_ws/install/cv_bridge/local/lib/python3.10/dist-packages:${PYTHONPATH} /usr/bin/cmake --build /home/bryan/Workspace/ros2_ws/build/image_publisher -- -j3 -l3
[7.908s] DEBUG:colcon.colcon_core.event_handler.log_command:Invoking command in '/home/bryan/Workspace/ros2_ws/image_pipeline/camera_calibration': AMENT_PREFIX_PATH=/home/bryan/Workspace/ros2_ws/install/image_geometry:/home/bryan/Workspace/ros2_ws/install/cv_bridge:${AMENT_PREFIX_PATH} CMAKE_PREFIX_PATH=/home/bryan/Workspace/ros2_ws/install/image_geometry:/home/bryan/Workspace/ros2_ws/install/cv_bridge:${CMAKE_PREFIX_PATH} LD_LIBRARY_PATH=/home/bryan/Workspace/ros2_ws/install/image_geometry/lib:/home/bryan/Workspace/ros2_ws/install/cv_bridge/lib:${LD_LIBRARY_PATH} PYTHONPATH=/home/bryan/Workspace/ros2_ws/build/camera_calibration/prefix_override:/usr/lib/python3/dist-packages/colcon_core/task/python/colcon_distutils_commands:/home/bryan/Workspace/ros2_ws/install/camera_calibration/lib/python3.10/site-packages:/home/bryan/Workspace/ros2_ws/install/image_geometry/local/lib/python3.10/dist-packages:/home/bryan/Workspace/ros2_ws/install/cv_bridge/local/lib/python3.10/dist-packages:${PYTHONPATH} /usr/bin/python3 -W ignore:setup.py install is deprecated -W ignore:easy_install command is deprecated setup.py egg_info --egg-base ../../build/camera_calibration build --build-base /home/bryan/Workspace/ros2_ws/build/camera_calibration/build install --record /home/bryan/Workspace/ros2_ws/build/camera_calibration/install.log --single-version-externally-managed install_data
[8.310s] DEBUG:colcon.colcon_core.event_handler.log_command:Invoked command in '/home/bryan/Workspace/ros2_ws/build/image_publisher' returned '0': AMENT_PREFIX_PATH=/home/bryan/Workspace/ros2_ws/install/cv_bridge:${AMENT_PREFIX_PATH} CMAKE_PREFIX_PATH=/home/bryan/Workspace/ros2_ws/install/cv_bridge:/home/bryan/Workspace/ros2_ws/install/image_proc:/home/bryan/Workspace/ros2_ws/install/tracetools_image_pipeline:/home/bryan/Workspace/ros2_ws/install/image_rotate:/home/bryan/Workspace/ros2_ws/install/image_publisher:/home/bryan/Workspace/ros2_ws/install/examples_rclcpp_wait_set:/home/bryan/Workspace/ros2_ws/install/examples_rclcpp_multithreaded_executor:/home/bryan/Workspace/ros2_ws/install/examples_rclcpp_minimal_timer:/home/bryan/Workspace/ros2_ws/install/examples_rclcpp_minimal_subscriber:/home/bryan/Workspace/ros2_ws/install/examples_rclcpp_minimal_service:/home/bryan/Workspace/ros2_ws/install/examples_rclcpp_minimal_publisher:/home/bryan/Workspace/ros2_ws/install/examples_rclcpp_minimal_composition:/home/bryan/Workspace/ros2_ws/install/examples_rclcpp_minimal_client:/home/bryan/Workspace/ros2_ws/install/examples_rclcpp_minimal_action_server:/home/bryan/Workspace/ros2_ws/install/examples_rclcpp_minimal_action_client:/home/bryan/Workspace/ros2_ws/install/examples_rclcpp_cbg_executor:/home/bryan/Workspace/ros2_ws/install/examples_rclcpp_async_client:/home/bryan/Workspace/ros2_ws/install/sprint2:/home/bryan/Workspace/ros2_ws/install/launch_testing_examples:/home/bryan/Workspace/ros2_ws/install/image_converter:/home/bryan/Workspace/ros2_ws/install/first_package:/home/bryan/Workspace/ros2_ws/install/examples_rclpy_pointcloud_publisher:/home/bryan/Workspace/ros2_ws/install/examples_rclpy_minimal_subscriber:/home/bryan/Workspace/ros2_ws/install/examples_rclpy_minimal_service:/home/bryan/Workspace/ros2_ws/install/examples_rclpy_minimal_publisher:/home/bryan/Workspace/ros2_ws/install/examples_rclpy_minimal_client:/home/bryan/Workspace/ros2_ws/install/examples_rclpy_minimal_action_server:/home/bryan/Workspace/ros2_ws/install/examples_rclpy_minimal_action_client:/home/bryan/Workspace/ros2_ws/install/examples_rclpy_guard_conditions:/home/bryan/Workspace/ros2_ws/install/examples_rclpy_executors:/home/bryan/Workspace/ros2_ws/install/camera_calibration:/opt/ros/humble LD_LIBRARY_PATH=/home/bryan/Workspace/ros2_ws/install/cv_bridge/lib:${LD_LIBRARY_PATH} PYTHONPATH=/home/bryan/Workspace/ros2_ws/install/cv_bridge/local/lib/python3.10/dist-packages:${PYTHONPATH} /usr/bin/cmake --build /home/bryan/Workspace/ros2_ws/build/image_publisher -- -j3 -l3
[8.311s] DEBUG:colcon.colcon_core.event_handler.log_command:Invoking command in '/home/bryan/Workspace/ros2_ws/build/image_publisher': AMENT_PREFIX_PATH=/home/bryan/Workspace/ros2_ws/install/cv_bridge:${AMENT_PREFIX_PATH} CMAKE_PREFIX_PATH=/home/bryan/Workspace/ros2_ws/install/cv_bridge:/home/bryan/Workspace/ros2_ws/install/image_proc:/home/bryan/Workspace/ros2_ws/install/tracetools_image_pipeline:/home/bryan/Workspace/ros2_ws/install/image_rotate:/home/bryan/Workspace/ros2_ws/install/image_publisher:/home/bryan/Workspace/ros2_ws/install/examples_rclcpp_wait_set:/home/bryan/Workspace/ros2_ws/install/examples_rclcpp_multithreaded_executor:/home/bryan/Workspace/ros2_ws/install/examples_rclcpp_minimal_timer:/home/bryan/Workspace/ros2_ws/install/examples_rclcpp_minimal_subscriber:/home/bryan/Workspace/ros2_ws/install/examples_rclcpp_minimal_service:/home/bryan/Workspace/ros2_ws/install/examples_rclcpp_minimal_publisher:/home/bryan/Workspace/ros2_ws/install/examples_rclcpp_minimal_composition:/home/bryan/Workspace/ros2_ws/install/examples_rclcpp_minimal_client:/home/bryan/Workspace/ros2_ws/install/examples_rclcpp_minimal_action_server:/home/bryan/Workspace/ros2_ws/install/examples_rclcpp_minimal_action_client:/home/bryan/Workspace/ros2_ws/install/examples_rclcpp_cbg_executor:/home/bryan/Workspace/ros2_ws/install/examples_rclcpp_async_client:/home/bryan/Workspace/ros2_ws/install/sprint2:/home/bryan/Workspace/ros2_ws/install/launch_testing_examples:/home/bryan/Workspace/ros2_ws/install/image_converter:/home/bryan/Workspace/ros2_ws/install/first_package:/home/bryan/Workspace/ros2_ws/install/examples_rclpy_pointcloud_publisher:/home/bryan/Workspace/ros2_ws/install/examples_rclpy_minimal_subscriber:/home/bryan/Workspace/ros2_ws/install/examples_rclpy_minimal_service:/home/bryan/Workspace/ros2_ws/install/examples_rclpy_minimal_publisher:/home/bryan/Workspace/ros2_ws/install/examples_rclpy_minimal_client:/home/bryan/Workspace/ros2_ws/install/examples_rclpy_minimal_action_server:/home/bryan/Workspace/ros2_ws/install/examples_rclpy_minimal_action_client:/home/bryan/Workspace/ros2_ws/install/examples_rclpy_guard_conditions:/home/bryan/Workspace/ros2_ws/install/examples_rclpy_executors:/home/bryan/Workspace/ros2_ws/install/camera_calibration:/opt/ros/humble LD_LIBRARY_PATH=/home/bryan/Workspace/ros2_ws/install/cv_bridge/lib:${LD_LIBRARY_PATH} PYTHONPATH=/home/bryan/Workspace/ros2_ws/install/cv_bridge/local/lib/python3.10/dist-packages:${PYTHONPATH} /usr/bin/cmake --install /home/bryan/Workspace/ros2_ws/build/image_publisher
[8.362s] Level 1:colcon.colcon_core.environment:create_environment_scripts_only(image_publisher)
[8.362s] Level 1:colcon.colcon_core.environment:checking '/home/bryan/Workspace/ros2_ws/install/image_publisher' for CMake module files
[8.363s] Level 1:colcon.colcon_core.environment:checking '/home/bryan/Workspace/ros2_ws/install/image_publisher' for CMake config files
[8.363s] Level 1:colcon.colcon_core.shell:create_environment_hook('image_publisher', 'cmake_prefix_path')
[8.364s] INFO:colcon.colcon_core.shell:Creating environment hook '/home/bryan/Workspace/ros2_ws/install/image_publisher/share/image_publisher/hook/cmake_prefix_path.ps1'
[8.364s] INFO:colcon.colcon_core.shell:Creating environment descriptor '/home/bryan/Workspace/ros2_ws/install/image_publisher/share/image_publisher/hook/cmake_prefix_path.dsv'
[8.367s] DEBUG:colcon.colcon_core.event_handler.log_command:Invoked command in '/home/bryan/Workspace/ros2_ws/build/image_publisher' returned '0': AMENT_PREFIX_PATH=/home/bryan/Workspace/ros2_ws/install/cv_bridge:${AMENT_PREFIX_PATH} CMAKE_PREFIX_PATH=/home/bryan/Workspace/ros2_ws/install/cv_bridge:/home/bryan/Workspace/ros2_ws/install/image_proc:/home/bryan/Workspace/ros2_ws/install/tracetools_image_pipeline:/home/bryan/Workspace/ros2_ws/install/image_rotate:/home/bryan/Workspace/ros2_ws/install/image_publisher:/home/bryan/Workspace/ros2_ws/install/examples_rclcpp_wait_set:/home/bryan/Workspace/ros2_ws/install/examples_rclcpp_multithreaded_executor:/home/bryan/Workspace/ros2_ws/install/examples_rclcpp_minimal_timer:/home/bryan/Workspace/ros2_ws/install/examples_rclcpp_minimal_subscriber:/home/bryan/Workspace/ros2_ws/install/examples_rclcpp_minimal_service:/home/bryan/Workspace/ros2_ws/install/examples_rclcpp_minimal_publisher:/home/bryan/Workspace/ros2_ws/install/examples_rclcpp_minimal_composition:/home/bryan/Workspace/ros2_ws/install/examples_rclcpp_minimal_client:/home/bryan/Workspace/ros2_ws/install/examples_rclcpp_minimal_action_server:/home/bryan/Workspace/ros2_ws/install/examples_rclcpp_minimal_action_client:/home/bryan/Workspace/ros2_ws/install/examples_rclcpp_cbg_executor:/home/bryan/Workspace/ros2_ws/install/examples_rclcpp_async_client:/home/bryan/Workspace/ros2_ws/install/sprint2:/home/bryan/Workspace/ros2_ws/install/launch_testing_examples:/home/bryan/Workspace/ros2_ws/install/image_converter:/home/bryan/Workspace/ros2_ws/install/first_package:/home/bryan/Workspace/ros2_ws/install/examples_rclpy_pointcloud_publisher:/home/bryan/Workspace/ros2_ws/install/examples_rclpy_minimal_subscriber:/home/bryan/Workspace/ros2_ws/install/examples_rclpy_minimal_service:/home/bryan/Workspace/ros2_ws/install/examples_rclpy_minimal_publisher:/home/bryan/Workspace/ros2_ws/install/examples_rclpy_minimal_client:/home/bryan/Workspace/ros2_ws/install/examples_rclpy_minimal_action_server:/home/bryan/Workspace/ros2_ws/install/examples_rclpy_minimal_action_client:/home/bryan/Workspace/ros2_ws/install/examples_rclpy_guard_conditions:/home/bryan/Workspace/ros2_ws/install/examples_rclpy_executors:/home/bryan/Workspace/ros2_ws/install/camera_calibration:/opt/ros/humble LD_LIBRARY_PATH=/home/bryan/Workspace/ros2_ws/install/cv_bridge/lib:${LD_LIBRARY_PATH} PYTHONPATH=/home/bryan/Workspace/ros2_ws/install/cv_bridge/local/lib/python3.10/dist-packages:${PYTHONPATH} /usr/bin/cmake --install /home/bryan/Workspace/ros2_ws/build/image_publisher
[8.368s] INFO:colcon.colcon_core.shell:Creating environment hook '/home/bryan/Workspace/ros2_ws/install/image_publisher/share/image_publisher/hook/cmake_prefix_path.sh'
[8.370s] Level 1:colcon.colcon_core.environment:checking '/home/bryan/Workspace/ros2_ws/install/image_publisher/lib'
[8.372s] Level 1:colcon.colcon_core.shell:create_environment_hook('image_publisher', 'ld_library_path_lib')
[8.372s] INFO:colcon.colcon_core.shell:Creating environment hook '/home/bryan/Workspace/ros2_ws/install/image_publisher/share/image_publisher/hook/ld_library_path_lib.ps1'
[8.374s] INFO:colcon.colcon_core.shell:Creating environment descriptor '/home/bryan/Workspace/ros2_ws/install/image_publisher/share/image_publisher/hook/ld_library_path_lib.dsv'
[8.375s] INFO:colcon.colcon_core.shell:Creating environment hook '/home/bryan/Workspace/ros2_ws/install/image_publisher/share/image_publisher/hook/ld_library_path_lib.sh'
[8.375s] Level 1:colcon.colcon_core.environment:checking '/home/bryan/Workspace/ros2_ws/install/image_publisher/bin'
[8.376s] Level 1:colcon.colcon_core.environment:checking '/home/bryan/Workspace/ros2_ws/install/image_publisher/lib/pkgconfig/image_publisher.pc'
[8.376s] Level 1:colcon.colcon_core.environment:checking '/home/bryan/Workspace/ros2_ws/install/image_publisher/lib/python3.10/site-packages'
[8.376s] Level 1:colcon.colcon_core.environment:checking '/home/bryan/Workspace/ros2_ws/install/image_publisher/bin'
[8.377s] INFO:colcon.colcon_core.shell:Creating package script '/home/bryan/Workspace/ros2_ws/install/image_publisher/share/image_publisher/package.ps1'
[8.378s] INFO:colcon.colcon_core.shell:Creating package descriptor '/home/bryan/Workspace/ros2_ws/install/image_publisher/share/image_publisher/package.dsv'
[8.379s] INFO:colcon.colcon_core.shell:Creating package script '/home/bryan/Workspace/ros2_ws/install/image_publisher/share/image_publisher/package.sh'
[8.380s] INFO:colcon.colcon_core.shell:Creating package script '/home/bryan/Workspace/ros2_ws/install/image_publisher/share/image_publisher/package.bash'
[8.380s] INFO:colcon.colcon_core.shell:Creating package script '/home/bryan/Workspace/ros2_ws/install/image_publisher/share/image_publisher/package.zsh'
[8.381s] Level 1:colcon.colcon_core.environment:create_file_with_runtime_dependencies(/home/bryan/Workspace/ros2_ws/install/image_publisher/share/colcon-core/packages/image_publisher)
[8.383s] Level 1:colcon.colcon_core.environment:create_environment_scripts_only(image_publisher)
[8.383s] Level 1:colcon.colcon_core.environment:checking '/home/bryan/Workspace/ros2_ws/install/image_publisher' for CMake module files
[8.383s] Level 1:colcon.colcon_core.environment:checking '/home/bryan/Workspace/ros2_ws/install/image_publisher' for CMake config files
[8.384s] Level 1:colcon.colcon_core.shell:create_environment_hook('image_publisher', 'cmake_prefix_path')
[8.384s] INFO:colcon.colcon_core.shell:Creating environment hook '/home/bryan/Workspace/ros2_ws/install/image_publisher/share/image_publisher/hook/cmake_prefix_path.ps1'
[8.385s] INFO:colcon.colcon_core.shell:Creating environment descriptor '/home/bryan/Workspace/ros2_ws/install/image_publisher/share/image_publisher/hook/cmake_prefix_path.dsv'
[8.386s] INFO:colcon.colcon_core.shell:Creating environment hook '/home/bryan/Workspace/ros2_ws/install/image_publisher/share/image_publisher/hook/cmake_prefix_path.sh'
[8.387s] Level 1:colcon.colcon_core.environment:checking '/home/bryan/Workspace/ros2_ws/install/image_publisher/lib'
[8.387s] Level 1:colcon.colcon_core.shell:create_environment_hook('image_publisher', 'ld_library_path_lib')
[8.388s] INFO:colcon.colcon_core.shell:Creating environment hook '/home/bryan/Workspace/ros2_ws/install/image_publisher/share/image_publisher/hook/ld_library_path_lib.ps1'
[8.388s] INFO:colcon.colcon_core.shell:Creating environment descriptor '/home/bryan/Workspace/ros2_ws/install/image_publisher/share/image_publisher/hook/ld_library_path_lib.dsv'
[8.389s] INFO:colcon.colcon_core.shell:Creating environment hook '/home/bryan/Workspace/ros2_ws/install/image_publisher/share/image_publisher/hook/ld_library_path_lib.sh'
[8.390s] Level 1:colcon.colcon_core.environment:checking '/home/bryan/Workspace/ros2_ws/install/image_publisher/bin'
[8.390s] Level 1:colcon.colcon_core.environment:checking '/home/bryan/Workspace/ros2_ws/install/image_publisher/lib/pkgconfig/image_publisher.pc'
[8.391s] Level 1:colcon.colcon_core.environment:checking '/home/bryan/Workspace/ros2_ws/install/image_publisher/lib/python3.10/site-packages'
[8.391s] Level 1:colcon.colcon_core.environment:checking '/home/bryan/Workspace/ros2_ws/install/image_publisher/bin'
[8.393s] INFO:colcon.colcon_core.shell:Creating package script '/home/bryan/Workspace/ros2_ws/install/image_publisher/share/image_publisher/package.ps1'
[8.481s] INFO:colcon.colcon_core.shell:Creating package descriptor '/home/bryan/Workspace/ros2_ws/install/image_publisher/share/image_publisher/package.dsv'
[8.487s] INFO:colcon.colcon_core.shell:Creating package script '/home/bryan/Workspace/ros2_ws/install/image_publisher/share/image_publisher/package.sh'
[8.495s] INFO:colcon.colcon_core.shell:Creating package script '/home/bryan/Workspace/ros2_ws/install/image_publisher/share/image_publisher/package.bash'
[8.501s] INFO:colcon.colcon_core.shell:Creating package script '/home/bryan/Workspace/ros2_ws/install/image_publisher/share/image_publisher/package.zsh'
[8.503s] Level 1:colcon.colcon_core.environment:create_file_with_runtime_dependencies(/home/bryan/Workspace/ros2_ws/install/image_publisher/share/colcon-core/packages/image_publisher)
[8.504s] INFO:colcon.colcon_ros.task.ament_cmake.build:Building ROS package in '/home/bryan/Workspace/ros2_ws/image_pipeline/image_rotate' with build type 'ament_cmake'
[8.504s] INFO:colcon.colcon_cmake.task.cmake.build:Building CMake package in '/home/bryan/Workspace/ros2_ws/image_pipeline/image_rotate'
[8.505s] INFO:colcon.colcon_core.shell:Skip shell extension 'powershell' for command environment: Not usable outside of PowerShell
[8.505s] DEBUG:colcon.colcon_core.shell:Skip shell extension 'dsv' for command environment
[8.561s] DEBUG:colcon.colcon_core.event_handler.log_command:Invoking command in '/home/bryan/Workspace/ros2_ws/build/image_rotate': AMENT_PREFIX_PATH=/home/bryan/Workspace/ros2_ws/install/cv_bridge:${AMENT_PREFIX_PATH} CMAKE_PREFIX_PATH=/home/bryan/Workspace/ros2_ws/install/cv_bridge:/home/bryan/Workspace/ros2_ws/install/image_proc:/home/bryan/Workspace/ros2_ws/install/tracetools_image_pipeline:/home/bryan/Workspace/ros2_ws/install/image_rotate:/home/bryan/Workspace/ros2_ws/install/image_publisher:/home/bryan/Workspace/ros2_ws/install/examples_rclcpp_wait_set:/home/bryan/Workspace/ros2_ws/install/examples_rclcpp_multithreaded_executor:/home/bryan/Workspace/ros2_ws/install/examples_rclcpp_minimal_timer:/home/bryan/Workspace/ros2_ws/install/examples_rclcpp_minimal_subscriber:/home/bryan/Workspace/ros2_ws/install/examples_rclcpp_minimal_service:/home/bryan/Workspace/ros2_ws/install/examples_rclcpp_minimal_publisher:/home/bryan/Workspace/ros2_ws/install/examples_rclcpp_minimal_composition:/home/bryan/Workspace/ros2_ws/install/examples_rclcpp_minimal_client:/home/bryan/Workspace/ros2_ws/install/examples_rclcpp_minimal_action_server:/home/bryan/Workspace/ros2_ws/install/examples_rclcpp_minimal_action_client:/home/bryan/Workspace/ros2_ws/install/examples_rclcpp_cbg_executor:/home/bryan/Workspace/ros2_ws/install/examples_rclcpp_async_client:/home/bryan/Workspace/ros2_ws/install/sprint2:/home/bryan/Workspace/ros2_ws/install/launch_testing_examples:/home/bryan/Workspace/ros2_ws/install/image_converter:/home/bryan/Workspace/ros2_ws/install/first_package:/home/bryan/Workspace/ros2_ws/install/examples_rclpy_pointcloud_publisher:/home/bryan/Workspace/ros2_ws/install/examples_rclpy_minimal_subscriber:/home/bryan/Workspace/ros2_ws/install/examples_rclpy_minimal_service:/home/bryan/Workspace/ros2_ws/install/examples_rclpy_minimal_publisher:/home/bryan/Workspace/ros2_ws/install/examples_rclpy_minimal_client:/home/bryan/Workspace/ros2_ws/install/examples_rclpy_minimal_action_server:/home/bryan/Workspace/ros2_ws/install/examples_rclpy_minimal_action_client:/home/bryan/Workspace/ros2_ws/install/examples_rclpy_guard_conditions:/home/bryan/Workspace/ros2_ws/install/examples_rclpy_executors:/home/bryan/Workspace/ros2_ws/install/camera_calibration:/opt/ros/humble LD_LIBRARY_PATH=/home/bryan/Workspace/ros2_ws/install/cv_bridge/lib:${LD_LIBRARY_PATH} PYTHONPATH=/home/bryan/Workspace/ros2_ws/install/cv_bridge/local/lib/python3.10/dist-packages:${PYTHONPATH} /usr/bin/cmake --build /home/bryan/Workspace/ros2_ws/build/image_rotate -- -j3 -l3
[8.874s] Level 1:colcon.colcon_core.environment:checking '/home/bryan/Workspace/ros2_ws/install/camera_calibration' for CMake module files
[8.875s] Level 1:colcon.colcon_core.environment:checking '/home/bryan/Workspace/ros2_ws/install/camera_calibration' for CMake config files
[8.876s] DEBUG:colcon.colcon_core.event_handler.log_command:Invoked command in '/home/bryan/Workspace/ros2_ws/image_pipeline/camera_calibration' returned '0': AMENT_PREFIX_PATH=/home/bryan/Workspace/ros2_ws/install/image_geometry:/home/bryan/Workspace/ros2_ws/install/cv_bridge:${AMENT_PREFIX_PATH} CMAKE_PREFIX_PATH=/home/bryan/Workspace/ros2_ws/install/image_geometry:/home/bryan/Workspace/ros2_ws/install/cv_bridge:${CMAKE_PREFIX_PATH} LD_LIBRARY_PATH=/home/bryan/Workspace/ros2_ws/install/image_geometry/lib:/home/bryan/Workspace/ros2_ws/install/cv_bridge/lib:${LD_LIBRARY_PATH} PYTHONPATH=/home/bryan/Workspace/ros2_ws/build/camera_calibration/prefix_override:/usr/lib/python3/dist-packages/colcon_core/task/python/colcon_distutils_commands:/home/bryan/Workspace/ros2_ws/install/camera_calibration/lib/python3.10/site-packages:/home/bryan/Workspace/ros2_ws/install/image_geometry/local/lib/python3.10/dist-packages:/home/bryan/Workspace/ros2_ws/install/cv_bridge/local/lib/python3.10/dist-packages:${PYTHONPATH} /usr/bin/python3 -W ignore:setup.py install is deprecated -W ignore:easy_install command is deprecated setup.py egg_info --egg-base ../../build/camera_calibration build --build-base /home/bryan/Workspace/ros2_ws/build/camera_calibration/build install --record /home/bryan/Workspace/ros2_ws/build/camera_calibration/install.log --single-version-externally-managed install_data
[8.877s] Level 1:colcon.colcon_core.environment:checking '/home/bryan/Workspace/ros2_ws/install/camera_calibration/lib'
[8.878s] Level 1:colcon.colcon_core.environment:checking '/home/bryan/Workspace/ros2_ws/install/camera_calibration/bin'
[8.878s] Level 1:colcon.colcon_core.environment:checking '/home/bryan/Workspace/ros2_ws/install/camera_calibration/lib/pkgconfig/camera_calibration.pc'
[8.878s] Level 1:colcon.colcon_core.environment:checking '/home/bryan/Workspace/ros2_ws/install/camera_calibration/lib/python3.10/site-packages'
[8.878s] Level 1:colcon.colcon_core.shell:create_environment_hook('camera_calibration', 'pythonpath')
[8.879s] INFO:colcon.colcon_core.shell:Creating environment hook '/home/bryan/Workspace/ros2_ws/install/camera_calibration/share/camera_calibration/hook/pythonpath.ps1'
[8.880s] INFO:colcon.colcon_core.shell:Creating environment descriptor '/home/bryan/Workspace/ros2_ws/install/camera_calibration/share/camera_calibration/hook/pythonpath.dsv'
[8.883s] INFO:colcon.colcon_core.shell:Creating environment hook '/home/bryan/Workspace/ros2_ws/install/camera_calibration/share/camera_calibration/hook/pythonpath.sh'
[8.885s] Level 1:colcon.colcon_core.environment:checking '/home/bryan/Workspace/ros2_ws/install/camera_calibration/bin'
[8.885s] Level 1:colcon.colcon_core.environment:create_environment_scripts_only(camera_calibration)
[8.886s] INFO:colcon.colcon_core.shell:Creating package script '/home/bryan/Workspace/ros2_ws/install/camera_calibration/share/camera_calibration/package.ps1'
[8.888s] INFO:colcon.colcon_core.shell:Creating package descriptor '/home/bryan/Workspace/ros2_ws/install/camera_calibration/share/camera_calibration/package.dsv'
[8.891s] INFO:colcon.colcon_core.shell:Creating package script '/home/bryan/Workspace/ros2_ws/install/camera_calibration/share/camera_calibration/package.sh'
[8.893s] INFO:colcon.colcon_core.shell:Creating package script '/home/bryan/Workspace/ros2_ws/install/camera_calibration/share/camera_calibration/package.bash'
[8.896s] INFO:colcon.colcon_core.shell:Creating package script '/home/bryan/Workspace/ros2_ws/install/camera_calibration/share/camera_calibration/package.zsh'
[8.899s] Level 1:colcon.colcon_core.environment:create_file_with_runtime_dependencies(/home/bryan/Workspace/ros2_ws/install/camera_calibration/share/colcon-core/packages/camera_calibration)
[8.902s] INFO:colcon.colcon_ros.task.ament_cmake.build:Building ROS package in '/home/bryan/Workspace/ros2_ws/image_pipeline/image_view' with build type 'ament_cmake'
[8.905s] INFO:colcon.colcon_cmake.task.cmake.build:Building CMake package in '/home/bryan/Workspace/ros2_ws/image_pipeline/image_view'
[8.907s] INFO:colcon.colcon_core.shell:Skip shell extension 'powershell' for command environment: Not usable outside of PowerShell
[8.907s] DEBUG:colcon.colcon_core.shell:Skip shell extension 'dsv' for command environment
[8.979s] DEBUG:colcon.colcon_core.event_handler.log_command:Invoking command in '/home/bryan/Workspace/ros2_ws/build/image_view': AMENT_PREFIX_PATH=/home/bryan/Workspace/ros2_ws/install/cv_bridge:${AMENT_PREFIX_PATH} CMAKE_PREFIX_PATH=/home/bryan/Workspace/ros2_ws/install/cv_bridge:/home/bryan/Workspace/ros2_ws/install/image_proc:/home/bryan/Workspace/ros2_ws/install/tracetools_image_pipeline:/home/bryan/Workspace/ros2_ws/install/image_rotate:/home/bryan/Workspace/ros2_ws/install/image_publisher:/home/bryan/Workspace/ros2_ws/install/examples_rclcpp_wait_set:/home/bryan/Workspace/ros2_ws/install/examples_rclcpp_multithreaded_executor:/home/bryan/Workspace/ros2_ws/install/examples_rclcpp_minimal_timer:/home/bryan/Workspace/ros2_ws/install/examples_rclcpp_minimal_subscriber:/home/bryan/Workspace/ros2_ws/install/examples_rclcpp_minimal_service:/home/bryan/Workspace/ros2_ws/install/examples_rclcpp_minimal_publisher:/home/bryan/Workspace/ros2_ws/install/examples_rclcpp_minimal_composition:/home/bryan/Workspace/ros2_ws/install/examples_rclcpp_minimal_client:/home/bryan/Workspace/ros2_ws/install/examples_rclcpp_minimal_action_server:/home/bryan/Workspace/ros2_ws/install/examples_rclcpp_minimal_action_client:/home/bryan/Workspace/ros2_ws/install/examples_rclcpp_cbg_executor:/home/bryan/Workspace/ros2_ws/install/examples_rclcpp_async_client:/home/bryan/Workspace/ros2_ws/install/sprint2:/home/bryan/Workspace/ros2_ws/install/launch_testing_examples:/home/bryan/Workspace/ros2_ws/install/image_converter:/home/bryan/Workspace/ros2_ws/install/first_package:/home/bryan/Workspace/ros2_ws/install/examples_rclpy_pointcloud_publisher:/home/bryan/Workspace/ros2_ws/install/examples_rclpy_minimal_subscriber:/home/bryan/Workspace/ros2_ws/install/examples_rclpy_minimal_service:/home/bryan/Workspace/ros2_ws/install/examples_rclpy_minimal_publisher:/home/bryan/Workspace/ros2_ws/install/examples_rclpy_minimal_client:/home/bryan/Workspace/ros2_ws/install/examples_rclpy_minimal_action_server:/home/bryan/Workspace/ros2_ws/install/examples_rclpy_minimal_action_client:/home/bryan/Workspace/ros2_ws/install/examples_rclpy_guard_conditions:/home/bryan/Workspace/ros2_ws/install/examples_rclpy_executors:/home/bryan/Workspace/ros2_ws/install/camera_calibration:/opt/ros/humble LD_LIBRARY_PATH=/home/bryan/Workspace/ros2_ws/install/cv_bridge/lib:${LD_LIBRARY_PATH} PYTHONPATH=/home/bryan/Workspace/ros2_ws/install/cv_bridge/local/lib/python3.10/dist-packages:${PYTHONPATH} /usr/bin/cmake --build /home/bryan/Workspace/ros2_ws/build/image_view -- -j3 -l3
[9.249s] DEBUG:colcon.colcon_core.event_handler.log_command:Invoked command in '/home/bryan/Workspace/ros2_ws/build/image_rotate' returned '0': AMENT_PREFIX_PATH=/home/bryan/Workspace/ros2_ws/install/cv_bridge:${AMENT_PREFIX_PATH} CMAKE_PREFIX_PATH=/home/bryan/Workspace/ros2_ws/install/cv_bridge:/home/bryan/Workspace/ros2_ws/install/image_proc:/home/bryan/Workspace/ros2_ws/install/tracetools_image_pipeline:/home/bryan/Workspace/ros2_ws/install/image_rotate:/home/bryan/Workspace/ros2_ws/install/image_publisher:/home/bryan/Workspace/ros2_ws/install/examples_rclcpp_wait_set:/home/bryan/Workspace/ros2_ws/install/examples_rclcpp_multithreaded_executor:/home/bryan/Workspace/ros2_ws/install/examples_rclcpp_minimal_timer:/home/bryan/Workspace/ros2_ws/install/examples_rclcpp_minimal_subscriber:/home/bryan/Workspace/ros2_ws/install/examples_rclcpp_minimal_service:/home/bryan/Workspace/ros2_ws/install/examples_rclcpp_minimal_publisher:/home/bryan/Workspace/ros2_ws/install/examples_rclcpp_minimal_composition:/home/bryan/Workspace/ros2_ws/install/examples_rclcpp_minimal_client:/home/bryan/Workspace/ros2_ws/install/examples_rclcpp_minimal_action_server:/home/bryan/Workspace/ros2_ws/install/examples_rclcpp_minimal_action_client:/home/bryan/Workspace/ros2_ws/install/examples_rclcpp_cbg_executor:/home/bryan/Workspace/ros2_ws/install/examples_rclcpp_async_client:/home/bryan/Workspace/ros2_ws/install/sprint2:/home/bryan/Workspace/ros2_ws/install/launch_testing_examples:/home/bryan/Workspace/ros2_ws/install/image_converter:/home/bryan/Workspace/ros2_ws/install/first_package:/home/bryan/Workspace/ros2_ws/install/examples_rclpy_pointcloud_publisher:/home/bryan/Workspace/ros2_ws/install/examples_rclpy_minimal_subscriber:/home/bryan/Workspace/ros2_ws/install/examples_rclpy_minimal_service:/home/bryan/Workspace/ros2_ws/install/examples_rclpy_minimal_publisher:/home/bryan/Workspace/ros2_ws/install/examples_rclpy_minimal_client:/home/bryan/Workspace/ros2_ws/install/examples_rclpy_minimal_action_server:/home/bryan/Workspace/ros2_ws/install/examples_rclpy_minimal_action_client:/home/bryan/Workspace/ros2_ws/install/examples_rclpy_guard_conditions:/home/bryan/Workspace/ros2_ws/install/examples_rclpy_executors:/home/bryan/Workspace/ros2_ws/install/camera_calibration:/opt/ros/humble LD_LIBRARY_PATH=/home/bryan/Workspace/ros2_ws/install/cv_bridge/lib:${LD_LIBRARY_PATH} PYTHONPATH=/home/bryan/Workspace/ros2_ws/install/cv_bridge/local/lib/python3.10/dist-packages:${PYTHONPATH} /usr/bin/cmake --build /home/bryan/Workspace/ros2_ws/build/image_rotate -- -j3 -l3
[9.250s] DEBUG:colcon.colcon_core.event_handler.log_command:Invoking command in '/home/bryan/Workspace/ros2_ws/build/image_rotate': AMENT_PREFIX_PATH=/home/bryan/Workspace/ros2_ws/install/cv_bridge:${AMENT_PREFIX_PATH} CMAKE_PREFIX_PATH=/home/bryan/Workspace/ros2_ws/install/cv_bridge:/home/bryan/Workspace/ros2_ws/install/image_proc:/home/bryan/Workspace/ros2_ws/install/tracetools_image_pipeline:/home/bryan/Workspace/ros2_ws/install/image_rotate:/home/bryan/Workspace/ros2_ws/install/image_publisher:/home/bryan/Workspace/ros2_ws/install/examples_rclcpp_wait_set:/home/bryan/Workspace/ros2_ws/install/examples_rclcpp_multithreaded_executor:/home/bryan/Workspace/ros2_ws/install/examples_rclcpp_minimal_timer:/home/bryan/Workspace/ros2_ws/install/examples_rclcpp_minimal_subscriber:/home/bryan/Workspace/ros2_ws/install/examples_rclcpp_minimal_service:/home/bryan/Workspace/ros2_ws/install/examples_rclcpp_minimal_publisher:/home/bryan/Workspace/ros2_ws/install/examples_rclcpp_minimal_composition:/home/bryan/Workspace/ros2_ws/install/examples_rclcpp_minimal_client:/home/bryan/Workspace/ros2_ws/install/examples_rclcpp_minimal_action_server:/home/bryan/Workspace/ros2_ws/install/examples_rclcpp_minimal_action_client:/home/bryan/Workspace/ros2_ws/install/examples_rclcpp_cbg_executor:/home/bryan/Workspace/ros2_ws/install/examples_rclcpp_async_client:/home/bryan/Workspace/ros2_ws/install/sprint2:/home/bryan/Workspace/ros2_ws/install/launch_testing_examples:/home/bryan/Workspace/ros2_ws/install/image_converter:/home/bryan/Workspace/ros2_ws/install/first_package:/home/bryan/Workspace/ros2_ws/install/examples_rclpy_pointcloud_publisher:/home/bryan/Workspace/ros2_ws/install/examples_rclpy_minimal_subscriber:/home/bryan/Workspace/ros2_ws/install/examples_rclpy_minimal_service:/home/bryan/Workspace/ros2_ws/install/examples_rclpy_minimal_publisher:/home/bryan/Workspace/ros2_ws/install/examples_rclpy_minimal_client:/home/bryan/Workspace/ros2_ws/install/examples_rclpy_minimal_action_server:/home/bryan/Workspace/ros2_ws/install/examples_rclpy_minimal_action_client:/home/bryan/Workspace/ros2_ws/install/examples_rclpy_guard_conditions:/home/bryan/Workspace/ros2_ws/install/examples_rclpy_executors:/home/bryan/Workspace/ros2_ws/install/camera_calibration:/opt/ros/humble LD_LIBRARY_PATH=/home/bryan/Workspace/ros2_ws/install/cv_bridge/lib:${LD_LIBRARY_PATH} PYTHONPATH=/home/bryan/Workspace/ros2_ws/install/cv_bridge/local/lib/python3.10/dist-packages:${PYTHONPATH} /usr/bin/cmake --install /home/bryan/Workspace/ros2_ws/build/image_rotate
[9.343s] DEBUG:colcon.colcon_core.event_handler.log_command:Invoked command in '/home/bryan/Workspace/ros2_ws/build/depth_image_proc' returned '0': AMENT_PREFIX_PATH=/home/bryan/Workspace/ros2_ws/install/image_geometry:/home/bryan/Workspace/ros2_ws/install/cv_bridge:${AMENT_PREFIX_PATH} CMAKE_PREFIX_PATH=/home/bryan/Workspace/ros2_ws/install/image_geometry:/home/bryan/Workspace/ros2_ws/install/cv_bridge:/home/bryan/Workspace/ros2_ws/install/image_proc:/home/bryan/Workspace/ros2_ws/install/tracetools_image_pipeline:/home/bryan/Workspace/ros2_ws/install/image_rotate:/home/bryan/Workspace/ros2_ws/install/image_publisher:/home/bryan/Workspace/ros2_ws/install/examples_rclcpp_wait_set:/home/bryan/Workspace/ros2_ws/install/examples_rclcpp_multithreaded_executor:/home/bryan/Workspace/ros2_ws/install/examples_rclcpp_minimal_timer:/home/bryan/Workspace/ros2_ws/install/examples_rclcpp_minimal_subscriber:/home/bryan/Workspace/ros2_ws/install/examples_rclcpp_minimal_service:/home/bryan/Workspace/ros2_ws/install/examples_rclcpp_minimal_publisher:/home/bryan/Workspace/ros2_ws/install/examples_rclcpp_minimal_composition:/home/bryan/Workspace/ros2_ws/install/examples_rclcpp_minimal_client:/home/bryan/Workspace/ros2_ws/install/examples_rclcpp_minimal_action_server:/home/bryan/Workspace/ros2_ws/install/examples_rclcpp_minimal_action_client:/home/bryan/Workspace/ros2_ws/install/examples_rclcpp_cbg_executor:/home/bryan/Workspace/ros2_ws/install/examples_rclcpp_async_client:/home/bryan/Workspace/ros2_ws/install/sprint2:/home/bryan/Workspace/ros2_ws/install/launch_testing_examples:/home/bryan/Workspace/ros2_ws/install/image_converter:/home/bryan/Workspace/ros2_ws/install/first_package:/home/bryan/Workspace/ros2_ws/install/examples_rclpy_pointcloud_publisher:/home/bryan/Workspace/ros2_ws/install/examples_rclpy_minimal_subscriber:/home/bryan/Workspace/ros2_ws/install/examples_rclpy_minimal_service:/home/bryan/Workspace/ros2_ws/install/examples_rclpy_minimal_publisher:/home/bryan/Workspace/ros2_ws/install/examples_rclpy_minimal_client:/home/bryan/Workspace/ros2_ws/install/examples_rclpy_minimal_action_server:/home/bryan/Workspace/ros2_ws/install/examples_rclpy_minimal_action_client:/home/bryan/Workspace/ros2_ws/install/examples_rclpy_guard_conditions:/home/bryan/Workspace/ros2_ws/install/examples_rclpy_executors:/home/bryan/Workspace/ros2_ws/install/camera_calibration:/opt/ros/humble LD_LIBRARY_PATH=/home/bryan/Workspace/ros2_ws/install/image_geometry/lib:/home/bryan/Workspace/ros2_ws/install/cv_bridge/lib:${LD_LIBRARY_PATH} PYTHONPATH=/home/bryan/Workspace/ros2_ws/install/image_geometry/local/lib/python3.10/dist-packages:/home/bryan/Workspace/ros2_ws/install/cv_bridge/local/lib/python3.10/dist-packages:${PYTHONPATH} /usr/bin/cmake --build /home/bryan/Workspace/ros2_ws/build/depth_image_proc -- -j3 -l3
[9.357s] DEBUG:colcon.colcon_core.event_handler.log_command:Invoking command in '/home/bryan/Workspace/ros2_ws/build/depth_image_proc': AMENT_PREFIX_PATH=/home/bryan/Workspace/ros2_ws/install/image_geometry:/home/bryan/Workspace/ros2_ws/install/cv_bridge:${AMENT_PREFIX_PATH} CMAKE_PREFIX_PATH=/home/bryan/Workspace/ros2_ws/install/image_geometry:/home/bryan/Workspace/ros2_ws/install/cv_bridge:/home/bryan/Workspace/ros2_ws/install/image_proc:/home/bryan/Workspace/ros2_ws/install/tracetools_image_pipeline:/home/bryan/Workspace/ros2_ws/install/image_rotate:/home/bryan/Workspace/ros2_ws/install/image_publisher:/home/bryan/Workspace/ros2_ws/install/examples_rclcpp_wait_set:/home/bryan/Workspace/ros2_ws/install/examples_rclcpp_multithreaded_executor:/home/bryan/Workspace/ros2_ws/install/examples_rclcpp_minimal_timer:/home/bryan/Workspace/ros2_ws/install/examples_rclcpp_minimal_subscriber:/home/bryan/Workspace/ros2_ws/install/examples_rclcpp_minimal_service:/home/bryan/Workspace/ros2_ws/install/examples_rclcpp_minimal_publisher:/home/bryan/Workspace/ros2_ws/install/examples_rclcpp_minimal_composition:/home/bryan/Workspace/ros2_ws/install/examples_rclcpp_minimal_client:/home/bryan/Workspace/ros2_ws/install/examples_rclcpp_minimal_action_server:/home/bryan/Workspace/ros2_ws/install/examples_rclcpp_minimal_action_client:/home/bryan/Workspace/ros2_ws/install/examples_rclcpp_cbg_executor:/home/bryan/Workspace/ros2_ws/install/examples_rclcpp_async_client:/home/bryan/Workspace/ros2_ws/install/sprint2:/home/bryan/Workspace/ros2_ws/install/launch_testing_examples:/home/bryan/Workspace/ros2_ws/install/image_converter:/home/bryan/Workspace/ros2_ws/install/first_package:/home/bryan/Workspace/ros2_ws/install/examples_rclpy_pointcloud_publisher:/home/bryan/Workspace/ros2_ws/install/examples_rclpy_minimal_subscriber:/home/bryan/Workspace/ros2_ws/install/examples_rclpy_minimal_service:/home/bryan/Workspace/ros2_ws/install/examples_rclpy_minimal_publisher:/home/bryan/Workspace/ros2_ws/install/examples_rclpy_minimal_client:/home/bryan/Workspace/ros2_ws/install/examples_rclpy_minimal_action_server:/home/bryan/Workspace/ros2_ws/install/examples_rclpy_minimal_action_client:/home/bryan/Workspace/ros2_ws/install/examples_rclpy_guard_conditions:/home/bryan/Workspace/ros2_ws/install/examples_rclpy_executors:/home/bryan/Workspace/ros2_ws/install/camera_calibration:/opt/ros/humble LD_LIBRARY_PATH=/home/bryan/Workspace/ros2_ws/install/image_geometry/lib:/home/bryan/Workspace/ros2_ws/install/cv_bridge/lib:${LD_LIBRARY_PATH} PYTHONPATH=/home/bryan/Workspace/ros2_ws/install/image_geometry/local/lib/python3.10/dist-packages:/home/bryan/Workspace/ros2_ws/install/cv_bridge/local/lib/python3.10/dist-packages:${PYTHONPATH} /usr/bin/cmake --install /home/bryan/Workspace/ros2_ws/build/depth_image_proc
[9.358s] Level 1:colcon.colcon_core.environment:create_environment_scripts_only(image_rotate)
[9.359s] Level 1:colcon.colcon_core.environment:checking '/home/bryan/Workspace/ros2_ws/install/image_rotate' for CMake module files
[9.360s] Level 1:colcon.colcon_core.environment:checking '/home/bryan/Workspace/ros2_ws/install/image_rotate' for CMake config files
[9.360s] Level 1:colcon.colcon_core.shell:create_environment_hook('image_rotate', 'cmake_prefix_path')
[9.360s] INFO:colcon.colcon_core.shell:Creating environment hook '/home/bryan/Workspace/ros2_ws/install/image_rotate/share/image_rotate/hook/cmake_prefix_path.ps1'
[9.362s] INFO:colcon.colcon_core.shell:Creating environment descriptor '/home/bryan/Workspace/ros2_ws/install/image_rotate/share/image_rotate/hook/cmake_prefix_path.dsv'
[9.386s] DEBUG:colcon.colcon_core.event_handler.log_command:Invoked command in '/home/bryan/Workspace/ros2_ws/build/image_rotate' returned '0': AMENT_PREFIX_PATH=/home/bryan/Workspace/ros2_ws/install/cv_bridge:${AMENT_PREFIX_PATH} CMAKE_PREFIX_PATH=/home/bryan/Workspace/ros2_ws/install/cv_bridge:/home/bryan/Workspace/ros2_ws/install/image_proc:/home/bryan/Workspace/ros2_ws/install/tracetools_image_pipeline:/home/bryan/Workspace/ros2_ws/install/image_rotate:/home/bryan/Workspace/ros2_ws/install/image_publisher:/home/bryan/Workspace/ros2_ws/install/examples_rclcpp_wait_set:/home/bryan/Workspace/ros2_ws/install/examples_rclcpp_multithreaded_executor:/home/bryan/Workspace/ros2_ws/install/examples_rclcpp_minimal_timer:/home/bryan/Workspace/ros2_ws/install/examples_rclcpp_minimal_subscriber:/home/bryan/Workspace/ros2_ws/install/examples_rclcpp_minimal_service:/home/bryan/Workspace/ros2_ws/install/examples_rclcpp_minimal_publisher:/home/bryan/Workspace/ros2_ws/install/examples_rclcpp_minimal_composition:/home/bryan/Workspace/ros2_ws/install/examples_rclcpp_minimal_client:/home/bryan/Workspace/ros2_ws/install/examples_rclcpp_minimal_action_server:/home/bryan/Workspace/ros2_ws/install/examples_rclcpp_minimal_action_client:/home/bryan/Workspace/ros2_ws/install/examples_rclcpp_cbg_executor:/home/bryan/Workspace/ros2_ws/install/examples_rclcpp_async_client:/home/bryan/Workspace/ros2_ws/install/sprint2:/home/bryan/Workspace/ros2_ws/install/launch_testing_examples:/home/bryan/Workspace/ros2_ws/install/image_converter:/home/bryan/Workspace/ros2_ws/install/first_package:/home/bryan/Workspace/ros2_ws/install/examples_rclpy_pointcloud_publisher:/home/bryan/Workspace/ros2_ws/install/examples_rclpy_minimal_subscriber:/home/bryan/Workspace/ros2_ws/install/examples_rclpy_minimal_service:/home/bryan/Workspace/ros2_ws/install/examples_rclpy_minimal_publisher:/home/bryan/Workspace/ros2_ws/install/examples_rclpy_minimal_client:/home/bryan/Workspace/ros2_ws/install/examples_rclpy_minimal_action_server:/home/bryan/Workspace/ros2_ws/install/examples_rclpy_minimal_action_client:/home/bryan/Workspace/ros2_ws/install/examples_rclpy_guard_conditions:/home/bryan/Workspace/ros2_ws/install/examples_rclpy_executors:/home/bryan/Workspace/ros2_ws/install/camera_calibration:/opt/ros/humble LD_LIBRARY_PATH=/home/bryan/Workspace/ros2_ws/install/cv_bridge/lib:${LD_LIBRARY_PATH} PYTHONPATH=/home/bryan/Workspace/ros2_ws/install/cv_bridge/local/lib/python3.10/dist-packages:${PYTHONPATH} /usr/bin/cmake --install /home/bryan/Workspace/ros2_ws/build/image_rotate
[9.390s] INFO:colcon.colcon_core.shell:Creating environment hook '/home/bryan/Workspace/ros2_ws/install/image_rotate/share/image_rotate/hook/cmake_prefix_path.sh'
[9.431s] Level 1:colcon.colcon_core.environment:checking '/home/bryan/Workspace/ros2_ws/install/image_rotate/lib'
[9.432s] Level 1:colcon.colcon_core.shell:create_environment_hook('image_rotate', 'ld_library_path_lib')
[9.433s] INFO:colcon.colcon_core.shell:Creating environment hook '/home/bryan/Workspace/ros2_ws/install/image_rotate/share/image_rotate/hook/ld_library_path_lib.ps1'
[9.436s] INFO:colcon.colcon_core.shell:Creating environment descriptor '/home/bryan/Workspace/ros2_ws/install/image_rotate/share/image_rotate/hook/ld_library_path_lib.dsv'
[9.445s] INFO:colcon.colcon_core.shell:Creating environment hook '/home/bryan/Workspace/ros2_ws/install/image_rotate/share/image_rotate/hook/ld_library_path_lib.sh'
[9.450s] Level 1:colcon.colcon_core.environment:checking '/home/bryan/Workspace/ros2_ws/install/image_rotate/bin'
[9.451s] Level 1:colcon.colcon_core.environment:checking '/home/bryan/Workspace/ros2_ws/install/image_rotate/lib/pkgconfig/image_rotate.pc'
[9.451s] Level 1:colcon.colcon_core.environment:checking '/home/bryan/Workspace/ros2_ws/install/image_rotate/lib/python3.10/site-packages'
[9.451s] Level 1:colcon.colcon_core.environment:checking '/home/bryan/Workspace/ros2_ws/install/image_rotate/bin'
[9.452s] INFO:colcon.colcon_core.shell:Creating package script '/home/bryan/Workspace/ros2_ws/install/image_rotate/share/image_rotate/package.ps1'
[9.455s] INFO:colcon.colcon_core.shell:Creating package descriptor '/home/bryan/Workspace/ros2_ws/install/image_rotate/share/image_rotate/package.dsv'
[9.465s] INFO:colcon.colcon_core.shell:Creating package script '/home/bryan/Workspace/ros2_ws/install/image_rotate/share/image_rotate/package.sh'
[9.471s] INFO:colcon.colcon_core.shell:Creating package script '/home/bryan/Workspace/ros2_ws/install/image_rotate/share/image_rotate/package.bash'
[9.473s] INFO:colcon.colcon_core.shell:Creating package script '/home/bryan/Workspace/ros2_ws/install/image_rotate/share/image_rotate/package.zsh'
[9.482s] Level 1:colcon.colcon_core.environment:create_file_with_runtime_dependencies(/home/bryan/Workspace/ros2_ws/install/image_rotate/share/colcon-core/packages/image_rotate)
[9.484s] Level 1:colcon.colcon_core.environment:create_environment_scripts_only(image_rotate)
[9.484s] Level 1:colcon.colcon_core.environment:checking '/home/bryan/Workspace/ros2_ws/install/image_rotate' for CMake module files
[9.485s] Level 1:colcon.colcon_core.environment:checking '/home/bryan/Workspace/ros2_ws/install/image_rotate' for CMake config files
[9.485s] Level 1:colcon.colcon_core.shell:create_environment_hook('image_rotate', 'cmake_prefix_path')
[9.486s] INFO:colcon.colcon_core.shell:Creating environment hook '/home/bryan/Workspace/ros2_ws/install/image_rotate/share/image_rotate/hook/cmake_prefix_path.ps1'
[9.486s] INFO:colcon.colcon_core.shell:Creating environment descriptor '/home/bryan/Workspace/ros2_ws/install/image_rotate/share/image_rotate/hook/cmake_prefix_path.dsv'
[9.491s] INFO:colcon.colcon_core.shell:Creating environment hook '/home/bryan/Workspace/ros2_ws/install/image_rotate/share/image_rotate/hook/cmake_prefix_path.sh'
[9.497s] Level 1:colcon.colcon_core.environment:checking '/home/bryan/Workspace/ros2_ws/install/image_rotate/lib'
[9.498s] Level 1:colcon.colcon_core.shell:create_environment_hook('image_rotate', 'ld_library_path_lib')
[9.498s] INFO:colcon.colcon_core.shell:Creating environment hook '/home/bryan/Workspace/ros2_ws/install/image_rotate/share/image_rotate/hook/ld_library_path_lib.ps1'
[9.499s] INFO:colcon.colcon_core.shell:Creating environment descriptor '/home/bryan/Workspace/ros2_ws/install/image_rotate/share/image_rotate/hook/ld_library_path_lib.dsv'
[9.500s] INFO:colcon.colcon_core.shell:Creating environment hook '/home/bryan/Workspace/ros2_ws/install/image_rotate/share/image_rotate/hook/ld_library_path_lib.sh'
[9.500s] Level 1:colcon.colcon_core.environment:checking '/home/bryan/Workspace/ros2_ws/install/image_rotate/bin'
[9.501s] Level 1:colcon.colcon_core.environment:checking '/home/bryan/Workspace/ros2_ws/install/image_rotate/lib/pkgconfig/image_rotate.pc'
[9.511s] Level 1:colcon.colcon_core.environment:checking '/home/bryan/Workspace/ros2_ws/install/image_rotate/lib/python3.10/site-packages'
[9.512s] Level 1:colcon.colcon_core.environment:checking '/home/bryan/Workspace/ros2_ws/install/image_rotate/bin'
[9.513s] INFO:colcon.colcon_core.shell:Creating package script '/home/bryan/Workspace/ros2_ws/install/image_rotate/share/image_rotate/package.ps1'
[9.556s] INFO:colcon.colcon_core.shell:Creating package descriptor '/home/bryan/Workspace/ros2_ws/install/image_rotate/share/image_rotate/package.dsv'
[9.559s] INFO:colcon.colcon_core.shell:Creating package script '/home/bryan/Workspace/ros2_ws/install/image_rotate/share/image_rotate/package.sh'
[9.560s] INFO:colcon.colcon_core.shell:Creating package script '/home/bryan/Workspace/ros2_ws/install/image_rotate/share/image_rotate/package.bash'
[9.562s] INFO:colcon.colcon_core.shell:Creating package script '/home/bryan/Workspace/ros2_ws/install/image_rotate/share/image_rotate/package.zsh'
[9.564s] Level 1:colcon.colcon_core.environment:create_file_with_runtime_dependencies(/home/bryan/Workspace/ros2_ws/install/image_rotate/share/colcon-core/packages/image_rotate)
[9.567s] INFO:colcon.colcon_ros.task.ament_cmake.build:Building ROS package in '/home/bryan/Workspace/ros2_ws/image_pipeline/stereo_image_proc' with build type 'ament_cmake'
[9.568s] INFO:colcon.colcon_cmake.task.cmake.build:Building CMake package in '/home/bryan/Workspace/ros2_ws/image_pipeline/stereo_image_proc'
[9.569s] INFO:colcon.colcon_core.shell:Skip shell extension 'powershell' for command environment: Not usable outside of PowerShell
[9.569s] DEBUG:colcon.colcon_core.shell:Skip shell extension 'dsv' for command environment
[9.590s] Level 1:colcon.colcon_core.environment:create_environment_scripts_only(depth_image_proc)
[9.591s] DEBUG:colcon.colcon_core.event_handler.log_command:Invoked command in '/home/bryan/Workspace/ros2_ws/build/depth_image_proc' returned '0': AMENT_PREFIX_PATH=/home/bryan/Workspace/ros2_ws/install/image_geometry:/home/bryan/Workspace/ros2_ws/install/cv_bridge:${AMENT_PREFIX_PATH} CMAKE_PREFIX_PATH=/home/bryan/Workspace/ros2_ws/install/image_geometry:/home/bryan/Workspace/ros2_ws/install/cv_bridge:/home/bryan/Workspace/ros2_ws/install/image_proc:/home/bryan/Workspace/ros2_ws/install/tracetools_image_pipeline:/home/bryan/Workspace/ros2_ws/install/image_rotate:/home/bryan/Workspace/ros2_ws/install/image_publisher:/home/bryan/Workspace/ros2_ws/install/examples_rclcpp_wait_set:/home/bryan/Workspace/ros2_ws/install/examples_rclcpp_multithreaded_executor:/home/bryan/Workspace/ros2_ws/install/examples_rclcpp_minimal_timer:/home/bryan/Workspace/ros2_ws/install/examples_rclcpp_minimal_subscriber:/home/bryan/Workspace/ros2_ws/install/examples_rclcpp_minimal_service:/home/bryan/Workspace/ros2_ws/install/examples_rclcpp_minimal_publisher:/home/bryan/Workspace/ros2_ws/install/examples_rclcpp_minimal_composition:/home/bryan/Workspace/ros2_ws/install/examples_rclcpp_minimal_client:/home/bryan/Workspace/ros2_ws/install/examples_rclcpp_minimal_action_server:/home/bryan/Workspace/ros2_ws/install/examples_rclcpp_minimal_action_client:/home/bryan/Workspace/ros2_ws/install/examples_rclcpp_cbg_executor:/home/bryan/Workspace/ros2_ws/install/examples_rclcpp_async_client:/home/bryan/Workspace/ros2_ws/install/sprint2:/home/bryan/Workspace/ros2_ws/install/launch_testing_examples:/home/bryan/Workspace/ros2_ws/install/image_converter:/home/bryan/Workspace/ros2_ws/install/first_package:/home/bryan/Workspace/ros2_ws/install/examples_rclpy_pointcloud_publisher:/home/bryan/Workspace/ros2_ws/install/examples_rclpy_minimal_subscriber:/home/bryan/Workspace/ros2_ws/install/examples_rclpy_minimal_service:/home/bryan/Workspace/ros2_ws/install/examples_rclpy_minimal_publisher:/home/bryan/Workspace/ros2_ws/install/examples_rclpy_minimal_client:/home/bryan/Workspace/ros2_ws/install/examples_rclpy_minimal_action_server:/home/bryan/Workspace/ros2_ws/install/examples_rclpy_minimal_action_client:/home/bryan/Workspace/ros2_ws/install/examples_rclpy_guard_conditions:/home/bryan/Workspace/ros2_ws/install/examples_rclpy_executors:/home/bryan/Workspace/ros2_ws/install/camera_calibration:/opt/ros/humble LD_LIBRARY_PATH=/home/bryan/Workspace/ros2_ws/install/image_geometry/lib:/home/bryan/Workspace/ros2_ws/install/cv_bridge/lib:${LD_LIBRARY_PATH} PYTHONPATH=/home/bryan/Workspace/ros2_ws/install/image_geometry/local/lib/python3.10/dist-packages:/home/bryan/Workspace/ros2_ws/install/cv_bridge/local/lib/python3.10/dist-packages:${PYTHONPATH} /usr/bin/cmake --install /home/bryan/Workspace/ros2_ws/build/depth_image_proc
[9.592s] Level 1:colcon.colcon_core.environment:checking '/home/bryan/Workspace/ros2_ws/install/depth_image_proc' for CMake module files
[9.592s] Level 1:colcon.colcon_core.environment:checking '/home/bryan/Workspace/ros2_ws/install/depth_image_proc' for CMake config files
[9.593s] Level 1:colcon.colcon_core.shell:create_environment_hook('depth_image_proc', 'cmake_prefix_path')
[9.594s] INFO:colcon.colcon_core.shell:Creating environment hook '/home/bryan/Workspace/ros2_ws/install/depth_image_proc/share/depth_image_proc/hook/cmake_prefix_path.ps1'
[9.595s] INFO:colcon.colcon_core.shell:Creating environment descriptor '/home/bryan/Workspace/ros2_ws/install/depth_image_proc/share/depth_image_proc/hook/cmake_prefix_path.dsv'
[9.611s] INFO:colcon.colcon_core.shell:Creating environment hook '/home/bryan/Workspace/ros2_ws/install/depth_image_proc/share/depth_image_proc/hook/cmake_prefix_path.sh'
[9.613s] Level 1:colcon.colcon_core.environment:checking '/home/bryan/Workspace/ros2_ws/install/depth_image_proc/lib'
[9.613s] Level 1:colcon.colcon_core.shell:create_environment_hook('depth_image_proc', 'ld_library_path_lib')
[9.614s] INFO:colcon.colcon_core.shell:Creating environment hook '/home/bryan/Workspace/ros2_ws/install/depth_image_proc/share/depth_image_proc/hook/ld_library_path_lib.ps1'
[9.614s] INFO:colcon.colcon_core.shell:Creating environment descriptor '/home/bryan/Workspace/ros2_ws/install/depth_image_proc/share/depth_image_proc/hook/ld_library_path_lib.dsv'
[9.615s] INFO:colcon.colcon_core.shell:Creating environment hook '/home/bryan/Workspace/ros2_ws/install/depth_image_proc/share/depth_image_proc/hook/ld_library_path_lib.sh'
[9.616s] Level 1:colcon.colcon_core.environment:checking '/home/bryan/Workspace/ros2_ws/install/depth_image_proc/bin'
[9.616s] Level 1:colcon.colcon_core.environment:checking '/home/bryan/Workspace/ros2_ws/install/depth_image_proc/lib/pkgconfig/depth_image_proc.pc'
[9.617s] Level 1:colcon.colcon_core.environment:checking '/home/bryan/Workspace/ros2_ws/install/depth_image_proc/lib/python3.10/site-packages'
[9.617s] Level 1:colcon.colcon_core.environment:checking '/home/bryan/Workspace/ros2_ws/install/depth_image_proc/bin'
[9.618s] INFO:colcon.colcon_core.shell:Creating package script '/home/bryan/Workspace/ros2_ws/install/depth_image_proc/share/depth_image_proc/package.ps1'
[9.619s] INFO:colcon.colcon_core.shell:Creating package descriptor '/home/bryan/Workspace/ros2_ws/install/depth_image_proc/share/depth_image_proc/package.dsv'
[9.620s] INFO:colcon.colcon_core.shell:Creating package script '/home/bryan/Workspace/ros2_ws/install/depth_image_proc/share/depth_image_proc/package.sh'
[9.625s] INFO:colcon.colcon_core.shell:Creating package script '/home/bryan/Workspace/ros2_ws/install/depth_image_proc/share/depth_image_proc/package.bash'
[9.627s] INFO:colcon.colcon_core.shell:Creating package script '/home/bryan/Workspace/ros2_ws/install/depth_image_proc/share/depth_image_proc/package.zsh'
[9.659s] Level 1:colcon.colcon_core.environment:create_file_with_runtime_dependencies(/home/bryan/Workspace/ros2_ws/install/depth_image_proc/share/colcon-core/packages/depth_image_proc)
[9.661s] Level 1:colcon.colcon_core.environment:create_environment_scripts_only(depth_image_proc)
[9.662s] Level 1:colcon.colcon_core.environment:checking '/home/bryan/Workspace/ros2_ws/install/depth_image_proc' for CMake module files
[9.663s] Level 1:colcon.colcon_core.environment:checking '/home/bryan/Workspace/ros2_ws/install/depth_image_proc' for CMake config files
[9.664s] Level 1:colcon.colcon_core.shell:create_environment_hook('depth_image_proc', 'cmake_prefix_path')
[9.665s] INFO:colcon.colcon_core.shell:Creating environment hook '/home/bryan/Workspace/ros2_ws/install/depth_image_proc/share/depth_image_proc/hook/cmake_prefix_path.ps1'
[9.666s] INFO:colcon.colcon_core.shell:Creating environment descriptor '/home/bryan/Workspace/ros2_ws/install/depth_image_proc/share/depth_image_proc/hook/cmake_prefix_path.dsv'
[9.667s] INFO:colcon.colcon_core.shell:Creating environment hook '/home/bryan/Workspace/ros2_ws/install/depth_image_proc/share/depth_image_proc/hook/cmake_prefix_path.sh'
[9.670s] Level 1:colcon.colcon_core.environment:checking '/home/bryan/Workspace/ros2_ws/install/depth_image_proc/lib'
[9.671s] Level 1:colcon.colcon_core.shell:create_environment_hook('depth_image_proc', 'ld_library_path_lib')
[9.672s] INFO:colcon.colcon_core.shell:Creating environment hook '/home/bryan/Workspace/ros2_ws/install/depth_image_proc/share/depth_image_proc/hook/ld_library_path_lib.ps1'
[9.673s] INFO:colcon.colcon_core.shell:Creating environment descriptor '/home/bryan/Workspace/ros2_ws/install/depth_image_proc/share/depth_image_proc/hook/ld_library_path_lib.dsv'
[9.690s] INFO:colcon.colcon_core.shell:Creating environment hook '/home/bryan/Workspace/ros2_ws/install/depth_image_proc/share/depth_image_proc/hook/ld_library_path_lib.sh'
[9.692s] Level 1:colcon.colcon_core.environment:checking '/home/bryan/Workspace/ros2_ws/install/depth_image_proc/bin'
[9.692s] Level 1:colcon.colcon_core.environment:checking '/home/bryan/Workspace/ros2_ws/install/depth_image_proc/lib/pkgconfig/depth_image_proc.pc'
[9.693s] Level 1:colcon.colcon_core.environment:checking '/home/bryan/Workspace/ros2_ws/install/depth_image_proc/lib/python3.10/site-packages'
[9.693s] Level 1:colcon.colcon_core.environment:checking '/home/bryan/Workspace/ros2_ws/install/depth_image_proc/bin'
[9.694s] INFO:colcon.colcon_core.shell:Creating package script '/home/bryan/Workspace/ros2_ws/install/depth_image_proc/share/depth_image_proc/package.ps1'
[9.696s] INFO:colcon.colcon_core.shell:Creating package descriptor '/home/bryan/Workspace/ros2_ws/install/depth_image_proc/share/depth_image_proc/package.dsv'
[9.728s] INFO:colcon.colcon_core.shell:Creating package script '/home/bryan/Workspace/ros2_ws/install/depth_image_proc/share/depth_image_proc/package.sh'
[9.732s] INFO:colcon.colcon_core.shell:Creating package script '/home/bryan/Workspace/ros2_ws/install/depth_image_proc/share/depth_image_proc/package.bash'
[9.771s] INFO:colcon.colcon_core.shell:Creating package script '/home/bryan/Workspace/ros2_ws/install/depth_image_proc/share/depth_image_proc/package.zsh'
[9.776s] Level 1:colcon.colcon_core.environment:create_file_with_runtime_dependencies(/home/bryan/Workspace/ros2_ws/install/depth_image_proc/share/colcon-core/packages/depth_image_proc)
[9.803s] INFO:colcon.colcon_ros.task.ament_cmake.build:Building ROS package in '/home/bryan/Workspace/ros2_ws/src/examples/rclcpp/services/minimal_client' with build type 'ament_cmake'
[9.803s] INFO:colcon.colcon_cmake.task.cmake.build:Building CMake package in '/home/bryan/Workspace/ros2_ws/src/examples/rclcpp/services/minimal_client'
[9.804s] INFO:colcon.colcon_core.shell:Skip shell extension 'powershell' for command environment: Not usable outside of PowerShell
[9.804s] DEBUG:colcon.colcon_core.shell:Skip shell extension 'dsv' for command environment
[9.898s] DEBUG:colcon.colcon_core.event_handler.log_command:Invoking command in '/home/bryan/Workspace/ros2_ws/build/stereo_image_proc': AMENT_PREFIX_PATH=/home/bryan/Workspace/ros2_ws/install/image_geometry:/home/bryan/Workspace/ros2_ws/install/cv_bridge:${AMENT_PREFIX_PATH} CMAKE_PREFIX_PATH=/home/bryan/Workspace/ros2_ws/install/image_proc:/home/bryan/Workspace/ros2_ws/install/tracetools_image_pipeline:/home/bryan/Workspace/ros2_ws/install/image_geometry:/home/bryan/Workspace/ros2_ws/install/cv_bridge:/home/bryan/Workspace/ros2_ws/install/image_rotate:/home/bryan/Workspace/ros2_ws/install/image_publisher:/home/bryan/Workspace/ros2_ws/install/examples_rclcpp_wait_set:/home/bryan/Workspace/ros2_ws/install/examples_rclcpp_multithreaded_executor:/home/bryan/Workspace/ros2_ws/install/examples_rclcpp_minimal_timer:/home/bryan/Workspace/ros2_ws/install/examples_rclcpp_minimal_subscriber:/home/bryan/Workspace/ros2_ws/install/examples_rclcpp_minimal_service:/home/bryan/Workspace/ros2_ws/install/examples_rclcpp_minimal_publisher:/home/bryan/Workspace/ros2_ws/install/examples_rclcpp_minimal_composition:/home/bryan/Workspace/ros2_ws/install/examples_rclcpp_minimal_client:/home/bryan/Workspace/ros2_ws/install/examples_rclcpp_minimal_action_server:/home/bryan/Workspace/ros2_ws/install/examples_rclcpp_minimal_action_client:/home/bryan/Workspace/ros2_ws/install/examples_rclcpp_cbg_executor:/home/bryan/Workspace/ros2_ws/install/examples_rclcpp_async_client:/home/bryan/Workspace/ros2_ws/install/sprint2:/home/bryan/Workspace/ros2_ws/install/launch_testing_examples:/home/bryan/Workspace/ros2_ws/install/image_converter:/home/bryan/Workspace/ros2_ws/install/first_package:/home/bryan/Workspace/ros2_ws/install/examples_rclpy_pointcloud_publisher:/home/bryan/Workspace/ros2_ws/install/examples_rclpy_minimal_subscriber:/home/bryan/Workspace/ros2_ws/install/examples_rclpy_minimal_service:/home/bryan/Workspace/ros2_ws/install/examples_rclpy_minimal_publisher:/home/bryan/Workspace/ros2_ws/install/examples_rclpy_minimal_client:/home/bryan/Workspace/ros2_ws/install/examples_rclpy_minimal_action_server:/home/bryan/Workspace/ros2_ws/install/examples_rclpy_minimal_action_client:/home/bryan/Workspace/ros2_ws/install/examples_rclpy_guard_conditions:/home/bryan/Workspace/ros2_ws/install/examples_rclpy_executors:/home/bryan/Workspace/ros2_ws/install/camera_calibration:/opt/ros/humble LD_LIBRARY_PATH=/home/bryan/Workspace/ros2_ws/install/image_proc/lib:/home/bryan/Workspace/ros2_ws/install/tracetools_image_pipeline/lib:/home/bryan/Workspace/ros2_ws/install/image_geometry/lib:/home/bryan/Workspace/ros2_ws/install/cv_bridge/lib:/home/bryan/Workspace/ros2_ws/install/image_rotate/lib:/home/bryan/Workspace/ros2_ws/install/image_publisher/lib:/home/bryan/Workspace/ros2_ws/install/examples_rclcpp_wait_set/lib:/home/bryan/Workspace/ros2_ws/install/examples_rclcpp_minimal_subscriber/lib:/home/bryan/Workspace/ros2_ws/install/examples_rclcpp_minimal_composition/lib:/opt/ros/humble/opt/rviz_ogre_vendor/lib:/opt/ros/humble/lib/x86_64-linux-gnu:/opt/ros/humble/lib PYTHONPATH=/home/bryan/Workspace/ros2_ws/install/image_geometry/local/lib/python3.10/dist-packages:/home/bryan/Workspace/ros2_ws/install/cv_bridge/local/lib/python3.10/dist-packages:${PYTHONPATH} /usr/bin/cmake --build /home/bryan/Workspace/ros2_ws/build/stereo_image_proc -- -j3 -l3
[9.936s] DEBUG:colcon.colcon_core.event_handler.log_command:Invoking command in '/home/bryan/Workspace/ros2_ws/build/examples_rclcpp_minimal_client': CMAKE_PREFIX_PATH=${CMAKE_PREFIX_PATH}:/home/bryan/Workspace/ros2_ws/install/sprint2:/home/bryan/Workspace/ros2_ws/install/launch_testing_examples:/home/bryan/Workspace/ros2_ws/install/image_converter:/home/bryan/Workspace/ros2_ws/install/first_package:/home/bryan/Workspace/ros2_ws/install/examples_rclpy_pointcloud_publisher:/home/bryan/Workspace/ros2_ws/install/examples_rclpy_minimal_subscriber:/home/bryan/Workspace/ros2_ws/install/examples_rclpy_minimal_service:/home/bryan/Workspace/ros2_ws/install/examples_rclpy_minimal_publisher:/home/bryan/Workspace/ros2_ws/install/examples_rclpy_minimal_client:/home/bryan/Workspace/ros2_ws/install/examples_rclpy_minimal_action_server:/home/bryan/Workspace/ros2_ws/install/examples_rclpy_minimal_action_client:/home/bryan/Workspace/ros2_ws/install/examples_rclpy_guard_conditions:/home/bryan/Workspace/ros2_ws/install/examples_rclpy_executors:/home/bryan/Workspace/ros2_ws/install/camera_calibration:/opt/ros/humble /usr/bin/cmake --build /home/bryan/Workspace/ros2_ws/build/examples_rclcpp_minimal_client -- -j3 -l3
[10.478s] DEBUG:colcon.colcon_core.event_handler.log_command:Invoked command in '/home/bryan/Workspace/ros2_ws/build/examples_rclcpp_minimal_client' returned '0': CMAKE_PREFIX_PATH=${CMAKE_PREFIX_PATH}:/home/bryan/Workspace/ros2_ws/install/sprint2:/home/bryan/Workspace/ros2_ws/install/launch_testing_examples:/home/bryan/Workspace/ros2_ws/install/image_converter:/home/bryan/Workspace/ros2_ws/install/first_package:/home/bryan/Workspace/ros2_ws/install/examples_rclpy_pointcloud_publisher:/home/bryan/Workspace/ros2_ws/install/examples_rclpy_minimal_subscriber:/home/bryan/Workspace/ros2_ws/install/examples_rclpy_minimal_service:/home/bryan/Workspace/ros2_ws/install/examples_rclpy_minimal_publisher:/home/bryan/Workspace/ros2_ws/install/examples_rclpy_minimal_client:/home/bryan/Workspace/ros2_ws/install/examples_rclpy_minimal_action_server:/home/bryan/Workspace/ros2_ws/install/examples_rclpy_minimal_action_client:/home/bryan/Workspace/ros2_ws/install/examples_rclpy_guard_conditions:/home/bryan/Workspace/ros2_ws/install/examples_rclpy_executors:/home/bryan/Workspace/ros2_ws/install/camera_calibration:/opt/ros/humble /usr/bin/cmake --build /home/bryan/Workspace/ros2_ws/build/examples_rclcpp_minimal_client -- -j3 -l3
[10.534s] DEBUG:colcon.colcon_core.event_handler.log_command:Invoking command in '/home/bryan/Workspace/ros2_ws/build/examples_rclcpp_minimal_client': CMAKE_PREFIX_PATH=${CMAKE_PREFIX_PATH}:/home/bryan/Workspace/ros2_ws/install/sprint2:/home/bryan/Workspace/ros2_ws/install/launch_testing_examples:/home/bryan/Workspace/ros2_ws/install/image_converter:/home/bryan/Workspace/ros2_ws/install/first_package:/home/bryan/Workspace/ros2_ws/install/examples_rclpy_pointcloud_publisher:/home/bryan/Workspace/ros2_ws/install/examples_rclpy_minimal_subscriber:/home/bryan/Workspace/ros2_ws/install/examples_rclpy_minimal_service:/home/bryan/Workspace/ros2_ws/install/examples_rclpy_minimal_publisher:/home/bryan/Workspace/ros2_ws/install/examples_rclpy_minimal_client:/home/bryan/Workspace/ros2_ws/install/examples_rclpy_minimal_action_server:/home/bryan/Workspace/ros2_ws/install/examples_rclpy_minimal_action_client:/home/bryan/Workspace/ros2_ws/install/examples_rclpy_guard_conditions:/home/bryan/Workspace/ros2_ws/install/examples_rclpy_executors:/home/bryan/Workspace/ros2_ws/install/camera_calibration:/opt/ros/humble /usr/bin/cmake --install /home/bryan/Workspace/ros2_ws/build/examples_rclcpp_minimal_client
[10.594s] Level 1:colcon.colcon_core.environment:create_environment_scripts_only(examples_rclcpp_minimal_client)
[10.595s] Level 1:colcon.colcon_core.environment:checking '/home/bryan/Workspace/ros2_ws/install/examples_rclcpp_minimal_client' for CMake module files
[10.596s] DEBUG:colcon.colcon_core.event_handler.log_command:Invoked command in '/home/bryan/Workspace/ros2_ws/build/examples_rclcpp_minimal_client' returned '0': CMAKE_PREFIX_PATH=${CMAKE_PREFIX_PATH}:/home/bryan/Workspace/ros2_ws/install/sprint2:/home/bryan/Workspace/ros2_ws/install/launch_testing_examples:/home/bryan/Workspace/ros2_ws/install/image_converter:/home/bryan/Workspace/ros2_ws/install/first_package:/home/bryan/Workspace/ros2_ws/install/examples_rclpy_pointcloud_publisher:/home/bryan/Workspace/ros2_ws/install/examples_rclpy_minimal_subscriber:/home/bryan/Workspace/ros2_ws/install/examples_rclpy_minimal_service:/home/bryan/Workspace/ros2_ws/install/examples_rclpy_minimal_publisher:/home/bryan/Workspace/ros2_ws/install/examples_rclpy_minimal_client:/home/bryan/Workspace/ros2_ws/install/examples_rclpy_minimal_action_server:/home/bryan/Workspace/ros2_ws/install/examples_rclpy_minimal_action_client:/home/bryan/Workspace/ros2_ws/install/examples_rclpy_guard_conditions:/home/bryan/Workspace/ros2_ws/install/examples_rclpy_executors:/home/bryan/Workspace/ros2_ws/install/camera_calibration:/opt/ros/humble /usr/bin/cmake --install /home/bryan/Workspace/ros2_ws/build/examples_rclcpp_minimal_client
[10.610s] Level 1:colcon.colcon_core.environment:checking '/home/bryan/Workspace/ros2_ws/install/examples_rclcpp_minimal_client' for CMake config files
[10.611s] Level 1:colcon.colcon_core.shell:create_environment_hook('examples_rclcpp_minimal_client', 'cmake_prefix_path')
[10.611s] INFO:colcon.colcon_core.shell:Creating environment hook '/home/bryan/Workspace/ros2_ws/install/examples_rclcpp_minimal_client/share/examples_rclcpp_minimal_client/hook/cmake_prefix_path.ps1'
[10.615s] INFO:colcon.colcon_core.shell:Creating environment descriptor '/home/bryan/Workspace/ros2_ws/install/examples_rclcpp_minimal_client/share/examples_rclcpp_minimal_client/hook/cmake_prefix_path.dsv'
[10.621s] INFO:colcon.colcon_core.shell:Creating environment hook '/home/bryan/Workspace/ros2_ws/install/examples_rclcpp_minimal_client/share/examples_rclcpp_minimal_client/hook/cmake_prefix_path.sh'
[10.645s] Level 1:colcon.colcon_core.environment:checking '/home/bryan/Workspace/ros2_ws/install/examples_rclcpp_minimal_client/lib'
[10.646s] Level 1:colcon.colcon_core.environment:checking '/home/bryan/Workspace/ros2_ws/install/examples_rclcpp_minimal_client/bin'
[10.646s] Level 1:colcon.colcon_core.environment:checking '/home/bryan/Workspace/ros2_ws/install/examples_rclcpp_minimal_client/lib/pkgconfig/examples_rclcpp_minimal_client.pc'
[10.646s] Level 1:colcon.colcon_core.environment:checking '/home/bryan/Workspace/ros2_ws/install/examples_rclcpp_minimal_client/lib/python3.10/site-packages'
[10.647s] Level 1:colcon.colcon_core.environment:checking '/home/bryan/Workspace/ros2_ws/install/examples_rclcpp_minimal_client/bin'
[10.648s] INFO:colcon.colcon_core.shell:Creating package script '/home/bryan/Workspace/ros2_ws/install/examples_rclcpp_minimal_client/share/examples_rclcpp_minimal_client/package.ps1'
[10.657s] INFO:colcon.colcon_core.shell:Creating package descriptor '/home/bryan/Workspace/ros2_ws/install/examples_rclcpp_minimal_client/share/examples_rclcpp_minimal_client/package.dsv'
[10.658s] INFO:colcon.colcon_core.shell:Creating package script '/home/bryan/Workspace/ros2_ws/install/examples_rclcpp_minimal_client/share/examples_rclcpp_minimal_client/package.sh'
[10.660s] INFO:colcon.colcon_core.shell:Creating package script '/home/bryan/Workspace/ros2_ws/install/examples_rclcpp_minimal_client/share/examples_rclcpp_minimal_client/package.bash'
[10.661s] INFO:colcon.colcon_core.shell:Creating package script '/home/bryan/Workspace/ros2_ws/install/examples_rclcpp_minimal_client/share/examples_rclcpp_minimal_client/package.zsh'
[10.662s] Level 1:colcon.colcon_core.environment:create_file_with_runtime_dependencies(/home/bryan/Workspace/ros2_ws/install/examples_rclcpp_minimal_client/share/colcon-core/packages/examples_rclcpp_minimal_client)
[10.665s] Level 1:colcon.colcon_core.environment:create_environment_scripts_only(examples_rclcpp_minimal_client)
[10.665s] Level 1:colcon.colcon_core.environment:checking '/home/bryan/Workspace/ros2_ws/install/examples_rclcpp_minimal_client' for CMake module files
[10.666s] Level 1:colcon.colcon_core.environment:checking '/home/bryan/Workspace/ros2_ws/install/examples_rclcpp_minimal_client' for CMake config files
[10.666s] Level 1:colcon.colcon_core.shell:create_environment_hook('examples_rclcpp_minimal_client', 'cmake_prefix_path')
[10.667s] INFO:colcon.colcon_core.shell:Creating environment hook '/home/bryan/Workspace/ros2_ws/install/examples_rclcpp_minimal_client/share/examples_rclcpp_minimal_client/hook/cmake_prefix_path.ps1'
[10.669s] INFO:colcon.colcon_core.shell:Creating environment descriptor '/home/bryan/Workspace/ros2_ws/install/examples_rclcpp_minimal_client/share/examples_rclcpp_minimal_client/hook/cmake_prefix_path.dsv'
[10.673s] INFO:colcon.colcon_core.shell:Creating environment hook '/home/bryan/Workspace/ros2_ws/install/examples_rclcpp_minimal_client/share/examples_rclcpp_minimal_client/hook/cmake_prefix_path.sh'
[10.676s] Level 1:colcon.colcon_core.environment:checking '/home/bryan/Workspace/ros2_ws/install/examples_rclcpp_minimal_client/lib'
[10.676s] Level 1:colcon.colcon_core.environment:checking '/home/bryan/Workspace/ros2_ws/install/examples_rclcpp_minimal_client/bin'
[10.677s] Level 1:colcon.colcon_core.environment:checking '/home/bryan/Workspace/ros2_ws/install/examples_rclcpp_minimal_client/lib/pkgconfig/examples_rclcpp_minimal_client.pc'
[10.677s] Level 1:colcon.colcon_core.environment:checking '/home/bryan/Workspace/ros2_ws/install/examples_rclcpp_minimal_client/lib/python3.10/site-packages'
[10.678s] Level 1:colcon.colcon_core.environment:checking '/home/bryan/Workspace/ros2_ws/install/examples_rclcpp_minimal_client/bin'
[10.678s] INFO:colcon.colcon_core.shell:Creating package script '/home/bryan/Workspace/ros2_ws/install/examples_rclcpp_minimal_client/share/examples_rclcpp_minimal_client/package.ps1'
[10.681s] INFO:colcon.colcon_core.shell:Creating package descriptor '/home/bryan/Workspace/ros2_ws/install/examples_rclcpp_minimal_client/share/examples_rclcpp_minimal_client/package.dsv'
[10.694s] INFO:colcon.colcon_core.shell:Creating package script '/home/bryan/Workspace/ros2_ws/install/examples_rclcpp_minimal_client/share/examples_rclcpp_minimal_client/package.sh'
[10.715s] INFO:colcon.colcon_core.shell:Creating package script '/home/bryan/Workspace/ros2_ws/install/examples_rclcpp_minimal_client/share/examples_rclcpp_minimal_client/package.bash'
[10.717s] INFO:colcon.colcon_core.shell:Creating package script '/home/bryan/Workspace/ros2_ws/install/examples_rclcpp_minimal_client/share/examples_rclcpp_minimal_client/package.zsh'
[10.745s] Level 1:colcon.colcon_core.environment:create_file_with_runtime_dependencies(/home/bryan/Workspace/ros2_ws/install/examples_rclcpp_minimal_client/share/colcon-core/packages/examples_rclcpp_minimal_client)
[10.762s] INFO:colcon.colcon_ros.task.ament_cmake.build:Building ROS package in '/home/bryan/Workspace/ros2_ws/src/examples/rclcpp/composition/minimal_composition' with build type 'ament_cmake'
[10.762s] INFO:colcon.colcon_cmake.task.cmake.build:Building CMake package in '/home/bryan/Workspace/ros2_ws/src/examples/rclcpp/composition/minimal_composition'
[10.763s] INFO:colcon.colcon_core.shell:Skip shell extension 'powershell' for command environment: Not usable outside of PowerShell
[10.763s] DEBUG:colcon.colcon_core.shell:Skip shell extension 'dsv' for command environment
[10.817s] DEBUG:colcon.colcon_core.event_handler.log_command:Invoking command in '/home/bryan/Workspace/ros2_ws/build/examples_rclcpp_minimal_composition': CMAKE_PREFIX_PATH=${CMAKE_PREFIX_PATH}:/home/bryan/Workspace/ros2_ws/install/sprint2:/home/bryan/Workspace/ros2_ws/install/launch_testing_examples:/home/bryan/Workspace/ros2_ws/install/image_converter:/home/bryan/Workspace/ros2_ws/install/first_package:/home/bryan/Workspace/ros2_ws/install/examples_rclpy_pointcloud_publisher:/home/bryan/Workspace/ros2_ws/install/examples_rclpy_minimal_subscriber:/home/bryan/Workspace/ros2_ws/install/examples_rclpy_minimal_service:/home/bryan/Workspace/ros2_ws/install/examples_rclpy_minimal_publisher:/home/bryan/Workspace/ros2_ws/install/examples_rclpy_minimal_client:/home/bryan/Workspace/ros2_ws/install/examples_rclpy_minimal_action_server:/home/bryan/Workspace/ros2_ws/install/examples_rclpy_minimal_action_client:/home/bryan/Workspace/ros2_ws/install/examples_rclpy_guard_conditions:/home/bryan/Workspace/ros2_ws/install/examples_rclpy_executors:/home/bryan/Workspace/ros2_ws/install/camera_calibration:/opt/ros/humble /usr/bin/cmake --build /home/bryan/Workspace/ros2_ws/build/examples_rclcpp_minimal_composition -- -j3 -l3
[11.026s] DEBUG:colcon.colcon_core.event_handler.log_command:Invoked command in '/home/bryan/Workspace/ros2_ws/build/stereo_image_proc' returned '0': AMENT_PREFIX_PATH=/home/bryan/Workspace/ros2_ws/install/image_geometry:/home/bryan/Workspace/ros2_ws/install/cv_bridge:${AMENT_PREFIX_PATH} CMAKE_PREFIX_PATH=/home/bryan/Workspace/ros2_ws/install/image_proc:/home/bryan/Workspace/ros2_ws/install/tracetools_image_pipeline:/home/bryan/Workspace/ros2_ws/install/image_geometry:/home/bryan/Workspace/ros2_ws/install/cv_bridge:/home/bryan/Workspace/ros2_ws/install/image_rotate:/home/bryan/Workspace/ros2_ws/install/image_publisher:/home/bryan/Workspace/ros2_ws/install/examples_rclcpp_wait_set:/home/bryan/Workspace/ros2_ws/install/examples_rclcpp_multithreaded_executor:/home/bryan/Workspace/ros2_ws/install/examples_rclcpp_minimal_timer:/home/bryan/Workspace/ros2_ws/install/examples_rclcpp_minimal_subscriber:/home/bryan/Workspace/ros2_ws/install/examples_rclcpp_minimal_service:/home/bryan/Workspace/ros2_ws/install/examples_rclcpp_minimal_publisher:/home/bryan/Workspace/ros2_ws/install/examples_rclcpp_minimal_composition:/home/bryan/Workspace/ros2_ws/install/examples_rclcpp_minimal_client:/home/bryan/Workspace/ros2_ws/install/examples_rclcpp_minimal_action_server:/home/bryan/Workspace/ros2_ws/install/examples_rclcpp_minimal_action_client:/home/bryan/Workspace/ros2_ws/install/examples_rclcpp_cbg_executor:/home/bryan/Workspace/ros2_ws/install/examples_rclcpp_async_client:/home/bryan/Workspace/ros2_ws/install/sprint2:/home/bryan/Workspace/ros2_ws/install/launch_testing_examples:/home/bryan/Workspace/ros2_ws/install/image_converter:/home/bryan/Workspace/ros2_ws/install/first_package:/home/bryan/Workspace/ros2_ws/install/examples_rclpy_pointcloud_publisher:/home/bryan/Workspace/ros2_ws/install/examples_rclpy_minimal_subscriber:/home/bryan/Workspace/ros2_ws/install/examples_rclpy_minimal_service:/home/bryan/Workspace/ros2_ws/install/examples_rclpy_minimal_publisher:/home/bryan/Workspace/ros2_ws/install/examples_rclpy_minimal_client:/home/bryan/Workspace/ros2_ws/install/examples_rclpy_minimal_action_server:/home/bryan/Workspace/ros2_ws/install/examples_rclpy_minimal_action_client:/home/bryan/Workspace/ros2_ws/install/examples_rclpy_guard_conditions:/home/bryan/Workspace/ros2_ws/install/examples_rclpy_executors:/home/bryan/Workspace/ros2_ws/install/camera_calibration:/opt/ros/humble LD_LIBRARY_PATH=/home/bryan/Workspace/ros2_ws/install/image_proc/lib:/home/bryan/Workspace/ros2_ws/install/tracetools_image_pipeline/lib:/home/bryan/Workspace/ros2_ws/install/image_geometry/lib:/home/bryan/Workspace/ros2_ws/install/cv_bridge/lib:/home/bryan/Workspace/ros2_ws/install/image_rotate/lib:/home/bryan/Workspace/ros2_ws/install/image_publisher/lib:/home/bryan/Workspace/ros2_ws/install/examples_rclcpp_wait_set/lib:/home/bryan/Workspace/ros2_ws/install/examples_rclcpp_minimal_subscriber/lib:/home/bryan/Workspace/ros2_ws/install/examples_rclcpp_minimal_composition/lib:/opt/ros/humble/opt/rviz_ogre_vendor/lib:/opt/ros/humble/lib/x86_64-linux-gnu:/opt/ros/humble/lib PYTHONPATH=/home/bryan/Workspace/ros2_ws/install/image_geometry/local/lib/python3.10/dist-packages:/home/bryan/Workspace/ros2_ws/install/cv_bridge/local/lib/python3.10/dist-packages:${PYTHONPATH} /usr/bin/cmake --build /home/bryan/Workspace/ros2_ws/build/stereo_image_proc -- -j3 -l3
[11.027s] DEBUG:colcon.colcon_core.event_handler.log_command:Invoking command in '/home/bryan/Workspace/ros2_ws/build/stereo_image_proc': AMENT_PREFIX_PATH=/home/bryan/Workspace/ros2_ws/install/image_geometry:/home/bryan/Workspace/ros2_ws/install/cv_bridge:${AMENT_PREFIX_PATH} CMAKE_PREFIX_PATH=/home/bryan/Workspace/ros2_ws/install/image_proc:/home/bryan/Workspace/ros2_ws/install/tracetools_image_pipeline:/home/bryan/Workspace/ros2_ws/install/image_geometry:/home/bryan/Workspace/ros2_ws/install/cv_bridge:/home/bryan/Workspace/ros2_ws/install/image_rotate:/home/bryan/Workspace/ros2_ws/install/image_publisher:/home/bryan/Workspace/ros2_ws/install/examples_rclcpp_wait_set:/home/bryan/Workspace/ros2_ws/install/examples_rclcpp_multithreaded_executor:/home/bryan/Workspace/ros2_ws/install/examples_rclcpp_minimal_timer:/home/bryan/Workspace/ros2_ws/install/examples_rclcpp_minimal_subscriber:/home/bryan/Workspace/ros2_ws/install/examples_rclcpp_minimal_service:/home/bryan/Workspace/ros2_ws/install/examples_rclcpp_minimal_publisher:/home/bryan/Workspace/ros2_ws/install/examples_rclcpp_minimal_composition:/home/bryan/Workspace/ros2_ws/install/examples_rclcpp_minimal_client:/home/bryan/Workspace/ros2_ws/install/examples_rclcpp_minimal_action_server:/home/bryan/Workspace/ros2_ws/install/examples_rclcpp_minimal_action_client:/home/bryan/Workspace/ros2_ws/install/examples_rclcpp_cbg_executor:/home/bryan/Workspace/ros2_ws/install/examples_rclcpp_async_client:/home/bryan/Workspace/ros2_ws/install/sprint2:/home/bryan/Workspace/ros2_ws/install/launch_testing_examples:/home/bryan/Workspace/ros2_ws/install/image_converter:/home/bryan/Workspace/ros2_ws/install/first_package:/home/bryan/Workspace/ros2_ws/install/examples_rclpy_pointcloud_publisher:/home/bryan/Workspace/ros2_ws/install/examples_rclpy_minimal_subscriber:/home/bryan/Workspace/ros2_ws/install/examples_rclpy_minimal_service:/home/bryan/Workspace/ros2_ws/install/examples_rclpy_minimal_publisher:/home/bryan/Workspace/ros2_ws/install/examples_rclpy_minimal_client:/home/bryan/Workspace/ros2_ws/install/examples_rclpy_minimal_action_server:/home/bryan/Workspace/ros2_ws/install/examples_rclpy_minimal_action_client:/home/bryan/Workspace/ros2_ws/install/examples_rclpy_guard_conditions:/home/bryan/Workspace/ros2_ws/install/examples_rclpy_executors:/home/bryan/Workspace/ros2_ws/install/camera_calibration:/opt/ros/humble LD_LIBRARY_PATH=/home/bryan/Workspace/ros2_ws/install/image_proc/lib:/home/bryan/Workspace/ros2_ws/install/tracetools_image_pipeline/lib:/home/bryan/Workspace/ros2_ws/install/image_geometry/lib:/home/bryan/Workspace/ros2_ws/install/cv_bridge/lib:/home/bryan/Workspace/ros2_ws/install/image_rotate/lib:/home/bryan/Workspace/ros2_ws/install/image_publisher/lib:/home/bryan/Workspace/ros2_ws/install/examples_rclcpp_wait_set/lib:/home/bryan/Workspace/ros2_ws/install/examples_rclcpp_minimal_subscriber/lib:/home/bryan/Workspace/ros2_ws/install/examples_rclcpp_minimal_composition/lib:/opt/ros/humble/opt/rviz_ogre_vendor/lib:/opt/ros/humble/lib/x86_64-linux-gnu:/opt/ros/humble/lib PYTHONPATH=/home/bryan/Workspace/ros2_ws/install/image_geometry/local/lib/python3.10/dist-packages:/home/bryan/Workspace/ros2_ws/install/cv_bridge/local/lib/python3.10/dist-packages:${PYTHONPATH} /usr/bin/cmake --install /home/bryan/Workspace/ros2_ws/build/stereo_image_proc
[11.041s] DEBUG:colcon.colcon_core.event_handler.log_command:Invoked command in '/home/bryan/Workspace/ros2_ws/build/image_view' returned '0': AMENT_PREFIX_PATH=/home/bryan/Workspace/ros2_ws/install/cv_bridge:${AMENT_PREFIX_PATH} CMAKE_PREFIX_PATH=/home/bryan/Workspace/ros2_ws/install/cv_bridge:/home/bryan/Workspace/ros2_ws/install/image_proc:/home/bryan/Workspace/ros2_ws/install/tracetools_image_pipeline:/home/bryan/Workspace/ros2_ws/install/image_rotate:/home/bryan/Workspace/ros2_ws/install/image_publisher:/home/bryan/Workspace/ros2_ws/install/examples_rclcpp_wait_set:/home/bryan/Workspace/ros2_ws/install/examples_rclcpp_multithreaded_executor:/home/bryan/Workspace/ros2_ws/install/examples_rclcpp_minimal_timer:/home/bryan/Workspace/ros2_ws/install/examples_rclcpp_minimal_subscriber:/home/bryan/Workspace/ros2_ws/install/examples_rclcpp_minimal_service:/home/bryan/Workspace/ros2_ws/install/examples_rclcpp_minimal_publisher:/home/bryan/Workspace/ros2_ws/install/examples_rclcpp_minimal_composition:/home/bryan/Workspace/ros2_ws/install/examples_rclcpp_minimal_client:/home/bryan/Workspace/ros2_ws/install/examples_rclcpp_minimal_action_server:/home/bryan/Workspace/ros2_ws/install/examples_rclcpp_minimal_action_client:/home/bryan/Workspace/ros2_ws/install/examples_rclcpp_cbg_executor:/home/bryan/Workspace/ros2_ws/install/examples_rclcpp_async_client:/home/bryan/Workspace/ros2_ws/install/sprint2:/home/bryan/Workspace/ros2_ws/install/launch_testing_examples:/home/bryan/Workspace/ros2_ws/install/image_converter:/home/bryan/Workspace/ros2_ws/install/first_package:/home/bryan/Workspace/ros2_ws/install/examples_rclpy_pointcloud_publisher:/home/bryan/Workspace/ros2_ws/install/examples_rclpy_minimal_subscriber:/home/bryan/Workspace/ros2_ws/install/examples_rclpy_minimal_service:/home/bryan/Workspace/ros2_ws/install/examples_rclpy_minimal_publisher:/home/bryan/Workspace/ros2_ws/install/examples_rclpy_minimal_client:/home/bryan/Workspace/ros2_ws/install/examples_rclpy_minimal_action_server:/home/bryan/Workspace/ros2_ws/install/examples_rclpy_minimal_action_client:/home/bryan/Workspace/ros2_ws/install/examples_rclpy_guard_conditions:/home/bryan/Workspace/ros2_ws/install/examples_rclpy_executors:/home/bryan/Workspace/ros2_ws/install/camera_calibration:/opt/ros/humble LD_LIBRARY_PATH=/home/bryan/Workspace/ros2_ws/install/cv_bridge/lib:${LD_LIBRARY_PATH} PYTHONPATH=/home/bryan/Workspace/ros2_ws/install/cv_bridge/local/lib/python3.10/dist-packages:${PYTHONPATH} /usr/bin/cmake --build /home/bryan/Workspace/ros2_ws/build/image_view -- -j3 -l3
[11.065s] DEBUG:colcon.colcon_core.event_handler.log_command:Invoking command in '/home/bryan/Workspace/ros2_ws/build/image_view': AMENT_PREFIX_PATH=/home/bryan/Workspace/ros2_ws/install/cv_bridge:${AMENT_PREFIX_PATH} CMAKE_PREFIX_PATH=/home/bryan/Workspace/ros2_ws/install/cv_bridge:/home/bryan/Workspace/ros2_ws/install/image_proc:/home/bryan/Workspace/ros2_ws/install/tracetools_image_pipeline:/home/bryan/Workspace/ros2_ws/install/image_rotate:/home/bryan/Workspace/ros2_ws/install/image_publisher:/home/bryan/Workspace/ros2_ws/install/examples_rclcpp_wait_set:/home/bryan/Workspace/ros2_ws/install/examples_rclcpp_multithreaded_executor:/home/bryan/Workspace/ros2_ws/install/examples_rclcpp_minimal_timer:/home/bryan/Workspace/ros2_ws/install/examples_rclcpp_minimal_subscriber:/home/bryan/Workspace/ros2_ws/install/examples_rclcpp_minimal_service:/home/bryan/Workspace/ros2_ws/install/examples_rclcpp_minimal_publisher:/home/bryan/Workspace/ros2_ws/install/examples_rclcpp_minimal_composition:/home/bryan/Workspace/ros2_ws/install/examples_rclcpp_minimal_client:/home/bryan/Workspace/ros2_ws/install/examples_rclcpp_minimal_action_server:/home/bryan/Workspace/ros2_ws/install/examples_rclcpp_minimal_action_client:/home/bryan/Workspace/ros2_ws/install/examples_rclcpp_cbg_executor:/home/bryan/Workspace/ros2_ws/install/examples_rclcpp_async_client:/home/bryan/Workspace/ros2_ws/install/sprint2:/home/bryan/Workspace/ros2_ws/install/launch_testing_examples:/home/bryan/Workspace/ros2_ws/install/image_converter:/home/bryan/Workspace/ros2_ws/install/first_package:/home/bryan/Workspace/ros2_ws/install/examples_rclpy_pointcloud_publisher:/home/bryan/Workspace/ros2_ws/install/examples_rclpy_minimal_subscriber:/home/bryan/Workspace/ros2_ws/install/examples_rclpy_minimal_service:/home/bryan/Workspace/ros2_ws/install/examples_rclpy_minimal_publisher:/home/bryan/Workspace/ros2_ws/install/examples_rclpy_minimal_client:/home/bryan/Workspace/ros2_ws/install/examples_rclpy_minimal_action_server:/home/bryan/Workspace/ros2_ws/install/examples_rclpy_minimal_action_client:/home/bryan/Workspace/ros2_ws/install/examples_rclpy_guard_conditions:/home/bryan/Workspace/ros2_ws/install/examples_rclpy_executors:/home/bryan/Workspace/ros2_ws/install/camera_calibration:/opt/ros/humble LD_LIBRARY_PATH=/home/bryan/Workspace/ros2_ws/install/cv_bridge/lib:${LD_LIBRARY_PATH} PYTHONPATH=/home/bryan/Workspace/ros2_ws/install/cv_bridge/local/lib/python3.10/dist-packages:${PYTHONPATH} /usr/bin/cmake --install /home/bryan/Workspace/ros2_ws/build/image_view
[11.136s] Level 1:colcon.colcon_core.environment:create_environment_scripts_only(stereo_image_proc)
[11.136s] Level 1:colcon.colcon_core.environment:checking '/home/bryan/Workspace/ros2_ws/install/stereo_image_proc' for CMake module files
[11.137s] Level 1:colcon.colcon_core.environment:checking '/home/bryan/Workspace/ros2_ws/install/stereo_image_proc' for CMake config files
[11.137s] Level 1:colcon.colcon_core.shell:create_environment_hook('stereo_image_proc', 'cmake_prefix_path')
[11.137s] INFO:colcon.colcon_core.shell:Creating environment hook '/home/bryan/Workspace/ros2_ws/install/stereo_image_proc/share/stereo_image_proc/hook/cmake_prefix_path.ps1'
[11.140s] INFO:colcon.colcon_core.shell:Creating environment descriptor '/home/bryan/Workspace/ros2_ws/install/stereo_image_proc/share/stereo_image_proc/hook/cmake_prefix_path.dsv'
[11.148s] DEBUG:colcon.colcon_core.event_handler.log_command:Invoked command in '/home/bryan/Workspace/ros2_ws/build/stereo_image_proc' returned '0': AMENT_PREFIX_PATH=/home/bryan/Workspace/ros2_ws/install/image_geometry:/home/bryan/Workspace/ros2_ws/install/cv_bridge:${AMENT_PREFIX_PATH} CMAKE_PREFIX_PATH=/home/bryan/Workspace/ros2_ws/install/image_proc:/home/bryan/Workspace/ros2_ws/install/tracetools_image_pipeline:/home/bryan/Workspace/ros2_ws/install/image_geometry:/home/bryan/Workspace/ros2_ws/install/cv_bridge:/home/bryan/Workspace/ros2_ws/install/image_rotate:/home/bryan/Workspace/ros2_ws/install/image_publisher:/home/bryan/Workspace/ros2_ws/install/examples_rclcpp_wait_set:/home/bryan/Workspace/ros2_ws/install/examples_rclcpp_multithreaded_executor:/home/bryan/Workspace/ros2_ws/install/examples_rclcpp_minimal_timer:/home/bryan/Workspace/ros2_ws/install/examples_rclcpp_minimal_subscriber:/home/bryan/Workspace/ros2_ws/install/examples_rclcpp_minimal_service:/home/bryan/Workspace/ros2_ws/install/examples_rclcpp_minimal_publisher:/home/bryan/Workspace/ros2_ws/install/examples_rclcpp_minimal_composition:/home/bryan/Workspace/ros2_ws/install/examples_rclcpp_minimal_client:/home/bryan/Workspace/ros2_ws/install/examples_rclcpp_minimal_action_server:/home/bryan/Workspace/ros2_ws/install/examples_rclcpp_minimal_action_client:/home/bryan/Workspace/ros2_ws/install/examples_rclcpp_cbg_executor:/home/bryan/Workspace/ros2_ws/install/examples_rclcpp_async_client:/home/bryan/Workspace/ros2_ws/install/sprint2:/home/bryan/Workspace/ros2_ws/install/launch_testing_examples:/home/bryan/Workspace/ros2_ws/install/image_converter:/home/bryan/Workspace/ros2_ws/install/first_package:/home/bryan/Workspace/ros2_ws/install/examples_rclpy_pointcloud_publisher:/home/bryan/Workspace/ros2_ws/install/examples_rclpy_minimal_subscriber:/home/bryan/Workspace/ros2_ws/install/examples_rclpy_minimal_service:/home/bryan/Workspace/ros2_ws/install/examples_rclpy_minimal_publisher:/home/bryan/Workspace/ros2_ws/install/examples_rclpy_minimal_client:/home/bryan/Workspace/ros2_ws/install/examples_rclpy_minimal_action_server:/home/bryan/Workspace/ros2_ws/install/examples_rclpy_minimal_action_client:/home/bryan/Workspace/ros2_ws/install/examples_rclpy_guard_conditions:/home/bryan/Workspace/ros2_ws/install/examples_rclpy_executors:/home/bryan/Workspace/ros2_ws/install/camera_calibration:/opt/ros/humble LD_LIBRARY_PATH=/home/bryan/Workspace/ros2_ws/install/image_proc/lib:/home/bryan/Workspace/ros2_ws/install/tracetools_image_pipeline/lib:/home/bryan/Workspace/ros2_ws/install/image_geometry/lib:/home/bryan/Workspace/ros2_ws/install/cv_bridge/lib:/home/bryan/Workspace/ros2_ws/install/image_rotate/lib:/home/bryan/Workspace/ros2_ws/install/image_publisher/lib:/home/bryan/Workspace/ros2_ws/install/examples_rclcpp_wait_set/lib:/home/bryan/Workspace/ros2_ws/install/examples_rclcpp_minimal_subscriber/lib:/home/bryan/Workspace/ros2_ws/install/examples_rclcpp_minimal_composition/lib:/opt/ros/humble/opt/rviz_ogre_vendor/lib:/opt/ros/humble/lib/x86_64-linux-gnu:/opt/ros/humble/lib PYTHONPATH=/home/bryan/Workspace/ros2_ws/install/image_geometry/local/lib/python3.10/dist-packages:/home/bryan/Workspace/ros2_ws/install/cv_bridge/local/lib/python3.10/dist-packages:${PYTHONPATH} /usr/bin/cmake --install /home/bryan/Workspace/ros2_ws/build/stereo_image_proc
[11.166s] INFO:colcon.colcon_core.shell:Creating environment hook '/home/bryan/Workspace/ros2_ws/install/stereo_image_proc/share/stereo_image_proc/hook/cmake_prefix_path.sh'
[11.186s] Level 1:colcon.colcon_core.environment:checking '/home/bryan/Workspace/ros2_ws/install/stereo_image_proc/lib'
[11.203s] Level 1:colcon.colcon_core.shell:create_environment_hook('stereo_image_proc', 'ld_library_path_lib')
[11.207s] INFO:colcon.colcon_core.shell:Creating environment hook '/home/bryan/Workspace/ros2_ws/install/stereo_image_proc/share/stereo_image_proc/hook/ld_library_path_lib.ps1'
[11.228s] INFO:colcon.colcon_core.shell:Creating environment descriptor '/home/bryan/Workspace/ros2_ws/install/stereo_image_proc/share/stereo_image_proc/hook/ld_library_path_lib.dsv'
[11.232s] INFO:colcon.colcon_core.shell:Creating environment hook '/home/bryan/Workspace/ros2_ws/install/stereo_image_proc/share/stereo_image_proc/hook/ld_library_path_lib.sh'
[11.240s] Level 1:colcon.colcon_core.environment:checking '/home/bryan/Workspace/ros2_ws/install/stereo_image_proc/bin'
[11.240s] Level 1:colcon.colcon_core.environment:checking '/home/bryan/Workspace/ros2_ws/install/stereo_image_proc/lib/pkgconfig/stereo_image_proc.pc'
[11.241s] Level 1:colcon.colcon_core.environment:checking '/home/bryan/Workspace/ros2_ws/install/stereo_image_proc/lib/python3.10/site-packages'
[11.242s] Level 1:colcon.colcon_core.environment:checking '/home/bryan/Workspace/ros2_ws/install/stereo_image_proc/bin'
[11.242s] INFO:colcon.colcon_core.shell:Creating package script '/home/bryan/Workspace/ros2_ws/install/stereo_image_proc/share/stereo_image_proc/package.ps1'
[11.245s] INFO:colcon.colcon_core.shell:Creating package descriptor '/home/bryan/Workspace/ros2_ws/install/stereo_image_proc/share/stereo_image_proc/package.dsv'
[11.247s] INFO:colcon.colcon_core.shell:Creating package script '/home/bryan/Workspace/ros2_ws/install/stereo_image_proc/share/stereo_image_proc/package.sh'
[11.249s] INFO:colcon.colcon_core.shell:Creating package script '/home/bryan/Workspace/ros2_ws/install/stereo_image_proc/share/stereo_image_proc/package.bash'
[11.251s] INFO:colcon.colcon_core.shell:Creating package script '/home/bryan/Workspace/ros2_ws/install/stereo_image_proc/share/stereo_image_proc/package.zsh'
[11.252s] Level 1:colcon.colcon_core.environment:create_file_with_runtime_dependencies(/home/bryan/Workspace/ros2_ws/install/stereo_image_proc/share/colcon-core/packages/stereo_image_proc)
[11.254s] Level 1:colcon.colcon_core.environment:create_environment_scripts_only(stereo_image_proc)
[11.255s] Level 1:colcon.colcon_core.environment:checking '/home/bryan/Workspace/ros2_ws/install/stereo_image_proc' for CMake module files
[11.256s] Level 1:colcon.colcon_core.environment:checking '/home/bryan/Workspace/ros2_ws/install/stereo_image_proc' for CMake config files
[11.256s] Level 1:colcon.colcon_core.shell:create_environment_hook('stereo_image_proc', 'cmake_prefix_path')
[11.257s] INFO:colcon.colcon_core.shell:Creating environment hook '/home/bryan/Workspace/ros2_ws/install/stereo_image_proc/share/stereo_image_proc/hook/cmake_prefix_path.ps1'
[11.258s] INFO:colcon.colcon_core.shell:Creating environment descriptor '/home/bryan/Workspace/ros2_ws/install/stereo_image_proc/share/stereo_image_proc/hook/cmake_prefix_path.dsv'
[11.260s] INFO:colcon.colcon_core.shell:Creating environment hook '/home/bryan/Workspace/ros2_ws/install/stereo_image_proc/share/stereo_image_proc/hook/cmake_prefix_path.sh'
[11.263s] Level 1:colcon.colcon_core.environment:checking '/home/bryan/Workspace/ros2_ws/install/stereo_image_proc/lib'
[11.263s] Level 1:colcon.colcon_core.shell:create_environment_hook('stereo_image_proc', 'ld_library_path_lib')
[11.264s] INFO:colcon.colcon_core.shell:Creating environment hook '/home/bryan/Workspace/ros2_ws/install/stereo_image_proc/share/stereo_image_proc/hook/ld_library_path_lib.ps1'
[11.266s] INFO:colcon.colcon_core.shell:Creating environment descriptor '/home/bryan/Workspace/ros2_ws/install/stereo_image_proc/share/stereo_image_proc/hook/ld_library_path_lib.dsv'
[11.267s] INFO:colcon.colcon_core.shell:Creating environment hook '/home/bryan/Workspace/ros2_ws/install/stereo_image_proc/share/stereo_image_proc/hook/ld_library_path_lib.sh'
[11.270s] Level 1:colcon.colcon_core.environment:checking '/home/bryan/Workspace/ros2_ws/install/stereo_image_proc/bin'
[11.270s] Level 1:colcon.colcon_core.environment:checking '/home/bryan/Workspace/ros2_ws/install/stereo_image_proc/lib/pkgconfig/stereo_image_proc.pc'
[11.271s] Level 1:colcon.colcon_core.environment:checking '/home/bryan/Workspace/ros2_ws/install/stereo_image_proc/lib/python3.10/site-packages'
[11.272s] Level 1:colcon.colcon_core.environment:checking '/home/bryan/Workspace/ros2_ws/install/stereo_image_proc/bin'
[11.272s] INFO:colcon.colcon_core.shell:Creating package script '/home/bryan/Workspace/ros2_ws/install/stereo_image_proc/share/stereo_image_proc/package.ps1'
[11.275s] INFO:colcon.colcon_core.shell:Creating package descriptor '/home/bryan/Workspace/ros2_ws/install/stereo_image_proc/share/stereo_image_proc/package.dsv'
[11.277s] INFO:colcon.colcon_core.shell:Creating package script '/home/bryan/Workspace/ros2_ws/install/stereo_image_proc/share/stereo_image_proc/package.sh'
[11.279s] INFO:colcon.colcon_core.shell:Creating package script '/home/bryan/Workspace/ros2_ws/install/stereo_image_proc/share/stereo_image_proc/package.bash'
[11.281s] INFO:colcon.colcon_core.shell:Creating package script '/home/bryan/Workspace/ros2_ws/install/stereo_image_proc/share/stereo_image_proc/package.zsh'
[11.283s] Level 1:colcon.colcon_core.environment:create_file_with_runtime_dependencies(/home/bryan/Workspace/ros2_ws/install/stereo_image_proc/share/colcon-core/packages/stereo_image_proc)
[11.285s] INFO:colcon.colcon_ros.task.ament_cmake.build:Building ROS package in '/home/bryan/Workspace/ros2_ws/src/examples/rclcpp/topics/minimal_publisher' with build type 'ament_cmake'
[11.285s] INFO:colcon.colcon_cmake.task.cmake.build:Building CMake package in '/home/bryan/Workspace/ros2_ws/src/examples/rclcpp/topics/minimal_publisher'
[11.285s] INFO:colcon.colcon_core.shell:Skip shell extension 'powershell' for command environment: Not usable outside of PowerShell
[11.285s] DEBUG:colcon.colcon_core.shell:Skip shell extension 'dsv' for command environment
[11.312s] Level 1:colcon.colcon_core.environment:create_environment_scripts_only(image_view)
[11.313s] Level 1:colcon.colcon_core.environment:checking '/home/bryan/Workspace/ros2_ws/install/image_view' for CMake module files
[11.314s] Level 1:colcon.colcon_core.environment:checking '/home/bryan/Workspace/ros2_ws/install/image_view' for CMake config files
[11.317s] DEBUG:colcon.colcon_core.event_handler.log_command:Invoked command in '/home/bryan/Workspace/ros2_ws/build/image_view' returned '0': AMENT_PREFIX_PATH=/home/bryan/Workspace/ros2_ws/install/cv_bridge:${AMENT_PREFIX_PATH} CMAKE_PREFIX_PATH=/home/bryan/Workspace/ros2_ws/install/cv_bridge:/home/bryan/Workspace/ros2_ws/install/image_proc:/home/bryan/Workspace/ros2_ws/install/tracetools_image_pipeline:/home/bryan/Workspace/ros2_ws/install/image_rotate:/home/bryan/Workspace/ros2_ws/install/image_publisher:/home/bryan/Workspace/ros2_ws/install/examples_rclcpp_wait_set:/home/bryan/Workspace/ros2_ws/install/examples_rclcpp_multithreaded_executor:/home/bryan/Workspace/ros2_ws/install/examples_rclcpp_minimal_timer:/home/bryan/Workspace/ros2_ws/install/examples_rclcpp_minimal_subscriber:/home/bryan/Workspace/ros2_ws/install/examples_rclcpp_minimal_service:/home/bryan/Workspace/ros2_ws/install/examples_rclcpp_minimal_publisher:/home/bryan/Workspace/ros2_ws/install/examples_rclcpp_minimal_composition:/home/bryan/Workspace/ros2_ws/install/examples_rclcpp_minimal_client:/home/bryan/Workspace/ros2_ws/install/examples_rclcpp_minimal_action_server:/home/bryan/Workspace/ros2_ws/install/examples_rclcpp_minimal_action_client:/home/bryan/Workspace/ros2_ws/install/examples_rclcpp_cbg_executor:/home/bryan/Workspace/ros2_ws/install/examples_rclcpp_async_client:/home/bryan/Workspace/ros2_ws/install/sprint2:/home/bryan/Workspace/ros2_ws/install/launch_testing_examples:/home/bryan/Workspace/ros2_ws/install/image_converter:/home/bryan/Workspace/ros2_ws/install/first_package:/home/bryan/Workspace/ros2_ws/install/examples_rclpy_pointcloud_publisher:/home/bryan/Workspace/ros2_ws/install/examples_rclpy_minimal_subscriber:/home/bryan/Workspace/ros2_ws/install/examples_rclpy_minimal_service:/home/bryan/Workspace/ros2_ws/install/examples_rclpy_minimal_publisher:/home/bryan/Workspace/ros2_ws/install/examples_rclpy_minimal_client:/home/bryan/Workspace/ros2_ws/install/examples_rclpy_minimal_action_server:/home/bryan/Workspace/ros2_ws/install/examples_rclpy_minimal_action_client:/home/bryan/Workspace/ros2_ws/install/examples_rclpy_guard_conditions:/home/bryan/Workspace/ros2_ws/install/examples_rclpy_executors:/home/bryan/Workspace/ros2_ws/install/camera_calibration:/opt/ros/humble LD_LIBRARY_PATH=/home/bryan/Workspace/ros2_ws/install/cv_bridge/lib:${LD_LIBRARY_PATH} PYTHONPATH=/home/bryan/Workspace/ros2_ws/install/cv_bridge/local/lib/python3.10/dist-packages:${PYTHONPATH} /usr/bin/cmake --install /home/bryan/Workspace/ros2_ws/build/image_view
[11.317s] Level 1:colcon.colcon_core.shell:create_environment_hook('image_view', 'cmake_prefix_path')
[11.318s] INFO:colcon.colcon_core.shell:Creating environment hook '/home/bryan/Workspace/ros2_ws/install/image_view/share/image_view/hook/cmake_prefix_path.ps1'
[11.321s] INFO:colcon.colcon_core.shell:Creating environment descriptor '/home/bryan/Workspace/ros2_ws/install/image_view/share/image_view/hook/cmake_prefix_path.dsv'
[11.341s] INFO:colcon.colcon_core.shell:Creating environment hook '/home/bryan/Workspace/ros2_ws/install/image_view/share/image_view/hook/cmake_prefix_path.sh'
[11.371s] Level 1:colcon.colcon_core.environment:checking '/home/bryan/Workspace/ros2_ws/install/image_view/lib'
[11.371s] Level 1:colcon.colcon_core.shell:create_environment_hook('image_view', 'ld_library_path_lib')
[11.372s] INFO:colcon.colcon_core.shell:Creating environment hook '/home/bryan/Workspace/ros2_ws/install/image_view/share/image_view/hook/ld_library_path_lib.ps1'
[11.373s] INFO:colcon.colcon_core.shell:Creating environment descriptor '/home/bryan/Workspace/ros2_ws/install/image_view/share/image_view/hook/ld_library_path_lib.dsv'
[11.377s] INFO:colcon.colcon_core.shell:Creating environment hook '/home/bryan/Workspace/ros2_ws/install/image_view/share/image_view/hook/ld_library_path_lib.sh'
[11.379s] Level 1:colcon.colcon_core.environment:checking '/home/bryan/Workspace/ros2_ws/install/image_view/bin'
[11.379s] Level 1:colcon.colcon_core.environment:checking '/home/bryan/Workspace/ros2_ws/install/image_view/lib/pkgconfig/image_view.pc'
[11.380s] Level 1:colcon.colcon_core.environment:checking '/home/bryan/Workspace/ros2_ws/install/image_view/lib/python3.10/site-packages'
[11.381s] Level 1:colcon.colcon_core.environment:checking '/home/bryan/Workspace/ros2_ws/install/image_view/bin'
[11.382s] INFO:colcon.colcon_core.shell:Creating package script '/home/bryan/Workspace/ros2_ws/install/image_view/share/image_view/package.ps1'
[11.385s] INFO:colcon.colcon_core.shell:Creating package descriptor '/home/bryan/Workspace/ros2_ws/install/image_view/share/image_view/package.dsv'
[11.388s] INFO:colcon.colcon_core.shell:Creating package script '/home/bryan/Workspace/ros2_ws/install/image_view/share/image_view/package.sh'
[11.392s] INFO:colcon.colcon_core.shell:Creating package script '/home/bryan/Workspace/ros2_ws/install/image_view/share/image_view/package.bash'
[11.399s] INFO:colcon.colcon_core.shell:Creating package script '/home/bryan/Workspace/ros2_ws/install/image_view/share/image_view/package.zsh'
[11.401s] Level 1:colcon.colcon_core.environment:create_file_with_runtime_dependencies(/home/bryan/Workspace/ros2_ws/install/image_view/share/colcon-core/packages/image_view)
[11.402s] Level 1:colcon.colcon_core.environment:create_environment_scripts_only(image_view)
[11.403s] Level 1:colcon.colcon_core.environment:checking '/home/bryan/Workspace/ros2_ws/install/image_view' for CMake module files
[11.403s] Level 1:colcon.colcon_core.environment:checking '/home/bryan/Workspace/ros2_ws/install/image_view' for CMake config files
[11.403s] Level 1:colcon.colcon_core.shell:create_environment_hook('image_view', 'cmake_prefix_path')
[11.404s] INFO:colcon.colcon_core.shell:Creating environment hook '/home/bryan/Workspace/ros2_ws/install/image_view/share/image_view/hook/cmake_prefix_path.ps1'
[11.405s] INFO:colcon.colcon_core.shell:Creating environment descriptor '/home/bryan/Workspace/ros2_ws/install/image_view/share/image_view/hook/cmake_prefix_path.dsv'
[11.407s] INFO:colcon.colcon_core.shell:Creating environment hook '/home/bryan/Workspace/ros2_ws/install/image_view/share/image_view/hook/cmake_prefix_path.sh'
[11.409s] Level 1:colcon.colcon_core.environment:checking '/home/bryan/Workspace/ros2_ws/install/image_view/lib'
[11.410s] Level 1:colcon.colcon_core.shell:create_environment_hook('image_view', 'ld_library_path_lib')
[11.410s] INFO:colcon.colcon_core.shell:Creating environment hook '/home/bryan/Workspace/ros2_ws/install/image_view/share/image_view/hook/ld_library_path_lib.ps1'
[11.432s] INFO:colcon.colcon_core.shell:Creating environment descriptor '/home/bryan/Workspace/ros2_ws/install/image_view/share/image_view/hook/ld_library_path_lib.dsv'
[11.439s] INFO:colcon.colcon_core.shell:Creating environment hook '/home/bryan/Workspace/ros2_ws/install/image_view/share/image_view/hook/ld_library_path_lib.sh'
[11.460s] Level 1:colcon.colcon_core.environment:checking '/home/bryan/Workspace/ros2_ws/install/image_view/bin'
[11.460s] Level 1:colcon.colcon_core.environment:checking '/home/bryan/Workspace/ros2_ws/install/image_view/lib/pkgconfig/image_view.pc'
[11.461s] Level 1:colcon.colcon_core.environment:checking '/home/bryan/Workspace/ros2_ws/install/image_view/lib/python3.10/site-packages'
[11.461s] Level 1:colcon.colcon_core.environment:checking '/home/bryan/Workspace/ros2_ws/install/image_view/bin'
[11.462s] INFO:colcon.colcon_core.shell:Creating package script '/home/bryan/Workspace/ros2_ws/install/image_view/share/image_view/package.ps1'
[11.463s] INFO:colcon.colcon_core.shell:Creating package descriptor '/home/bryan/Workspace/ros2_ws/install/image_view/share/image_view/package.dsv'
[11.473s] INFO:colcon.colcon_core.shell:Creating package script '/home/bryan/Workspace/ros2_ws/install/image_view/share/image_view/package.sh'
[11.474s] INFO:colcon.colcon_core.shell:Creating package script '/home/bryan/Workspace/ros2_ws/install/image_view/share/image_view/package.bash'
[11.476s] INFO:colcon.colcon_core.shell:Creating package script '/home/bryan/Workspace/ros2_ws/install/image_view/share/image_view/package.zsh'
[11.477s] Level 1:colcon.colcon_core.environment:create_file_with_runtime_dependencies(/home/bryan/Workspace/ros2_ws/install/image_view/share/colcon-core/packages/image_view)
[11.479s] INFO:colcon.colcon_ros.task.ament_cmake.build:Building ROS package in '/home/bryan/Workspace/ros2_ws/src/examples/rclcpp/services/minimal_service' with build type 'ament_cmake'
[11.479s] INFO:colcon.colcon_cmake.task.cmake.build:Building CMake package in '/home/bryan/Workspace/ros2_ws/src/examples/rclcpp/services/minimal_service'
[11.480s] INFO:colcon.colcon_core.shell:Skip shell extension 'powershell' for command environment: Not usable outside of PowerShell
[11.480s] DEBUG:colcon.colcon_core.shell:Skip shell extension 'dsv' for command environment
[11.554s] DEBUG:colcon.colcon_core.event_handler.log_command:Invoking command in '/home/bryan/Workspace/ros2_ws/build/examples_rclcpp_minimal_publisher': CMAKE_PREFIX_PATH=${CMAKE_PREFIX_PATH}:/home/bryan/Workspace/ros2_ws/install/sprint2:/home/bryan/Workspace/ros2_ws/install/launch_testing_examples:/home/bryan/Workspace/ros2_ws/install/image_converter:/home/bryan/Workspace/ros2_ws/install/first_package:/home/bryan/Workspace/ros2_ws/install/examples_rclpy_pointcloud_publisher:/home/bryan/Workspace/ros2_ws/install/examples_rclpy_minimal_subscriber:/home/bryan/Workspace/ros2_ws/install/examples_rclpy_minimal_service:/home/bryan/Workspace/ros2_ws/install/examples_rclpy_minimal_publisher:/home/bryan/Workspace/ros2_ws/install/examples_rclpy_minimal_client:/home/bryan/Workspace/ros2_ws/install/examples_rclpy_minimal_action_server:/home/bryan/Workspace/ros2_ws/install/examples_rclpy_minimal_action_client:/home/bryan/Workspace/ros2_ws/install/examples_rclpy_guard_conditions:/home/bryan/Workspace/ros2_ws/install/examples_rclpy_executors:/home/bryan/Workspace/ros2_ws/install/camera_calibration:/opt/ros/humble /usr/bin/cmake --build /home/bryan/Workspace/ros2_ws/build/examples_rclcpp_minimal_publisher -- -j3 -l3
[11.578s] DEBUG:colcon.colcon_core.event_handler.log_command:Invoking command in '/home/bryan/Workspace/ros2_ws/build/examples_rclcpp_minimal_service': CMAKE_PREFIX_PATH=${CMAKE_PREFIX_PATH}:/home/bryan/Workspace/ros2_ws/install/sprint2:/home/bryan/Workspace/ros2_ws/install/launch_testing_examples:/home/bryan/Workspace/ros2_ws/install/image_converter:/home/bryan/Workspace/ros2_ws/install/first_package:/home/bryan/Workspace/ros2_ws/install/examples_rclpy_pointcloud_publisher:/home/bryan/Workspace/ros2_ws/install/examples_rclpy_minimal_subscriber:/home/bryan/Workspace/ros2_ws/install/examples_rclpy_minimal_service:/home/bryan/Workspace/ros2_ws/install/examples_rclpy_minimal_publisher:/home/bryan/Workspace/ros2_ws/install/examples_rclpy_minimal_client:/home/bryan/Workspace/ros2_ws/install/examples_rclpy_minimal_action_server:/home/bryan/Workspace/ros2_ws/install/examples_rclpy_minimal_action_client:/home/bryan/Workspace/ros2_ws/install/examples_rclpy_guard_conditions:/home/bryan/Workspace/ros2_ws/install/examples_rclpy_executors:/home/bryan/Workspace/ros2_ws/install/camera_calibration:/opt/ros/humble /usr/bin/cmake --build /home/bryan/Workspace/ros2_ws/build/examples_rclcpp_minimal_service -- -j3 -l3
[11.730s] DEBUG:colcon.colcon_core.event_handler.log_command:Invoked command in '/home/bryan/Workspace/ros2_ws/build/examples_rclcpp_minimal_composition' returned '0': CMAKE_PREFIX_PATH=${CMAKE_PREFIX_PATH}:/home/bryan/Workspace/ros2_ws/install/sprint2:/home/bryan/Workspace/ros2_ws/install/launch_testing_examples:/home/bryan/Workspace/ros2_ws/install/image_converter:/home/bryan/Workspace/ros2_ws/install/first_package:/home/bryan/Workspace/ros2_ws/install/examples_rclpy_pointcloud_publisher:/home/bryan/Workspace/ros2_ws/install/examples_rclpy_minimal_subscriber:/home/bryan/Workspace/ros2_ws/install/examples_rclpy_minimal_service:/home/bryan/Workspace/ros2_ws/install/examples_rclpy_minimal_publisher:/home/bryan/Workspace/ros2_ws/install/examples_rclpy_minimal_client:/home/bryan/Workspace/ros2_ws/install/examples_rclpy_minimal_action_server:/home/bryan/Workspace/ros2_ws/install/examples_rclpy_minimal_action_client:/home/bryan/Workspace/ros2_ws/install/examples_rclpy_guard_conditions:/home/bryan/Workspace/ros2_ws/install/examples_rclpy_executors:/home/bryan/Workspace/ros2_ws/install/camera_calibration:/opt/ros/humble /usr/bin/cmake --build /home/bryan/Workspace/ros2_ws/build/examples_rclcpp_minimal_composition -- -j3 -l3
[11.741s] DEBUG:colcon.colcon_core.event_handler.log_command:Invoking command in '/home/bryan/Workspace/ros2_ws/build/examples_rclcpp_minimal_composition': CMAKE_PREFIX_PATH=${CMAKE_PREFIX_PATH}:/home/bryan/Workspace/ros2_ws/install/sprint2:/home/bryan/Workspace/ros2_ws/install/launch_testing_examples:/home/bryan/Workspace/ros2_ws/install/image_converter:/home/bryan/Workspace/ros2_ws/install/first_package:/home/bryan/Workspace/ros2_ws/install/examples_rclpy_pointcloud_publisher:/home/bryan/Workspace/ros2_ws/install/examples_rclpy_minimal_subscriber:/home/bryan/Workspace/ros2_ws/install/examples_rclpy_minimal_service:/home/bryan/Workspace/ros2_ws/install/examples_rclpy_minimal_publisher:/home/bryan/Workspace/ros2_ws/install/examples_rclpy_minimal_client:/home/bryan/Workspace/ros2_ws/install/examples_rclpy_minimal_action_server:/home/bryan/Workspace/ros2_ws/install/examples_rclpy_minimal_action_client:/home/bryan/Workspace/ros2_ws/install/examples_rclpy_guard_conditions:/home/bryan/Workspace/ros2_ws/install/examples_rclpy_executors:/home/bryan/Workspace/ros2_ws/install/camera_calibration:/opt/ros/humble /usr/bin/cmake --install /home/bryan/Workspace/ros2_ws/build/examples_rclcpp_minimal_composition
[11.831s] Level 1:colcon.colcon_core.environment:create_environment_scripts_only(examples_rclcpp_minimal_composition)
[11.832s] Level 1:colcon.colcon_core.environment:checking '/home/bryan/Workspace/ros2_ws/install/examples_rclcpp_minimal_composition' for CMake module files
[11.834s] DEBUG:colcon.colcon_core.event_handler.log_command:Invoked command in '/home/bryan/Workspace/ros2_ws/build/examples_rclcpp_minimal_composition' returned '0': CMAKE_PREFIX_PATH=${CMAKE_PREFIX_PATH}:/home/bryan/Workspace/ros2_ws/install/sprint2:/home/bryan/Workspace/ros2_ws/install/launch_testing_examples:/home/bryan/Workspace/ros2_ws/install/image_converter:/home/bryan/Workspace/ros2_ws/install/first_package:/home/bryan/Workspace/ros2_ws/install/examples_rclpy_pointcloud_publisher:/home/bryan/Workspace/ros2_ws/install/examples_rclpy_minimal_subscriber:/home/bryan/Workspace/ros2_ws/install/examples_rclpy_minimal_service:/home/bryan/Workspace/ros2_ws/install/examples_rclpy_minimal_publisher:/home/bryan/Workspace/ros2_ws/install/examples_rclpy_minimal_client:/home/bryan/Workspace/ros2_ws/install/examples_rclpy_minimal_action_server:/home/bryan/Workspace/ros2_ws/install/examples_rclpy_minimal_action_client:/home/bryan/Workspace/ros2_ws/install/examples_rclpy_guard_conditions:/home/bryan/Workspace/ros2_ws/install/examples_rclpy_executors:/home/bryan/Workspace/ros2_ws/install/camera_calibration:/opt/ros/humble /usr/bin/cmake --install /home/bryan/Workspace/ros2_ws/build/examples_rclcpp_minimal_composition
[11.835s] Level 1:colcon.colcon_core.environment:checking '/home/bryan/Workspace/ros2_ws/install/examples_rclcpp_minimal_composition' for CMake config files
[11.836s] Level 1:colcon.colcon_core.shell:create_environment_hook('examples_rclcpp_minimal_composition', 'cmake_prefix_path')
[11.836s] INFO:colcon.colcon_core.shell:Creating environment hook '/home/bryan/Workspace/ros2_ws/install/examples_rclcpp_minimal_composition/share/examples_rclcpp_minimal_composition/hook/cmake_prefix_path.ps1'
[11.840s] INFO:colcon.colcon_core.shell:Creating environment descriptor '/home/bryan/Workspace/ros2_ws/install/examples_rclcpp_minimal_composition/share/examples_rclcpp_minimal_composition/hook/cmake_prefix_path.dsv'
[11.849s] INFO:colcon.colcon_core.shell:Creating environment hook '/home/bryan/Workspace/ros2_ws/install/examples_rclcpp_minimal_composition/share/examples_rclcpp_minimal_composition/hook/cmake_prefix_path.sh'
[11.851s] Level 1:colcon.colcon_core.environment:checking '/home/bryan/Workspace/ros2_ws/install/examples_rclcpp_minimal_composition/lib'
[11.851s] Level 1:colcon.colcon_core.shell:create_environment_hook('examples_rclcpp_minimal_composition', 'ld_library_path_lib')
[11.851s] INFO:colcon.colcon_core.shell:Creating environment hook '/home/bryan/Workspace/ros2_ws/install/examples_rclcpp_minimal_composition/share/examples_rclcpp_minimal_composition/hook/ld_library_path_lib.ps1'
[11.852s] INFO:colcon.colcon_core.shell:Creating environment descriptor '/home/bryan/Workspace/ros2_ws/install/examples_rclcpp_minimal_composition/share/examples_rclcpp_minimal_composition/hook/ld_library_path_lib.dsv'
[11.853s] INFO:colcon.colcon_core.shell:Creating environment hook '/home/bryan/Workspace/ros2_ws/install/examples_rclcpp_minimal_composition/share/examples_rclcpp_minimal_composition/hook/ld_library_path_lib.sh'
[11.853s] Level 1:colcon.colcon_core.environment:checking '/home/bryan/Workspace/ros2_ws/install/examples_rclcpp_minimal_composition/bin'
[11.854s] Level 1:colcon.colcon_core.environment:checking '/home/bryan/Workspace/ros2_ws/install/examples_rclcpp_minimal_composition/lib/pkgconfig/examples_rclcpp_minimal_composition.pc'
[11.854s] Level 1:colcon.colcon_core.environment:checking '/home/bryan/Workspace/ros2_ws/install/examples_rclcpp_minimal_composition/lib/python3.10/site-packages'
[11.855s] Level 1:colcon.colcon_core.environment:checking '/home/bryan/Workspace/ros2_ws/install/examples_rclcpp_minimal_composition/bin'
[11.855s] INFO:colcon.colcon_core.shell:Creating package script '/home/bryan/Workspace/ros2_ws/install/examples_rclcpp_minimal_composition/share/examples_rclcpp_minimal_composition/package.ps1'
[11.856s] INFO:colcon.colcon_core.shell:Creating package descriptor '/home/bryan/Workspace/ros2_ws/install/examples_rclcpp_minimal_composition/share/examples_rclcpp_minimal_composition/package.dsv'
[11.857s] INFO:colcon.colcon_core.shell:Creating package script '/home/bryan/Workspace/ros2_ws/install/examples_rclcpp_minimal_composition/share/examples_rclcpp_minimal_composition/package.sh'
[11.857s] INFO:colcon.colcon_core.shell:Creating package script '/home/bryan/Workspace/ros2_ws/install/examples_rclcpp_minimal_composition/share/examples_rclcpp_minimal_composition/package.bash'
[11.867s] INFO:colcon.colcon_core.shell:Creating package script '/home/bryan/Workspace/ros2_ws/install/examples_rclcpp_minimal_composition/share/examples_rclcpp_minimal_composition/package.zsh'
[11.927s] Level 1:colcon.colcon_core.environment:create_file_with_runtime_dependencies(/home/bryan/Workspace/ros2_ws/install/examples_rclcpp_minimal_composition/share/colcon-core/packages/examples_rclcpp_minimal_composition)
[11.929s] Level 1:colcon.colcon_core.environment:create_environment_scripts_only(examples_rclcpp_minimal_composition)
[11.929s] Level 1:colcon.colcon_core.environment:checking '/home/bryan/Workspace/ros2_ws/install/examples_rclcpp_minimal_composition' for CMake module files
[11.930s] Level 1:colcon.colcon_core.environment:checking '/home/bryan/Workspace/ros2_ws/install/examples_rclcpp_minimal_composition' for CMake config files
[11.931s] Level 1:colcon.colcon_core.shell:create_environment_hook('examples_rclcpp_minimal_composition', 'cmake_prefix_path')
[11.931s] INFO:colcon.colcon_core.shell:Creating environment hook '/home/bryan/Workspace/ros2_ws/install/examples_rclcpp_minimal_composition/share/examples_rclcpp_minimal_composition/hook/cmake_prefix_path.ps1'
[11.933s] INFO:colcon.colcon_core.shell:Creating environment descriptor '/home/bryan/Workspace/ros2_ws/install/examples_rclcpp_minimal_composition/share/examples_rclcpp_minimal_composition/hook/cmake_prefix_path.dsv'
[11.936s] INFO:colcon.colcon_core.shell:Creating environment hook '/home/bryan/Workspace/ros2_ws/install/examples_rclcpp_minimal_composition/share/examples_rclcpp_minimal_composition/hook/cmake_prefix_path.sh'
[11.943s] Level 1:colcon.colcon_core.environment:checking '/home/bryan/Workspace/ros2_ws/install/examples_rclcpp_minimal_composition/lib'
[11.944s] Level 1:colcon.colcon_core.shell:create_environment_hook('examples_rclcpp_minimal_composition', 'ld_library_path_lib')
[11.944s] INFO:colcon.colcon_core.shell:Creating environment hook '/home/bryan/Workspace/ros2_ws/install/examples_rclcpp_minimal_composition/share/examples_rclcpp_minimal_composition/hook/ld_library_path_lib.ps1'
[11.947s] INFO:colcon.colcon_core.shell:Creating environment descriptor '/home/bryan/Workspace/ros2_ws/install/examples_rclcpp_minimal_composition/share/examples_rclcpp_minimal_composition/hook/ld_library_path_lib.dsv'
[11.948s] INFO:colcon.colcon_core.shell:Creating environment hook '/home/bryan/Workspace/ros2_ws/install/examples_rclcpp_minimal_composition/share/examples_rclcpp_minimal_composition/hook/ld_library_path_lib.sh'
[11.949s] Level 1:colcon.colcon_core.environment:checking '/home/bryan/Workspace/ros2_ws/install/examples_rclcpp_minimal_composition/bin'
[11.950s] Level 1:colcon.colcon_core.environment:checking '/home/bryan/Workspace/ros2_ws/install/examples_rclcpp_minimal_composition/lib/pkgconfig/examples_rclcpp_minimal_composition.pc'
[11.950s] Level 1:colcon.colcon_core.environment:checking '/home/bryan/Workspace/ros2_ws/install/examples_rclcpp_minimal_composition/lib/python3.10/site-packages'
[11.950s] Level 1:colcon.colcon_core.environment:checking '/home/bryan/Workspace/ros2_ws/install/examples_rclcpp_minimal_composition/bin'
[11.951s] INFO:colcon.colcon_core.shell:Creating package script '/home/bryan/Workspace/ros2_ws/install/examples_rclcpp_minimal_composition/share/examples_rclcpp_minimal_composition/package.ps1'
[11.952s] INFO:colcon.colcon_core.shell:Creating package descriptor '/home/bryan/Workspace/ros2_ws/install/examples_rclcpp_minimal_composition/share/examples_rclcpp_minimal_composition/package.dsv'
[11.954s] INFO:colcon.colcon_core.shell:Creating package script '/home/bryan/Workspace/ros2_ws/install/examples_rclcpp_minimal_composition/share/examples_rclcpp_minimal_composition/package.sh'
[11.955s] INFO:colcon.colcon_core.shell:Creating package script '/home/bryan/Workspace/ros2_ws/install/examples_rclcpp_minimal_composition/share/examples_rclcpp_minimal_composition/package.bash'
[11.957s] INFO:colcon.colcon_core.shell:Creating package script '/home/bryan/Workspace/ros2_ws/install/examples_rclcpp_minimal_composition/share/examples_rclcpp_minimal_composition/package.zsh'
[11.958s] Level 1:colcon.colcon_core.environment:create_file_with_runtime_dependencies(/home/bryan/Workspace/ros2_ws/install/examples_rclcpp_minimal_composition/share/colcon-core/packages/examples_rclcpp_minimal_composition)
[11.961s] INFO:colcon.colcon_ros.task.ament_cmake.build:Building ROS package in '/home/bryan/Workspace/ros2_ws/src/examples/rclcpp/topics/minimal_subscriber' with build type 'ament_cmake'
[11.961s] INFO:colcon.colcon_cmake.task.cmake.build:Building CMake package in '/home/bryan/Workspace/ros2_ws/src/examples/rclcpp/topics/minimal_subscriber'
[11.961s] INFO:colcon.colcon_core.shell:Skip shell extension 'powershell' for command environment: Not usable outside of PowerShell
[11.961s] DEBUG:colcon.colcon_core.shell:Skip shell extension 'dsv' for command environment
[12.005s] DEBUG:colcon.colcon_core.event_handler.log_command:Invoking command in '/home/bryan/Workspace/ros2_ws/build/examples_rclcpp_minimal_subscriber': CMAKE_PREFIX_PATH=${CMAKE_PREFIX_PATH}:/home/bryan/Workspace/ros2_ws/install/sprint2:/home/bryan/Workspace/ros2_ws/install/launch_testing_examples:/home/bryan/Workspace/ros2_ws/install/image_converter:/home/bryan/Workspace/ros2_ws/install/first_package:/home/bryan/Workspace/ros2_ws/install/examples_rclpy_pointcloud_publisher:/home/bryan/Workspace/ros2_ws/install/examples_rclpy_minimal_subscriber:/home/bryan/Workspace/ros2_ws/install/examples_rclpy_minimal_service:/home/bryan/Workspace/ros2_ws/install/examples_rclpy_minimal_publisher:/home/bryan/Workspace/ros2_ws/install/examples_rclpy_minimal_client:/home/bryan/Workspace/ros2_ws/install/examples_rclpy_minimal_action_server:/home/bryan/Workspace/ros2_ws/install/examples_rclpy_minimal_action_client:/home/bryan/Workspace/ros2_ws/install/examples_rclpy_guard_conditions:/home/bryan/Workspace/ros2_ws/install/examples_rclpy_executors:/home/bryan/Workspace/ros2_ws/install/camera_calibration:/opt/ros/humble /usr/bin/cmake --build /home/bryan/Workspace/ros2_ws/build/examples_rclcpp_minimal_subscriber -- -j3 -l3
[12.082s] DEBUG:colcon.colcon_core.event_handler.log_command:Invoked command in '/home/bryan/Workspace/ros2_ws/build/examples_rclcpp_minimal_service' returned '0': CMAKE_PREFIX_PATH=${CMAKE_PREFIX_PATH}:/home/bryan/Workspace/ros2_ws/install/sprint2:/home/bryan/Workspace/ros2_ws/install/launch_testing_examples:/home/bryan/Workspace/ros2_ws/install/image_converter:/home/bryan/Workspace/ros2_ws/install/first_package:/home/bryan/Workspace/ros2_ws/install/examples_rclpy_pointcloud_publisher:/home/bryan/Workspace/ros2_ws/install/examples_rclpy_minimal_subscriber:/home/bryan/Workspace/ros2_ws/install/examples_rclpy_minimal_service:/home/bryan/Workspace/ros2_ws/install/examples_rclpy_minimal_publisher:/home/bryan/Workspace/ros2_ws/install/examples_rclpy_minimal_client:/home/bryan/Workspace/ros2_ws/install/examples_rclpy_minimal_action_server:/home/bryan/Workspace/ros2_ws/install/examples_rclpy_minimal_action_client:/home/bryan/Workspace/ros2_ws/install/examples_rclpy_guard_conditions:/home/bryan/Workspace/ros2_ws/install/examples_rclpy_executors:/home/bryan/Workspace/ros2_ws/install/camera_calibration:/opt/ros/humble /usr/bin/cmake --build /home/bryan/Workspace/ros2_ws/build/examples_rclcpp_minimal_service -- -j3 -l3
[12.082s] DEBUG:colcon.colcon_core.event_handler.log_command:Invoking command in '/home/bryan/Workspace/ros2_ws/build/examples_rclcpp_minimal_service': CMAKE_PREFIX_PATH=${CMAKE_PREFIX_PATH}:/home/bryan/Workspace/ros2_ws/install/sprint2:/home/bryan/Workspace/ros2_ws/install/launch_testing_examples:/home/bryan/Workspace/ros2_ws/install/image_converter:/home/bryan/Workspace/ros2_ws/install/first_package:/home/bryan/Workspace/ros2_ws/install/examples_rclpy_pointcloud_publisher:/home/bryan/Workspace/ros2_ws/install/examples_rclpy_minimal_subscriber:/home/bryan/Workspace/ros2_ws/install/examples_rclpy_minimal_service:/home/bryan/Workspace/ros2_ws/install/examples_rclpy_minimal_publisher:/home/bryan/Workspace/ros2_ws/install/examples_rclpy_minimal_client:/home/bryan/Workspace/ros2_ws/install/examples_rclpy_minimal_action_server:/home/bryan/Workspace/ros2_ws/install/examples_rclpy_minimal_action_client:/home/bryan/Workspace/ros2_ws/install/examples_rclpy_guard_conditions:/home/bryan/Workspace/ros2_ws/install/examples_rclpy_executors:/home/bryan/Workspace/ros2_ws/install/camera_calibration:/opt/ros/humble /usr/bin/cmake --install /home/bryan/Workspace/ros2_ws/build/examples_rclcpp_minimal_service
[12.189s] Level 1:colcon.colcon_core.environment:create_environment_scripts_only(examples_rclcpp_minimal_service)
[12.189s] Level 1:colcon.colcon_core.environment:checking '/home/bryan/Workspace/ros2_ws/install/examples_rclcpp_minimal_service' for CMake module files
[12.213s] Level 1:colcon.colcon_core.environment:checking '/home/bryan/Workspace/ros2_ws/install/examples_rclcpp_minimal_service' for CMake config files
[12.215s] DEBUG:colcon.colcon_core.event_handler.log_command:Invoked command in '/home/bryan/Workspace/ros2_ws/build/examples_rclcpp_minimal_service' returned '0': CMAKE_PREFIX_PATH=${CMAKE_PREFIX_PATH}:/home/bryan/Workspace/ros2_ws/install/sprint2:/home/bryan/Workspace/ros2_ws/install/launch_testing_examples:/home/bryan/Workspace/ros2_ws/install/image_converter:/home/bryan/Workspace/ros2_ws/install/first_package:/home/bryan/Workspace/ros2_ws/install/examples_rclpy_pointcloud_publisher:/home/bryan/Workspace/ros2_ws/install/examples_rclpy_minimal_subscriber:/home/bryan/Workspace/ros2_ws/install/examples_rclpy_minimal_service:/home/bryan/Workspace/ros2_ws/install/examples_rclpy_minimal_publisher:/home/bryan/Workspace/ros2_ws/install/examples_rclpy_minimal_client:/home/bryan/Workspace/ros2_ws/install/examples_rclpy_minimal_action_server:/home/bryan/Workspace/ros2_ws/install/examples_rclpy_minimal_action_client:/home/bryan/Workspace/ros2_ws/install/examples_rclpy_guard_conditions:/home/bryan/Workspace/ros2_ws/install/examples_rclpy_executors:/home/bryan/Workspace/ros2_ws/install/camera_calibration:/opt/ros/humble /usr/bin/cmake --install /home/bryan/Workspace/ros2_ws/build/examples_rclcpp_minimal_service
[12.216s] Level 1:colcon.colcon_core.shell:create_environment_hook('examples_rclcpp_minimal_service', 'cmake_prefix_path')
[12.222s] INFO:colcon.colcon_core.shell:Creating environment hook '/home/bryan/Workspace/ros2_ws/install/examples_rclcpp_minimal_service/share/examples_rclcpp_minimal_service/hook/cmake_prefix_path.ps1'
[12.226s] INFO:colcon.colcon_core.shell:Creating environment descriptor '/home/bryan/Workspace/ros2_ws/install/examples_rclcpp_minimal_service/share/examples_rclcpp_minimal_service/hook/cmake_prefix_path.dsv'
[12.228s] INFO:colcon.colcon_core.shell:Creating environment hook '/home/bryan/Workspace/ros2_ws/install/examples_rclcpp_minimal_service/share/examples_rclcpp_minimal_service/hook/cmake_prefix_path.sh'
[12.230s] Level 1:colcon.colcon_core.environment:checking '/home/bryan/Workspace/ros2_ws/install/examples_rclcpp_minimal_service/lib'
[12.230s] Level 1:colcon.colcon_core.environment:checking '/home/bryan/Workspace/ros2_ws/install/examples_rclcpp_minimal_service/bin'
[12.230s] Level 1:colcon.colcon_core.environment:checking '/home/bryan/Workspace/ros2_ws/install/examples_rclcpp_minimal_service/lib/pkgconfig/examples_rclcpp_minimal_service.pc'
[12.232s] Level 1:colcon.colcon_core.environment:checking '/home/bryan/Workspace/ros2_ws/install/examples_rclcpp_minimal_service/lib/python3.10/site-packages'
[12.233s] Level 1:colcon.colcon_core.environment:checking '/home/bryan/Workspace/ros2_ws/install/examples_rclcpp_minimal_service/bin'
[12.233s] INFO:colcon.colcon_core.shell:Creating package script '/home/bryan/Workspace/ros2_ws/install/examples_rclcpp_minimal_service/share/examples_rclcpp_minimal_service/package.ps1'
[12.234s] INFO:colcon.colcon_core.shell:Creating package descriptor '/home/bryan/Workspace/ros2_ws/install/examples_rclcpp_minimal_service/share/examples_rclcpp_minimal_service/package.dsv'
[12.235s] INFO:colcon.colcon_core.shell:Creating package script '/home/bryan/Workspace/ros2_ws/install/examples_rclcpp_minimal_service/share/examples_rclcpp_minimal_service/package.sh'
[12.236s] INFO:colcon.colcon_core.shell:Creating package script '/home/bryan/Workspace/ros2_ws/install/examples_rclcpp_minimal_service/share/examples_rclcpp_minimal_service/package.bash'
[12.237s] INFO:colcon.colcon_core.shell:Creating package script '/home/bryan/Workspace/ros2_ws/install/examples_rclcpp_minimal_service/share/examples_rclcpp_minimal_service/package.zsh'
[12.238s] Level 1:colcon.colcon_core.environment:create_file_with_runtime_dependencies(/home/bryan/Workspace/ros2_ws/install/examples_rclcpp_minimal_service/share/colcon-core/packages/examples_rclcpp_minimal_service)
[12.240s] Level 1:colcon.colcon_core.environment:create_environment_scripts_only(examples_rclcpp_minimal_service)
[12.240s] Level 1:colcon.colcon_core.environment:checking '/home/bryan/Workspace/ros2_ws/install/examples_rclcpp_minimal_service' for CMake module files
[12.241s] Level 1:colcon.colcon_core.environment:checking '/home/bryan/Workspace/ros2_ws/install/examples_rclcpp_minimal_service' for CMake config files
[12.243s] Level 1:colcon.colcon_core.shell:create_environment_hook('examples_rclcpp_minimal_service', 'cmake_prefix_path')
[12.243s] INFO:colcon.colcon_core.shell:Creating environment hook '/home/bryan/Workspace/ros2_ws/install/examples_rclcpp_minimal_service/share/examples_rclcpp_minimal_service/hook/cmake_prefix_path.ps1'
[12.244s] INFO:colcon.colcon_core.shell:Creating environment descriptor '/home/bryan/Workspace/ros2_ws/install/examples_rclcpp_minimal_service/share/examples_rclcpp_minimal_service/hook/cmake_prefix_path.dsv'
[12.247s] INFO:colcon.colcon_core.shell:Creating environment hook '/home/bryan/Workspace/ros2_ws/install/examples_rclcpp_minimal_service/share/examples_rclcpp_minimal_service/hook/cmake_prefix_path.sh'
[12.249s] Level 1:colcon.colcon_core.environment:checking '/home/bryan/Workspace/ros2_ws/install/examples_rclcpp_minimal_service/lib'
[12.249s] Level 1:colcon.colcon_core.environment:checking '/home/bryan/Workspace/ros2_ws/install/examples_rclcpp_minimal_service/bin'
[12.249s] Level 1:colcon.colcon_core.environment:checking '/home/bryan/Workspace/ros2_ws/install/examples_rclcpp_minimal_service/lib/pkgconfig/examples_rclcpp_minimal_service.pc'
[12.250s] Level 1:colcon.colcon_core.environment:checking '/home/bryan/Workspace/ros2_ws/install/examples_rclcpp_minimal_service/lib/python3.10/site-packages'
[12.250s] Level 1:colcon.colcon_core.environment:checking '/home/bryan/Workspace/ros2_ws/install/examples_rclcpp_minimal_service/bin'
[12.251s] INFO:colcon.colcon_core.shell:Creating package script '/home/bryan/Workspace/ros2_ws/install/examples_rclcpp_minimal_service/share/examples_rclcpp_minimal_service/package.ps1'
[12.257s] INFO:colcon.colcon_core.shell:Creating package descriptor '/home/bryan/Workspace/ros2_ws/install/examples_rclcpp_minimal_service/share/examples_rclcpp_minimal_service/package.dsv'
[12.259s] INFO:colcon.colcon_core.shell:Creating package script '/home/bryan/Workspace/ros2_ws/install/examples_rclcpp_minimal_service/share/examples_rclcpp_minimal_service/package.sh'
[12.262s] INFO:colcon.colcon_core.shell:Creating package script '/home/bryan/Workspace/ros2_ws/install/examples_rclcpp_minimal_service/share/examples_rclcpp_minimal_service/package.bash'
[12.264s] INFO:colcon.colcon_core.shell:Creating package script '/home/bryan/Workspace/ros2_ws/install/examples_rclcpp_minimal_service/share/examples_rclcpp_minimal_service/package.zsh'
[12.265s] Level 1:colcon.colcon_core.environment:create_file_with_runtime_dependencies(/home/bryan/Workspace/ros2_ws/install/examples_rclcpp_minimal_service/share/colcon-core/packages/examples_rclcpp_minimal_service)
[12.267s] INFO:colcon.colcon_ros.task.ament_cmake.build:Building ROS package in '/home/bryan/Workspace/ros2_ws/src/examples/rclcpp/timers/minimal_timer' with build type 'ament_cmake'
[12.267s] INFO:colcon.colcon_cmake.task.cmake.build:Building CMake package in '/home/bryan/Workspace/ros2_ws/src/examples/rclcpp/timers/minimal_timer'
[12.267s] INFO:colcon.colcon_core.shell:Skip shell extension 'powershell' for command environment: Not usable outside of PowerShell
[12.267s] DEBUG:colcon.colcon_core.shell:Skip shell extension 'dsv' for command environment
[12.405s] DEBUG:colcon.colcon_core.event_handler.log_command:Invoking command in '/home/bryan/Workspace/ros2_ws/build/examples_rclcpp_minimal_timer': CMAKE_PREFIX_PATH=${CMAKE_PREFIX_PATH}:/home/bryan/Workspace/ros2_ws/install/sprint2:/home/bryan/Workspace/ros2_ws/install/launch_testing_examples:/home/bryan/Workspace/ros2_ws/install/image_converter:/home/bryan/Workspace/ros2_ws/install/first_package:/home/bryan/Workspace/ros2_ws/install/examples_rclpy_pointcloud_publisher:/home/bryan/Workspace/ros2_ws/install/examples_rclpy_minimal_subscriber:/home/bryan/Workspace/ros2_ws/install/examples_rclpy_minimal_service:/home/bryan/Workspace/ros2_ws/install/examples_rclpy_minimal_publisher:/home/bryan/Workspace/ros2_ws/install/examples_rclpy_minimal_client:/home/bryan/Workspace/ros2_ws/install/examples_rclpy_minimal_action_server:/home/bryan/Workspace/ros2_ws/install/examples_rclpy_minimal_action_client:/home/bryan/Workspace/ros2_ws/install/examples_rclpy_guard_conditions:/home/bryan/Workspace/ros2_ws/install/examples_rclpy_executors:/home/bryan/Workspace/ros2_ws/install/camera_calibration:/opt/ros/humble /usr/bin/cmake --build /home/bryan/Workspace/ros2_ws/build/examples_rclcpp_minimal_timer -- -j3 -l3
[12.873s] DEBUG:colcon.colcon_core.event_handler.log_command:Invoked command in '/home/bryan/Workspace/ros2_ws/build/examples_rclcpp_minimal_timer' returned '0': CMAKE_PREFIX_PATH=${CMAKE_PREFIX_PATH}:/home/bryan/Workspace/ros2_ws/install/sprint2:/home/bryan/Workspace/ros2_ws/install/launch_testing_examples:/home/bryan/Workspace/ros2_ws/install/image_converter:/home/bryan/Workspace/ros2_ws/install/first_package:/home/bryan/Workspace/ros2_ws/install/examples_rclpy_pointcloud_publisher:/home/bryan/Workspace/ros2_ws/install/examples_rclpy_minimal_subscriber:/home/bryan/Workspace/ros2_ws/install/examples_rclpy_minimal_service:/home/bryan/Workspace/ros2_ws/install/examples_rclpy_minimal_publisher:/home/bryan/Workspace/ros2_ws/install/examples_rclpy_minimal_client:/home/bryan/Workspace/ros2_ws/install/examples_rclpy_minimal_action_server:/home/bryan/Workspace/ros2_ws/install/examples_rclpy_minimal_action_client:/home/bryan/Workspace/ros2_ws/install/examples_rclpy_guard_conditions:/home/bryan/Workspace/ros2_ws/install/examples_rclpy_executors:/home/bryan/Workspace/ros2_ws/install/camera_calibration:/opt/ros/humble /usr/bin/cmake --build /home/bryan/Workspace/ros2_ws/build/examples_rclcpp_minimal_timer -- -j3 -l3
[12.887s] DEBUG:colcon.colcon_core.event_handler.log_command:Invoking command in '/home/bryan/Workspace/ros2_ws/build/examples_rclcpp_minimal_timer': CMAKE_PREFIX_PATH=${CMAKE_PREFIX_PATH}:/home/bryan/Workspace/ros2_ws/install/sprint2:/home/bryan/Workspace/ros2_ws/install/launch_testing_examples:/home/bryan/Workspace/ros2_ws/install/image_converter:/home/bryan/Workspace/ros2_ws/install/first_package:/home/bryan/Workspace/ros2_ws/install/examples_rclpy_pointcloud_publisher:/home/bryan/Workspace/ros2_ws/install/examples_rclpy_minimal_subscriber:/home/bryan/Workspace/ros2_ws/install/examples_rclpy_minimal_service:/home/bryan/Workspace/ros2_ws/install/examples_rclpy_minimal_publisher:/home/bryan/Workspace/ros2_ws/install/examples_rclpy_minimal_client:/home/bryan/Workspace/ros2_ws/install/examples_rclpy_minimal_action_server:/home/bryan/Workspace/ros2_ws/install/examples_rclpy_minimal_action_client:/home/bryan/Workspace/ros2_ws/install/examples_rclpy_guard_conditions:/home/bryan/Workspace/ros2_ws/install/examples_rclpy_executors:/home/bryan/Workspace/ros2_ws/install/camera_calibration:/opt/ros/humble /usr/bin/cmake --install /home/bryan/Workspace/ros2_ws/build/examples_rclcpp_minimal_timer
[13.182s] DEBUG:colcon.colcon_core.event_handler.log_command:Invoked command in '/home/bryan/Workspace/ros2_ws/build/examples_rclcpp_minimal_publisher' returned '0': CMAKE_PREFIX_PATH=${CMAKE_PREFIX_PATH}:/home/bryan/Workspace/ros2_ws/install/sprint2:/home/bryan/Workspace/ros2_ws/install/launch_testing_examples:/home/bryan/Workspace/ros2_ws/install/image_converter:/home/bryan/Workspace/ros2_ws/install/first_package:/home/bryan/Workspace/ros2_ws/install/examples_rclpy_pointcloud_publisher:/home/bryan/Workspace/ros2_ws/install/examples_rclpy_minimal_subscriber:/home/bryan/Workspace/ros2_ws/install/examples_rclpy_minimal_service:/home/bryan/Workspace/ros2_ws/install/examples_rclpy_minimal_publisher:/home/bryan/Workspace/ros2_ws/install/examples_rclpy_minimal_client:/home/bryan/Workspace/ros2_ws/install/examples_rclpy_minimal_action_server:/home/bryan/Workspace/ros2_ws/install/examples_rclpy_minimal_action_client:/home/bryan/Workspace/ros2_ws/install/examples_rclpy_guard_conditions:/home/bryan/Workspace/ros2_ws/install/examples_rclpy_executors:/home/bryan/Workspace/ros2_ws/install/camera_calibration:/opt/ros/humble /usr/bin/cmake --build /home/bryan/Workspace/ros2_ws/build/examples_rclcpp_minimal_publisher -- -j3 -l3
[13.187s] DEBUG:colcon.colcon_core.event_handler.log_command:Invoking command in '/home/bryan/Workspace/ros2_ws/build/examples_rclcpp_minimal_publisher': CMAKE_PREFIX_PATH=${CMAKE_PREFIX_PATH}:/home/bryan/Workspace/ros2_ws/install/sprint2:/home/bryan/Workspace/ros2_ws/install/launch_testing_examples:/home/bryan/Workspace/ros2_ws/install/image_converter:/home/bryan/Workspace/ros2_ws/install/first_package:/home/bryan/Workspace/ros2_ws/install/examples_rclpy_pointcloud_publisher:/home/bryan/Workspace/ros2_ws/install/examples_rclpy_minimal_subscriber:/home/bryan/Workspace/ros2_ws/install/examples_rclpy_minimal_service:/home/bryan/Workspace/ros2_ws/install/examples_rclpy_minimal_publisher:/home/bryan/Workspace/ros2_ws/install/examples_rclpy_minimal_client:/home/bryan/Workspace/ros2_ws/install/examples_rclpy_minimal_action_server:/home/bryan/Workspace/ros2_ws/install/examples_rclpy_minimal_action_client:/home/bryan/Workspace/ros2_ws/install/examples_rclpy_guard_conditions:/home/bryan/Workspace/ros2_ws/install/examples_rclpy_executors:/home/bryan/Workspace/ros2_ws/install/camera_calibration:/opt/ros/humble /usr/bin/cmake --install /home/bryan/Workspace/ros2_ws/build/examples_rclcpp_minimal_publisher
[13.227s] Level 1:colcon.colcon_core.environment:create_environment_scripts_only(examples_rclcpp_minimal_timer)
[13.242s] Level 1:colcon.colcon_core.environment:checking '/home/bryan/Workspace/ros2_ws/install/examples_rclcpp_minimal_timer' for CMake module files
[13.229s] DEBUG:colcon.colcon_core.event_handler.log_command:Invoked command in '/home/bryan/Workspace/ros2_ws/build/examples_rclcpp_minimal_timer' returned '0': CMAKE_PREFIX_PATH=${CMAKE_PREFIX_PATH}:/home/bryan/Workspace/ros2_ws/install/sprint2:/home/bryan/Workspace/ros2_ws/install/launch_testing_examples:/home/bryan/Workspace/ros2_ws/install/image_converter:/home/bryan/Workspace/ros2_ws/install/first_package:/home/bryan/Workspace/ros2_ws/install/examples_rclpy_pointcloud_publisher:/home/bryan/Workspace/ros2_ws/install/examples_rclpy_minimal_subscriber:/home/bryan/Workspace/ros2_ws/install/examples_rclpy_minimal_service:/home/bryan/Workspace/ros2_ws/install/examples_rclpy_minimal_publisher:/home/bryan/Workspace/ros2_ws/install/examples_rclpy_minimal_client:/home/bryan/Workspace/ros2_ws/install/examples_rclpy_minimal_action_server:/home/bryan/Workspace/ros2_ws/install/examples_rclpy_minimal_action_client:/home/bryan/Workspace/ros2_ws/install/examples_rclpy_guard_conditions:/home/bryan/Workspace/ros2_ws/install/examples_rclpy_executors:/home/bryan/Workspace/ros2_ws/install/camera_calibration:/opt/ros/humble /usr/bin/cmake --install /home/bryan/Workspace/ros2_ws/build/examples_rclcpp_minimal_timer
[13.260s] Level 1:colcon.colcon_core.environment:checking '/home/bryan/Workspace/ros2_ws/install/examples_rclcpp_minimal_timer' for CMake config files
[13.262s] Level 1:colcon.colcon_core.shell:create_environment_hook('examples_rclcpp_minimal_timer', 'cmake_prefix_path')
[13.262s] INFO:colcon.colcon_core.shell:Creating environment hook '/home/bryan/Workspace/ros2_ws/install/examples_rclcpp_minimal_timer/share/examples_rclcpp_minimal_timer/hook/cmake_prefix_path.ps1'
[13.266s] INFO:colcon.colcon_core.shell:Creating environment descriptor '/home/bryan/Workspace/ros2_ws/install/examples_rclcpp_minimal_timer/share/examples_rclcpp_minimal_timer/hook/cmake_prefix_path.dsv'
[13.268s] INFO:colcon.colcon_core.shell:Creating environment hook '/home/bryan/Workspace/ros2_ws/install/examples_rclcpp_minimal_timer/share/examples_rclcpp_minimal_timer/hook/cmake_prefix_path.sh'
[13.272s] Level 1:colcon.colcon_core.environment:checking '/home/bryan/Workspace/ros2_ws/install/examples_rclcpp_minimal_timer/lib'
[13.274s] Level 1:colcon.colcon_core.environment:checking '/home/bryan/Workspace/ros2_ws/install/examples_rclcpp_minimal_timer/bin'
[13.275s] Level 1:colcon.colcon_core.environment:checking '/home/bryan/Workspace/ros2_ws/install/examples_rclcpp_minimal_timer/lib/pkgconfig/examples_rclcpp_minimal_timer.pc'
[13.275s] Level 1:colcon.colcon_core.environment:checking '/home/bryan/Workspace/ros2_ws/install/examples_rclcpp_minimal_timer/lib/python3.10/site-packages'
[13.276s] Level 1:colcon.colcon_core.environment:checking '/home/bryan/Workspace/ros2_ws/install/examples_rclcpp_minimal_timer/bin'
[13.277s] INFO:colcon.colcon_core.shell:Creating package script '/home/bryan/Workspace/ros2_ws/install/examples_rclcpp_minimal_timer/share/examples_rclcpp_minimal_timer/package.ps1'
[13.278s] INFO:colcon.colcon_core.shell:Creating package descriptor '/home/bryan/Workspace/ros2_ws/install/examples_rclcpp_minimal_timer/share/examples_rclcpp_minimal_timer/package.dsv'
[13.289s] INFO:colcon.colcon_core.shell:Creating package script '/home/bryan/Workspace/ros2_ws/install/examples_rclcpp_minimal_timer/share/examples_rclcpp_minimal_timer/package.sh'
[13.291s] INFO:colcon.colcon_core.shell:Creating package script '/home/bryan/Workspace/ros2_ws/install/examples_rclcpp_minimal_timer/share/examples_rclcpp_minimal_timer/package.bash'
[13.309s] INFO:colcon.colcon_core.shell:Creating package script '/home/bryan/Workspace/ros2_ws/install/examples_rclcpp_minimal_timer/share/examples_rclcpp_minimal_timer/package.zsh'
[13.336s] Level 1:colcon.colcon_core.environment:create_file_with_runtime_dependencies(/home/bryan/Workspace/ros2_ws/install/examples_rclcpp_minimal_timer/share/colcon-core/packages/examples_rclcpp_minimal_timer)
[13.341s] Level 1:colcon.colcon_core.environment:create_environment_scripts_only(examples_rclcpp_minimal_timer)
[13.342s] Level 1:colcon.colcon_core.environment:checking '/home/bryan/Workspace/ros2_ws/install/examples_rclcpp_minimal_timer' for CMake module files
[13.342s] Level 1:colcon.colcon_core.environment:checking '/home/bryan/Workspace/ros2_ws/install/examples_rclcpp_minimal_timer' for CMake config files
[13.343s] Level 1:colcon.colcon_core.shell:create_environment_hook('examples_rclcpp_minimal_timer', 'cmake_prefix_path')
[13.343s] INFO:colcon.colcon_core.shell:Creating environment hook '/home/bryan/Workspace/ros2_ws/install/examples_rclcpp_minimal_timer/share/examples_rclcpp_minimal_timer/hook/cmake_prefix_path.ps1'
[13.349s] INFO:colcon.colcon_core.shell:Creating environment descriptor '/home/bryan/Workspace/ros2_ws/install/examples_rclcpp_minimal_timer/share/examples_rclcpp_minimal_timer/hook/cmake_prefix_path.dsv'
[13.358s] INFO:colcon.colcon_core.shell:Creating environment hook '/home/bryan/Workspace/ros2_ws/install/examples_rclcpp_minimal_timer/share/examples_rclcpp_minimal_timer/hook/cmake_prefix_path.sh'
[13.364s] Level 1:colcon.colcon_core.environment:checking '/home/bryan/Workspace/ros2_ws/install/examples_rclcpp_minimal_timer/lib'
[13.365s] Level 1:colcon.colcon_core.environment:checking '/home/bryan/Workspace/ros2_ws/install/examples_rclcpp_minimal_timer/bin'
[13.365s] Level 1:colcon.colcon_core.environment:checking '/home/bryan/Workspace/ros2_ws/install/examples_rclcpp_minimal_timer/lib/pkgconfig/examples_rclcpp_minimal_timer.pc'
[13.365s] Level 1:colcon.colcon_core.environment:checking '/home/bryan/Workspace/ros2_ws/install/examples_rclcpp_minimal_timer/lib/python3.10/site-packages'
[13.366s] Level 1:colcon.colcon_core.environment:checking '/home/bryan/Workspace/ros2_ws/install/examples_rclcpp_minimal_timer/bin'
[13.377s] INFO:colcon.colcon_core.shell:Creating package script '/home/bryan/Workspace/ros2_ws/install/examples_rclcpp_minimal_timer/share/examples_rclcpp_minimal_timer/package.ps1'
[13.452s] INFO:colcon.colcon_core.shell:Creating package descriptor '/home/bryan/Workspace/ros2_ws/install/examples_rclcpp_minimal_timer/share/examples_rclcpp_minimal_timer/package.dsv'
[13.458s] INFO:colcon.colcon_core.shell:Creating package script '/home/bryan/Workspace/ros2_ws/install/examples_rclcpp_minimal_timer/share/examples_rclcpp_minimal_timer/package.sh'
[13.465s] INFO:colcon.colcon_core.shell:Creating package script '/home/bryan/Workspace/ros2_ws/install/examples_rclcpp_minimal_timer/share/examples_rclcpp_minimal_timer/package.bash'
[13.474s] INFO:colcon.colcon_core.shell:Creating package script '/home/bryan/Workspace/ros2_ws/install/examples_rclcpp_minimal_timer/share/examples_rclcpp_minimal_timer/package.zsh'
[13.506s] Level 1:colcon.colcon_core.environment:create_file_with_runtime_dependencies(/home/bryan/Workspace/ros2_ws/install/examples_rclcpp_minimal_timer/share/colcon-core/packages/examples_rclcpp_minimal_timer)
[13.508s] INFO:colcon.colcon_ros.task.ament_cmake.build:Building ROS package in '/home/bryan/Workspace/ros2_ws/src/examples/rclcpp/executors/multithreaded_executor' with build type 'ament_cmake'
[13.508s] INFO:colcon.colcon_cmake.task.cmake.build:Building CMake package in '/home/bryan/Workspace/ros2_ws/src/examples/rclcpp/executors/multithreaded_executor'
[13.509s] INFO:colcon.colcon_core.shell:Skip shell extension 'powershell' for command environment: Not usable outside of PowerShell
[13.514s] DEBUG:colcon.colcon_core.shell:Skip shell extension 'dsv' for command environment
[13.621s] Level 1:colcon.colcon_core.environment:create_environment_scripts_only(examples_rclcpp_minimal_publisher)
[13.622s] Level 1:colcon.colcon_core.environment:checking '/home/bryan/Workspace/ros2_ws/install/examples_rclcpp_minimal_publisher' for CMake module files
[13.624s] Level 1:colcon.colcon_core.environment:checking '/home/bryan/Workspace/ros2_ws/install/examples_rclcpp_minimal_publisher' for CMake config files
[13.627s] Level 1:colcon.colcon_core.shell:create_environment_hook('examples_rclcpp_minimal_publisher', 'cmake_prefix_path')
[13.626s] DEBUG:colcon.colcon_core.event_handler.log_command:Invoked command in '/home/bryan/Workspace/ros2_ws/build/examples_rclcpp_minimal_publisher' returned '0': CMAKE_PREFIX_PATH=${CMAKE_PREFIX_PATH}:/home/bryan/Workspace/ros2_ws/install/sprint2:/home/bryan/Workspace/ros2_ws/install/launch_testing_examples:/home/bryan/Workspace/ros2_ws/install/image_converter:/home/bryan/Workspace/ros2_ws/install/first_package:/home/bryan/Workspace/ros2_ws/install/examples_rclpy_pointcloud_publisher:/home/bryan/Workspace/ros2_ws/install/examples_rclpy_minimal_subscriber:/home/bryan/Workspace/ros2_ws/install/examples_rclpy_minimal_service:/home/bryan/Workspace/ros2_ws/install/examples_rclpy_minimal_publisher:/home/bryan/Workspace/ros2_ws/install/examples_rclpy_minimal_client:/home/bryan/Workspace/ros2_ws/install/examples_rclpy_minimal_action_server:/home/bryan/Workspace/ros2_ws/install/examples_rclpy_minimal_action_client:/home/bryan/Workspace/ros2_ws/install/examples_rclpy_guard_conditions:/home/bryan/Workspace/ros2_ws/install/examples_rclpy_executors:/home/bryan/Workspace/ros2_ws/install/camera_calibration:/opt/ros/humble /usr/bin/cmake --install /home/bryan/Workspace/ros2_ws/build/examples_rclcpp_minimal_publisher
[13.628s] INFO:colcon.colcon_core.shell:Creating environment hook '/home/bryan/Workspace/ros2_ws/install/examples_rclcpp_minimal_publisher/share/examples_rclcpp_minimal_publisher/hook/cmake_prefix_path.ps1'
[13.670s] INFO:colcon.colcon_core.shell:Creating environment descriptor '/home/bryan/Workspace/ros2_ws/install/examples_rclcpp_minimal_publisher/share/examples_rclcpp_minimal_publisher/hook/cmake_prefix_path.dsv'
[13.691s] INFO:colcon.colcon_core.shell:Creating environment hook '/home/bryan/Workspace/ros2_ws/install/examples_rclcpp_minimal_publisher/share/examples_rclcpp_minimal_publisher/hook/cmake_prefix_path.sh'
[13.697s] Level 1:colcon.colcon_core.environment:checking '/home/bryan/Workspace/ros2_ws/install/examples_rclcpp_minimal_publisher/lib'
[13.697s] Level 1:colcon.colcon_core.environment:checking '/home/bryan/Workspace/ros2_ws/install/examples_rclcpp_minimal_publisher/bin'
[13.697s] Level 1:colcon.colcon_core.environment:checking '/home/bryan/Workspace/ros2_ws/install/examples_rclcpp_minimal_publisher/lib/pkgconfig/examples_rclcpp_minimal_publisher.pc'
[13.698s] Level 1:colcon.colcon_core.environment:checking '/home/bryan/Workspace/ros2_ws/install/examples_rclcpp_minimal_publisher/lib/python3.10/site-packages'
[13.703s] Level 1:colcon.colcon_core.environment:checking '/home/bryan/Workspace/ros2_ws/install/examples_rclcpp_minimal_publisher/bin'
[13.704s] INFO:colcon.colcon_core.shell:Creating package script '/home/bryan/Workspace/ros2_ws/install/examples_rclcpp_minimal_publisher/share/examples_rclcpp_minimal_publisher/package.ps1'
[13.716s] INFO:colcon.colcon_core.shell:Creating package descriptor '/home/bryan/Workspace/ros2_ws/install/examples_rclcpp_minimal_publisher/share/examples_rclcpp_minimal_publisher/package.dsv'
[13.717s] INFO:colcon.colcon_core.shell:Creating package script '/home/bryan/Workspace/ros2_ws/install/examples_rclcpp_minimal_publisher/share/examples_rclcpp_minimal_publisher/package.sh'
[13.719s] INFO:colcon.colcon_core.shell:Creating package script '/home/bryan/Workspace/ros2_ws/install/examples_rclcpp_minimal_publisher/share/examples_rclcpp_minimal_publisher/package.bash'
[13.721s] INFO:colcon.colcon_core.shell:Creating package script '/home/bryan/Workspace/ros2_ws/install/examples_rclcpp_minimal_publisher/share/examples_rclcpp_minimal_publisher/package.zsh'
[13.726s] Level 1:colcon.colcon_core.environment:create_file_with_runtime_dependencies(/home/bryan/Workspace/ros2_ws/install/examples_rclcpp_minimal_publisher/share/colcon-core/packages/examples_rclcpp_minimal_publisher)
[13.731s] Level 1:colcon.colcon_core.environment:create_environment_scripts_only(examples_rclcpp_minimal_publisher)
[13.732s] Level 1:colcon.colcon_core.environment:checking '/home/bryan/Workspace/ros2_ws/install/examples_rclcpp_minimal_publisher' for CMake module files
[13.733s] Level 1:colcon.colcon_core.environment:checking '/home/bryan/Workspace/ros2_ws/install/examples_rclcpp_minimal_publisher' for CMake config files
[13.734s] Level 1:colcon.colcon_core.shell:create_environment_hook('examples_rclcpp_minimal_publisher', 'cmake_prefix_path')
[13.734s] INFO:colcon.colcon_core.shell:Creating environment hook '/home/bryan/Workspace/ros2_ws/install/examples_rclcpp_minimal_publisher/share/examples_rclcpp_minimal_publisher/hook/cmake_prefix_path.ps1'
[13.740s] INFO:colcon.colcon_core.shell:Creating environment descriptor '/home/bryan/Workspace/ros2_ws/install/examples_rclcpp_minimal_publisher/share/examples_rclcpp_minimal_publisher/hook/cmake_prefix_path.dsv'
[13.803s] INFO:colcon.colcon_core.shell:Creating environment hook '/home/bryan/Workspace/ros2_ws/install/examples_rclcpp_minimal_publisher/share/examples_rclcpp_minimal_publisher/hook/cmake_prefix_path.sh'
[13.805s] Level 1:colcon.colcon_core.environment:checking '/home/bryan/Workspace/ros2_ws/install/examples_rclcpp_minimal_publisher/lib'
[13.806s] Level 1:colcon.colcon_core.environment:checking '/home/bryan/Workspace/ros2_ws/install/examples_rclcpp_minimal_publisher/bin'
[13.806s] Level 1:colcon.colcon_core.environment:checking '/home/bryan/Workspace/ros2_ws/install/examples_rclcpp_minimal_publisher/lib/pkgconfig/examples_rclcpp_minimal_publisher.pc'
[13.806s] Level 1:colcon.colcon_core.environment:checking '/home/bryan/Workspace/ros2_ws/install/examples_rclcpp_minimal_publisher/lib/python3.10/site-packages'
[13.807s] Level 1:colcon.colcon_core.environment:checking '/home/bryan/Workspace/ros2_ws/install/examples_rclcpp_minimal_publisher/bin'
[13.807s] INFO:colcon.colcon_core.shell:Creating package script '/home/bryan/Workspace/ros2_ws/install/examples_rclcpp_minimal_publisher/share/examples_rclcpp_minimal_publisher/package.ps1'
[13.809s] INFO:colcon.colcon_core.shell:Creating package descriptor '/home/bryan/Workspace/ros2_ws/install/examples_rclcpp_minimal_publisher/share/examples_rclcpp_minimal_publisher/package.dsv'
[13.813s] INFO:colcon.colcon_core.shell:Creating package script '/home/bryan/Workspace/ros2_ws/install/examples_rclcpp_minimal_publisher/share/examples_rclcpp_minimal_publisher/package.sh'
[13.816s] INFO:colcon.colcon_core.shell:Creating package script '/home/bryan/Workspace/ros2_ws/install/examples_rclcpp_minimal_publisher/share/examples_rclcpp_minimal_publisher/package.bash'
[13.819s] INFO:colcon.colcon_core.shell:Creating package script '/home/bryan/Workspace/ros2_ws/install/examples_rclcpp_minimal_publisher/share/examples_rclcpp_minimal_publisher/package.zsh'
[13.822s] Level 1:colcon.colcon_core.environment:create_file_with_runtime_dependencies(/home/bryan/Workspace/ros2_ws/install/examples_rclcpp_minimal_publisher/share/colcon-core/packages/examples_rclcpp_minimal_publisher)
[13.834s] INFO:colcon.colcon_ros.task.ament_cmake.build:Building ROS package in '/home/bryan/Workspace/ros2_ws/src/examples/rclcpp/wait_set' with build type 'ament_cmake'
[13.840s] INFO:colcon.colcon_cmake.task.cmake.build:Building CMake package in '/home/bryan/Workspace/ros2_ws/src/examples/rclcpp/wait_set'
[13.841s] INFO:colcon.colcon_core.shell:Skip shell extension 'powershell' for command environment: Not usable outside of PowerShell
[13.841s] DEBUG:colcon.colcon_core.shell:Skip shell extension 'dsv' for command environment
[14.073s] DEBUG:colcon.colcon_core.event_handler.log_command:Invoking command in '/home/bryan/Workspace/ros2_ws/build/examples_rclcpp_multithreaded_executor': CMAKE_PREFIX_PATH=${CMAKE_PREFIX_PATH}:/home/bryan/Workspace/ros2_ws/install/sprint2:/home/bryan/Workspace/ros2_ws/install/launch_testing_examples:/home/bryan/Workspace/ros2_ws/install/image_converter:/home/bryan/Workspace/ros2_ws/install/first_package:/home/bryan/Workspace/ros2_ws/install/examples_rclpy_pointcloud_publisher:/home/bryan/Workspace/ros2_ws/install/examples_rclpy_minimal_subscriber:/home/bryan/Workspace/ros2_ws/install/examples_rclpy_minimal_service:/home/bryan/Workspace/ros2_ws/install/examples_rclpy_minimal_publisher:/home/bryan/Workspace/ros2_ws/install/examples_rclpy_minimal_client:/home/bryan/Workspace/ros2_ws/install/examples_rclpy_minimal_action_server:/home/bryan/Workspace/ros2_ws/install/examples_rclpy_minimal_action_client:/home/bryan/Workspace/ros2_ws/install/examples_rclpy_guard_conditions:/home/bryan/Workspace/ros2_ws/install/examples_rclpy_executors:/home/bryan/Workspace/ros2_ws/install/camera_calibration:/opt/ros/humble /usr/bin/cmake --build /home/bryan/Workspace/ros2_ws/build/examples_rclcpp_multithreaded_executor -- -j3 -l3
[14.228s] DEBUG:colcon.colcon_core.event_handler.log_command:Invoking command in '/home/bryan/Workspace/ros2_ws/build/examples_rclcpp_wait_set': CMAKE_PREFIX_PATH=${CMAKE_PREFIX_PATH}:/home/bryan/Workspace/ros2_ws/install/sprint2:/home/bryan/Workspace/ros2_ws/install/launch_testing_examples:/home/bryan/Workspace/ros2_ws/install/image_converter:/home/bryan/Workspace/ros2_ws/install/first_package:/home/bryan/Workspace/ros2_ws/install/examples_rclpy_pointcloud_publisher:/home/bryan/Workspace/ros2_ws/install/examples_rclpy_minimal_subscriber:/home/bryan/Workspace/ros2_ws/install/examples_rclpy_minimal_service:/home/bryan/Workspace/ros2_ws/install/examples_rclpy_minimal_publisher:/home/bryan/Workspace/ros2_ws/install/examples_rclpy_minimal_client:/home/bryan/Workspace/ros2_ws/install/examples_rclpy_minimal_action_server:/home/bryan/Workspace/ros2_ws/install/examples_rclpy_minimal_action_client:/home/bryan/Workspace/ros2_ws/install/examples_rclpy_guard_conditions:/home/bryan/Workspace/ros2_ws/install/examples_rclpy_executors:/home/bryan/Workspace/ros2_ws/install/camera_calibration:/opt/ros/humble /usr/bin/cmake --build /home/bryan/Workspace/ros2_ws/build/examples_rclcpp_wait_set -- -j3 -l3
[14.684s] DEBUG:colcon.colcon_core.event_handler.log_command:Invoked command in '/home/bryan/Workspace/ros2_ws/build/examples_rclcpp_multithreaded_executor' returned '0': CMAKE_PREFIX_PATH=${CMAKE_PREFIX_PATH}:/home/bryan/Workspace/ros2_ws/install/sprint2:/home/bryan/Workspace/ros2_ws/install/launch_testing_examples:/home/bryan/Workspace/ros2_ws/install/image_converter:/home/bryan/Workspace/ros2_ws/install/first_package:/home/bryan/Workspace/ros2_ws/install/examples_rclpy_pointcloud_publisher:/home/bryan/Workspace/ros2_ws/install/examples_rclpy_minimal_subscriber:/home/bryan/Workspace/ros2_ws/install/examples_rclpy_minimal_service:/home/bryan/Workspace/ros2_ws/install/examples_rclpy_minimal_publisher:/home/bryan/Workspace/ros2_ws/install/examples_rclpy_minimal_client:/home/bryan/Workspace/ros2_ws/install/examples_rclpy_minimal_action_server:/home/bryan/Workspace/ros2_ws/install/examples_rclpy_minimal_action_client:/home/bryan/Workspace/ros2_ws/install/examples_rclpy_guard_conditions:/home/bryan/Workspace/ros2_ws/install/examples_rclpy_executors:/home/bryan/Workspace/ros2_ws/install/camera_calibration:/opt/ros/humble /usr/bin/cmake --build /home/bryan/Workspace/ros2_ws/build/examples_rclcpp_multithreaded_executor -- -j3 -l3
[14.685s] DEBUG:colcon.colcon_core.event_handler.log_command:Invoking command in '/home/bryan/Workspace/ros2_ws/build/examples_rclcpp_multithreaded_executor': CMAKE_PREFIX_PATH=${CMAKE_PREFIX_PATH}:/home/bryan/Workspace/ros2_ws/install/sprint2:/home/bryan/Workspace/ros2_ws/install/launch_testing_examples:/home/bryan/Workspace/ros2_ws/install/image_converter:/home/bryan/Workspace/ros2_ws/install/first_package:/home/bryan/Workspace/ros2_ws/install/examples_rclpy_pointcloud_publisher:/home/bryan/Workspace/ros2_ws/install/examples_rclpy_minimal_subscriber:/home/bryan/Workspace/ros2_ws/install/examples_rclpy_minimal_service:/home/bryan/Workspace/ros2_ws/install/examples_rclpy_minimal_publisher:/home/bryan/Workspace/ros2_ws/install/examples_rclpy_minimal_client:/home/bryan/Workspace/ros2_ws/install/examples_rclpy_minimal_action_server:/home/bryan/Workspace/ros2_ws/install/examples_rclpy_minimal_action_client:/home/bryan/Workspace/ros2_ws/install/examples_rclpy_guard_conditions:/home/bryan/Workspace/ros2_ws/install/examples_rclpy_executors:/home/bryan/Workspace/ros2_ws/install/camera_calibration:/opt/ros/humble /usr/bin/cmake --install /home/bryan/Workspace/ros2_ws/build/examples_rclcpp_multithreaded_executor
[14.800s] Level 1:colcon.colcon_core.environment:create_environment_scripts_only(examples_rclcpp_multithreaded_executor)
[14.801s] DEBUG:colcon.colcon_core.event_handler.log_command:Invoked command in '/home/bryan/Workspace/ros2_ws/build/examples_rclcpp_multithreaded_executor' returned '0': CMAKE_PREFIX_PATH=${CMAKE_PREFIX_PATH}:/home/bryan/Workspace/ros2_ws/install/sprint2:/home/bryan/Workspace/ros2_ws/install/launch_testing_examples:/home/bryan/Workspace/ros2_ws/install/image_converter:/home/bryan/Workspace/ros2_ws/install/first_package:/home/bryan/Workspace/ros2_ws/install/examples_rclpy_pointcloud_publisher:/home/bryan/Workspace/ros2_ws/install/examples_rclpy_minimal_subscriber:/home/bryan/Workspace/ros2_ws/install/examples_rclpy_minimal_service:/home/bryan/Workspace/ros2_ws/install/examples_rclpy_minimal_publisher:/home/bryan/Workspace/ros2_ws/install/examples_rclpy_minimal_client:/home/bryan/Workspace/ros2_ws/install/examples_rclpy_minimal_action_server:/home/bryan/Workspace/ros2_ws/install/examples_rclpy_minimal_action_client:/home/bryan/Workspace/ros2_ws/install/examples_rclpy_guard_conditions:/home/bryan/Workspace/ros2_ws/install/examples_rclpy_executors:/home/bryan/Workspace/ros2_ws/install/camera_calibration:/opt/ros/humble /usr/bin/cmake --install /home/bryan/Workspace/ros2_ws/build/examples_rclcpp_multithreaded_executor
[14.802s] Level 1:colcon.colcon_core.environment:checking '/home/bryan/Workspace/ros2_ws/install/examples_rclcpp_multithreaded_executor' for CMake module files
[14.802s] Level 1:colcon.colcon_core.environment:checking '/home/bryan/Workspace/ros2_ws/install/examples_rclcpp_multithreaded_executor' for CMake config files
[14.806s] Level 1:colcon.colcon_core.shell:create_environment_hook('examples_rclcpp_multithreaded_executor', 'cmake_prefix_path')
[14.807s] INFO:colcon.colcon_core.shell:Creating environment hook '/home/bryan/Workspace/ros2_ws/install/examples_rclcpp_multithreaded_executor/share/examples_rclcpp_multithreaded_executor/hook/cmake_prefix_path.ps1'
[14.808s] INFO:colcon.colcon_core.shell:Creating environment descriptor '/home/bryan/Workspace/ros2_ws/install/examples_rclcpp_multithreaded_executor/share/examples_rclcpp_multithreaded_executor/hook/cmake_prefix_path.dsv'
[14.810s] INFO:colcon.colcon_core.shell:Creating environment hook '/home/bryan/Workspace/ros2_ws/install/examples_rclcpp_multithreaded_executor/share/examples_rclcpp_multithreaded_executor/hook/cmake_prefix_path.sh'
[14.811s] Level 1:colcon.colcon_core.environment:checking '/home/bryan/Workspace/ros2_ws/install/examples_rclcpp_multithreaded_executor/lib'
[14.811s] Level 1:colcon.colcon_core.environment:checking '/home/bryan/Workspace/ros2_ws/install/examples_rclcpp_multithreaded_executor/bin'
[14.811s] Level 1:colcon.colcon_core.environment:checking '/home/bryan/Workspace/ros2_ws/install/examples_rclcpp_multithreaded_executor/lib/pkgconfig/examples_rclcpp_multithreaded_executor.pc'
[14.812s] Level 1:colcon.colcon_core.environment:checking '/home/bryan/Workspace/ros2_ws/install/examples_rclcpp_multithreaded_executor/lib/python3.10/site-packages'
[14.813s] Level 1:colcon.colcon_core.environment:checking '/home/bryan/Workspace/ros2_ws/install/examples_rclcpp_multithreaded_executor/bin'
[14.814s] INFO:colcon.colcon_core.shell:Creating package script '/home/bryan/Workspace/ros2_ws/install/examples_rclcpp_multithreaded_executor/share/examples_rclcpp_multithreaded_executor/package.ps1'
[14.815s] INFO:colcon.colcon_core.shell:Creating package descriptor '/home/bryan/Workspace/ros2_ws/install/examples_rclcpp_multithreaded_executor/share/examples_rclcpp_multithreaded_executor/package.dsv'
[14.816s] INFO:colcon.colcon_core.shell:Creating package script '/home/bryan/Workspace/ros2_ws/install/examples_rclcpp_multithreaded_executor/share/examples_rclcpp_multithreaded_executor/package.sh'
[14.818s] INFO:colcon.colcon_core.shell:Creating package script '/home/bryan/Workspace/ros2_ws/install/examples_rclcpp_multithreaded_executor/share/examples_rclcpp_multithreaded_executor/package.bash'
[14.819s] INFO:colcon.colcon_core.shell:Creating package script '/home/bryan/Workspace/ros2_ws/install/examples_rclcpp_multithreaded_executor/share/examples_rclcpp_multithreaded_executor/package.zsh'
[14.820s] Level 1:colcon.colcon_core.environment:create_file_with_runtime_dependencies(/home/bryan/Workspace/ros2_ws/install/examples_rclcpp_multithreaded_executor/share/colcon-core/packages/examples_rclcpp_multithreaded_executor)
[14.822s] Level 1:colcon.colcon_core.environment:create_environment_scripts_only(examples_rclcpp_multithreaded_executor)
[14.822s] Level 1:colcon.colcon_core.environment:checking '/home/bryan/Workspace/ros2_ws/install/examples_rclcpp_multithreaded_executor' for CMake module files
[14.823s] Level 1:colcon.colcon_core.environment:checking '/home/bryan/Workspace/ros2_ws/install/examples_rclcpp_multithreaded_executor' for CMake config files
[14.823s] Level 1:colcon.colcon_core.shell:create_environment_hook('examples_rclcpp_multithreaded_executor', 'cmake_prefix_path')
[14.824s] INFO:colcon.colcon_core.shell:Creating environment hook '/home/bryan/Workspace/ros2_ws/install/examples_rclcpp_multithreaded_executor/share/examples_rclcpp_multithreaded_executor/hook/cmake_prefix_path.ps1'
[14.825s] INFO:colcon.colcon_core.shell:Creating environment descriptor '/home/bryan/Workspace/ros2_ws/install/examples_rclcpp_multithreaded_executor/share/examples_rclcpp_multithreaded_executor/hook/cmake_prefix_path.dsv'
[14.826s] INFO:colcon.colcon_core.shell:Creating environment hook '/home/bryan/Workspace/ros2_ws/install/examples_rclcpp_multithreaded_executor/share/examples_rclcpp_multithreaded_executor/hook/cmake_prefix_path.sh'
[14.837s] Level 1:colcon.colcon_core.environment:checking '/home/bryan/Workspace/ros2_ws/install/examples_rclcpp_multithreaded_executor/lib'
[14.837s] Level 1:colcon.colcon_core.environment:checking '/home/bryan/Workspace/ros2_ws/install/examples_rclcpp_multithreaded_executor/bin'
[14.837s] Level 1:colcon.colcon_core.environment:checking '/home/bryan/Workspace/ros2_ws/install/examples_rclcpp_multithreaded_executor/lib/pkgconfig/examples_rclcpp_multithreaded_executor.pc'
[14.837s] Level 1:colcon.colcon_core.environment:checking '/home/bryan/Workspace/ros2_ws/install/examples_rclcpp_multithreaded_executor/lib/python3.10/site-packages'
[14.838s] Level 1:colcon.colcon_core.environment:checking '/home/bryan/Workspace/ros2_ws/install/examples_rclcpp_multithreaded_executor/bin'
[14.838s] INFO:colcon.colcon_core.shell:Creating package script '/home/bryan/Workspace/ros2_ws/install/examples_rclcpp_multithreaded_executor/share/examples_rclcpp_multithreaded_executor/package.ps1'
[14.839s] INFO:colcon.colcon_core.shell:Creating package descriptor '/home/bryan/Workspace/ros2_ws/install/examples_rclcpp_multithreaded_executor/share/examples_rclcpp_multithreaded_executor/package.dsv'
[14.841s] INFO:colcon.colcon_core.shell:Creating package script '/home/bryan/Workspace/ros2_ws/install/examples_rclcpp_multithreaded_executor/share/examples_rclcpp_multithreaded_executor/package.sh'
[14.843s] INFO:colcon.colcon_core.shell:Creating package script '/home/bryan/Workspace/ros2_ws/install/examples_rclcpp_multithreaded_executor/share/examples_rclcpp_multithreaded_executor/package.bash'
[14.846s] INFO:colcon.colcon_core.shell:Creating package script '/home/bryan/Workspace/ros2_ws/install/examples_rclcpp_multithreaded_executor/share/examples_rclcpp_multithreaded_executor/package.zsh'
[14.848s] Level 1:colcon.colcon_core.environment:create_file_with_runtime_dependencies(/home/bryan/Workspace/ros2_ws/install/examples_rclcpp_multithreaded_executor/share/colcon-core/packages/examples_rclcpp_multithreaded_executor)
[14.893s] INFO:colcon.colcon_ros.task.ament_python.build:Building ROS package in '/home/bryan/Workspace/ros2_ws/src/examples/rclpy/executors' with build type 'ament_python'
[14.894s] Level 1:colcon.colcon_core.shell:create_environment_hook('examples_rclpy_executors', 'ament_prefix_path')
[14.895s] INFO:colcon.colcon_core.shell:Creating environment hook '/home/bryan/Workspace/ros2_ws/install/examples_rclpy_executors/share/examples_rclpy_executors/hook/ament_prefix_path.ps1'
[14.901s] INFO:colcon.colcon_core.shell:Creating environment descriptor '/home/bryan/Workspace/ros2_ws/install/examples_rclpy_executors/share/examples_rclpy_executors/hook/ament_prefix_path.dsv'
[14.904s] INFO:colcon.colcon_core.shell:Creating environment hook '/home/bryan/Workspace/ros2_ws/install/examples_rclpy_executors/share/examples_rclpy_executors/hook/ament_prefix_path.sh'
[14.906s] INFO:colcon.colcon_core.shell:Skip shell extension 'powershell' for command environment: Not usable outside of PowerShell
[14.907s] DEBUG:colcon.colcon_core.shell:Skip shell extension 'dsv' for command environment
[14.922s] DEBUG:colcon.colcon_core.event_handler.log_command:Invoked command in '/home/bryan/Workspace/ros2_ws/build/examples_rclcpp_minimal_subscriber' returned '0': CMAKE_PREFIX_PATH=${CMAKE_PREFIX_PATH}:/home/bryan/Workspace/ros2_ws/install/sprint2:/home/bryan/Workspace/ros2_ws/install/launch_testing_examples:/home/bryan/Workspace/ros2_ws/install/image_converter:/home/bryan/Workspace/ros2_ws/install/first_package:/home/bryan/Workspace/ros2_ws/install/examples_rclpy_pointcloud_publisher:/home/bryan/Workspace/ros2_ws/install/examples_rclpy_minimal_subscriber:/home/bryan/Workspace/ros2_ws/install/examples_rclpy_minimal_service:/home/bryan/Workspace/ros2_ws/install/examples_rclpy_minimal_publisher:/home/bryan/Workspace/ros2_ws/install/examples_rclpy_minimal_client:/home/bryan/Workspace/ros2_ws/install/examples_rclpy_minimal_action_server:/home/bryan/Workspace/ros2_ws/install/examples_rclpy_minimal_action_client:/home/bryan/Workspace/ros2_ws/install/examples_rclpy_guard_conditions:/home/bryan/Workspace/ros2_ws/install/examples_rclpy_executors:/home/bryan/Workspace/ros2_ws/install/camera_calibration:/opt/ros/humble /usr/bin/cmake --build /home/bryan/Workspace/ros2_ws/build/examples_rclcpp_minimal_subscriber -- -j3 -l3
[14.923s] DEBUG:colcon.colcon_core.event_handler.log_command:Invoking command in '/home/bryan/Workspace/ros2_ws/build/examples_rclcpp_minimal_subscriber': CMAKE_PREFIX_PATH=${CMAKE_PREFIX_PATH}:/home/bryan/Workspace/ros2_ws/install/sprint2:/home/bryan/Workspace/ros2_ws/install/launch_testing_examples:/home/bryan/Workspace/ros2_ws/install/image_converter:/home/bryan/Workspace/ros2_ws/install/first_package:/home/bryan/Workspace/ros2_ws/install/examples_rclpy_pointcloud_publisher:/home/bryan/Workspace/ros2_ws/install/examples_rclpy_minimal_subscriber:/home/bryan/Workspace/ros2_ws/install/examples_rclpy_minimal_service:/home/bryan/Workspace/ros2_ws/install/examples_rclpy_minimal_publisher:/home/bryan/Workspace/ros2_ws/install/examples_rclpy_minimal_client:/home/bryan/Workspace/ros2_ws/install/examples_rclpy_minimal_action_server:/home/bryan/Workspace/ros2_ws/install/examples_rclpy_minimal_action_client:/home/bryan/Workspace/ros2_ws/install/examples_rclpy_guard_conditions:/home/bryan/Workspace/ros2_ws/install/examples_rclpy_executors:/home/bryan/Workspace/ros2_ws/install/camera_calibration:/opt/ros/humble /usr/bin/cmake --install /home/bryan/Workspace/ros2_ws/build/examples_rclcpp_minimal_subscriber
[16.073s] INFO:colcon.colcon_core.task.python.build:Building Python package in '/home/bryan/Workspace/ros2_ws/src/examples/rclpy/executors'
[16.075s] INFO:colcon.colcon_core.shell:Skip shell extension 'powershell' for command environment: Not usable outside of PowerShell
[16.075s] DEBUG:colcon.colcon_core.shell:Skip shell extension 'dsv' for command environment
[16.087s] Level 1:colcon.colcon_core.environment:create_environment_scripts_only(examples_rclcpp_minimal_subscriber)
[16.089s] Level 1:colcon.colcon_core.environment:checking '/home/bryan/Workspace/ros2_ws/install/examples_rclcpp_minimal_subscriber' for CMake module files
[16.099s] DEBUG:colcon.colcon_core.event_handler.log_command:Invoked command in '/home/bryan/Workspace/ros2_ws/build/examples_rclcpp_minimal_subscriber' returned '0': CMAKE_PREFIX_PATH=${CMAKE_PREFIX_PATH}:/home/bryan/Workspace/ros2_ws/install/sprint2:/home/bryan/Workspace/ros2_ws/install/launch_testing_examples:/home/bryan/Workspace/ros2_ws/install/image_converter:/home/bryan/Workspace/ros2_ws/install/first_package:/home/bryan/Workspace/ros2_ws/install/examples_rclpy_pointcloud_publisher:/home/bryan/Workspace/ros2_ws/install/examples_rclpy_minimal_subscriber:/home/bryan/Workspace/ros2_ws/install/examples_rclpy_minimal_service:/home/bryan/Workspace/ros2_ws/install/examples_rclpy_minimal_publisher:/home/bryan/Workspace/ros2_ws/install/examples_rclpy_minimal_client:/home/bryan/Workspace/ros2_ws/install/examples_rclpy_minimal_action_server:/home/bryan/Workspace/ros2_ws/install/examples_rclpy_minimal_action_client:/home/bryan/Workspace/ros2_ws/install/examples_rclpy_guard_conditions:/home/bryan/Workspace/ros2_ws/install/examples_rclpy_executors:/home/bryan/Workspace/ros2_ws/install/camera_calibration:/opt/ros/humble /usr/bin/cmake --install /home/bryan/Workspace/ros2_ws/build/examples_rclcpp_minimal_subscriber
[16.107s] Level 1:colcon.colcon_core.environment:checking '/home/bryan/Workspace/ros2_ws/install/examples_rclcpp_minimal_subscriber' for CMake config files
[16.108s] Level 1:colcon.colcon_core.shell:create_environment_hook('examples_rclcpp_minimal_subscriber', 'cmake_prefix_path')
[16.108s] INFO:colcon.colcon_core.shell:Creating environment hook '/home/bryan/Workspace/ros2_ws/install/examples_rclcpp_minimal_subscriber/share/examples_rclcpp_minimal_subscriber/hook/cmake_prefix_path.ps1'
[16.109s] INFO:colcon.colcon_core.shell:Creating environment descriptor '/home/bryan/Workspace/ros2_ws/install/examples_rclcpp_minimal_subscriber/share/examples_rclcpp_minimal_subscriber/hook/cmake_prefix_path.dsv'
[16.110s] INFO:colcon.colcon_core.shell:Creating environment hook '/home/bryan/Workspace/ros2_ws/install/examples_rclcpp_minimal_subscriber/share/examples_rclcpp_minimal_subscriber/hook/cmake_prefix_path.sh'
[16.111s] Level 1:colcon.colcon_core.environment:checking '/home/bryan/Workspace/ros2_ws/install/examples_rclcpp_minimal_subscriber/lib'
[16.112s] Level 1:colcon.colcon_core.shell:create_environment_hook('examples_rclcpp_minimal_subscriber', 'ld_library_path_lib')
[16.112s] INFO:colcon.colcon_core.shell:Creating environment hook '/home/bryan/Workspace/ros2_ws/install/examples_rclcpp_minimal_subscriber/share/examples_rclcpp_minimal_subscriber/hook/ld_library_path_lib.ps1'
[16.113s] INFO:colcon.colcon_core.shell:Creating environment descriptor '/home/bryan/Workspace/ros2_ws/install/examples_rclcpp_minimal_subscriber/share/examples_rclcpp_minimal_subscriber/hook/ld_library_path_lib.dsv'
[16.113s] INFO:colcon.colcon_core.shell:Creating environment hook '/home/bryan/Workspace/ros2_ws/install/examples_rclcpp_minimal_subscriber/share/examples_rclcpp_minimal_subscriber/hook/ld_library_path_lib.sh'
[16.114s] Level 1:colcon.colcon_core.environment:checking '/home/bryan/Workspace/ros2_ws/install/examples_rclcpp_minimal_subscriber/bin'
[16.115s] Level 1:colcon.colcon_core.environment:checking '/home/bryan/Workspace/ros2_ws/install/examples_rclcpp_minimal_subscriber/lib/pkgconfig/examples_rclcpp_minimal_subscriber.pc'
[16.115s] Level 1:colcon.colcon_core.environment:checking '/home/bryan/Workspace/ros2_ws/install/examples_rclcpp_minimal_subscriber/lib/python3.10/site-packages'
[16.115s] Level 1:colcon.colcon_core.environment:checking '/home/bryan/Workspace/ros2_ws/install/examples_rclcpp_minimal_subscriber/bin'
[16.116s] INFO:colcon.colcon_core.shell:Creating package script '/home/bryan/Workspace/ros2_ws/install/examples_rclcpp_minimal_subscriber/share/examples_rclcpp_minimal_subscriber/package.ps1'
[16.117s] INFO:colcon.colcon_core.shell:Creating package descriptor '/home/bryan/Workspace/ros2_ws/install/examples_rclcpp_minimal_subscriber/share/examples_rclcpp_minimal_subscriber/package.dsv'
[16.118s] INFO:colcon.colcon_core.shell:Creating package script '/home/bryan/Workspace/ros2_ws/install/examples_rclcpp_minimal_subscriber/share/examples_rclcpp_minimal_subscriber/package.sh'
[16.118s] INFO:colcon.colcon_core.shell:Creating package script '/home/bryan/Workspace/ros2_ws/install/examples_rclcpp_minimal_subscriber/share/examples_rclcpp_minimal_subscriber/package.bash'
[16.119s] INFO:colcon.colcon_core.shell:Creating package script '/home/bryan/Workspace/ros2_ws/install/examples_rclcpp_minimal_subscriber/share/examples_rclcpp_minimal_subscriber/package.zsh'
[16.120s] Level 1:colcon.colcon_core.environment:create_file_with_runtime_dependencies(/home/bryan/Workspace/ros2_ws/install/examples_rclcpp_minimal_subscriber/share/colcon-core/packages/examples_rclcpp_minimal_subscriber)
[16.121s] Level 1:colcon.colcon_core.environment:create_environment_scripts_only(examples_rclcpp_minimal_subscriber)
[16.122s] Level 1:colcon.colcon_core.environment:checking '/home/bryan/Workspace/ros2_ws/install/examples_rclcpp_minimal_subscriber' for CMake module files
[16.122s] Level 1:colcon.colcon_core.environment:checking '/home/bryan/Workspace/ros2_ws/install/examples_rclcpp_minimal_subscriber' for CMake config files
[16.123s] Level 1:colcon.colcon_core.shell:create_environment_hook('examples_rclcpp_minimal_subscriber', 'cmake_prefix_path')
[16.123s] INFO:colcon.colcon_core.shell:Creating environment hook '/home/bryan/Workspace/ros2_ws/install/examples_rclcpp_minimal_subscriber/share/examples_rclcpp_minimal_subscriber/hook/cmake_prefix_path.ps1'
[16.124s] INFO:colcon.colcon_core.shell:Creating environment descriptor '/home/bryan/Workspace/ros2_ws/install/examples_rclcpp_minimal_subscriber/share/examples_rclcpp_minimal_subscriber/hook/cmake_prefix_path.dsv'
[16.125s] INFO:colcon.colcon_core.shell:Creating environment hook '/home/bryan/Workspace/ros2_ws/install/examples_rclcpp_minimal_subscriber/share/examples_rclcpp_minimal_subscriber/hook/cmake_prefix_path.sh'
[16.126s] Level 1:colcon.colcon_core.environment:checking '/home/bryan/Workspace/ros2_ws/install/examples_rclcpp_minimal_subscriber/lib'
[16.126s] Level 1:colcon.colcon_core.shell:create_environment_hook('examples_rclcpp_minimal_subscriber', 'ld_library_path_lib')
[16.126s] INFO:colcon.colcon_core.shell:Creating environment hook '/home/bryan/Workspace/ros2_ws/install/examples_rclcpp_minimal_subscriber/share/examples_rclcpp_minimal_subscriber/hook/ld_library_path_lib.ps1'
[16.130s] INFO:colcon.colcon_core.shell:Creating environment descriptor '/home/bryan/Workspace/ros2_ws/install/examples_rclcpp_minimal_subscriber/share/examples_rclcpp_minimal_subscriber/hook/ld_library_path_lib.dsv'
[16.138s] INFO:colcon.colcon_core.shell:Creating environment hook '/home/bryan/Workspace/ros2_ws/install/examples_rclcpp_minimal_subscriber/share/examples_rclcpp_minimal_subscriber/hook/ld_library_path_lib.sh'
[16.170s] Level 1:colcon.colcon_core.environment:checking '/home/bryan/Workspace/ros2_ws/install/examples_rclcpp_minimal_subscriber/bin'
[16.170s] Level 1:colcon.colcon_core.environment:checking '/home/bryan/Workspace/ros2_ws/install/examples_rclcpp_minimal_subscriber/lib/pkgconfig/examples_rclcpp_minimal_subscriber.pc'
[16.171s] Level 1:colcon.colcon_core.environment:checking '/home/bryan/Workspace/ros2_ws/install/examples_rclcpp_minimal_subscriber/lib/python3.10/site-packages'
[16.182s] Level 1:colcon.colcon_core.environment:checking '/home/bryan/Workspace/ros2_ws/install/examples_rclcpp_minimal_subscriber/bin'
[16.183s] INFO:colcon.colcon_core.shell:Creating package script '/home/bryan/Workspace/ros2_ws/install/examples_rclcpp_minimal_subscriber/share/examples_rclcpp_minimal_subscriber/package.ps1'
[16.186s] INFO:colcon.colcon_core.shell:Creating package descriptor '/home/bryan/Workspace/ros2_ws/install/examples_rclcpp_minimal_subscriber/share/examples_rclcpp_minimal_subscriber/package.dsv'
[16.189s] INFO:colcon.colcon_core.shell:Creating package script '/home/bryan/Workspace/ros2_ws/install/examples_rclcpp_minimal_subscriber/share/examples_rclcpp_minimal_subscriber/package.sh'
[16.195s] INFO:colcon.colcon_core.shell:Creating package script '/home/bryan/Workspace/ros2_ws/install/examples_rclcpp_minimal_subscriber/share/examples_rclcpp_minimal_subscriber/package.bash'
[16.198s] INFO:colcon.colcon_core.shell:Creating package script '/home/bryan/Workspace/ros2_ws/install/examples_rclcpp_minimal_subscriber/share/examples_rclcpp_minimal_subscriber/package.zsh'
[16.202s] Level 1:colcon.colcon_core.environment:create_file_with_runtime_dependencies(/home/bryan/Workspace/ros2_ws/install/examples_rclcpp_minimal_subscriber/share/colcon-core/packages/examples_rclcpp_minimal_subscriber)
[16.207s] INFO:colcon.colcon_ros.task.ament_python.build:Building ROS package in '/home/bryan/Workspace/ros2_ws/src/examples/rclpy/guard_conditions' with build type 'ament_python'
[16.207s] Level 1:colcon.colcon_core.shell:create_environment_hook('examples_rclpy_guard_conditions', 'ament_prefix_path')
[16.208s] INFO:colcon.colcon_core.shell:Creating environment hook '/home/bryan/Workspace/ros2_ws/install/examples_rclpy_guard_conditions/share/examples_rclpy_guard_conditions/hook/ament_prefix_path.ps1'
[16.215s] INFO:colcon.colcon_core.shell:Creating environment descriptor '/home/bryan/Workspace/ros2_ws/install/examples_rclpy_guard_conditions/share/examples_rclpy_guard_conditions/hook/ament_prefix_path.dsv'
[16.217s] INFO:colcon.colcon_core.shell:Creating environment hook '/home/bryan/Workspace/ros2_ws/install/examples_rclpy_guard_conditions/share/examples_rclpy_guard_conditions/hook/ament_prefix_path.sh'
[16.220s] INFO:colcon.colcon_core.shell:Skip shell extension 'powershell' for command environment: Not usable outside of PowerShell
[16.220s] DEBUG:colcon.colcon_core.shell:Skip shell extension 'dsv' for command environment
[17.071s] INFO:colcon.colcon_core.task.python.build:Building Python package in '/home/bryan/Workspace/ros2_ws/src/examples/rclpy/guard_conditions'
[17.072s] INFO:colcon.colcon_core.shell:Skip shell extension 'powershell' for command environment: Not usable outside of PowerShell
[17.072s] DEBUG:colcon.colcon_core.shell:Skip shell extension 'dsv' for command environment
[17.097s] DEBUG:colcon.colcon_core.event_handler.log_command:Invoked command in '/home/bryan/Workspace/ros2_ws/build/examples_rclcpp_wait_set' returned '0': CMAKE_PREFIX_PATH=${CMAKE_PREFIX_PATH}:/home/bryan/Workspace/ros2_ws/install/sprint2:/home/bryan/Workspace/ros2_ws/install/launch_testing_examples:/home/bryan/Workspace/ros2_ws/install/image_converter:/home/bryan/Workspace/ros2_ws/install/first_package:/home/bryan/Workspace/ros2_ws/install/examples_rclpy_pointcloud_publisher:/home/bryan/Workspace/ros2_ws/install/examples_rclpy_minimal_subscriber:/home/bryan/Workspace/ros2_ws/install/examples_rclpy_minimal_service:/home/bryan/Workspace/ros2_ws/install/examples_rclpy_minimal_publisher:/home/bryan/Workspace/ros2_ws/install/examples_rclpy_minimal_client:/home/bryan/Workspace/ros2_ws/install/examples_rclpy_minimal_action_server:/home/bryan/Workspace/ros2_ws/install/examples_rclpy_minimal_action_client:/home/bryan/Workspace/ros2_ws/install/examples_rclpy_guard_conditions:/home/bryan/Workspace/ros2_ws/install/examples_rclpy_executors:/home/bryan/Workspace/ros2_ws/install/camera_calibration:/opt/ros/humble /usr/bin/cmake --build /home/bryan/Workspace/ros2_ws/build/examples_rclcpp_wait_set -- -j3 -l3
[17.132s] DEBUG:colcon.colcon_core.event_handler.log_command:Invoking command in '/home/bryan/Workspace/ros2_ws/build/examples_rclcpp_wait_set': CMAKE_PREFIX_PATH=${CMAKE_PREFIX_PATH}:/home/bryan/Workspace/ros2_ws/install/sprint2:/home/bryan/Workspace/ros2_ws/install/launch_testing_examples:/home/bryan/Workspace/ros2_ws/install/image_converter:/home/bryan/Workspace/ros2_ws/install/first_package:/home/bryan/Workspace/ros2_ws/install/examples_rclpy_pointcloud_publisher:/home/bryan/Workspace/ros2_ws/install/examples_rclpy_minimal_subscriber:/home/bryan/Workspace/ros2_ws/install/examples_rclpy_minimal_service:/home/bryan/Workspace/ros2_ws/install/examples_rclpy_minimal_publisher:/home/bryan/Workspace/ros2_ws/install/examples_rclpy_minimal_client:/home/bryan/Workspace/ros2_ws/install/examples_rclpy_minimal_action_server:/home/bryan/Workspace/ros2_ws/install/examples_rclpy_minimal_action_client:/home/bryan/Workspace/ros2_ws/install/examples_rclpy_guard_conditions:/home/bryan/Workspace/ros2_ws/install/examples_rclpy_executors:/home/bryan/Workspace/ros2_ws/install/camera_calibration:/opt/ros/humble /usr/bin/cmake --install /home/bryan/Workspace/ros2_ws/build/examples_rclcpp_wait_set
[17.216s] DEBUG:colcon.colcon_core.event_handler.log_command:Invoking command in '/home/bryan/Workspace/ros2_ws/src/examples/rclpy/executors': PYTHONPATH=/home/bryan/Workspace/ros2_ws/build/examples_rclpy_executors/prefix_override:/usr/lib/python3/dist-packages/colcon_core/task/python/colcon_distutils_commands:/home/bryan/Workspace/ros2_ws/install/examples_rclpy_executors/lib/python3.10/site-packages:${PYTHONPATH} /usr/bin/python3 -W ignore:setup.py install is deprecated -W ignore:easy_install command is deprecated setup.py egg_info --egg-base ../../../../build/examples_rclpy_executors build --build-base /home/bryan/Workspace/ros2_ws/build/examples_rclpy_executors/build install --record /home/bryan/Workspace/ros2_ws/build/examples_rclpy_executors/install.log --single-version-externally-managed install_data
[17.227s] Level 1:colcon.colcon_core.environment:create_environment_scripts_only(examples_rclcpp_wait_set)
[17.227s] Level 1:colcon.colcon_core.environment:checking '/home/bryan/Workspace/ros2_ws/install/examples_rclcpp_wait_set' for CMake module files
[17.228s] Level 1:colcon.colcon_core.environment:checking '/home/bryan/Workspace/ros2_ws/install/examples_rclcpp_wait_set' for CMake config files
[17.229s] Level 1:colcon.colcon_core.shell:create_environment_hook('examples_rclcpp_wait_set', 'cmake_prefix_path')
[17.229s] INFO:colcon.colcon_core.shell:Creating environment hook '/home/bryan/Workspace/ros2_ws/install/examples_rclcpp_wait_set/share/examples_rclcpp_wait_set/hook/cmake_prefix_path.ps1'
[17.232s] INFO:colcon.colcon_core.shell:Creating environment descriptor '/home/bryan/Workspace/ros2_ws/install/examples_rclcpp_wait_set/share/examples_rclcpp_wait_set/hook/cmake_prefix_path.dsv'
[17.233s] DEBUG:colcon.colcon_core.event_handler.log_command:Invoked command in '/home/bryan/Workspace/ros2_ws/build/examples_rclcpp_wait_set' returned '0': CMAKE_PREFIX_PATH=${CMAKE_PREFIX_PATH}:/home/bryan/Workspace/ros2_ws/install/sprint2:/home/bryan/Workspace/ros2_ws/install/launch_testing_examples:/home/bryan/Workspace/ros2_ws/install/image_converter:/home/bryan/Workspace/ros2_ws/install/first_package:/home/bryan/Workspace/ros2_ws/install/examples_rclpy_pointcloud_publisher:/home/bryan/Workspace/ros2_ws/install/examples_rclpy_minimal_subscriber:/home/bryan/Workspace/ros2_ws/install/examples_rclpy_minimal_service:/home/bryan/Workspace/ros2_ws/install/examples_rclpy_minimal_publisher:/home/bryan/Workspace/ros2_ws/install/examples_rclpy_minimal_client:/home/bryan/Workspace/ros2_ws/install/examples_rclpy_minimal_action_server:/home/bryan/Workspace/ros2_ws/install/examples_rclpy_minimal_action_client:/home/bryan/Workspace/ros2_ws/install/examples_rclpy_guard_conditions:/home/bryan/Workspace/ros2_ws/install/examples_rclpy_executors:/home/bryan/Workspace/ros2_ws/install/camera_calibration:/opt/ros/humble /usr/bin/cmake --install /home/bryan/Workspace/ros2_ws/build/examples_rclcpp_wait_set
[17.247s] INFO:colcon.colcon_core.shell:Creating environment hook '/home/bryan/Workspace/ros2_ws/install/examples_rclcpp_wait_set/share/examples_rclcpp_wait_set/hook/cmake_prefix_path.sh'
[17.251s] Level 1:colcon.colcon_core.environment:checking '/home/bryan/Workspace/ros2_ws/install/examples_rclcpp_wait_set/lib'
[17.252s] Level 1:colcon.colcon_core.shell:create_environment_hook('examples_rclcpp_wait_set', 'ld_library_path_lib')
[17.253s] INFO:colcon.colcon_core.shell:Creating environment hook '/home/bryan/Workspace/ros2_ws/install/examples_rclcpp_wait_set/share/examples_rclcpp_wait_set/hook/ld_library_path_lib.ps1'
[17.300s] INFO:colcon.colcon_core.shell:Creating environment descriptor '/home/bryan/Workspace/ros2_ws/install/examples_rclcpp_wait_set/share/examples_rclcpp_wait_set/hook/ld_library_path_lib.dsv'
[17.302s] INFO:colcon.colcon_core.shell:Creating environment hook '/home/bryan/Workspace/ros2_ws/install/examples_rclcpp_wait_set/share/examples_rclcpp_wait_set/hook/ld_library_path_lib.sh'
[17.304s] Level 1:colcon.colcon_core.environment:checking '/home/bryan/Workspace/ros2_ws/install/examples_rclcpp_wait_set/bin'
[17.304s] Level 1:colcon.colcon_core.environment:checking '/home/bryan/Workspace/ros2_ws/install/examples_rclcpp_wait_set/lib/pkgconfig/examples_rclcpp_wait_set.pc'
[17.304s] Level 1:colcon.colcon_core.environment:checking '/home/bryan/Workspace/ros2_ws/install/examples_rclcpp_wait_set/lib/python3.10/site-packages'
[17.305s] Level 1:colcon.colcon_core.environment:checking '/home/bryan/Workspace/ros2_ws/install/examples_rclcpp_wait_set/bin'
[17.306s] INFO:colcon.colcon_core.shell:Creating package script '/home/bryan/Workspace/ros2_ws/install/examples_rclcpp_wait_set/share/examples_rclcpp_wait_set/package.ps1'
[17.308s] INFO:colcon.colcon_core.shell:Creating package descriptor '/home/bryan/Workspace/ros2_ws/install/examples_rclcpp_wait_set/share/examples_rclcpp_wait_set/package.dsv'
[17.309s] INFO:colcon.colcon_core.shell:Creating package script '/home/bryan/Workspace/ros2_ws/install/examples_rclcpp_wait_set/share/examples_rclcpp_wait_set/package.sh'
[17.311s] INFO:colcon.colcon_core.shell:Creating package script '/home/bryan/Workspace/ros2_ws/install/examples_rclcpp_wait_set/share/examples_rclcpp_wait_set/package.bash'
[17.313s] INFO:colcon.colcon_core.shell:Creating package script '/home/bryan/Workspace/ros2_ws/install/examples_rclcpp_wait_set/share/examples_rclcpp_wait_set/package.zsh'
[17.316s] Level 1:colcon.colcon_core.environment:create_file_with_runtime_dependencies(/home/bryan/Workspace/ros2_ws/install/examples_rclcpp_wait_set/share/colcon-core/packages/examples_rclcpp_wait_set)
[17.317s] Level 1:colcon.colcon_core.environment:create_environment_scripts_only(examples_rclcpp_wait_set)
[17.318s] Level 1:colcon.colcon_core.environment:checking '/home/bryan/Workspace/ros2_ws/install/examples_rclcpp_wait_set' for CMake module files
[17.318s] Level 1:colcon.colcon_core.environment:checking '/home/bryan/Workspace/ros2_ws/install/examples_rclcpp_wait_set' for CMake config files
[17.319s] Level 1:colcon.colcon_core.shell:create_environment_hook('examples_rclcpp_wait_set', 'cmake_prefix_path')
[17.319s] INFO:colcon.colcon_core.shell:Creating environment hook '/home/bryan/Workspace/ros2_ws/install/examples_rclcpp_wait_set/share/examples_rclcpp_wait_set/hook/cmake_prefix_path.ps1'
[17.321s] INFO:colcon.colcon_core.shell:Creating environment descriptor '/home/bryan/Workspace/ros2_ws/install/examples_rclcpp_wait_set/share/examples_rclcpp_wait_set/hook/cmake_prefix_path.dsv'
[17.322s] INFO:colcon.colcon_core.shell:Creating environment hook '/home/bryan/Workspace/ros2_ws/install/examples_rclcpp_wait_set/share/examples_rclcpp_wait_set/hook/cmake_prefix_path.sh'
[17.323s] Level 1:colcon.colcon_core.environment:checking '/home/bryan/Workspace/ros2_ws/install/examples_rclcpp_wait_set/lib'
[17.323s] Level 1:colcon.colcon_core.shell:create_environment_hook('examples_rclcpp_wait_set', 'ld_library_path_lib')
[17.324s] INFO:colcon.colcon_core.shell:Creating environment hook '/home/bryan/Workspace/ros2_ws/install/examples_rclcpp_wait_set/share/examples_rclcpp_wait_set/hook/ld_library_path_lib.ps1'
[17.325s] INFO:colcon.colcon_core.shell:Creating environment descriptor '/home/bryan/Workspace/ros2_ws/install/examples_rclcpp_wait_set/share/examples_rclcpp_wait_set/hook/ld_library_path_lib.dsv'
[17.327s] INFO:colcon.colcon_core.shell:Creating environment hook '/home/bryan/Workspace/ros2_ws/install/examples_rclcpp_wait_set/share/examples_rclcpp_wait_set/hook/ld_library_path_lib.sh'
[17.328s] Level 1:colcon.colcon_core.environment:checking '/home/bryan/Workspace/ros2_ws/install/examples_rclcpp_wait_set/bin'
[17.328s] Level 1:colcon.colcon_core.environment:checking '/home/bryan/Workspace/ros2_ws/install/examples_rclcpp_wait_set/lib/pkgconfig/examples_rclcpp_wait_set.pc'
[17.328s] Level 1:colcon.colcon_core.environment:checking '/home/bryan/Workspace/ros2_ws/install/examples_rclcpp_wait_set/lib/python3.10/site-packages'
[17.329s] Level 1:colcon.colcon_core.environment:checking '/home/bryan/Workspace/ros2_ws/install/examples_rclcpp_wait_set/bin'
[17.329s] INFO:colcon.colcon_core.shell:Creating package script '/home/bryan/Workspace/ros2_ws/install/examples_rclcpp_wait_set/share/examples_rclcpp_wait_set/package.ps1'
[17.331s] INFO:colcon.colcon_core.shell:Creating package descriptor '/home/bryan/Workspace/ros2_ws/install/examples_rclcpp_wait_set/share/examples_rclcpp_wait_set/package.dsv'
[17.332s] INFO:colcon.colcon_core.shell:Creating package script '/home/bryan/Workspace/ros2_ws/install/examples_rclcpp_wait_set/share/examples_rclcpp_wait_set/package.sh'
[17.334s] INFO:colcon.colcon_core.shell:Creating package script '/home/bryan/Workspace/ros2_ws/install/examples_rclcpp_wait_set/share/examples_rclcpp_wait_set/package.bash'
[17.335s] INFO:colcon.colcon_core.shell:Creating package script '/home/bryan/Workspace/ros2_ws/install/examples_rclcpp_wait_set/share/examples_rclcpp_wait_set/package.zsh'
[17.336s] Level 1:colcon.colcon_core.environment:create_file_with_runtime_dependencies(/home/bryan/Workspace/ros2_ws/install/examples_rclcpp_wait_set/share/colcon-core/packages/examples_rclcpp_wait_set)
[17.338s] INFO:colcon.colcon_ros.task.ament_python.build:Building ROS package in '/home/bryan/Workspace/ros2_ws/src/examples/rclpy/actions/minimal_action_client' with build type 'ament_python'
[17.345s] Level 1:colcon.colcon_core.shell:create_environment_hook('examples_rclpy_minimal_action_client', 'ament_prefix_path')
[17.345s] INFO:colcon.colcon_core.shell:Creating environment hook '/home/bryan/Workspace/ros2_ws/install/examples_rclpy_minimal_action_client/share/examples_rclpy_minimal_action_client/hook/ament_prefix_path.ps1'
[17.347s] INFO:colcon.colcon_core.shell:Creating environment descriptor '/home/bryan/Workspace/ros2_ws/install/examples_rclpy_minimal_action_client/share/examples_rclpy_minimal_action_client/hook/ament_prefix_path.dsv'
[17.348s] INFO:colcon.colcon_core.shell:Creating environment hook '/home/bryan/Workspace/ros2_ws/install/examples_rclpy_minimal_action_client/share/examples_rclpy_minimal_action_client/hook/ament_prefix_path.sh'
[17.350s] INFO:colcon.colcon_core.shell:Skip shell extension 'powershell' for command environment: Not usable outside of PowerShell
[17.350s] DEBUG:colcon.colcon_core.shell:Skip shell extension 'dsv' for command environment
[18.423s] INFO:colcon.colcon_core.task.python.build:Building Python package in '/home/bryan/Workspace/ros2_ws/src/examples/rclpy/actions/minimal_action_client'
[18.424s] INFO:colcon.colcon_core.shell:Skip shell extension 'powershell' for command environment: Not usable outside of PowerShell
[18.425s] DEBUG:colcon.colcon_core.shell:Skip shell extension 'dsv' for command environment
[18.498s] Level 1:colcon.colcon_core.environment:checking '/home/bryan/Workspace/ros2_ws/install/examples_rclpy_executors' for CMake module files
[18.504s] DEBUG:colcon.colcon_core.event_handler.log_command:Invoking command in '/home/bryan/Workspace/ros2_ws/src/examples/rclpy/guard_conditions': PYTHONPATH=/home/bryan/Workspace/ros2_ws/build/examples_rclpy_guard_conditions/prefix_override:/usr/lib/python3/dist-packages/colcon_core/task/python/colcon_distutils_commands:/home/bryan/Workspace/ros2_ws/install/examples_rclpy_guard_conditions/lib/python3.10/site-packages:${PYTHONPATH} /usr/bin/python3 -W ignore:setup.py install is deprecated -W ignore:easy_install command is deprecated setup.py egg_info --egg-base ../../../../build/examples_rclpy_guard_conditions build --build-base /home/bryan/Workspace/ros2_ws/build/examples_rclpy_guard_conditions/build install --record /home/bryan/Workspace/ros2_ws/build/examples_rclpy_guard_conditions/install.log --single-version-externally-managed install_data
[18.510s] DEBUG:colcon.colcon_core.event_handler.log_command:Invoked command in '/home/bryan/Workspace/ros2_ws/src/examples/rclpy/executors' returned '0': PYTHONPATH=/home/bryan/Workspace/ros2_ws/build/examples_rclpy_executors/prefix_override:/usr/lib/python3/dist-packages/colcon_core/task/python/colcon_distutils_commands:/home/bryan/Workspace/ros2_ws/install/examples_rclpy_executors/lib/python3.10/site-packages:${PYTHONPATH} /usr/bin/python3 -W ignore:setup.py install is deprecated -W ignore:easy_install command is deprecated setup.py egg_info --egg-base ../../../../build/examples_rclpy_executors build --build-base /home/bryan/Workspace/ros2_ws/build/examples_rclpy_executors/build install --record /home/bryan/Workspace/ros2_ws/build/examples_rclpy_executors/install.log --single-version-externally-managed install_data
[18.510s] Level 1:colcon.colcon_core.environment:checking '/home/bryan/Workspace/ros2_ws/install/examples_rclpy_executors' for CMake config files
[18.513s] Level 1:colcon.colcon_core.environment:checking '/home/bryan/Workspace/ros2_ws/install/examples_rclpy_executors/lib'
[18.515s] Level 1:colcon.colcon_core.environment:checking '/home/bryan/Workspace/ros2_ws/install/examples_rclpy_executors/bin'
[18.515s] Level 1:colcon.colcon_core.environment:checking '/home/bryan/Workspace/ros2_ws/install/examples_rclpy_executors/lib/pkgconfig/examples_rclpy_executors.pc'
[18.516s] Level 1:colcon.colcon_core.environment:checking '/home/bryan/Workspace/ros2_ws/install/examples_rclpy_executors/lib/python3.10/site-packages'
[18.517s] Level 1:colcon.colcon_core.shell:create_environment_hook('examples_rclpy_executors', 'pythonpath')
[18.518s] INFO:colcon.colcon_core.shell:Creating environment hook '/home/bryan/Workspace/ros2_ws/install/examples_rclpy_executors/share/examples_rclpy_executors/hook/pythonpath.ps1'
[18.521s] INFO:colcon.colcon_core.shell:Creating environment descriptor '/home/bryan/Workspace/ros2_ws/install/examples_rclpy_executors/share/examples_rclpy_executors/hook/pythonpath.dsv'
[18.523s] INFO:colcon.colcon_core.shell:Creating environment hook '/home/bryan/Workspace/ros2_ws/install/examples_rclpy_executors/share/examples_rclpy_executors/hook/pythonpath.sh'
[18.526s] Level 1:colcon.colcon_core.environment:checking '/home/bryan/Workspace/ros2_ws/install/examples_rclpy_executors/bin'
[18.526s] Level 1:colcon.colcon_core.environment:create_environment_scripts_only(examples_rclpy_executors)
[18.527s] INFO:colcon.colcon_core.shell:Creating package script '/home/bryan/Workspace/ros2_ws/install/examples_rclpy_executors/share/examples_rclpy_executors/package.ps1'
[18.528s] INFO:colcon.colcon_core.shell:Creating package descriptor '/home/bryan/Workspace/ros2_ws/install/examples_rclpy_executors/share/examples_rclpy_executors/package.dsv'
[18.531s] INFO:colcon.colcon_core.shell:Creating package script '/home/bryan/Workspace/ros2_ws/install/examples_rclpy_executors/share/examples_rclpy_executors/package.sh'
[18.532s] INFO:colcon.colcon_core.shell:Creating package script '/home/bryan/Workspace/ros2_ws/install/examples_rclpy_executors/share/examples_rclpy_executors/package.bash'
[18.534s] INFO:colcon.colcon_core.shell:Creating package script '/home/bryan/Workspace/ros2_ws/install/examples_rclpy_executors/share/examples_rclpy_executors/package.zsh'
[18.536s] Level 1:colcon.colcon_core.environment:create_file_with_runtime_dependencies(/home/bryan/Workspace/ros2_ws/install/examples_rclpy_executors/share/colcon-core/packages/examples_rclpy_executors)
[18.542s] INFO:colcon.colcon_ros.task.ament_python.build:Building ROS package in '/home/bryan/Workspace/ros2_ws/src/examples/rclpy/actions/minimal_action_server' with build type 'ament_python'
[18.542s] Level 1:colcon.colcon_core.shell:create_environment_hook('examples_rclpy_minimal_action_server', 'ament_prefix_path')
[18.542s] INFO:colcon.colcon_core.shell:Creating environment hook '/home/bryan/Workspace/ros2_ws/install/examples_rclpy_minimal_action_server/share/examples_rclpy_minimal_action_server/hook/ament_prefix_path.ps1'
[18.544s] INFO:colcon.colcon_core.shell:Creating environment descriptor '/home/bryan/Workspace/ros2_ws/install/examples_rclpy_minimal_action_server/share/examples_rclpy_minimal_action_server/hook/ament_prefix_path.dsv'
[18.545s] INFO:colcon.colcon_core.shell:Creating environment hook '/home/bryan/Workspace/ros2_ws/install/examples_rclpy_minimal_action_server/share/examples_rclpy_minimal_action_server/hook/ament_prefix_path.sh'
[18.547s] INFO:colcon.colcon_core.shell:Skip shell extension 'powershell' for command environment: Not usable outside of PowerShell
[18.548s] DEBUG:colcon.colcon_core.shell:Skip shell extension 'dsv' for command environment
[19.195s] INFO:colcon.colcon_core.task.python.build:Building Python package in '/home/bryan/Workspace/ros2_ws/src/examples/rclpy/actions/minimal_action_server'
[19.196s] INFO:colcon.colcon_core.shell:Skip shell extension 'powershell' for command environment: Not usable outside of PowerShell
[19.196s] DEBUG:colcon.colcon_core.shell:Skip shell extension 'dsv' for command environment
[19.213s] Level 1:colcon.colcon_core.environment:checking '/home/bryan/Workspace/ros2_ws/install/examples_rclpy_guard_conditions' for CMake module files
[19.215s] Level 1:colcon.colcon_core.environment:checking '/home/bryan/Workspace/ros2_ws/install/examples_rclpy_guard_conditions' for CMake config files
[19.216s] DEBUG:colcon.colcon_core.event_handler.log_command:Invoked command in '/home/bryan/Workspace/ros2_ws/src/examples/rclpy/guard_conditions' returned '0': PYTHONPATH=/home/bryan/Workspace/ros2_ws/build/examples_rclpy_guard_conditions/prefix_override:/usr/lib/python3/dist-packages/colcon_core/task/python/colcon_distutils_commands:/home/bryan/Workspace/ros2_ws/install/examples_rclpy_guard_conditions/lib/python3.10/site-packages:${PYTHONPATH} /usr/bin/python3 -W ignore:setup.py install is deprecated -W ignore:easy_install command is deprecated setup.py egg_info --egg-base ../../../../build/examples_rclpy_guard_conditions build --build-base /home/bryan/Workspace/ros2_ws/build/examples_rclpy_guard_conditions/build install --record /home/bryan/Workspace/ros2_ws/build/examples_rclpy_guard_conditions/install.log --single-version-externally-managed install_data
[19.219s] Level 1:colcon.colcon_core.environment:checking '/home/bryan/Workspace/ros2_ws/install/examples_rclpy_guard_conditions/lib'
[19.221s] Level 1:colcon.colcon_core.environment:checking '/home/bryan/Workspace/ros2_ws/install/examples_rclpy_guard_conditions/bin'
[19.221s] Level 1:colcon.colcon_core.environment:checking '/home/bryan/Workspace/ros2_ws/install/examples_rclpy_guard_conditions/lib/pkgconfig/examples_rclpy_guard_conditions.pc'
[19.222s] Level 1:colcon.colcon_core.environment:checking '/home/bryan/Workspace/ros2_ws/install/examples_rclpy_guard_conditions/lib/python3.10/site-packages'
[19.222s] Level 1:colcon.colcon_core.shell:create_environment_hook('examples_rclpy_guard_conditions', 'pythonpath')
[19.222s] INFO:colcon.colcon_core.shell:Creating environment hook '/home/bryan/Workspace/ros2_ws/install/examples_rclpy_guard_conditions/share/examples_rclpy_guard_conditions/hook/pythonpath.ps1'
[19.235s] INFO:colcon.colcon_core.shell:Creating environment descriptor '/home/bryan/Workspace/ros2_ws/install/examples_rclpy_guard_conditions/share/examples_rclpy_guard_conditions/hook/pythonpath.dsv'
[19.275s] INFO:colcon.colcon_core.shell:Creating environment hook '/home/bryan/Workspace/ros2_ws/install/examples_rclpy_guard_conditions/share/examples_rclpy_guard_conditions/hook/pythonpath.sh'
[19.279s] Level 1:colcon.colcon_core.environment:checking '/home/bryan/Workspace/ros2_ws/install/examples_rclpy_guard_conditions/bin'
[19.286s] Level 1:colcon.colcon_core.environment:create_environment_scripts_only(examples_rclpy_guard_conditions)
[19.287s] INFO:colcon.colcon_core.shell:Creating package script '/home/bryan/Workspace/ros2_ws/install/examples_rclpy_guard_conditions/share/examples_rclpy_guard_conditions/package.ps1'
[19.289s] INFO:colcon.colcon_core.shell:Creating package descriptor '/home/bryan/Workspace/ros2_ws/install/examples_rclpy_guard_conditions/share/examples_rclpy_guard_conditions/package.dsv'
[19.291s] INFO:colcon.colcon_core.shell:Creating package script '/home/bryan/Workspace/ros2_ws/install/examples_rclpy_guard_conditions/share/examples_rclpy_guard_conditions/package.sh'
[19.303s] INFO:colcon.colcon_core.shell:Creating package script '/home/bryan/Workspace/ros2_ws/install/examples_rclpy_guard_conditions/share/examples_rclpy_guard_conditions/package.bash'
[19.305s] INFO:colcon.colcon_core.shell:Creating package script '/home/bryan/Workspace/ros2_ws/install/examples_rclpy_guard_conditions/share/examples_rclpy_guard_conditions/package.zsh'
[19.306s] Level 1:colcon.colcon_core.environment:create_file_with_runtime_dependencies(/home/bryan/Workspace/ros2_ws/install/examples_rclpy_guard_conditions/share/colcon-core/packages/examples_rclpy_guard_conditions)
[19.308s] INFO:colcon.colcon_ros.task.ament_python.build:Building ROS package in '/home/bryan/Workspace/ros2_ws/src/examples/rclpy/services/minimal_client' with build type 'ament_python'
[19.320s] Level 1:colcon.colcon_core.shell:create_environment_hook('examples_rclpy_minimal_client', 'ament_prefix_path')
[19.345s] INFO:colcon.colcon_core.shell:Creating environment hook '/home/bryan/Workspace/ros2_ws/install/examples_rclpy_minimal_client/share/examples_rclpy_minimal_client/hook/ament_prefix_path.ps1'
[19.347s] INFO:colcon.colcon_core.shell:Creating environment descriptor '/home/bryan/Workspace/ros2_ws/install/examples_rclpy_minimal_client/share/examples_rclpy_minimal_client/hook/ament_prefix_path.dsv'
[19.349s] INFO:colcon.colcon_core.shell:Creating environment hook '/home/bryan/Workspace/ros2_ws/install/examples_rclpy_minimal_client/share/examples_rclpy_minimal_client/hook/ament_prefix_path.sh'
[19.351s] INFO:colcon.colcon_core.shell:Skip shell extension 'powershell' for command environment: Not usable outside of PowerShell
[19.351s] DEBUG:colcon.colcon_core.shell:Skip shell extension 'dsv' for command environment
[19.482s] DEBUG:colcon.colcon_core.event_handler.log_command:Invoking command in '/home/bryan/Workspace/ros2_ws/src/examples/rclpy/actions/minimal_action_client': PYTHONPATH=/home/bryan/Workspace/ros2_ws/build/examples_rclpy_minimal_action_client/prefix_override:/usr/lib/python3/dist-packages/colcon_core/task/python/colcon_distutils_commands:/home/bryan/Workspace/ros2_ws/install/examples_rclpy_minimal_action_client/lib/python3.10/site-packages:${PYTHONPATH} /usr/bin/python3 -W ignore:setup.py install is deprecated -W ignore:easy_install command is deprecated setup.py egg_info --egg-base ../../../../../build/examples_rclpy_minimal_action_client build --build-base /home/bryan/Workspace/ros2_ws/build/examples_rclpy_minimal_action_client/build install --record /home/bryan/Workspace/ros2_ws/build/examples_rclpy_minimal_action_client/install.log --single-version-externally-managed install_data
[19.976s] INFO:colcon.colcon_core.task.python.build:Building Python package in '/home/bryan/Workspace/ros2_ws/src/examples/rclpy/services/minimal_client'
[19.977s] INFO:colcon.colcon_core.shell:Skip shell extension 'powershell' for command environment: Not usable outside of PowerShell
[19.985s] DEBUG:colcon.colcon_core.shell:Skip shell extension 'dsv' for command environment
[20.130s] DEBUG:colcon.colcon_core.event_handler.log_command:Invoking command in '/home/bryan/Workspace/ros2_ws/src/examples/rclpy/actions/minimal_action_server': PYTHONPATH=/home/bryan/Workspace/ros2_ws/build/examples_rclpy_minimal_action_server/prefix_override:/usr/lib/python3/dist-packages/colcon_core/task/python/colcon_distutils_commands:/home/bryan/Workspace/ros2_ws/install/examples_rclpy_minimal_action_server/lib/python3.10/site-packages:${PYTHONPATH} /usr/bin/python3 -W ignore:setup.py install is deprecated -W ignore:easy_install command is deprecated setup.py egg_info --egg-base ../../../../../build/examples_rclpy_minimal_action_server build --build-base /home/bryan/Workspace/ros2_ws/build/examples_rclpy_minimal_action_server/build install --record /home/bryan/Workspace/ros2_ws/build/examples_rclpy_minimal_action_server/install.log --single-version-externally-managed install_data
[20.589s] Level 1:colcon.colcon_core.environment:checking '/home/bryan/Workspace/ros2_ws/install/examples_rclpy_minimal_action_client' for CMake module files
[20.590s] Level 1:colcon.colcon_core.environment:checking '/home/bryan/Workspace/ros2_ws/install/examples_rclpy_minimal_action_client' for CMake config files
[20.590s] Level 1:colcon.colcon_core.environment:checking '/home/bryan/Workspace/ros2_ws/install/examples_rclpy_minimal_action_client/lib'
[20.591s] Level 1:colcon.colcon_core.environment:checking '/home/bryan/Workspace/ros2_ws/install/examples_rclpy_minimal_action_client/bin'
[20.591s] Level 1:colcon.colcon_core.environment:checking '/home/bryan/Workspace/ros2_ws/install/examples_rclpy_minimal_action_client/lib/pkgconfig/examples_rclpy_minimal_action_client.pc'
[20.591s] Level 1:colcon.colcon_core.environment:checking '/home/bryan/Workspace/ros2_ws/install/examples_rclpy_minimal_action_client/lib/python3.10/site-packages'
[20.591s] Level 1:colcon.colcon_core.shell:create_environment_hook('examples_rclpy_minimal_action_client', 'pythonpath')
[20.591s] INFO:colcon.colcon_core.shell:Creating environment hook '/home/bryan/Workspace/ros2_ws/install/examples_rclpy_minimal_action_client/share/examples_rclpy_minimal_action_client/hook/pythonpath.ps1'
[20.600s] DEBUG:colcon.colcon_core.event_handler.log_command:Invoked command in '/home/bryan/Workspace/ros2_ws/src/examples/rclpy/actions/minimal_action_client' returned '0': PYTHONPATH=/home/bryan/Workspace/ros2_ws/build/examples_rclpy_minimal_action_client/prefix_override:/usr/lib/python3/dist-packages/colcon_core/task/python/colcon_distutils_commands:/home/bryan/Workspace/ros2_ws/install/examples_rclpy_minimal_action_client/lib/python3.10/site-packages:${PYTHONPATH} /usr/bin/python3 -W ignore:setup.py install is deprecated -W ignore:easy_install command is deprecated setup.py egg_info --egg-base ../../../../../build/examples_rclpy_minimal_action_client build --build-base /home/bryan/Workspace/ros2_ws/build/examples_rclpy_minimal_action_client/build install --record /home/bryan/Workspace/ros2_ws/build/examples_rclpy_minimal_action_client/install.log --single-version-externally-managed install_data
[20.603s] INFO:colcon.colcon_core.shell:Creating environment descriptor '/home/bryan/Workspace/ros2_ws/install/examples_rclpy_minimal_action_client/share/examples_rclpy_minimal_action_client/hook/pythonpath.dsv'
[20.604s] INFO:colcon.colcon_core.shell:Creating environment hook '/home/bryan/Workspace/ros2_ws/install/examples_rclpy_minimal_action_client/share/examples_rclpy_minimal_action_client/hook/pythonpath.sh'
[20.611s] Level 1:colcon.colcon_core.environment:checking '/home/bryan/Workspace/ros2_ws/install/examples_rclpy_minimal_action_client/bin'
[20.611s] Level 1:colcon.colcon_core.environment:create_environment_scripts_only(examples_rclpy_minimal_action_client)
[20.611s] INFO:colcon.colcon_core.shell:Creating package script '/home/bryan/Workspace/ros2_ws/install/examples_rclpy_minimal_action_client/share/examples_rclpy_minimal_action_client/package.ps1'
[20.620s] INFO:colcon.colcon_core.shell:Creating package descriptor '/home/bryan/Workspace/ros2_ws/install/examples_rclpy_minimal_action_client/share/examples_rclpy_minimal_action_client/package.dsv'
[20.621s] INFO:colcon.colcon_core.shell:Creating package script '/home/bryan/Workspace/ros2_ws/install/examples_rclpy_minimal_action_client/share/examples_rclpy_minimal_action_client/package.sh'
[20.625s] INFO:colcon.colcon_core.shell:Creating package script '/home/bryan/Workspace/ros2_ws/install/examples_rclpy_minimal_action_client/share/examples_rclpy_minimal_action_client/package.bash'
[20.629s] INFO:colcon.colcon_core.shell:Creating package script '/home/bryan/Workspace/ros2_ws/install/examples_rclpy_minimal_action_client/share/examples_rclpy_minimal_action_client/package.zsh'
[20.631s] Level 1:colcon.colcon_core.environment:create_file_with_runtime_dependencies(/home/bryan/Workspace/ros2_ws/install/examples_rclpy_minimal_action_client/share/colcon-core/packages/examples_rclpy_minimal_action_client)
[20.647s] INFO:colcon.colcon_ros.task.ament_python.build:Building ROS package in '/home/bryan/Workspace/ros2_ws/src/examples/rclpy/topics/minimal_publisher' with build type 'ament_python'
[20.649s] Level 1:colcon.colcon_core.shell:create_environment_hook('examples_rclpy_minimal_publisher', 'ament_prefix_path')
[20.652s] INFO:colcon.colcon_core.shell:Creating environment hook '/home/bryan/Workspace/ros2_ws/install/examples_rclpy_minimal_publisher/share/examples_rclpy_minimal_publisher/hook/ament_prefix_path.ps1'
[20.656s] INFO:colcon.colcon_core.shell:Creating environment descriptor '/home/bryan/Workspace/ros2_ws/install/examples_rclpy_minimal_publisher/share/examples_rclpy_minimal_publisher/hook/ament_prefix_path.dsv'
[20.663s] INFO:colcon.colcon_core.shell:Creating environment hook '/home/bryan/Workspace/ros2_ws/install/examples_rclpy_minimal_publisher/share/examples_rclpy_minimal_publisher/hook/ament_prefix_path.sh'
[20.676s] INFO:colcon.colcon_core.shell:Skip shell extension 'powershell' for command environment: Not usable outside of PowerShell
[20.676s] DEBUG:colcon.colcon_core.shell:Skip shell extension 'dsv' for command environment
[21.206s] INFO:colcon.colcon_core.task.python.build:Building Python package in '/home/bryan/Workspace/ros2_ws/src/examples/rclpy/topics/minimal_publisher'
[21.208s] INFO:colcon.colcon_core.shell:Skip shell extension 'powershell' for command environment: Not usable outside of PowerShell
[21.209s] DEBUG:colcon.colcon_core.shell:Skip shell extension 'dsv' for command environment
[21.229s] Level 1:colcon.colcon_core.environment:checking '/home/bryan/Workspace/ros2_ws/install/examples_rclpy_minimal_action_server' for CMake module files
[21.231s] Level 1:colcon.colcon_core.environment:checking '/home/bryan/Workspace/ros2_ws/install/examples_rclpy_minimal_action_server' for CMake config files
[21.233s] Level 1:colcon.colcon_core.environment:checking '/home/bryan/Workspace/ros2_ws/install/examples_rclpy_minimal_action_server/lib'
[21.233s] Level 1:colcon.colcon_core.environment:checking '/home/bryan/Workspace/ros2_ws/install/examples_rclpy_minimal_action_server/bin'
[21.234s] Level 1:colcon.colcon_core.environment:checking '/home/bryan/Workspace/ros2_ws/install/examples_rclpy_minimal_action_server/lib/pkgconfig/examples_rclpy_minimal_action_server.pc'
[21.235s] Level 1:colcon.colcon_core.environment:checking '/home/bryan/Workspace/ros2_ws/install/examples_rclpy_minimal_action_server/lib/python3.10/site-packages'
[21.235s] Level 1:colcon.colcon_core.shell:create_environment_hook('examples_rclpy_minimal_action_server', 'pythonpath')
[21.235s] INFO:colcon.colcon_core.shell:Creating environment hook '/home/bryan/Workspace/ros2_ws/install/examples_rclpy_minimal_action_server/share/examples_rclpy_minimal_action_server/hook/pythonpath.ps1'
[21.238s] DEBUG:colcon.colcon_core.event_handler.log_command:Invoking command in '/home/bryan/Workspace/ros2_ws/src/examples/rclpy/services/minimal_client': PYTHONPATH=/home/bryan/Workspace/ros2_ws/build/examples_rclpy_minimal_client/prefix_override:/usr/lib/python3/dist-packages/colcon_core/task/python/colcon_distutils_commands:/home/bryan/Workspace/ros2_ws/install/examples_rclpy_minimal_client/lib/python3.10/site-packages:${PYTHONPATH} /usr/bin/python3 -W ignore:setup.py install is deprecated -W ignore:easy_install command is deprecated setup.py egg_info --egg-base ../../../../../build/examples_rclpy_minimal_client build --build-base /home/bryan/Workspace/ros2_ws/build/examples_rclpy_minimal_client/build install --record /home/bryan/Workspace/ros2_ws/build/examples_rclpy_minimal_client/install.log --single-version-externally-managed install_data
[21.238s] DEBUG:colcon.colcon_core.event_handler.log_command:Invoked command in '/home/bryan/Workspace/ros2_ws/src/examples/rclpy/actions/minimal_action_server' returned '0': PYTHONPATH=/home/bryan/Workspace/ros2_ws/build/examples_rclpy_minimal_action_server/prefix_override:/usr/lib/python3/dist-packages/colcon_core/task/python/colcon_distutils_commands:/home/bryan/Workspace/ros2_ws/install/examples_rclpy_minimal_action_server/lib/python3.10/site-packages:${PYTHONPATH} /usr/bin/python3 -W ignore:setup.py install is deprecated -W ignore:easy_install command is deprecated setup.py egg_info --egg-base ../../../../../build/examples_rclpy_minimal_action_server build --build-base /home/bryan/Workspace/ros2_ws/build/examples_rclpy_minimal_action_server/build install --record /home/bryan/Workspace/ros2_ws/build/examples_rclpy_minimal_action_server/install.log --single-version-externally-managed install_data
[21.238s] INFO:colcon.colcon_core.shell:Creating environment descriptor '/home/bryan/Workspace/ros2_ws/install/examples_rclpy_minimal_action_server/share/examples_rclpy_minimal_action_server/hook/pythonpath.dsv'
[21.239s] INFO:colcon.colcon_core.shell:Creating environment hook '/home/bryan/Workspace/ros2_ws/install/examples_rclpy_minimal_action_server/share/examples_rclpy_minimal_action_server/hook/pythonpath.sh'
[21.240s] Level 1:colcon.colcon_core.environment:checking '/home/bryan/Workspace/ros2_ws/install/examples_rclpy_minimal_action_server/bin'
[21.241s] Level 1:colcon.colcon_core.environment:create_environment_scripts_only(examples_rclpy_minimal_action_server)
[21.241s] INFO:colcon.colcon_core.shell:Creating package script '/home/bryan/Workspace/ros2_ws/install/examples_rclpy_minimal_action_server/share/examples_rclpy_minimal_action_server/package.ps1'
[21.242s] INFO:colcon.colcon_core.shell:Creating package descriptor '/home/bryan/Workspace/ros2_ws/install/examples_rclpy_minimal_action_server/share/examples_rclpy_minimal_action_server/package.dsv'
[21.244s] INFO:colcon.colcon_core.shell:Creating package script '/home/bryan/Workspace/ros2_ws/install/examples_rclpy_minimal_action_server/share/examples_rclpy_minimal_action_server/package.sh'
[21.246s] INFO:colcon.colcon_core.shell:Creating package script '/home/bryan/Workspace/ros2_ws/install/examples_rclpy_minimal_action_server/share/examples_rclpy_minimal_action_server/package.bash'
[21.246s] INFO:colcon.colcon_core.shell:Creating package script '/home/bryan/Workspace/ros2_ws/install/examples_rclpy_minimal_action_server/share/examples_rclpy_minimal_action_server/package.zsh'
[21.247s] Level 1:colcon.colcon_core.environment:create_file_with_runtime_dependencies(/home/bryan/Workspace/ros2_ws/install/examples_rclpy_minimal_action_server/share/colcon-core/packages/examples_rclpy_minimal_action_server)
[21.248s] INFO:colcon.colcon_ros.task.ament_python.build:Building ROS package in '/home/bryan/Workspace/ros2_ws/src/examples/rclpy/services/minimal_service' with build type 'ament_python'
[21.249s] Level 1:colcon.colcon_core.shell:create_environment_hook('examples_rclpy_minimal_service', 'ament_prefix_path')
[21.249s] INFO:colcon.colcon_core.shell:Creating environment hook '/home/bryan/Workspace/ros2_ws/install/examples_rclpy_minimal_service/share/examples_rclpy_minimal_service/hook/ament_prefix_path.ps1'
[21.251s] INFO:colcon.colcon_core.shell:Creating environment descriptor '/home/bryan/Workspace/ros2_ws/install/examples_rclpy_minimal_service/share/examples_rclpy_minimal_service/hook/ament_prefix_path.dsv'
[21.252s] INFO:colcon.colcon_core.shell:Creating environment hook '/home/bryan/Workspace/ros2_ws/install/examples_rclpy_minimal_service/share/examples_rclpy_minimal_service/hook/ament_prefix_path.sh'
[21.253s] INFO:colcon.colcon_core.shell:Skip shell extension 'powershell' for command environment: Not usable outside of PowerShell
[21.253s] DEBUG:colcon.colcon_core.shell:Skip shell extension 'dsv' for command environment
[22.252s] INFO:colcon.colcon_core.task.python.build:Building Python package in '/home/bryan/Workspace/ros2_ws/src/examples/rclpy/services/minimal_service'
[22.253s] INFO:colcon.colcon_core.shell:Skip shell extension 'powershell' for command environment: Not usable outside of PowerShell
[22.253s] DEBUG:colcon.colcon_core.shell:Skip shell extension 'dsv' for command environment
[22.329s] DEBUG:colcon.colcon_core.event_handler.log_command:Invoking command in '/home/bryan/Workspace/ros2_ws/src/examples/rclpy/topics/minimal_publisher': PYTHONPATH=/home/bryan/Workspace/ros2_ws/build/examples_rclpy_minimal_publisher/prefix_override:/usr/lib/python3/dist-packages/colcon_core/task/python/colcon_distutils_commands:/home/bryan/Workspace/ros2_ws/install/examples_rclpy_minimal_publisher/lib/python3.10/site-packages:${PYTHONPATH} /usr/bin/python3 -W ignore:setup.py install is deprecated -W ignore:easy_install command is deprecated setup.py egg_info --egg-base ../../../../../build/examples_rclpy_minimal_publisher build --build-base /home/bryan/Workspace/ros2_ws/build/examples_rclpy_minimal_publisher/build install --record /home/bryan/Workspace/ros2_ws/build/examples_rclpy_minimal_publisher/install.log --single-version-externally-managed install_data
[22.331s] Level 1:colcon.colcon_core.environment:checking '/home/bryan/Workspace/ros2_ws/install/examples_rclpy_minimal_client' for CMake module files
[22.333s] Level 1:colcon.colcon_core.environment:checking '/home/bryan/Workspace/ros2_ws/install/examples_rclpy_minimal_client' for CMake config files
[22.333s] DEBUG:colcon.colcon_core.event_handler.log_command:Invoked command in '/home/bryan/Workspace/ros2_ws/src/examples/rclpy/services/minimal_client' returned '0': PYTHONPATH=/home/bryan/Workspace/ros2_ws/build/examples_rclpy_minimal_client/prefix_override:/usr/lib/python3/dist-packages/colcon_core/task/python/colcon_distutils_commands:/home/bryan/Workspace/ros2_ws/install/examples_rclpy_minimal_client/lib/python3.10/site-packages:${PYTHONPATH} /usr/bin/python3 -W ignore:setup.py install is deprecated -W ignore:easy_install command is deprecated setup.py egg_info --egg-base ../../../../../build/examples_rclpy_minimal_client build --build-base /home/bryan/Workspace/ros2_ws/build/examples_rclpy_minimal_client/build install --record /home/bryan/Workspace/ros2_ws/build/examples_rclpy_minimal_client/install.log --single-version-externally-managed install_data
[22.335s] Level 1:colcon.colcon_core.environment:checking '/home/bryan/Workspace/ros2_ws/install/examples_rclpy_minimal_client/lib'
[22.335s] Level 1:colcon.colcon_core.environment:checking '/home/bryan/Workspace/ros2_ws/install/examples_rclpy_minimal_client/bin'
[22.336s] Level 1:colcon.colcon_core.environment:checking '/home/bryan/Workspace/ros2_ws/install/examples_rclpy_minimal_client/lib/pkgconfig/examples_rclpy_minimal_client.pc'
[22.336s] Level 1:colcon.colcon_core.environment:checking '/home/bryan/Workspace/ros2_ws/install/examples_rclpy_minimal_client/lib/python3.10/site-packages'
[22.336s] Level 1:colcon.colcon_core.shell:create_environment_hook('examples_rclpy_minimal_client', 'pythonpath')
[22.336s] INFO:colcon.colcon_core.shell:Creating environment hook '/home/bryan/Workspace/ros2_ws/install/examples_rclpy_minimal_client/share/examples_rclpy_minimal_client/hook/pythonpath.ps1'
[22.338s] INFO:colcon.colcon_core.shell:Creating environment descriptor '/home/bryan/Workspace/ros2_ws/install/examples_rclpy_minimal_client/share/examples_rclpy_minimal_client/hook/pythonpath.dsv'
[22.338s] INFO:colcon.colcon_core.shell:Creating environment hook '/home/bryan/Workspace/ros2_ws/install/examples_rclpy_minimal_client/share/examples_rclpy_minimal_client/hook/pythonpath.sh'
[22.340s] Level 1:colcon.colcon_core.environment:checking '/home/bryan/Workspace/ros2_ws/install/examples_rclpy_minimal_client/bin'
[22.340s] Level 1:colcon.colcon_core.environment:create_environment_scripts_only(examples_rclpy_minimal_client)
[22.341s] INFO:colcon.colcon_core.shell:Creating package script '/home/bryan/Workspace/ros2_ws/install/examples_rclpy_minimal_client/share/examples_rclpy_minimal_client/package.ps1'
[22.342s] INFO:colcon.colcon_core.shell:Creating package descriptor '/home/bryan/Workspace/ros2_ws/install/examples_rclpy_minimal_client/share/examples_rclpy_minimal_client/package.dsv'
[22.343s] INFO:colcon.colcon_core.shell:Creating package script '/home/bryan/Workspace/ros2_ws/install/examples_rclpy_minimal_client/share/examples_rclpy_minimal_client/package.sh'
[22.344s] INFO:colcon.colcon_core.shell:Creating package script '/home/bryan/Workspace/ros2_ws/install/examples_rclpy_minimal_client/share/examples_rclpy_minimal_client/package.bash'
[22.345s] INFO:colcon.colcon_core.shell:Creating package script '/home/bryan/Workspace/ros2_ws/install/examples_rclpy_minimal_client/share/examples_rclpy_minimal_client/package.zsh'
[22.346s] Level 1:colcon.colcon_core.environment:create_file_with_runtime_dependencies(/home/bryan/Workspace/ros2_ws/install/examples_rclpy_minimal_client/share/colcon-core/packages/examples_rclpy_minimal_client)
[22.348s] INFO:colcon.colcon_ros.task.ament_python.build:Building ROS package in '/home/bryan/Workspace/ros2_ws/src/examples/rclpy/topics/minimal_subscriber' with build type 'ament_python'
[22.349s] Level 1:colcon.colcon_core.shell:create_environment_hook('examples_rclpy_minimal_subscriber', 'ament_prefix_path')
[22.349s] INFO:colcon.colcon_core.shell:Creating environment hook '/home/bryan/Workspace/ros2_ws/install/examples_rclpy_minimal_subscriber/share/examples_rclpy_minimal_subscriber/hook/ament_prefix_path.ps1'
[22.351s] INFO:colcon.colcon_core.shell:Creating environment descriptor '/home/bryan/Workspace/ros2_ws/install/examples_rclpy_minimal_subscriber/share/examples_rclpy_minimal_subscriber/hook/ament_prefix_path.dsv'
[22.353s] INFO:colcon.colcon_core.shell:Creating environment hook '/home/bryan/Workspace/ros2_ws/install/examples_rclpy_minimal_subscriber/share/examples_rclpy_minimal_subscriber/hook/ament_prefix_path.sh'
[22.355s] INFO:colcon.colcon_core.shell:Skip shell extension 'powershell' for command environment: Not usable outside of PowerShell
[22.355s] DEBUG:colcon.colcon_core.shell:Skip shell extension 'dsv' for command environment
[22.790s] INFO:colcon.colcon_core.task.python.build:Building Python package in '/home/bryan/Workspace/ros2_ws/src/examples/rclpy/topics/minimal_subscriber'
[22.790s] INFO:colcon.colcon_core.shell:Skip shell extension 'powershell' for command environment: Not usable outside of PowerShell
[22.791s] DEBUG:colcon.colcon_core.shell:Skip shell extension 'dsv' for command environment
[22.896s] DEBUG:colcon.colcon_core.event_handler.log_command:Invoked command in '/home/bryan/Workspace/ros2_ws/src/examples/rclpy/topics/minimal_publisher' returned '0': PYTHONPATH=/home/bryan/Workspace/ros2_ws/build/examples_rclpy_minimal_publisher/prefix_override:/usr/lib/python3/dist-packages/colcon_core/task/python/colcon_distutils_commands:/home/bryan/Workspace/ros2_ws/install/examples_rclpy_minimal_publisher/lib/python3.10/site-packages:${PYTHONPATH} /usr/bin/python3 -W ignore:setup.py install is deprecated -W ignore:easy_install command is deprecated setup.py egg_info --egg-base ../../../../../build/examples_rclpy_minimal_publisher build --build-base /home/bryan/Workspace/ros2_ws/build/examples_rclpy_minimal_publisher/build install --record /home/bryan/Workspace/ros2_ws/build/examples_rclpy_minimal_publisher/install.log --single-version-externally-managed install_data
[22.875s] Level 1:colcon.colcon_core.environment:checking '/home/bryan/Workspace/ros2_ws/install/examples_rclpy_minimal_publisher' for CMake module files
[22.899s] Level 1:colcon.colcon_core.environment:checking '/home/bryan/Workspace/ros2_ws/install/examples_rclpy_minimal_publisher' for CMake config files
[22.904s] Level 1:colcon.colcon_core.environment:checking '/home/bryan/Workspace/ros2_ws/install/examples_rclpy_minimal_publisher/lib'
[22.904s] Level 1:colcon.colcon_core.environment:checking '/home/bryan/Workspace/ros2_ws/install/examples_rclpy_minimal_publisher/bin'
[22.904s] Level 1:colcon.colcon_core.environment:checking '/home/bryan/Workspace/ros2_ws/install/examples_rclpy_minimal_publisher/lib/pkgconfig/examples_rclpy_minimal_publisher.pc'
[22.905s] Level 1:colcon.colcon_core.environment:checking '/home/bryan/Workspace/ros2_ws/install/examples_rclpy_minimal_publisher/lib/python3.10/site-packages'
[22.905s] Level 1:colcon.colcon_core.shell:create_environment_hook('examples_rclpy_minimal_publisher', 'pythonpath')
[22.905s] INFO:colcon.colcon_core.shell:Creating environment hook '/home/bryan/Workspace/ros2_ws/install/examples_rclpy_minimal_publisher/share/examples_rclpy_minimal_publisher/hook/pythonpath.ps1'
[22.906s] INFO:colcon.colcon_core.shell:Creating environment descriptor '/home/bryan/Workspace/ros2_ws/install/examples_rclpy_minimal_publisher/share/examples_rclpy_minimal_publisher/hook/pythonpath.dsv'
[22.922s] INFO:colcon.colcon_core.shell:Creating environment hook '/home/bryan/Workspace/ros2_ws/install/examples_rclpy_minimal_publisher/share/examples_rclpy_minimal_publisher/hook/pythonpath.sh'
[22.925s] Level 1:colcon.colcon_core.environment:checking '/home/bryan/Workspace/ros2_ws/install/examples_rclpy_minimal_publisher/bin'
[22.925s] Level 1:colcon.colcon_core.environment:create_environment_scripts_only(examples_rclpy_minimal_publisher)
[22.926s] INFO:colcon.colcon_core.shell:Creating package script '/home/bryan/Workspace/ros2_ws/install/examples_rclpy_minimal_publisher/share/examples_rclpy_minimal_publisher/package.ps1'
[22.950s] INFO:colcon.colcon_core.shell:Creating package descriptor '/home/bryan/Workspace/ros2_ws/install/examples_rclpy_minimal_publisher/share/examples_rclpy_minimal_publisher/package.dsv'
[22.958s] INFO:colcon.colcon_core.shell:Creating package script '/home/bryan/Workspace/ros2_ws/install/examples_rclpy_minimal_publisher/share/examples_rclpy_minimal_publisher/package.sh'
[22.967s] INFO:colcon.colcon_core.shell:Creating package script '/home/bryan/Workspace/ros2_ws/install/examples_rclpy_minimal_publisher/share/examples_rclpy_minimal_publisher/package.bash'
[22.968s] INFO:colcon.colcon_core.shell:Creating package script '/home/bryan/Workspace/ros2_ws/install/examples_rclpy_minimal_publisher/share/examples_rclpy_minimal_publisher/package.zsh'
[23.051s] Level 1:colcon.colcon_core.environment:create_file_with_runtime_dependencies(/home/bryan/Workspace/ros2_ws/install/examples_rclpy_minimal_publisher/share/colcon-core/packages/examples_rclpy_minimal_publisher)
[23.052s] INFO:colcon.colcon_ros.task.ament_python.build:Building ROS package in '/home/bryan/Workspace/ros2_ws/src/examples/rclpy/topics/pointcloud_publisher' with build type 'ament_python'
[23.053s] Level 1:colcon.colcon_core.shell:create_environment_hook('examples_rclpy_pointcloud_publisher', 'ament_prefix_path')
[23.054s] INFO:colcon.colcon_core.shell:Creating environment hook '/home/bryan/Workspace/ros2_ws/install/examples_rclpy_pointcloud_publisher/share/examples_rclpy_pointcloud_publisher/hook/ament_prefix_path.ps1'
[23.056s] INFO:colcon.colcon_core.shell:Creating environment descriptor '/home/bryan/Workspace/ros2_ws/install/examples_rclpy_pointcloud_publisher/share/examples_rclpy_pointcloud_publisher/hook/ament_prefix_path.dsv'
[23.059s] INFO:colcon.colcon_core.shell:Creating environment hook '/home/bryan/Workspace/ros2_ws/install/examples_rclpy_pointcloud_publisher/share/examples_rclpy_pointcloud_publisher/hook/ament_prefix_path.sh'
[23.060s] INFO:colcon.colcon_core.shell:Skip shell extension 'powershell' for command environment: Not usable outside of PowerShell
[23.061s] DEBUG:colcon.colcon_core.shell:Skip shell extension 'dsv' for command environment
[23.814s] INFO:colcon.colcon_core.task.python.build:Building Python package in '/home/bryan/Workspace/ros2_ws/src/examples/rclpy/topics/pointcloud_publisher'
[23.816s] INFO:colcon.colcon_core.shell:Skip shell extension 'powershell' for command environment: Not usable outside of PowerShell
[23.816s] DEBUG:colcon.colcon_core.shell:Skip shell extension 'dsv' for command environment
[23.838s] DEBUG:colcon.colcon_core.event_handler.log_command:Invoking command in '/home/bryan/Workspace/ros2_ws/src/examples/rclpy/services/minimal_service': PYTHONPATH=/home/bryan/Workspace/ros2_ws/build/examples_rclpy_minimal_service/prefix_override:/usr/lib/python3/dist-packages/colcon_core/task/python/colcon_distutils_commands:/home/bryan/Workspace/ros2_ws/install/examples_rclpy_minimal_service/lib/python3.10/site-packages:${PYTHONPATH} /usr/bin/python3 -W ignore:setup.py install is deprecated -W ignore:easy_install command is deprecated setup.py egg_info --egg-base ../../../../../build/examples_rclpy_minimal_service build --build-base /home/bryan/Workspace/ros2_ws/build/examples_rclpy_minimal_service/build install --record /home/bryan/Workspace/ros2_ws/build/examples_rclpy_minimal_service/install.log --single-version-externally-managed install_data
[24.113s] DEBUG:colcon.colcon_core.event_handler.log_command:Invoking command in '/home/bryan/Workspace/ros2_ws/src/examples/rclpy/topics/minimal_subscriber': PYTHONPATH=/home/bryan/Workspace/ros2_ws/build/examples_rclpy_minimal_subscriber/prefix_override:/usr/lib/python3/dist-packages/colcon_core/task/python/colcon_distutils_commands:/home/bryan/Workspace/ros2_ws/install/examples_rclpy_minimal_subscriber/lib/python3.10/site-packages:${PYTHONPATH} /usr/bin/python3 -W ignore:setup.py install is deprecated -W ignore:easy_install command is deprecated setup.py egg_info --egg-base ../../../../../build/examples_rclpy_minimal_subscriber build --build-base /home/bryan/Workspace/ros2_ws/build/examples_rclpy_minimal_subscriber/build install --record /home/bryan/Workspace/ros2_ws/build/examples_rclpy_minimal_subscriber/install.log --single-version-externally-managed install_data
[24.513s] Level 1:colcon.colcon_core.environment:checking '/home/bryan/Workspace/ros2_ws/install/examples_rclpy_minimal_service' for CMake module files
[24.515s] DEBUG:colcon.colcon_core.event_handler.log_command:Invoked command in '/home/bryan/Workspace/ros2_ws/src/examples/rclpy/services/minimal_service' returned '0': PYTHONPATH=/home/bryan/Workspace/ros2_ws/build/examples_rclpy_minimal_service/prefix_override:/usr/lib/python3/dist-packages/colcon_core/task/python/colcon_distutils_commands:/home/bryan/Workspace/ros2_ws/install/examples_rclpy_minimal_service/lib/python3.10/site-packages:${PYTHONPATH} /usr/bin/python3 -W ignore:setup.py install is deprecated -W ignore:easy_install command is deprecated setup.py egg_info --egg-base ../../../../../build/examples_rclpy_minimal_service build --build-base /home/bryan/Workspace/ros2_ws/build/examples_rclpy_minimal_service/build install --record /home/bryan/Workspace/ros2_ws/build/examples_rclpy_minimal_service/install.log --single-version-externally-managed install_data
[24.519s] Level 1:colcon.colcon_core.environment:checking '/home/bryan/Workspace/ros2_ws/install/examples_rclpy_minimal_service' for CMake config files
[24.520s] Level 1:colcon.colcon_core.environment:checking '/home/bryan/Workspace/ros2_ws/install/examples_rclpy_minimal_service/lib'
[24.520s] Level 1:colcon.colcon_core.environment:checking '/home/bryan/Workspace/ros2_ws/install/examples_rclpy_minimal_service/bin'
[24.520s] Level 1:colcon.colcon_core.environment:checking '/home/bryan/Workspace/ros2_ws/install/examples_rclpy_minimal_service/lib/pkgconfig/examples_rclpy_minimal_service.pc'
[24.522s] Level 1:colcon.colcon_core.environment:checking '/home/bryan/Workspace/ros2_ws/install/examples_rclpy_minimal_service/lib/python3.10/site-packages'
[24.522s] Level 1:colcon.colcon_core.shell:create_environment_hook('examples_rclpy_minimal_service', 'pythonpath')
[24.522s] INFO:colcon.colcon_core.shell:Creating environment hook '/home/bryan/Workspace/ros2_ws/install/examples_rclpy_minimal_service/share/examples_rclpy_minimal_service/hook/pythonpath.ps1'
[24.524s] INFO:colcon.colcon_core.shell:Creating environment descriptor '/home/bryan/Workspace/ros2_ws/install/examples_rclpy_minimal_service/share/examples_rclpy_minimal_service/hook/pythonpath.dsv'
[24.526s] INFO:colcon.colcon_core.shell:Creating environment hook '/home/bryan/Workspace/ros2_ws/install/examples_rclpy_minimal_service/share/examples_rclpy_minimal_service/hook/pythonpath.sh'
[24.529s] Level 1:colcon.colcon_core.environment:checking '/home/bryan/Workspace/ros2_ws/install/examples_rclpy_minimal_service/bin'
[24.529s] Level 1:colcon.colcon_core.environment:create_environment_scripts_only(examples_rclpy_minimal_service)
[24.530s] INFO:colcon.colcon_core.shell:Creating package script '/home/bryan/Workspace/ros2_ws/install/examples_rclpy_minimal_service/share/examples_rclpy_minimal_service/package.ps1'
[24.532s] INFO:colcon.colcon_core.shell:Creating package descriptor '/home/bryan/Workspace/ros2_ws/install/examples_rclpy_minimal_service/share/examples_rclpy_minimal_service/package.dsv'
[24.534s] INFO:colcon.colcon_core.shell:Creating package script '/home/bryan/Workspace/ros2_ws/install/examples_rclpy_minimal_service/share/examples_rclpy_minimal_service/package.sh'
[24.536s] INFO:colcon.colcon_core.shell:Creating package script '/home/bryan/Workspace/ros2_ws/install/examples_rclpy_minimal_service/share/examples_rclpy_minimal_service/package.bash'
[24.538s] INFO:colcon.colcon_core.shell:Creating package script '/home/bryan/Workspace/ros2_ws/install/examples_rclpy_minimal_service/share/examples_rclpy_minimal_service/package.zsh'
[24.540s] Level 1:colcon.colcon_core.environment:create_file_with_runtime_dependencies(/home/bryan/Workspace/ros2_ws/install/examples_rclpy_minimal_service/share/colcon-core/packages/examples_rclpy_minimal_service)
[24.543s] INFO:colcon.colcon_ros.task.ament_python.build:Building ROS package in '/home/bryan/Workspace/ros2_ws/first_package' with build type 'ament_python'
[24.545s] Level 1:colcon.colcon_core.shell:create_environment_hook('first_package', 'ament_prefix_path')
[24.548s] INFO:colcon.colcon_core.shell:Creating environment hook '/home/bryan/Workspace/ros2_ws/install/first_package/share/first_package/hook/ament_prefix_path.ps1'
[24.555s] INFO:colcon.colcon_core.shell:Creating environment descriptor '/home/bryan/Workspace/ros2_ws/install/first_package/share/first_package/hook/ament_prefix_path.dsv'
[24.566s] INFO:colcon.colcon_core.shell:Creating environment hook '/home/bryan/Workspace/ros2_ws/install/first_package/share/first_package/hook/ament_prefix_path.sh'
[24.572s] INFO:colcon.colcon_core.shell:Skip shell extension 'powershell' for command environment: Not usable outside of PowerShell
[24.572s] DEBUG:colcon.colcon_core.shell:Skip shell extension 'dsv' for command environment
[25.169s] INFO:colcon.colcon_core.task.python.build:Building Python package in '/home/bryan/Workspace/ros2_ws/first_package'
[25.170s] INFO:colcon.colcon_core.shell:Skip shell extension 'powershell' for command environment: Not usable outside of PowerShell
[25.170s] DEBUG:colcon.colcon_core.shell:Skip shell extension 'dsv' for command environment
[25.199s] Level 1:colcon.colcon_core.environment:checking '/home/bryan/Workspace/ros2_ws/install/examples_rclpy_minimal_subscriber' for CMake module files
[25.208s] Level 1:colcon.colcon_core.environment:checking '/home/bryan/Workspace/ros2_ws/install/examples_rclpy_minimal_subscriber' for CMake config files
[25.203s] DEBUG:colcon.colcon_core.event_handler.log_command:Invoking command in '/home/bryan/Workspace/ros2_ws/src/examples/rclpy/topics/pointcloud_publisher': PYTHONPATH=/home/bryan/Workspace/ros2_ws/build/examples_rclpy_pointcloud_publisher/prefix_override:/usr/lib/python3/dist-packages/colcon_core/task/python/colcon_distutils_commands:/home/bryan/Workspace/ros2_ws/install/examples_rclpy_pointcloud_publisher/lib/python3.10/site-packages:${PYTHONPATH} /usr/bin/python3 -W ignore:setup.py install is deprecated -W ignore:easy_install command is deprecated setup.py egg_info --egg-base ../../../../../build/examples_rclpy_pointcloud_publisher build --build-base /home/bryan/Workspace/ros2_ws/build/examples_rclpy_pointcloud_publisher/build install --record /home/bryan/Workspace/ros2_ws/build/examples_rclpy_pointcloud_publisher/install.log --single-version-externally-managed install_data
[25.224s] DEBUG:colcon.colcon_core.event_handler.log_command:Invoked command in '/home/bryan/Workspace/ros2_ws/src/examples/rclpy/topics/minimal_subscriber' returned '0': PYTHONPATH=/home/bryan/Workspace/ros2_ws/build/examples_rclpy_minimal_subscriber/prefix_override:/usr/lib/python3/dist-packages/colcon_core/task/python/colcon_distutils_commands:/home/bryan/Workspace/ros2_ws/install/examples_rclpy_minimal_subscriber/lib/python3.10/site-packages:${PYTHONPATH} /usr/bin/python3 -W ignore:setup.py install is deprecated -W ignore:easy_install command is deprecated setup.py egg_info --egg-base ../../../../../build/examples_rclpy_minimal_subscriber build --build-base /home/bryan/Workspace/ros2_ws/build/examples_rclpy_minimal_subscriber/build install --record /home/bryan/Workspace/ros2_ws/build/examples_rclpy_minimal_subscriber/install.log --single-version-externally-managed install_data
[25.253s] Level 1:colcon.colcon_core.environment:checking '/home/bryan/Workspace/ros2_ws/install/examples_rclpy_minimal_subscriber/lib'
[25.253s] Level 1:colcon.colcon_core.environment:checking '/home/bryan/Workspace/ros2_ws/install/examples_rclpy_minimal_subscriber/bin'
[25.254s] Level 1:colcon.colcon_core.environment:checking '/home/bryan/Workspace/ros2_ws/install/examples_rclpy_minimal_subscriber/lib/pkgconfig/examples_rclpy_minimal_subscriber.pc'
[25.254s] Level 1:colcon.colcon_core.environment:checking '/home/bryan/Workspace/ros2_ws/install/examples_rclpy_minimal_subscriber/lib/python3.10/site-packages'
[25.255s] Level 1:colcon.colcon_core.shell:create_environment_hook('examples_rclpy_minimal_subscriber', 'pythonpath')
[25.255s] INFO:colcon.colcon_core.shell:Creating environment hook '/home/bryan/Workspace/ros2_ws/install/examples_rclpy_minimal_subscriber/share/examples_rclpy_minimal_subscriber/hook/pythonpath.ps1'
[25.262s] INFO:colcon.colcon_core.shell:Creating environment descriptor '/home/bryan/Workspace/ros2_ws/install/examples_rclpy_minimal_subscriber/share/examples_rclpy_minimal_subscriber/hook/pythonpath.dsv'
[25.263s] INFO:colcon.colcon_core.shell:Creating environment hook '/home/bryan/Workspace/ros2_ws/install/examples_rclpy_minimal_subscriber/share/examples_rclpy_minimal_subscriber/hook/pythonpath.sh'
[25.265s] Level 1:colcon.colcon_core.environment:checking '/home/bryan/Workspace/ros2_ws/install/examples_rclpy_minimal_subscriber/bin'
[25.265s] Level 1:colcon.colcon_core.environment:create_environment_scripts_only(examples_rclpy_minimal_subscriber)
[25.266s] INFO:colcon.colcon_core.shell:Creating package script '/home/bryan/Workspace/ros2_ws/install/examples_rclpy_minimal_subscriber/share/examples_rclpy_minimal_subscriber/package.ps1'
[25.266s] INFO:colcon.colcon_core.shell:Creating package descriptor '/home/bryan/Workspace/ros2_ws/install/examples_rclpy_minimal_subscriber/share/examples_rclpy_minimal_subscriber/package.dsv'
[25.267s] INFO:colcon.colcon_core.shell:Creating package script '/home/bryan/Workspace/ros2_ws/install/examples_rclpy_minimal_subscriber/share/examples_rclpy_minimal_subscriber/package.sh'
[25.268s] INFO:colcon.colcon_core.shell:Creating package script '/home/bryan/Workspace/ros2_ws/install/examples_rclpy_minimal_subscriber/share/examples_rclpy_minimal_subscriber/package.bash'
[25.269s] INFO:colcon.colcon_core.shell:Creating package script '/home/bryan/Workspace/ros2_ws/install/examples_rclpy_minimal_subscriber/share/examples_rclpy_minimal_subscriber/package.zsh'
[25.270s] Level 1:colcon.colcon_core.environment:create_file_with_runtime_dependencies(/home/bryan/Workspace/ros2_ws/install/examples_rclpy_minimal_subscriber/share/colcon-core/packages/examples_rclpy_minimal_subscriber)
[25.280s] INFO:colcon.colcon_ros.task.ament_python.build:Building ROS package in '/home/bryan/Workspace/ros2_ws/src/image_converter' with build type 'ament_python'
[25.281s] Level 1:colcon.colcon_core.shell:create_environment_hook('image_converter', 'ament_prefix_path')
[25.282s] INFO:colcon.colcon_core.shell:Creating environment hook '/home/bryan/Workspace/ros2_ws/install/image_converter/share/image_converter/hook/ament_prefix_path.ps1'
[25.298s] INFO:colcon.colcon_core.shell:Creating environment descriptor '/home/bryan/Workspace/ros2_ws/install/image_converter/share/image_converter/hook/ament_prefix_path.dsv'
[25.308s] INFO:colcon.colcon_core.shell:Creating environment hook '/home/bryan/Workspace/ros2_ws/install/image_converter/share/image_converter/hook/ament_prefix_path.sh'
[25.311s] INFO:colcon.colcon_core.shell:Skip shell extension 'powershell' for command environment: Not usable outside of PowerShell
[25.311s] DEBUG:colcon.colcon_core.shell:Skip shell extension 'dsv' for command environment
[25.976s] INFO:colcon.colcon_core.task.python.build:Building Python package in '/home/bryan/Workspace/ros2_ws/src/image_converter'
[25.977s] INFO:colcon.colcon_core.shell:Skip shell extension 'powershell' for command environment: Not usable outside of PowerShell
[25.978s] DEBUG:colcon.colcon_core.shell:Skip shell extension 'dsv' for command environment
[26.066s] Level 1:colcon.colcon_core.environment:checking '/home/bryan/Workspace/ros2_ws/install/examples_rclpy_pointcloud_publisher' for CMake module files
[26.083s] DEBUG:colcon.colcon_core.event_handler.log_command:Invoking command in '/home/bryan/Workspace/ros2_ws/first_package': PYTHONPATH=/home/bryan/Workspace/ros2_ws/build/first_package/prefix_override:/usr/lib/python3/dist-packages/colcon_core/task/python/colcon_distutils_commands:/home/bryan/Workspace/ros2_ws/install/first_package/lib/python3.10/site-packages:${PYTHONPATH} /usr/bin/python3 -W ignore:setup.py install is deprecated -W ignore:easy_install command is deprecated setup.py egg_info --egg-base ../build/first_package build --build-base /home/bryan/Workspace/ros2_ws/build/first_package/build install --record /home/bryan/Workspace/ros2_ws/build/first_package/install.log --single-version-externally-managed install_data
[26.084s] DEBUG:colcon.colcon_core.event_handler.log_command:Invoked command in '/home/bryan/Workspace/ros2_ws/src/examples/rclpy/topics/pointcloud_publisher' returned '0': PYTHONPATH=/home/bryan/Workspace/ros2_ws/build/examples_rclpy_pointcloud_publisher/prefix_override:/usr/lib/python3/dist-packages/colcon_core/task/python/colcon_distutils_commands:/home/bryan/Workspace/ros2_ws/install/examples_rclpy_pointcloud_publisher/lib/python3.10/site-packages:${PYTHONPATH} /usr/bin/python3 -W ignore:setup.py install is deprecated -W ignore:easy_install command is deprecated setup.py egg_info --egg-base ../../../../../build/examples_rclpy_pointcloud_publisher build --build-base /home/bryan/Workspace/ros2_ws/build/examples_rclpy_pointcloud_publisher/build install --record /home/bryan/Workspace/ros2_ws/build/examples_rclpy_pointcloud_publisher/install.log --single-version-externally-managed install_data
[26.085s] Level 1:colcon.colcon_core.environment:checking '/home/bryan/Workspace/ros2_ws/install/examples_rclpy_pointcloud_publisher' for CMake config files
[26.085s] Level 1:colcon.colcon_core.environment:checking '/home/bryan/Workspace/ros2_ws/install/examples_rclpy_pointcloud_publisher/lib'
[26.090s] Level 1:colcon.colcon_core.environment:checking '/home/bryan/Workspace/ros2_ws/install/examples_rclpy_pointcloud_publisher/bin'
[26.119s] Level 1:colcon.colcon_core.environment:checking '/home/bryan/Workspace/ros2_ws/install/examples_rclpy_pointcloud_publisher/lib/pkgconfig/examples_rclpy_pointcloud_publisher.pc'
[26.125s] Level 1:colcon.colcon_core.environment:checking '/home/bryan/Workspace/ros2_ws/install/examples_rclpy_pointcloud_publisher/lib/python3.10/site-packages'
[26.125s] Level 1:colcon.colcon_core.shell:create_environment_hook('examples_rclpy_pointcloud_publisher', 'pythonpath')
[26.126s] INFO:colcon.colcon_core.shell:Creating environment hook '/home/bryan/Workspace/ros2_ws/install/examples_rclpy_pointcloud_publisher/share/examples_rclpy_pointcloud_publisher/hook/pythonpath.ps1'
[26.138s] INFO:colcon.colcon_core.shell:Creating environment descriptor '/home/bryan/Workspace/ros2_ws/install/examples_rclpy_pointcloud_publisher/share/examples_rclpy_pointcloud_publisher/hook/pythonpath.dsv'
[26.141s] INFO:colcon.colcon_core.shell:Creating environment hook '/home/bryan/Workspace/ros2_ws/install/examples_rclpy_pointcloud_publisher/share/examples_rclpy_pointcloud_publisher/hook/pythonpath.sh'
[26.145s] Level 1:colcon.colcon_core.environment:checking '/home/bryan/Workspace/ros2_ws/install/examples_rclpy_pointcloud_publisher/bin'
[26.145s] Level 1:colcon.colcon_core.environment:create_environment_scripts_only(examples_rclpy_pointcloud_publisher)
[26.146s] INFO:colcon.colcon_core.shell:Creating package script '/home/bryan/Workspace/ros2_ws/install/examples_rclpy_pointcloud_publisher/share/examples_rclpy_pointcloud_publisher/package.ps1'
[26.148s] INFO:colcon.colcon_core.shell:Creating package descriptor '/home/bryan/Workspace/ros2_ws/install/examples_rclpy_pointcloud_publisher/share/examples_rclpy_pointcloud_publisher/package.dsv'
[26.150s] INFO:colcon.colcon_core.shell:Creating package script '/home/bryan/Workspace/ros2_ws/install/examples_rclpy_pointcloud_publisher/share/examples_rclpy_pointcloud_publisher/package.sh'
[26.152s] INFO:colcon.colcon_core.shell:Creating package script '/home/bryan/Workspace/ros2_ws/install/examples_rclpy_pointcloud_publisher/share/examples_rclpy_pointcloud_publisher/package.bash'
[26.156s] INFO:colcon.colcon_core.shell:Creating package script '/home/bryan/Workspace/ros2_ws/install/examples_rclpy_pointcloud_publisher/share/examples_rclpy_pointcloud_publisher/package.zsh'
[26.159s] Level 1:colcon.colcon_core.environment:create_file_with_runtime_dependencies(/home/bryan/Workspace/ros2_ws/install/examples_rclpy_pointcloud_publisher/share/colcon-core/packages/examples_rclpy_pointcloud_publisher)
[26.161s] INFO:colcon.colcon_ros.task.ament_python.build:Building ROS package in '/home/bryan/Workspace/ros2_ws/src/examples/launch_testing/launch_testing_examples' with build type 'ament_python'
[26.164s] Level 1:colcon.colcon_core.shell:create_environment_hook('launch_testing_examples', 'ament_prefix_path')
[26.165s] INFO:colcon.colcon_core.shell:Creating environment hook '/home/bryan/Workspace/ros2_ws/install/launch_testing_examples/share/launch_testing_examples/hook/ament_prefix_path.ps1'
[26.166s] INFO:colcon.colcon_core.shell:Creating environment descriptor '/home/bryan/Workspace/ros2_ws/install/launch_testing_examples/share/launch_testing_examples/hook/ament_prefix_path.dsv'
[26.168s] INFO:colcon.colcon_core.shell:Creating environment hook '/home/bryan/Workspace/ros2_ws/install/launch_testing_examples/share/launch_testing_examples/hook/ament_prefix_path.sh'
[26.172s] INFO:colcon.colcon_core.shell:Skip shell extension 'powershell' for command environment: Not usable outside of PowerShell
[26.172s] DEBUG:colcon.colcon_core.shell:Skip shell extension 'dsv' for command environment
[26.891s] INFO:colcon.colcon_core.task.python.build:Building Python package in '/home/bryan/Workspace/ros2_ws/src/examples/launch_testing/launch_testing_examples'
[26.897s] INFO:colcon.colcon_core.shell:Skip shell extension 'powershell' for command environment: Not usable outside of PowerShell
[26.904s] DEBUG:colcon.colcon_core.shell:Skip shell extension 'dsv' for command environment
[26.927s] Level 1:colcon.colcon_core.environment:checking '/home/bryan/Workspace/ros2_ws/install/first_package' for CMake module files
[26.928s] DEBUG:colcon.colcon_core.event_handler.log_command:Invoked command in '/home/bryan/Workspace/ros2_ws/first_package' returned '0': PYTHONPATH=/home/bryan/Workspace/ros2_ws/build/first_package/prefix_override:/usr/lib/python3/dist-packages/colcon_core/task/python/colcon_distutils_commands:/home/bryan/Workspace/ros2_ws/install/first_package/lib/python3.10/site-packages:${PYTHONPATH} /usr/bin/python3 -W ignore:setup.py install is deprecated -W ignore:easy_install command is deprecated setup.py egg_info --egg-base ../build/first_package build --build-base /home/bryan/Workspace/ros2_ws/build/first_package/build install --record /home/bryan/Workspace/ros2_ws/build/first_package/install.log --single-version-externally-managed install_data
[26.933s] Level 1:colcon.colcon_core.environment:checking '/home/bryan/Workspace/ros2_ws/install/first_package' for CMake config files
[26.934s] Level 1:colcon.colcon_core.environment:checking '/home/bryan/Workspace/ros2_ws/install/first_package/lib'
[26.934s] Level 1:colcon.colcon_core.environment:checking '/home/bryan/Workspace/ros2_ws/install/first_package/bin'
[26.935s] Level 1:colcon.colcon_core.environment:checking '/home/bryan/Workspace/ros2_ws/install/first_package/lib/pkgconfig/first_package.pc'
[26.935s] Level 1:colcon.colcon_core.environment:checking '/home/bryan/Workspace/ros2_ws/install/first_package/lib/python3.10/site-packages'
[26.935s] Level 1:colcon.colcon_core.shell:create_environment_hook('first_package', 'pythonpath')
[26.935s] INFO:colcon.colcon_core.shell:Creating environment hook '/home/bryan/Workspace/ros2_ws/install/first_package/share/first_package/hook/pythonpath.ps1'
[26.938s] INFO:colcon.colcon_core.shell:Creating environment descriptor '/home/bryan/Workspace/ros2_ws/install/first_package/share/first_package/hook/pythonpath.dsv'
[26.940s] INFO:colcon.colcon_core.shell:Creating environment hook '/home/bryan/Workspace/ros2_ws/install/first_package/share/first_package/hook/pythonpath.sh'
[26.943s] Level 1:colcon.colcon_core.environment:checking '/home/bryan/Workspace/ros2_ws/install/first_package/bin'
[26.944s] Level 1:colcon.colcon_core.environment:create_environment_scripts_only(first_package)
[26.944s] INFO:colcon.colcon_core.shell:Creating package script '/home/bryan/Workspace/ros2_ws/install/first_package/share/first_package/package.ps1'
[26.946s] INFO:colcon.colcon_core.shell:Creating package descriptor '/home/bryan/Workspace/ros2_ws/install/first_package/share/first_package/package.dsv'
[26.948s] INFO:colcon.colcon_core.shell:Creating package script '/home/bryan/Workspace/ros2_ws/install/first_package/share/first_package/package.sh'
[26.949s] INFO:colcon.colcon_core.shell:Creating package script '/home/bryan/Workspace/ros2_ws/install/first_package/share/first_package/package.bash'
[26.951s] INFO:colcon.colcon_core.shell:Creating package script '/home/bryan/Workspace/ros2_ws/install/first_package/share/first_package/package.zsh'
[26.952s] Level 1:colcon.colcon_core.environment:create_file_with_runtime_dependencies(/home/bryan/Workspace/ros2_ws/install/first_package/share/colcon-core/packages/first_package)
[26.954s] INFO:colcon.colcon_ros.task.ament_python.build:Building ROS package in '/home/bryan/Workspace/ros2_ws/sprint2' with build type 'ament_python'
[26.970s] Level 1:colcon.colcon_core.shell:create_environment_hook('sprint2', 'ament_prefix_path')
[26.972s] INFO:colcon.colcon_core.shell:Creating environment hook '/home/bryan/Workspace/ros2_ws/install/sprint2/share/sprint2/hook/ament_prefix_path.ps1'
[26.974s] INFO:colcon.colcon_core.shell:Creating environment descriptor '/home/bryan/Workspace/ros2_ws/install/sprint2/share/sprint2/hook/ament_prefix_path.dsv'
[26.975s] INFO:colcon.colcon_core.shell:Creating environment hook '/home/bryan/Workspace/ros2_ws/install/sprint2/share/sprint2/hook/ament_prefix_path.sh'
[26.997s] INFO:colcon.colcon_core.shell:Skip shell extension 'powershell' for command environment: Not usable outside of PowerShell
[26.998s] DEBUG:colcon.colcon_core.shell:Skip shell extension 'dsv' for command environment
[27.492s] INFO:colcon.colcon_core.task.python.build:Building Python package in '/home/bryan/Workspace/ros2_ws/sprint2'
[27.495s] INFO:colcon.colcon_core.shell:Skip shell extension 'powershell' for command environment: Not usable outside of PowerShell
[27.495s] DEBUG:colcon.colcon_core.shell:Skip shell extension 'dsv' for command environment
[27.523s] DEBUG:colcon.colcon_core.event_handler.log_command:Invoking command in '/home/bryan/Workspace/ros2_ws/src/image_converter': PYTHONPATH=/home/bryan/Workspace/ros2_ws/build/image_converter/prefix_override:/usr/lib/python3/dist-packages/colcon_core/task/python/colcon_distutils_commands:/home/bryan/Workspace/ros2_ws/install/image_converter/lib/python3.10/site-packages:${PYTHONPATH} /usr/bin/python3 -W ignore:setup.py install is deprecated -W ignore:easy_install command is deprecated setup.py egg_info --egg-base ../../build/image_converter build --build-base /home/bryan/Workspace/ros2_ws/build/image_converter/build install --record /home/bryan/Workspace/ros2_ws/build/image_converter/install.log --single-version-externally-managed install_data
[28.070s] DEBUG:colcon.colcon_core.event_handler.log_command:Invoking command in '/home/bryan/Workspace/ros2_ws/src/examples/launch_testing/launch_testing_examples': PYTHONPATH=/home/bryan/Workspace/ros2_ws/build/launch_testing_examples/prefix_override:/usr/lib/python3/dist-packages/colcon_core/task/python/colcon_distutils_commands:/home/bryan/Workspace/ros2_ws/install/launch_testing_examples/lib/python3.10/site-packages:${PYTHONPATH} /usr/bin/python3 -W ignore:setup.py install is deprecated -W ignore:easy_install command is deprecated setup.py egg_info --egg-base ../../../../build/launch_testing_examples build --build-base /home/bryan/Workspace/ros2_ws/build/launch_testing_examples/build install --record /home/bryan/Workspace/ros2_ws/build/launch_testing_examples/install.log --single-version-externally-managed install_data
[28.306s] DEBUG:colcon.colcon_core.event_handler.log_command:Invoking command in '/home/bryan/Workspace/ros2_ws/sprint2': PYTHONPATH=/home/bryan/Workspace/ros2_ws/build/sprint2/prefix_override:/usr/lib/python3/dist-packages/colcon_core/task/python/colcon_distutils_commands:/home/bryan/Workspace/ros2_ws/install/sprint2/lib/python3.10/site-packages:${PYTHONPATH} /usr/bin/python3 -W ignore:setup.py install is deprecated -W ignore:easy_install command is deprecated setup.py egg_info --egg-base ../build/sprint2 build --build-base /home/bryan/Workspace/ros2_ws/build/sprint2/build install --record /home/bryan/Workspace/ros2_ws/build/sprint2/install.log --single-version-externally-managed install_data
[28.318s] Level 1:colcon.colcon_core.environment:checking '/home/bryan/Workspace/ros2_ws/install/image_converter' for CMake module files
[28.323s] DEBUG:colcon.colcon_core.event_handler.log_command:Invoked command in '/home/bryan/Workspace/ros2_ws/src/image_converter' returned '0': PYTHONPATH=/home/bryan/Workspace/ros2_ws/build/image_converter/prefix_override:/usr/lib/python3/dist-packages/colcon_core/task/python/colcon_distutils_commands:/home/bryan/Workspace/ros2_ws/install/image_converter/lib/python3.10/site-packages:${PYTHONPATH} /usr/bin/python3 -W ignore:setup.py install is deprecated -W ignore:easy_install command is deprecated setup.py egg_info --egg-base ../../build/image_converter build --build-base /home/bryan/Workspace/ros2_ws/build/image_converter/build install --record /home/bryan/Workspace/ros2_ws/build/image_converter/install.log --single-version-externally-managed install_data
[28.327s] Level 1:colcon.colcon_core.environment:checking '/home/bryan/Workspace/ros2_ws/install/image_converter' for CMake config files
[28.328s] Level 1:colcon.colcon_core.environment:checking '/home/bryan/Workspace/ros2_ws/install/image_converter/lib'
[28.332s] Level 1:colcon.colcon_core.environment:checking '/home/bryan/Workspace/ros2_ws/install/image_converter/bin'
[28.332s] Level 1:colcon.colcon_core.environment:checking '/home/bryan/Workspace/ros2_ws/install/image_converter/lib/pkgconfig/image_converter.pc'
[28.333s] Level 1:colcon.colcon_core.environment:checking '/home/bryan/Workspace/ros2_ws/install/image_converter/lib/python3.10/site-packages'
[28.333s] Level 1:colcon.colcon_core.shell:create_environment_hook('image_converter', 'pythonpath')
[28.333s] INFO:colcon.colcon_core.shell:Creating environment hook '/home/bryan/Workspace/ros2_ws/install/image_converter/share/image_converter/hook/pythonpath.ps1'
[28.335s] INFO:colcon.colcon_core.shell:Creating environment descriptor '/home/bryan/Workspace/ros2_ws/install/image_converter/share/image_converter/hook/pythonpath.dsv'
[28.344s] INFO:colcon.colcon_core.shell:Creating environment hook '/home/bryan/Workspace/ros2_ws/install/image_converter/share/image_converter/hook/pythonpath.sh'
[28.444s] Level 1:colcon.colcon_core.environment:checking '/home/bryan/Workspace/ros2_ws/install/image_converter/bin'
[28.444s] Level 1:colcon.colcon_core.environment:create_environment_scripts_only(image_converter)
[28.444s] INFO:colcon.colcon_core.shell:Creating package script '/home/bryan/Workspace/ros2_ws/install/image_converter/share/image_converter/package.ps1'
[28.445s] INFO:colcon.colcon_core.shell:Creating package descriptor '/home/bryan/Workspace/ros2_ws/install/image_converter/share/image_converter/package.dsv'
[28.447s] INFO:colcon.colcon_core.shell:Creating package script '/home/bryan/Workspace/ros2_ws/install/image_converter/share/image_converter/package.sh'
[28.447s] INFO:colcon.colcon_core.shell:Creating package script '/home/bryan/Workspace/ros2_ws/install/image_converter/share/image_converter/package.bash'
[28.448s] INFO:colcon.colcon_core.shell:Creating package script '/home/bryan/Workspace/ros2_ws/install/image_converter/share/image_converter/package.zsh'
[28.449s] Level 1:colcon.colcon_core.environment:create_file_with_runtime_dependencies(/home/bryan/Workspace/ros2_ws/install/image_converter/share/colcon-core/packages/image_converter)
[28.450s] INFO:colcon.colcon_ros.task.ament_python.build:Building ROS package in '/home/bryan/Workspace/ros2_ws/src/vision_opencv/opencv_tests' with build type 'ament_python'
[28.450s] Level 1:colcon.colcon_core.shell:create_environment_hook('opencv_tests', 'ament_prefix_path')
[28.451s] INFO:colcon.colcon_core.shell:Creating environment hook '/home/bryan/Workspace/ros2_ws/install/opencv_tests/share/opencv_tests/hook/ament_prefix_path.ps1'
[28.455s] INFO:colcon.colcon_core.shell:Creating environment descriptor '/home/bryan/Workspace/ros2_ws/install/opencv_tests/share/opencv_tests/hook/ament_prefix_path.dsv'
[28.456s] INFO:colcon.colcon_core.shell:Creating environment hook '/home/bryan/Workspace/ros2_ws/install/opencv_tests/share/opencv_tests/hook/ament_prefix_path.sh'
[28.458s] INFO:colcon.colcon_core.shell:Skip shell extension 'powershell' for command environment: Not usable outside of PowerShell
[28.458s] DEBUG:colcon.colcon_core.shell:Skip shell extension 'dsv' for command environment
[28.532s] Level 1:colcon.colcon_core.environment:checking '/home/bryan/Workspace/ros2_ws/install/launch_testing_examples' for CMake module files
[28.533s] Level 1:colcon.colcon_core.environment:checking '/home/bryan/Workspace/ros2_ws/install/launch_testing_examples' for CMake config files
[28.535s] Level 1:colcon.colcon_core.environment:checking '/home/bryan/Workspace/ros2_ws/install/launch_testing_examples/lib'
[28.538s] Level 1:colcon.colcon_core.environment:checking '/home/bryan/Workspace/ros2_ws/install/launch_testing_examples/bin'
[28.539s] Level 1:colcon.colcon_core.environment:checking '/home/bryan/Workspace/ros2_ws/install/launch_testing_examples/lib/pkgconfig/launch_testing_examples.pc'
[28.539s] Level 1:colcon.colcon_core.environment:checking '/home/bryan/Workspace/ros2_ws/install/launch_testing_examples/lib/python3.10/site-packages'
[28.539s] Level 1:colcon.colcon_core.shell:create_environment_hook('launch_testing_examples', 'pythonpath')
[28.537s] DEBUG:colcon.colcon_core.event_handler.log_command:Invoked command in '/home/bryan/Workspace/ros2_ws/src/examples/launch_testing/launch_testing_examples' returned '0': PYTHONPATH=/home/bryan/Workspace/ros2_ws/build/launch_testing_examples/prefix_override:/usr/lib/python3/dist-packages/colcon_core/task/python/colcon_distutils_commands:/home/bryan/Workspace/ros2_ws/install/launch_testing_examples/lib/python3.10/site-packages:${PYTHONPATH} /usr/bin/python3 -W ignore:setup.py install is deprecated -W ignore:easy_install command is deprecated setup.py egg_info --egg-base ../../../../build/launch_testing_examples build --build-base /home/bryan/Workspace/ros2_ws/build/launch_testing_examples/build install --record /home/bryan/Workspace/ros2_ws/build/launch_testing_examples/install.log --single-version-externally-managed install_data
[28.548s] INFO:colcon.colcon_core.shell:Creating environment hook '/home/bryan/Workspace/ros2_ws/install/launch_testing_examples/share/launch_testing_examples/hook/pythonpath.ps1'
[28.551s] INFO:colcon.colcon_core.shell:Creating environment descriptor '/home/bryan/Workspace/ros2_ws/install/launch_testing_examples/share/launch_testing_examples/hook/pythonpath.dsv'
[28.552s] INFO:colcon.colcon_core.shell:Creating environment hook '/home/bryan/Workspace/ros2_ws/install/launch_testing_examples/share/launch_testing_examples/hook/pythonpath.sh'
[28.553s] Level 1:colcon.colcon_core.environment:checking '/home/bryan/Workspace/ros2_ws/install/launch_testing_examples/bin'
[28.553s] Level 1:colcon.colcon_core.environment:create_environment_scripts_only(launch_testing_examples)
[28.554s] INFO:colcon.colcon_core.shell:Creating package script '/home/bryan/Workspace/ros2_ws/install/launch_testing_examples/share/launch_testing_examples/package.ps1'
[28.571s] INFO:colcon.colcon_core.shell:Creating package descriptor '/home/bryan/Workspace/ros2_ws/install/launch_testing_examples/share/launch_testing_examples/package.dsv'
[28.572s] INFO:colcon.colcon_core.shell:Creating package script '/home/bryan/Workspace/ros2_ws/install/launch_testing_examples/share/launch_testing_examples/package.sh'
[28.573s] INFO:colcon.colcon_core.shell:Creating package script '/home/bryan/Workspace/ros2_ws/install/launch_testing_examples/share/launch_testing_examples/package.bash'
[28.574s] INFO:colcon.colcon_core.shell:Creating package script '/home/bryan/Workspace/ros2_ws/install/launch_testing_examples/share/launch_testing_examples/package.zsh'
[28.575s] Level 1:colcon.colcon_core.environment:create_file_with_runtime_dependencies(/home/bryan/Workspace/ros2_ws/install/launch_testing_examples/share/colcon-core/packages/launch_testing_examples)
[28.576s] INFO:colcon.colcon_ros.task.ament_cmake.build:Building ROS package in '/home/bryan/Workspace/ros2_ws/src/vision_opencv/vision_opencv' with build type 'ament_cmake'
[28.577s] INFO:colcon.colcon_cmake.task.cmake.build:Building CMake package in '/home/bryan/Workspace/ros2_ws/src/vision_opencv/vision_opencv'
[28.577s] INFO:colcon.colcon_core.shell:Skip shell extension 'powershell' for command environment: Not usable outside of PowerShell
[28.577s] DEBUG:colcon.colcon_core.shell:Skip shell extension 'dsv' for command environment
[29.404s] INFO:colcon.colcon_core.task.python.build:Building Python package in '/home/bryan/Workspace/ros2_ws/src/vision_opencv/opencv_tests'
[29.405s] INFO:colcon.colcon_core.shell:Skip shell extension 'powershell' for command environment: Not usable outside of PowerShell
[29.405s] DEBUG:colcon.colcon_core.shell:Skip shell extension 'dsv' for command environment
[29.446s] Level 1:colcon.colcon_core.environment:checking '/home/bryan/Workspace/ros2_ws/install/sprint2' for CMake module files
[29.448s] DEBUG:colcon.colcon_core.event_handler.log_command:Invoking command in '/home/bryan/Workspace/ros2_ws/build/vision_opencv': AMENT_PREFIX_PATH=/home/bryan/Workspace/ros2_ws/install/image_geometry:/home/bryan/Workspace/ros2_ws/install/cv_bridge:${AMENT_PREFIX_PATH} CMAKE_PREFIX_PATH=/home/bryan/Workspace/ros2_ws/install/image_geometry:/home/bryan/Workspace/ros2_ws/install/cv_bridge:/home/bryan/Workspace/ros2_ws/install/image_proc:/home/bryan/Workspace/ros2_ws/install/tracetools_image_pipeline:/home/bryan/Workspace/ros2_ws/install/image_rotate:/home/bryan/Workspace/ros2_ws/install/image_publisher:/home/bryan/Workspace/ros2_ws/install/examples_rclcpp_wait_set:/home/bryan/Workspace/ros2_ws/install/examples_rclcpp_multithreaded_executor:/home/bryan/Workspace/ros2_ws/install/examples_rclcpp_minimal_timer:/home/bryan/Workspace/ros2_ws/install/examples_rclcpp_minimal_subscriber:/home/bryan/Workspace/ros2_ws/install/examples_rclcpp_minimal_service:/home/bryan/Workspace/ros2_ws/install/examples_rclcpp_minimal_publisher:/home/bryan/Workspace/ros2_ws/install/examples_rclcpp_minimal_composition:/home/bryan/Workspace/ros2_ws/install/examples_rclcpp_minimal_client:/home/bryan/Workspace/ros2_ws/install/examples_rclcpp_minimal_action_server:/home/bryan/Workspace/ros2_ws/install/examples_rclcpp_minimal_action_client:/home/bryan/Workspace/ros2_ws/install/examples_rclcpp_cbg_executor:/home/bryan/Workspace/ros2_ws/install/examples_rclcpp_async_client:/home/bryan/Workspace/ros2_ws/install/sprint2:/home/bryan/Workspace/ros2_ws/install/launch_testing_examples:/home/bryan/Workspace/ros2_ws/install/image_converter:/home/bryan/Workspace/ros2_ws/install/first_package:/home/bryan/Workspace/ros2_ws/install/examples_rclpy_pointcloud_publisher:/home/bryan/Workspace/ros2_ws/install/examples_rclpy_minimal_subscriber:/home/bryan/Workspace/ros2_ws/install/examples_rclpy_minimal_service:/home/bryan/Workspace/ros2_ws/install/examples_rclpy_minimal_publisher:/home/bryan/Workspace/ros2_ws/install/examples_rclpy_minimal_client:/home/bryan/Workspace/ros2_ws/install/examples_rclpy_minimal_action_server:/home/bryan/Workspace/ros2_ws/install/examples_rclpy_minimal_action_client:/home/bryan/Workspace/ros2_ws/install/examples_rclpy_guard_conditions:/home/bryan/Workspace/ros2_ws/install/examples_rclpy_executors:/home/bryan/Workspace/ros2_ws/install/camera_calibration:/opt/ros/humble LD_LIBRARY_PATH=/home/bryan/Workspace/ros2_ws/install/image_geometry/lib:/home/bryan/Workspace/ros2_ws/install/cv_bridge/lib:${LD_LIBRARY_PATH} PYTHONPATH=/home/bryan/Workspace/ros2_ws/install/image_geometry/local/lib/python3.10/dist-packages:/home/bryan/Workspace/ros2_ws/install/cv_bridge/local/lib/python3.10/dist-packages:${PYTHONPATH} /usr/bin/cmake --build /home/bryan/Workspace/ros2_ws/build/vision_opencv -- -j3 -l3
[29.448s] DEBUG:colcon.colcon_core.event_handler.log_command:Invoked command in '/home/bryan/Workspace/ros2_ws/sprint2' returned '0': PYTHONPATH=/home/bryan/Workspace/ros2_ws/build/sprint2/prefix_override:/usr/lib/python3/dist-packages/colcon_core/task/python/colcon_distutils_commands:/home/bryan/Workspace/ros2_ws/install/sprint2/lib/python3.10/site-packages:${PYTHONPATH} /usr/bin/python3 -W ignore:setup.py install is deprecated -W ignore:easy_install command is deprecated setup.py egg_info --egg-base ../build/sprint2 build --build-base /home/bryan/Workspace/ros2_ws/build/sprint2/build install --record /home/bryan/Workspace/ros2_ws/build/sprint2/install.log --single-version-externally-managed install_data
[29.450s] Level 1:colcon.colcon_core.environment:checking '/home/bryan/Workspace/ros2_ws/install/sprint2' for CMake config files
[29.452s] Level 1:colcon.colcon_core.environment:checking '/home/bryan/Workspace/ros2_ws/install/sprint2/lib'
[29.452s] Level 1:colcon.colcon_core.environment:checking '/home/bryan/Workspace/ros2_ws/install/sprint2/bin'
[29.452s] Level 1:colcon.colcon_core.environment:checking '/home/bryan/Workspace/ros2_ws/install/sprint2/lib/pkgconfig/sprint2.pc'
[29.456s] Level 1:colcon.colcon_core.environment:checking '/home/bryan/Workspace/ros2_ws/install/sprint2/lib/python3.10/site-packages'
[29.456s] Level 1:colcon.colcon_core.shell:create_environment_hook('sprint2', 'pythonpath')
[29.456s] INFO:colcon.colcon_core.shell:Creating environment hook '/home/bryan/Workspace/ros2_ws/install/sprint2/share/sprint2/hook/pythonpath.ps1'
[29.460s] INFO:colcon.colcon_core.shell:Creating environment descriptor '/home/bryan/Workspace/ros2_ws/install/sprint2/share/sprint2/hook/pythonpath.dsv'
[29.462s] INFO:colcon.colcon_core.shell:Creating environment hook '/home/bryan/Workspace/ros2_ws/install/sprint2/share/sprint2/hook/pythonpath.sh'
[29.464s] Level 1:colcon.colcon_core.environment:checking '/home/bryan/Workspace/ros2_ws/install/sprint2/bin'
[29.464s] Level 1:colcon.colcon_core.environment:create_environment_scripts_only(sprint2)
[29.465s] INFO:colcon.colcon_core.shell:Creating package script '/home/bryan/Workspace/ros2_ws/install/sprint2/share/sprint2/package.ps1'
[29.467s] INFO:colcon.colcon_core.shell:Creating package descriptor '/home/bryan/Workspace/ros2_ws/install/sprint2/share/sprint2/package.dsv'
[29.469s] INFO:colcon.colcon_core.shell:Creating package script '/home/bryan/Workspace/ros2_ws/install/sprint2/share/sprint2/package.sh'
[29.470s] INFO:colcon.colcon_core.shell:Creating package script '/home/bryan/Workspace/ros2_ws/install/sprint2/share/sprint2/package.bash'
[29.472s] INFO:colcon.colcon_core.shell:Creating package script '/home/bryan/Workspace/ros2_ws/install/sprint2/share/sprint2/package.zsh'
[29.473s] Level 1:colcon.colcon_core.environment:create_file_with_runtime_dependencies(/home/bryan/Workspace/ros2_ws/install/sprint2/share/colcon-core/packages/sprint2)
[29.475s] INFO:colcon.colcon_ros.task.ament_cmake.build:Building ROS package in '/home/bryan/Workspace/ros2_ws/image_pipeline/image_pipeline' with build type 'ament_cmake'
[29.475s] INFO:colcon.colcon_cmake.task.cmake.build:Building CMake package in '/home/bryan/Workspace/ros2_ws/image_pipeline/image_pipeline'
[29.476s] INFO:colcon.colcon_core.shell:Skip shell extension 'powershell' for command environment: Not usable outside of PowerShell
[29.476s] DEBUG:colcon.colcon_core.shell:Skip shell extension 'dsv' for command environment
[29.664s] DEBUG:colcon.colcon_core.event_handler.log_command:Invoked command in '/home/bryan/Workspace/ros2_ws/build/vision_opencv' returned '0': AMENT_PREFIX_PATH=/home/bryan/Workspace/ros2_ws/install/image_geometry:/home/bryan/Workspace/ros2_ws/install/cv_bridge:${AMENT_PREFIX_PATH} CMAKE_PREFIX_PATH=/home/bryan/Workspace/ros2_ws/install/image_geometry:/home/bryan/Workspace/ros2_ws/install/cv_bridge:/home/bryan/Workspace/ros2_ws/install/image_proc:/home/bryan/Workspace/ros2_ws/install/tracetools_image_pipeline:/home/bryan/Workspace/ros2_ws/install/image_rotate:/home/bryan/Workspace/ros2_ws/install/image_publisher:/home/bryan/Workspace/ros2_ws/install/examples_rclcpp_wait_set:/home/bryan/Workspace/ros2_ws/install/examples_rclcpp_multithreaded_executor:/home/bryan/Workspace/ros2_ws/install/examples_rclcpp_minimal_timer:/home/bryan/Workspace/ros2_ws/install/examples_rclcpp_minimal_subscriber:/home/bryan/Workspace/ros2_ws/install/examples_rclcpp_minimal_service:/home/bryan/Workspace/ros2_ws/install/examples_rclcpp_minimal_publisher:/home/bryan/Workspace/ros2_ws/install/examples_rclcpp_minimal_composition:/home/bryan/Workspace/ros2_ws/install/examples_rclcpp_minimal_client:/home/bryan/Workspace/ros2_ws/install/examples_rclcpp_minimal_action_server:/home/bryan/Workspace/ros2_ws/install/examples_rclcpp_minimal_action_client:/home/bryan/Workspace/ros2_ws/install/examples_rclcpp_cbg_executor:/home/bryan/Workspace/ros2_ws/install/examples_rclcpp_async_client:/home/bryan/Workspace/ros2_ws/install/sprint2:/home/bryan/Workspace/ros2_ws/install/launch_testing_examples:/home/bryan/Workspace/ros2_ws/install/image_converter:/home/bryan/Workspace/ros2_ws/install/first_package:/home/bryan/Workspace/ros2_ws/install/examples_rclpy_pointcloud_publisher:/home/bryan/Workspace/ros2_ws/install/examples_rclpy_minimal_subscriber:/home/bryan/Workspace/ros2_ws/install/examples_rclpy_minimal_service:/home/bryan/Workspace/ros2_ws/install/examples_rclpy_minimal_publisher:/home/bryan/Workspace/ros2_ws/install/examples_rclpy_minimal_client:/home/bryan/Workspace/ros2_ws/install/examples_rclpy_minimal_action_server:/home/bryan/Workspace/ros2_ws/install/examples_rclpy_minimal_action_client:/home/bryan/Workspace/ros2_ws/install/examples_rclpy_guard_conditions:/home/bryan/Workspace/ros2_ws/install/examples_rclpy_executors:/home/bryan/Workspace/ros2_ws/install/camera_calibration:/opt/ros/humble LD_LIBRARY_PATH=/home/bryan/Workspace/ros2_ws/install/image_geometry/lib:/home/bryan/Workspace/ros2_ws/install/cv_bridge/lib:${LD_LIBRARY_PATH} PYTHONPATH=/home/bryan/Workspace/ros2_ws/install/image_geometry/local/lib/python3.10/dist-packages:/home/bryan/Workspace/ros2_ws/install/cv_bridge/local/lib/python3.10/dist-packages:${PYTHONPATH} /usr/bin/cmake --build /home/bryan/Workspace/ros2_ws/build/vision_opencv -- -j3 -l3
[29.664s] DEBUG:colcon.colcon_core.event_handler.log_command:Invoking command in '/home/bryan/Workspace/ros2_ws/build/vision_opencv': AMENT_PREFIX_PATH=/home/bryan/Workspace/ros2_ws/install/image_geometry:/home/bryan/Workspace/ros2_ws/install/cv_bridge:${AMENT_PREFIX_PATH} CMAKE_PREFIX_PATH=/home/bryan/Workspace/ros2_ws/install/image_geometry:/home/bryan/Workspace/ros2_ws/install/cv_bridge:/home/bryan/Workspace/ros2_ws/install/image_proc:/home/bryan/Workspace/ros2_ws/install/tracetools_image_pipeline:/home/bryan/Workspace/ros2_ws/install/image_rotate:/home/bryan/Workspace/ros2_ws/install/image_publisher:/home/bryan/Workspace/ros2_ws/install/examples_rclcpp_wait_set:/home/bryan/Workspace/ros2_ws/install/examples_rclcpp_multithreaded_executor:/home/bryan/Workspace/ros2_ws/install/examples_rclcpp_minimal_timer:/home/bryan/Workspace/ros2_ws/install/examples_rclcpp_minimal_subscriber:/home/bryan/Workspace/ros2_ws/install/examples_rclcpp_minimal_service:/home/bryan/Workspace/ros2_ws/install/examples_rclcpp_minimal_publisher:/home/bryan/Workspace/ros2_ws/install/examples_rclcpp_minimal_composition:/home/bryan/Workspace/ros2_ws/install/examples_rclcpp_minimal_client:/home/bryan/Workspace/ros2_ws/install/examples_rclcpp_minimal_action_server:/home/bryan/Workspace/ros2_ws/install/examples_rclcpp_minimal_action_client:/home/bryan/Workspace/ros2_ws/install/examples_rclcpp_cbg_executor:/home/bryan/Workspace/ros2_ws/install/examples_rclcpp_async_client:/home/bryan/Workspace/ros2_ws/install/sprint2:/home/bryan/Workspace/ros2_ws/install/launch_testing_examples:/home/bryan/Workspace/ros2_ws/install/image_converter:/home/bryan/Workspace/ros2_ws/install/first_package:/home/bryan/Workspace/ros2_ws/install/examples_rclpy_pointcloud_publisher:/home/bryan/Workspace/ros2_ws/install/examples_rclpy_minimal_subscriber:/home/bryan/Workspace/ros2_ws/install/examples_rclpy_minimal_service:/home/bryan/Workspace/ros2_ws/install/examples_rclpy_minimal_publisher:/home/bryan/Workspace/ros2_ws/install/examples_rclpy_minimal_client:/home/bryan/Workspace/ros2_ws/install/examples_rclpy_minimal_action_server:/home/bryan/Workspace/ros2_ws/install/examples_rclpy_minimal_action_client:/home/bryan/Workspace/ros2_ws/install/examples_rclpy_guard_conditions:/home/bryan/Workspace/ros2_ws/install/examples_rclpy_executors:/home/bryan/Workspace/ros2_ws/install/camera_calibration:/opt/ros/humble LD_LIBRARY_PATH=/home/bryan/Workspace/ros2_ws/install/image_geometry/lib:/home/bryan/Workspace/ros2_ws/install/cv_bridge/lib:${LD_LIBRARY_PATH} PYTHONPATH=/home/bryan/Workspace/ros2_ws/install/image_geometry/local/lib/python3.10/dist-packages:/home/bryan/Workspace/ros2_ws/install/cv_bridge/local/lib/python3.10/dist-packages:${PYTHONPATH} /usr/bin/cmake --install /home/bryan/Workspace/ros2_ws/build/vision_opencv
[29.807s] Level 1:colcon.colcon_core.environment:create_environment_scripts_only(vision_opencv)
[29.808s] Level 1:colcon.colcon_core.environment:checking '/home/bryan/Workspace/ros2_ws/install/vision_opencv' for CMake module files
[29.809s] DEBUG:colcon.colcon_core.event_handler.log_command:Invoked command in '/home/bryan/Workspace/ros2_ws/build/vision_opencv' returned '0': AMENT_PREFIX_PATH=/home/bryan/Workspace/ros2_ws/install/image_geometry:/home/bryan/Workspace/ros2_ws/install/cv_bridge:${AMENT_PREFIX_PATH} CMAKE_PREFIX_PATH=/home/bryan/Workspace/ros2_ws/install/image_geometry:/home/bryan/Workspace/ros2_ws/install/cv_bridge:/home/bryan/Workspace/ros2_ws/install/image_proc:/home/bryan/Workspace/ros2_ws/install/tracetools_image_pipeline:/home/bryan/Workspace/ros2_ws/install/image_rotate:/home/bryan/Workspace/ros2_ws/install/image_publisher:/home/bryan/Workspace/ros2_ws/install/examples_rclcpp_wait_set:/home/bryan/Workspace/ros2_ws/install/examples_rclcpp_multithreaded_executor:/home/bryan/Workspace/ros2_ws/install/examples_rclcpp_minimal_timer:/home/bryan/Workspace/ros2_ws/install/examples_rclcpp_minimal_subscriber:/home/bryan/Workspace/ros2_ws/install/examples_rclcpp_minimal_service:/home/bryan/Workspace/ros2_ws/install/examples_rclcpp_minimal_publisher:/home/bryan/Workspace/ros2_ws/install/examples_rclcpp_minimal_composition:/home/bryan/Workspace/ros2_ws/install/examples_rclcpp_minimal_client:/home/bryan/Workspace/ros2_ws/install/examples_rclcpp_minimal_action_server:/home/bryan/Workspace/ros2_ws/install/examples_rclcpp_minimal_action_client:/home/bryan/Workspace/ros2_ws/install/examples_rclcpp_cbg_executor:/home/bryan/Workspace/ros2_ws/install/examples_rclcpp_async_client:/home/bryan/Workspace/ros2_ws/install/sprint2:/home/bryan/Workspace/ros2_ws/install/launch_testing_examples:/home/bryan/Workspace/ros2_ws/install/image_converter:/home/bryan/Workspace/ros2_ws/install/first_package:/home/bryan/Workspace/ros2_ws/install/examples_rclpy_pointcloud_publisher:/home/bryan/Workspace/ros2_ws/install/examples_rclpy_minimal_subscriber:/home/bryan/Workspace/ros2_ws/install/examples_rclpy_minimal_service:/home/bryan/Workspace/ros2_ws/install/examples_rclpy_minimal_publisher:/home/bryan/Workspace/ros2_ws/install/examples_rclpy_minimal_client:/home/bryan/Workspace/ros2_ws/install/examples_rclpy_minimal_action_server:/home/bryan/Workspace/ros2_ws/install/examples_rclpy_minimal_action_client:/home/bryan/Workspace/ros2_ws/install/examples_rclpy_guard_conditions:/home/bryan/Workspace/ros2_ws/install/examples_rclpy_executors:/home/bryan/Workspace/ros2_ws/install/camera_calibration:/opt/ros/humble LD_LIBRARY_PATH=/home/bryan/Workspace/ros2_ws/install/image_geometry/lib:/home/bryan/Workspace/ros2_ws/install/cv_bridge/lib:${LD_LIBRARY_PATH} PYTHONPATH=/home/bryan/Workspace/ros2_ws/install/image_geometry/local/lib/python3.10/dist-packages:/home/bryan/Workspace/ros2_ws/install/cv_bridge/local/lib/python3.10/dist-packages:${PYTHONPATH} /usr/bin/cmake --install /home/bryan/Workspace/ros2_ws/build/vision_opencv
[29.812s] Level 1:colcon.colcon_core.environment:checking '/home/bryan/Workspace/ros2_ws/install/vision_opencv' for CMake config files
[29.812s] Level 1:colcon.colcon_core.shell:create_environment_hook('vision_opencv', 'cmake_prefix_path')
[29.818s] INFO:colcon.colcon_core.shell:Creating environment hook '/home/bryan/Workspace/ros2_ws/install/vision_opencv/share/vision_opencv/hook/cmake_prefix_path.ps1'
[29.846s] INFO:colcon.colcon_core.shell:Creating environment descriptor '/home/bryan/Workspace/ros2_ws/install/vision_opencv/share/vision_opencv/hook/cmake_prefix_path.dsv'
[29.849s] INFO:colcon.colcon_core.shell:Creating environment hook '/home/bryan/Workspace/ros2_ws/install/vision_opencv/share/vision_opencv/hook/cmake_prefix_path.sh'
[29.851s] Level 1:colcon.colcon_core.environment:checking '/home/bryan/Workspace/ros2_ws/install/vision_opencv/bin'
[29.851s] Level 1:colcon.colcon_core.environment:checking '/home/bryan/Workspace/ros2_ws/install/vision_opencv/lib/pkgconfig/vision_opencv.pc'
[29.852s] Level 1:colcon.colcon_core.environment:checking '/home/bryan/Workspace/ros2_ws/install/vision_opencv/lib/python3.10/site-packages'
[29.853s] Level 1:colcon.colcon_core.environment:checking '/home/bryan/Workspace/ros2_ws/install/vision_opencv/bin'
[29.854s] INFO:colcon.colcon_core.shell:Creating package script '/home/bryan/Workspace/ros2_ws/install/vision_opencv/share/vision_opencv/package.ps1'
[29.858s] INFO:colcon.colcon_core.shell:Creating package descriptor '/home/bryan/Workspace/ros2_ws/install/vision_opencv/share/vision_opencv/package.dsv'
[29.871s] INFO:colcon.colcon_core.shell:Creating package script '/home/bryan/Workspace/ros2_ws/install/vision_opencv/share/vision_opencv/package.sh'
[29.893s] INFO:colcon.colcon_core.shell:Creating package script '/home/bryan/Workspace/ros2_ws/install/vision_opencv/share/vision_opencv/package.bash'
[29.897s] INFO:colcon.colcon_core.shell:Creating package script '/home/bryan/Workspace/ros2_ws/install/vision_opencv/share/vision_opencv/package.zsh'
[29.899s] Level 1:colcon.colcon_core.environment:create_file_with_runtime_dependencies(/home/bryan/Workspace/ros2_ws/install/vision_opencv/share/colcon-core/packages/vision_opencv)
[29.902s] Level 1:colcon.colcon_core.environment:create_environment_scripts_only(vision_opencv)
[29.906s] Level 1:colcon.colcon_core.environment:checking '/home/bryan/Workspace/ros2_ws/install/vision_opencv' for CMake module files
[29.907s] Level 1:colcon.colcon_core.environment:checking '/home/bryan/Workspace/ros2_ws/install/vision_opencv' for CMake config files
[29.907s] Level 1:colcon.colcon_core.shell:create_environment_hook('vision_opencv', 'cmake_prefix_path')
[29.907s] INFO:colcon.colcon_core.shell:Creating environment hook '/home/bryan/Workspace/ros2_ws/install/vision_opencv/share/vision_opencv/hook/cmake_prefix_path.ps1'
[29.924s] INFO:colcon.colcon_core.shell:Creating environment descriptor '/home/bryan/Workspace/ros2_ws/install/vision_opencv/share/vision_opencv/hook/cmake_prefix_path.dsv'
[29.939s] INFO:colcon.colcon_core.shell:Creating environment hook '/home/bryan/Workspace/ros2_ws/install/vision_opencv/share/vision_opencv/hook/cmake_prefix_path.sh'
[29.942s] Level 1:colcon.colcon_core.environment:checking '/home/bryan/Workspace/ros2_ws/install/vision_opencv/bin'
[29.942s] Level 1:colcon.colcon_core.environment:checking '/home/bryan/Workspace/ros2_ws/install/vision_opencv/lib/pkgconfig/vision_opencv.pc'
[29.943s] Level 1:colcon.colcon_core.environment:checking '/home/bryan/Workspace/ros2_ws/install/vision_opencv/lib/python3.10/site-packages'
[29.945s] Level 1:colcon.colcon_core.environment:checking '/home/bryan/Workspace/ros2_ws/install/vision_opencv/bin'
[29.946s] INFO:colcon.colcon_core.shell:Creating package script '/home/bryan/Workspace/ros2_ws/install/vision_opencv/share/vision_opencv/package.ps1'
[29.947s] INFO:colcon.colcon_core.shell:Creating package descriptor '/home/bryan/Workspace/ros2_ws/install/vision_opencv/share/vision_opencv/package.dsv'
[29.949s] INFO:colcon.colcon_core.shell:Creating package script '/home/bryan/Workspace/ros2_ws/install/vision_opencv/share/vision_opencv/package.sh'
[29.950s] INFO:colcon.colcon_core.shell:Creating package script '/home/bryan/Workspace/ros2_ws/install/vision_opencv/share/vision_opencv/package.bash'
[29.953s] INFO:colcon.colcon_core.shell:Creating package script '/home/bryan/Workspace/ros2_ws/install/vision_opencv/share/vision_opencv/package.zsh'
[29.955s] Level 1:colcon.colcon_core.environment:create_file_with_runtime_dependencies(/home/bryan/Workspace/ros2_ws/install/vision_opencv/share/colcon-core/packages/vision_opencv)
[29.962s] DEBUG:colcon.colcon_core.event_handler.log_command:Invoking command in '/home/bryan/Workspace/ros2_ws/build/image_pipeline': AMENT_PREFIX_PATH=/home/bryan/Workspace/ros2_ws/install/stereo_image_proc:/home/bryan/Workspace/ros2_ws/install/image_view:/home/bryan/Workspace/ros2_ws/install/depth_image_proc:/home/bryan/Workspace/ros2_ws/install/camera_calibration:/home/bryan/Workspace/ros2_ws/install/image_geometry:/home/bryan/Workspace/ros2_ws/install/cv_bridge:/home/bryan/Workspace/ros2_ws/install/image_proc:/home/bryan/Workspace/ros2_ws/install/tracetools_image_pipeline:/home/bryan/Workspace/ros2_ws/install/sprint2:/home/bryan/Workspace/ros2_ws/install/launch_testing_examples:/home/bryan/Workspace/ros2_ws/install/image_rotate:/home/bryan/Workspace/ros2_ws/install/image_publisher:/home/bryan/Workspace/ros2_ws/install/image_converter:/home/bryan/Workspace/ros2_ws/install/first_package:/home/bryan/Workspace/ros2_ws/install/examples_rclpy_pointcloud_publisher:/home/bryan/Workspace/ros2_ws/install/examples_rclpy_minimal_subscriber:/home/bryan/Workspace/ros2_ws/install/examples_rclpy_minimal_service:/home/bryan/Workspace/ros2_ws/install/examples_rclpy_minimal_publisher:/home/bryan/Workspace/ros2_ws/install/examples_rclpy_minimal_client:/home/bryan/Workspace/ros2_ws/install/examples_rclpy_minimal_action_server:/home/bryan/Workspace/ros2_ws/install/examples_rclpy_minimal_action_client:/home/bryan/Workspace/ros2_ws/install/examples_rclpy_guard_conditions:/home/bryan/Workspace/ros2_ws/install/examples_rclpy_executors:/home/bryan/Workspace/ros2_ws/install/examples_rclcpp_wait_set:/home/bryan/Workspace/ros2_ws/install/examples_rclcpp_multithreaded_executor:/home/bryan/Workspace/ros2_ws/install/examples_rclcpp_minimal_timer:/home/bryan/Workspace/ros2_ws/install/examples_rclcpp_minimal_subscriber:/home/bryan/Workspace/ros2_ws/install/examples_rclcpp_minimal_service:/home/bryan/Workspace/ros2_ws/install/examples_rclcpp_minimal_publisher:/home/bryan/Workspace/ros2_ws/install/examples_rclcpp_minimal_composition:/home/bryan/Workspace/ros2_ws/install/examples_rclcpp_minimal_client:/home/bryan/Workspace/ros2_ws/install/examples_rclcpp_minimal_action_server:/home/bryan/Workspace/ros2_ws/install/examples_rclcpp_minimal_action_client:/home/bryan/Workspace/ros2_ws/install/examples_rclcpp_cbg_executor:/home/bryan/Workspace/ros2_ws/install/examples_rclcpp_async_client:/opt/ros/humble CMAKE_PREFIX_PATH=/home/bryan/Workspace/ros2_ws/install/stereo_image_proc:/home/bryan/Workspace/ros2_ws/install/image_view:/home/bryan/Workspace/ros2_ws/install/image_rotate:/home/bryan/Workspace/ros2_ws/install/image_publisher:/home/bryan/Workspace/ros2_ws/install/image_proc:/home/bryan/Workspace/ros2_ws/install/depth_image_proc:/home/bryan/Workspace/ros2_ws/install/tracetools_image_pipeline:/home/bryan/Workspace/ros2_ws/install/image_geometry:/home/bryan/Workspace/ros2_ws/install/cv_bridge:/home/bryan/Workspace/ros2_ws/install/examples_rclcpp_wait_set:/home/bryan/Workspace/ros2_ws/install/examples_rclcpp_multithreaded_executor:/home/bryan/Workspace/ros2_ws/install/examples_rclcpp_minimal_timer:/home/bryan/Workspace/ros2_ws/install/examples_rclcpp_minimal_subscriber:/home/bryan/Workspace/ros2_ws/install/examples_rclcpp_minimal_service:/home/bryan/Workspace/ros2_ws/install/examples_rclcpp_minimal_publisher:/home/bryan/Workspace/ros2_ws/install/examples_rclcpp_minimal_composition:/home/bryan/Workspace/ros2_ws/install/examples_rclcpp_minimal_client:/home/bryan/Workspace/ros2_ws/install/examples_rclcpp_minimal_action_server:/home/bryan/Workspace/ros2_ws/install/examples_rclcpp_minimal_action_client:/home/bryan/Workspace/ros2_ws/install/examples_rclcpp_cbg_executor:/home/bryan/Workspace/ros2_ws/install/examples_rclcpp_async_client:/home/bryan/Workspace/ros2_ws/install/sprint2:/home/bryan/Workspace/ros2_ws/install/launch_testing_examples:/home/bryan/Workspace/ros2_ws/install/image_converter:/home/bryan/Workspace/ros2_ws/install/first_package:/home/bryan/Workspace/ros2_ws/install/examples_rclpy_pointcloud_publisher:/home/bryan/Workspace/ros2_ws/install/examples_rclpy_minimal_subscriber:/home/bryan/Workspace/ros2_ws/install/examples_rclpy_minimal_service:/home/bryan/Workspace/ros2_ws/install/examples_rclpy_minimal_publisher:/home/bryan/Workspace/ros2_ws/install/examples_rclpy_minimal_client:/home/bryan/Workspace/ros2_ws/install/examples_rclpy_minimal_action_server:/home/bryan/Workspace/ros2_ws/install/examples_rclpy_minimal_action_client:/home/bryan/Workspace/ros2_ws/install/examples_rclpy_guard_conditions:/home/bryan/Workspace/ros2_ws/install/examples_rclpy_executors:/home/bryan/Workspace/ros2_ws/install/camera_calibration:/opt/ros/humble LD_LIBRARY_PATH=/home/bryan/Workspace/ros2_ws/install/stereo_image_proc/lib:/home/bryan/Workspace/ros2_ws/install/image_view/lib:/home/bryan/Workspace/ros2_ws/install/image_rotate/lib:/home/bryan/Workspace/ros2_ws/install/image_publisher/lib:/home/bryan/Workspace/ros2_ws/install/image_proc/lib:/home/bryan/Workspace/ros2_ws/install/depth_image_proc/lib:/home/bryan/Workspace/ros2_ws/install/tracetools_image_pipeline/lib:/home/bryan/Workspace/ros2_ws/install/image_geometry/lib:/home/bryan/Workspace/ros2_ws/install/cv_bridge/lib:/home/bryan/Workspace/ros2_ws/install/examples_rclcpp_wait_set/lib:/home/bryan/Workspace/ros2_ws/install/examples_rclcpp_minimal_subscriber/lib:/home/bryan/Workspace/ros2_ws/install/examples_rclcpp_minimal_composition/lib:/opt/ros/humble/opt/rviz_ogre_vendor/lib:/opt/ros/humble/lib/x86_64-linux-gnu:/opt/ros/humble/lib PYTHONPATH=/home/bryan/Workspace/ros2_ws/install/camera_calibration/lib/python3.10/site-packages:/home/bryan/Workspace/ros2_ws/install/image_geometry/local/lib/python3.10/dist-packages:/home/bryan/Workspace/ros2_ws/install/cv_bridge/local/lib/python3.10/dist-packages:/home/bryan/Workspace/ros2_ws/build/sprint2:/home/bryan/Workspace/ros2_ws/install/sprint2/lib/python3.10/site-packages:/home/bryan/Workspace/ros2_ws/build/launch_testing_examples:/home/bryan/Workspace/ros2_ws/install/launch_testing_examples/lib/python3.10/site-packages:/home/bryan/Workspace/ros2_ws/install/image_converter/lib/python3.10/site-packages:/home/bryan/Workspace/ros2_ws/build/first_package:/home/bryan/Workspace/ros2_ws/install/first_package/lib/python3.10/site-packages:/home/bryan/Workspace/ros2_ws/build/examples_rclpy_pointcloud_publisher:/home/bryan/Workspace/ros2_ws/install/examples_rclpy_pointcloud_publisher/lib/python3.10/site-packages:/home/bryan/Workspace/ros2_ws/build/examples_rclpy_minimal_subscriber:/home/bryan/Workspace/ros2_ws/install/examples_rclpy_minimal_subscriber/lib/python3.10/site-packages:/home/bryan/Workspace/ros2_ws/build/examples_rclpy_minimal_service:/home/bryan/Workspace/ros2_ws/install/examples_rclpy_minimal_service/lib/python3.10/site-packages:/home/bryan/Workspace/ros2_ws/build/examples_rclpy_minimal_publisher:/home/bryan/Workspace/ros2_ws/install/examples_rclpy_minimal_publisher/lib/python3.10/site-packages:/home/bryan/Workspace/ros2_ws/build/examples_rclpy_minimal_client:/home/bryan/Workspace/ros2_ws/install/examples_rclpy_minimal_client/lib/python3.10/site-packages:/home/bryan/Workspace/ros2_ws/build/examples_rclpy_minimal_action_server:/home/bryan/Workspace/ros2_ws/install/examples_rclpy_minimal_action_server/lib/python3.10/site-packages:/home/bryan/Workspace/ros2_ws/build/examples_rclpy_minimal_action_client:/home/bryan/Workspace/ros2_ws/install/examples_rclpy_minimal_action_client/lib/python3.10/site-packages:/home/bryan/Workspace/ros2_ws/build/examples_rclpy_guard_conditions:/home/bryan/Workspace/ros2_ws/install/examples_rclpy_guard_conditions/lib/python3.10/site-packages:/home/bryan/Workspace/ros2_ws/build/examples_rclpy_executors:/home/bryan/Workspace/ros2_ws/install/examples_rclpy_executors/lib/python3.10/site-packages:/opt/ros/humble/lib/python3.10/site-packages:/opt/ros/humble/local/lib/python3.10/dist-packages /usr/bin/cmake --build /home/bryan/Workspace/ros2_ws/build/image_pipeline -- -j3 -l3
[30.188s] DEBUG:colcon.colcon_core.event_handler.log_command:Invoked command in '/home/bryan/Workspace/ros2_ws/build/image_pipeline' returned '0': AMENT_PREFIX_PATH=/home/bryan/Workspace/ros2_ws/install/stereo_image_proc:/home/bryan/Workspace/ros2_ws/install/image_view:/home/bryan/Workspace/ros2_ws/install/depth_image_proc:/home/bryan/Workspace/ros2_ws/install/camera_calibration:/home/bryan/Workspace/ros2_ws/install/image_geometry:/home/bryan/Workspace/ros2_ws/install/cv_bridge:/home/bryan/Workspace/ros2_ws/install/image_proc:/home/bryan/Workspace/ros2_ws/install/tracetools_image_pipeline:/home/bryan/Workspace/ros2_ws/install/sprint2:/home/bryan/Workspace/ros2_ws/install/launch_testing_examples:/home/bryan/Workspace/ros2_ws/install/image_rotate:/home/bryan/Workspace/ros2_ws/install/image_publisher:/home/bryan/Workspace/ros2_ws/install/image_converter:/home/bryan/Workspace/ros2_ws/install/first_package:/home/bryan/Workspace/ros2_ws/install/examples_rclpy_pointcloud_publisher:/home/bryan/Workspace/ros2_ws/install/examples_rclpy_minimal_subscriber:/home/bryan/Workspace/ros2_ws/install/examples_rclpy_minimal_service:/home/bryan/Workspace/ros2_ws/install/examples_rclpy_minimal_publisher:/home/bryan/Workspace/ros2_ws/install/examples_rclpy_minimal_client:/home/bryan/Workspace/ros2_ws/install/examples_rclpy_minimal_action_server:/home/bryan/Workspace/ros2_ws/install/examples_rclpy_minimal_action_client:/home/bryan/Workspace/ros2_ws/install/examples_rclpy_guard_conditions:/home/bryan/Workspace/ros2_ws/install/examples_rclpy_executors:/home/bryan/Workspace/ros2_ws/install/examples_rclcpp_wait_set:/home/bryan/Workspace/ros2_ws/install/examples_rclcpp_multithreaded_executor:/home/bryan/Workspace/ros2_ws/install/examples_rclcpp_minimal_timer:/home/bryan/Workspace/ros2_ws/install/examples_rclcpp_minimal_subscriber:/home/bryan/Workspace/ros2_ws/install/examples_rclcpp_minimal_service:/home/bryan/Workspace/ros2_ws/install/examples_rclcpp_minimal_publisher:/home/bryan/Workspace/ros2_ws/install/examples_rclcpp_minimal_composition:/home/bryan/Workspace/ros2_ws/install/examples_rclcpp_minimal_client:/home/bryan/Workspace/ros2_ws/install/examples_rclcpp_minimal_action_server:/home/bryan/Workspace/ros2_ws/install/examples_rclcpp_minimal_action_client:/home/bryan/Workspace/ros2_ws/install/examples_rclcpp_cbg_executor:/home/bryan/Workspace/ros2_ws/install/examples_rclcpp_async_client:/opt/ros/humble CMAKE_PREFIX_PATH=/home/bryan/Workspace/ros2_ws/install/stereo_image_proc:/home/bryan/Workspace/ros2_ws/install/image_view:/home/bryan/Workspace/ros2_ws/install/image_rotate:/home/bryan/Workspace/ros2_ws/install/image_publisher:/home/bryan/Workspace/ros2_ws/install/image_proc:/home/bryan/Workspace/ros2_ws/install/depth_image_proc:/home/bryan/Workspace/ros2_ws/install/tracetools_image_pipeline:/home/bryan/Workspace/ros2_ws/install/image_geometry:/home/bryan/Workspace/ros2_ws/install/cv_bridge:/home/bryan/Workspace/ros2_ws/install/examples_rclcpp_wait_set:/home/bryan/Workspace/ros2_ws/install/examples_rclcpp_multithreaded_executor:/home/bryan/Workspace/ros2_ws/install/examples_rclcpp_minimal_timer:/home/bryan/Workspace/ros2_ws/install/examples_rclcpp_minimal_subscriber:/home/bryan/Workspace/ros2_ws/install/examples_rclcpp_minimal_service:/home/bryan/Workspace/ros2_ws/install/examples_rclcpp_minimal_publisher:/home/bryan/Workspace/ros2_ws/install/examples_rclcpp_minimal_composition:/home/bryan/Workspace/ros2_ws/install/examples_rclcpp_minimal_client:/home/bryan/Workspace/ros2_ws/install/examples_rclcpp_minimal_action_server:/home/bryan/Workspace/ros2_ws/install/examples_rclcpp_minimal_action_client:/home/bryan/Workspace/ros2_ws/install/examples_rclcpp_cbg_executor:/home/bryan/Workspace/ros2_ws/install/examples_rclcpp_async_client:/home/bryan/Workspace/ros2_ws/install/sprint2:/home/bryan/Workspace/ros2_ws/install/launch_testing_examples:/home/bryan/Workspace/ros2_ws/install/image_converter:/home/bryan/Workspace/ros2_ws/install/first_package:/home/bryan/Workspace/ros2_ws/install/examples_rclpy_pointcloud_publisher:/home/bryan/Workspace/ros2_ws/install/examples_rclpy_minimal_subscriber:/home/bryan/Workspace/ros2_ws/install/examples_rclpy_minimal_service:/home/bryan/Workspace/ros2_ws/install/examples_rclpy_minimal_publisher:/home/bryan/Workspace/ros2_ws/install/examples_rclpy_minimal_client:/home/bryan/Workspace/ros2_ws/install/examples_rclpy_minimal_action_server:/home/bryan/Workspace/ros2_ws/install/examples_rclpy_minimal_action_client:/home/bryan/Workspace/ros2_ws/install/examples_rclpy_guard_conditions:/home/bryan/Workspace/ros2_ws/install/examples_rclpy_executors:/home/bryan/Workspace/ros2_ws/install/camera_calibration:/opt/ros/humble LD_LIBRARY_PATH=/home/bryan/Workspace/ros2_ws/install/stereo_image_proc/lib:/home/bryan/Workspace/ros2_ws/install/image_view/lib:/home/bryan/Workspace/ros2_ws/install/image_rotate/lib:/home/bryan/Workspace/ros2_ws/install/image_publisher/lib:/home/bryan/Workspace/ros2_ws/install/image_proc/lib:/home/bryan/Workspace/ros2_ws/install/depth_image_proc/lib:/home/bryan/Workspace/ros2_ws/install/tracetools_image_pipeline/lib:/home/bryan/Workspace/ros2_ws/install/image_geometry/lib:/home/bryan/Workspace/ros2_ws/install/cv_bridge/lib:/home/bryan/Workspace/ros2_ws/install/examples_rclcpp_wait_set/lib:/home/bryan/Workspace/ros2_ws/install/examples_rclcpp_minimal_subscriber/lib:/home/bryan/Workspace/ros2_ws/install/examples_rclcpp_minimal_composition/lib:/opt/ros/humble/opt/rviz_ogre_vendor/lib:/opt/ros/humble/lib/x86_64-linux-gnu:/opt/ros/humble/lib PYTHONPATH=/home/bryan/Workspace/ros2_ws/install/camera_calibration/lib/python3.10/site-packages:/home/bryan/Workspace/ros2_ws/install/image_geometry/local/lib/python3.10/dist-packages:/home/bryan/Workspace/ros2_ws/install/cv_bridge/local/lib/python3.10/dist-packages:/home/bryan/Workspace/ros2_ws/build/sprint2:/home/bryan/Workspace/ros2_ws/install/sprint2/lib/python3.10/site-packages:/home/bryan/Workspace/ros2_ws/build/launch_testing_examples:/home/bryan/Workspace/ros2_ws/install/launch_testing_examples/lib/python3.10/site-packages:/home/bryan/Workspace/ros2_ws/install/image_converter/lib/python3.10/site-packages:/home/bryan/Workspace/ros2_ws/build/first_package:/home/bryan/Workspace/ros2_ws/install/first_package/lib/python3.10/site-packages:/home/bryan/Workspace/ros2_ws/build/examples_rclpy_pointcloud_publisher:/home/bryan/Workspace/ros2_ws/install/examples_rclpy_pointcloud_publisher/lib/python3.10/site-packages:/home/bryan/Workspace/ros2_ws/build/examples_rclpy_minimal_subscriber:/home/bryan/Workspace/ros2_ws/install/examples_rclpy_minimal_subscriber/lib/python3.10/site-packages:/home/bryan/Workspace/ros2_ws/build/examples_rclpy_minimal_service:/home/bryan/Workspace/ros2_ws/install/examples_rclpy_minimal_service/lib/python3.10/site-packages:/home/bryan/Workspace/ros2_ws/build/examples_rclpy_minimal_publisher:/home/bryan/Workspace/ros2_ws/install/examples_rclpy_minimal_publisher/lib/python3.10/site-packages:/home/bryan/Workspace/ros2_ws/build/examples_rclpy_minimal_client:/home/bryan/Workspace/ros2_ws/install/examples_rclpy_minimal_client/lib/python3.10/site-packages:/home/bryan/Workspace/ros2_ws/build/examples_rclpy_minimal_action_server:/home/bryan/Workspace/ros2_ws/install/examples_rclpy_minimal_action_server/lib/python3.10/site-packages:/home/bryan/Workspace/ros2_ws/build/examples_rclpy_minimal_action_client:/home/bryan/Workspace/ros2_ws/install/examples_rclpy_minimal_action_client/lib/python3.10/site-packages:/home/bryan/Workspace/ros2_ws/build/examples_rclpy_guard_conditions:/home/bryan/Workspace/ros2_ws/install/examples_rclpy_guard_conditions/lib/python3.10/site-packages:/home/bryan/Workspace/ros2_ws/build/examples_rclpy_executors:/home/bryan/Workspace/ros2_ws/install/examples_rclpy_executors/lib/python3.10/site-packages:/opt/ros/humble/lib/python3.10/site-packages:/opt/ros/humble/local/lib/python3.10/dist-packages /usr/bin/cmake --build /home/bryan/Workspace/ros2_ws/build/image_pipeline -- -j3 -l3
[30.188s] DEBUG:colcon.colcon_core.event_handler.log_command:Invoking command in '/home/bryan/Workspace/ros2_ws/build/image_pipeline': AMENT_PREFIX_PATH=/home/bryan/Workspace/ros2_ws/install/stereo_image_proc:/home/bryan/Workspace/ros2_ws/install/image_view:/home/bryan/Workspace/ros2_ws/install/depth_image_proc:/home/bryan/Workspace/ros2_ws/install/camera_calibration:/home/bryan/Workspace/ros2_ws/install/image_geometry:/home/bryan/Workspace/ros2_ws/install/cv_bridge:/home/bryan/Workspace/ros2_ws/install/image_proc:/home/bryan/Workspace/ros2_ws/install/tracetools_image_pipeline:/home/bryan/Workspace/ros2_ws/install/sprint2:/home/bryan/Workspace/ros2_ws/install/launch_testing_examples:/home/bryan/Workspace/ros2_ws/install/image_rotate:/home/bryan/Workspace/ros2_ws/install/image_publisher:/home/bryan/Workspace/ros2_ws/install/image_converter:/home/bryan/Workspace/ros2_ws/install/first_package:/home/bryan/Workspace/ros2_ws/install/examples_rclpy_pointcloud_publisher:/home/bryan/Workspace/ros2_ws/install/examples_rclpy_minimal_subscriber:/home/bryan/Workspace/ros2_ws/install/examples_rclpy_minimal_service:/home/bryan/Workspace/ros2_ws/install/examples_rclpy_minimal_publisher:/home/bryan/Workspace/ros2_ws/install/examples_rclpy_minimal_client:/home/bryan/Workspace/ros2_ws/install/examples_rclpy_minimal_action_server:/home/bryan/Workspace/ros2_ws/install/examples_rclpy_minimal_action_client:/home/bryan/Workspace/ros2_ws/install/examples_rclpy_guard_conditions:/home/bryan/Workspace/ros2_ws/install/examples_rclpy_executors:/home/bryan/Workspace/ros2_ws/install/examples_rclcpp_wait_set:/home/bryan/Workspace/ros2_ws/install/examples_rclcpp_multithreaded_executor:/home/bryan/Workspace/ros2_ws/install/examples_rclcpp_minimal_timer:/home/bryan/Workspace/ros2_ws/install/examples_rclcpp_minimal_subscriber:/home/bryan/Workspace/ros2_ws/install/examples_rclcpp_minimal_service:/home/bryan/Workspace/ros2_ws/install/examples_rclcpp_minimal_publisher:/home/bryan/Workspace/ros2_ws/install/examples_rclcpp_minimal_composition:/home/bryan/Workspace/ros2_ws/install/examples_rclcpp_minimal_client:/home/bryan/Workspace/ros2_ws/install/examples_rclcpp_minimal_action_server:/home/bryan/Workspace/ros2_ws/install/examples_rclcpp_minimal_action_client:/home/bryan/Workspace/ros2_ws/install/examples_rclcpp_cbg_executor:/home/bryan/Workspace/ros2_ws/install/examples_rclcpp_async_client:/opt/ros/humble CMAKE_PREFIX_PATH=/home/bryan/Workspace/ros2_ws/install/stereo_image_proc:/home/bryan/Workspace/ros2_ws/install/image_view:/home/bryan/Workspace/ros2_ws/install/image_rotate:/home/bryan/Workspace/ros2_ws/install/image_publisher:/home/bryan/Workspace/ros2_ws/install/image_proc:/home/bryan/Workspace/ros2_ws/install/depth_image_proc:/home/bryan/Workspace/ros2_ws/install/tracetools_image_pipeline:/home/bryan/Workspace/ros2_ws/install/image_geometry:/home/bryan/Workspace/ros2_ws/install/cv_bridge:/home/bryan/Workspace/ros2_ws/install/examples_rclcpp_wait_set:/home/bryan/Workspace/ros2_ws/install/examples_rclcpp_multithreaded_executor:/home/bryan/Workspace/ros2_ws/install/examples_rclcpp_minimal_timer:/home/bryan/Workspace/ros2_ws/install/examples_rclcpp_minimal_subscriber:/home/bryan/Workspace/ros2_ws/install/examples_rclcpp_minimal_service:/home/bryan/Workspace/ros2_ws/install/examples_rclcpp_minimal_publisher:/home/bryan/Workspace/ros2_ws/install/examples_rclcpp_minimal_composition:/home/bryan/Workspace/ros2_ws/install/examples_rclcpp_minimal_client:/home/bryan/Workspace/ros2_ws/install/examples_rclcpp_minimal_action_server:/home/bryan/Workspace/ros2_ws/install/examples_rclcpp_minimal_action_client:/home/bryan/Workspace/ros2_ws/install/examples_rclcpp_cbg_executor:/home/bryan/Workspace/ros2_ws/install/examples_rclcpp_async_client:/home/bryan/Workspace/ros2_ws/install/sprint2:/home/bryan/Workspace/ros2_ws/install/launch_testing_examples:/home/bryan/Workspace/ros2_ws/install/image_converter:/home/bryan/Workspace/ros2_ws/install/first_package:/home/bryan/Workspace/ros2_ws/install/examples_rclpy_pointcloud_publisher:/home/bryan/Workspace/ros2_ws/install/examples_rclpy_minimal_subscriber:/home/bryan/Workspace/ros2_ws/install/examples_rclpy_minimal_service:/home/bryan/Workspace/ros2_ws/install/examples_rclpy_minimal_publisher:/home/bryan/Workspace/ros2_ws/install/examples_rclpy_minimal_client:/home/bryan/Workspace/ros2_ws/install/examples_rclpy_minimal_action_server:/home/bryan/Workspace/ros2_ws/install/examples_rclpy_minimal_action_client:/home/bryan/Workspace/ros2_ws/install/examples_rclpy_guard_conditions:/home/bryan/Workspace/ros2_ws/install/examples_rclpy_executors:/home/bryan/Workspace/ros2_ws/install/camera_calibration:/opt/ros/humble LD_LIBRARY_PATH=/home/bryan/Workspace/ros2_ws/install/stereo_image_proc/lib:/home/bryan/Workspace/ros2_ws/install/image_view/lib:/home/bryan/Workspace/ros2_ws/install/image_rotate/lib:/home/bryan/Workspace/ros2_ws/install/image_publisher/lib:/home/bryan/Workspace/ros2_ws/install/image_proc/lib:/home/bryan/Workspace/ros2_ws/install/depth_image_proc/lib:/home/bryan/Workspace/ros2_ws/install/tracetools_image_pipeline/lib:/home/bryan/Workspace/ros2_ws/install/image_geometry/lib:/home/bryan/Workspace/ros2_ws/install/cv_bridge/lib:/home/bryan/Workspace/ros2_ws/install/examples_rclcpp_wait_set/lib:/home/bryan/Workspace/ros2_ws/install/examples_rclcpp_minimal_subscriber/lib:/home/bryan/Workspace/ros2_ws/install/examples_rclcpp_minimal_composition/lib:/opt/ros/humble/opt/rviz_ogre_vendor/lib:/opt/ros/humble/lib/x86_64-linux-gnu:/opt/ros/humble/lib PYTHONPATH=/home/bryan/Workspace/ros2_ws/install/camera_calibration/lib/python3.10/site-packages:/home/bryan/Workspace/ros2_ws/install/image_geometry/local/lib/python3.10/dist-packages:/home/bryan/Workspace/ros2_ws/install/cv_bridge/local/lib/python3.10/dist-packages:/home/bryan/Workspace/ros2_ws/build/sprint2:/home/bryan/Workspace/ros2_ws/install/sprint2/lib/python3.10/site-packages:/home/bryan/Workspace/ros2_ws/build/launch_testing_examples:/home/bryan/Workspace/ros2_ws/install/launch_testing_examples/lib/python3.10/site-packages:/home/bryan/Workspace/ros2_ws/install/image_converter/lib/python3.10/site-packages:/home/bryan/Workspace/ros2_ws/build/first_package:/home/bryan/Workspace/ros2_ws/install/first_package/lib/python3.10/site-packages:/home/bryan/Workspace/ros2_ws/build/examples_rclpy_pointcloud_publisher:/home/bryan/Workspace/ros2_ws/install/examples_rclpy_pointcloud_publisher/lib/python3.10/site-packages:/home/bryan/Workspace/ros2_ws/build/examples_rclpy_minimal_subscriber:/home/bryan/Workspace/ros2_ws/install/examples_rclpy_minimal_subscriber/lib/python3.10/site-packages:/home/bryan/Workspace/ros2_ws/build/examples_rclpy_minimal_service:/home/bryan/Workspace/ros2_ws/install/examples_rclpy_minimal_service/lib/python3.10/site-packages:/home/bryan/Workspace/ros2_ws/build/examples_rclpy_minimal_publisher:/home/bryan/Workspace/ros2_ws/install/examples_rclpy_minimal_publisher/lib/python3.10/site-packages:/home/bryan/Workspace/ros2_ws/build/examples_rclpy_minimal_client:/home/bryan/Workspace/ros2_ws/install/examples_rclpy_minimal_client/lib/python3.10/site-packages:/home/bryan/Workspace/ros2_ws/build/examples_rclpy_minimal_action_server:/home/bryan/Workspace/ros2_ws/install/examples_rclpy_minimal_action_server/lib/python3.10/site-packages:/home/bryan/Workspace/ros2_ws/build/examples_rclpy_minimal_action_client:/home/bryan/Workspace/ros2_ws/install/examples_rclpy_minimal_action_client/lib/python3.10/site-packages:/home/bryan/Workspace/ros2_ws/build/examples_rclpy_guard_conditions:/home/bryan/Workspace/ros2_ws/install/examples_rclpy_guard_conditions/lib/python3.10/site-packages:/home/bryan/Workspace/ros2_ws/build/examples_rclpy_executors:/home/bryan/Workspace/ros2_ws/install/examples_rclpy_executors/lib/python3.10/site-packages:/opt/ros/humble/lib/python3.10/site-packages:/opt/ros/humble/local/lib/python3.10/dist-packages /usr/bin/cmake --install /home/bryan/Workspace/ros2_ws/build/image_pipeline
[30.200s] Level 1:colcon.colcon_core.environment:create_environment_scripts_only(image_pipeline)
[30.207s] Level 1:colcon.colcon_core.environment:checking '/home/bryan/Workspace/ros2_ws/install/image_pipeline' for CMake module files
[30.209s] DEBUG:colcon.colcon_core.event_handler.log_command:Invoked command in '/home/bryan/Workspace/ros2_ws/build/image_pipeline' returned '0': AMENT_PREFIX_PATH=/home/bryan/Workspace/ros2_ws/install/stereo_image_proc:/home/bryan/Workspace/ros2_ws/install/image_view:/home/bryan/Workspace/ros2_ws/install/depth_image_proc:/home/bryan/Workspace/ros2_ws/install/camera_calibration:/home/bryan/Workspace/ros2_ws/install/image_geometry:/home/bryan/Workspace/ros2_ws/install/cv_bridge:/home/bryan/Workspace/ros2_ws/install/image_proc:/home/bryan/Workspace/ros2_ws/install/tracetools_image_pipeline:/home/bryan/Workspace/ros2_ws/install/sprint2:/home/bryan/Workspace/ros2_ws/install/launch_testing_examples:/home/bryan/Workspace/ros2_ws/install/image_rotate:/home/bryan/Workspace/ros2_ws/install/image_publisher:/home/bryan/Workspace/ros2_ws/install/image_converter:/home/bryan/Workspace/ros2_ws/install/first_package:/home/bryan/Workspace/ros2_ws/install/examples_rclpy_pointcloud_publisher:/home/bryan/Workspace/ros2_ws/install/examples_rclpy_minimal_subscriber:/home/bryan/Workspace/ros2_ws/install/examples_rclpy_minimal_service:/home/bryan/Workspace/ros2_ws/install/examples_rclpy_minimal_publisher:/home/bryan/Workspace/ros2_ws/install/examples_rclpy_minimal_client:/home/bryan/Workspace/ros2_ws/install/examples_rclpy_minimal_action_server:/home/bryan/Workspace/ros2_ws/install/examples_rclpy_minimal_action_client:/home/bryan/Workspace/ros2_ws/install/examples_rclpy_guard_conditions:/home/bryan/Workspace/ros2_ws/install/examples_rclpy_executors:/home/bryan/Workspace/ros2_ws/install/examples_rclcpp_wait_set:/home/bryan/Workspace/ros2_ws/install/examples_rclcpp_multithreaded_executor:/home/bryan/Workspace/ros2_ws/install/examples_rclcpp_minimal_timer:/home/bryan/Workspace/ros2_ws/install/examples_rclcpp_minimal_subscriber:/home/bryan/Workspace/ros2_ws/install/examples_rclcpp_minimal_service:/home/bryan/Workspace/ros2_ws/install/examples_rclcpp_minimal_publisher:/home/bryan/Workspace/ros2_ws/install/examples_rclcpp_minimal_composition:/home/bryan/Workspace/ros2_ws/install/examples_rclcpp_minimal_client:/home/bryan/Workspace/ros2_ws/install/examples_rclcpp_minimal_action_server:/home/bryan/Workspace/ros2_ws/install/examples_rclcpp_minimal_action_client:/home/bryan/Workspace/ros2_ws/install/examples_rclcpp_cbg_executor:/home/bryan/Workspace/ros2_ws/install/examples_rclcpp_async_client:/opt/ros/humble CMAKE_PREFIX_PATH=/home/bryan/Workspace/ros2_ws/install/stereo_image_proc:/home/bryan/Workspace/ros2_ws/install/image_view:/home/bryan/Workspace/ros2_ws/install/image_rotate:/home/bryan/Workspace/ros2_ws/install/image_publisher:/home/bryan/Workspace/ros2_ws/install/image_proc:/home/bryan/Workspace/ros2_ws/install/depth_image_proc:/home/bryan/Workspace/ros2_ws/install/tracetools_image_pipeline:/home/bryan/Workspace/ros2_ws/install/image_geometry:/home/bryan/Workspace/ros2_ws/install/cv_bridge:/home/bryan/Workspace/ros2_ws/install/examples_rclcpp_wait_set:/home/bryan/Workspace/ros2_ws/install/examples_rclcpp_multithreaded_executor:/home/bryan/Workspace/ros2_ws/install/examples_rclcpp_minimal_timer:/home/bryan/Workspace/ros2_ws/install/examples_rclcpp_minimal_subscriber:/home/bryan/Workspace/ros2_ws/install/examples_rclcpp_minimal_service:/home/bryan/Workspace/ros2_ws/install/examples_rclcpp_minimal_publisher:/home/bryan/Workspace/ros2_ws/install/examples_rclcpp_minimal_composition:/home/bryan/Workspace/ros2_ws/install/examples_rclcpp_minimal_client:/home/bryan/Workspace/ros2_ws/install/examples_rclcpp_minimal_action_server:/home/bryan/Workspace/ros2_ws/install/examples_rclcpp_minimal_action_client:/home/bryan/Workspace/ros2_ws/install/examples_rclcpp_cbg_executor:/home/bryan/Workspace/ros2_ws/install/examples_rclcpp_async_client:/home/bryan/Workspace/ros2_ws/install/sprint2:/home/bryan/Workspace/ros2_ws/install/launch_testing_examples:/home/bryan/Workspace/ros2_ws/install/image_converter:/home/bryan/Workspace/ros2_ws/install/first_package:/home/bryan/Workspace/ros2_ws/install/examples_rclpy_pointcloud_publisher:/home/bryan/Workspace/ros2_ws/install/examples_rclpy_minimal_subscriber:/home/bryan/Workspace/ros2_ws/install/examples_rclpy_minimal_service:/home/bryan/Workspace/ros2_ws/install/examples_rclpy_minimal_publisher:/home/bryan/Workspace/ros2_ws/install/examples_rclpy_minimal_client:/home/bryan/Workspace/ros2_ws/install/examples_rclpy_minimal_action_server:/home/bryan/Workspace/ros2_ws/install/examples_rclpy_minimal_action_client:/home/bryan/Workspace/ros2_ws/install/examples_rclpy_guard_conditions:/home/bryan/Workspace/ros2_ws/install/examples_rclpy_executors:/home/bryan/Workspace/ros2_ws/install/camera_calibration:/opt/ros/humble LD_LIBRARY_PATH=/home/bryan/Workspace/ros2_ws/install/stereo_image_proc/lib:/home/bryan/Workspace/ros2_ws/install/image_view/lib:/home/bryan/Workspace/ros2_ws/install/image_rotate/lib:/home/bryan/Workspace/ros2_ws/install/image_publisher/lib:/home/bryan/Workspace/ros2_ws/install/image_proc/lib:/home/bryan/Workspace/ros2_ws/install/depth_image_proc/lib:/home/bryan/Workspace/ros2_ws/install/tracetools_image_pipeline/lib:/home/bryan/Workspace/ros2_ws/install/image_geometry/lib:/home/bryan/Workspace/ros2_ws/install/cv_bridge/lib:/home/bryan/Workspace/ros2_ws/install/examples_rclcpp_wait_set/lib:/home/bryan/Workspace/ros2_ws/install/examples_rclcpp_minimal_subscriber/lib:/home/bryan/Workspace/ros2_ws/install/examples_rclcpp_minimal_composition/lib:/opt/ros/humble/opt/rviz_ogre_vendor/lib:/opt/ros/humble/lib/x86_64-linux-gnu:/opt/ros/humble/lib PYTHONPATH=/home/bryan/Workspace/ros2_ws/install/camera_calibration/lib/python3.10/site-packages:/home/bryan/Workspace/ros2_ws/install/image_geometry/local/lib/python3.10/dist-packages:/home/bryan/Workspace/ros2_ws/install/cv_bridge/local/lib/python3.10/dist-packages:/home/bryan/Workspace/ros2_ws/build/sprint2:/home/bryan/Workspace/ros2_ws/install/sprint2/lib/python3.10/site-packages:/home/bryan/Workspace/ros2_ws/build/launch_testing_examples:/home/bryan/Workspace/ros2_ws/install/launch_testing_examples/lib/python3.10/site-packages:/home/bryan/Workspace/ros2_ws/install/image_converter/lib/python3.10/site-packages:/home/bryan/Workspace/ros2_ws/build/first_package:/home/bryan/Workspace/ros2_ws/install/first_package/lib/python3.10/site-packages:/home/bryan/Workspace/ros2_ws/build/examples_rclpy_pointcloud_publisher:/home/bryan/Workspace/ros2_ws/install/examples_rclpy_pointcloud_publisher/lib/python3.10/site-packages:/home/bryan/Workspace/ros2_ws/build/examples_rclpy_minimal_subscriber:/home/bryan/Workspace/ros2_ws/install/examples_rclpy_minimal_subscriber/lib/python3.10/site-packages:/home/bryan/Workspace/ros2_ws/build/examples_rclpy_minimal_service:/home/bryan/Workspace/ros2_ws/install/examples_rclpy_minimal_service/lib/python3.10/site-packages:/home/bryan/Workspace/ros2_ws/build/examples_rclpy_minimal_publisher:/home/bryan/Workspace/ros2_ws/install/examples_rclpy_minimal_publisher/lib/python3.10/site-packages:/home/bryan/Workspace/ros2_ws/build/examples_rclpy_minimal_client:/home/bryan/Workspace/ros2_ws/install/examples_rclpy_minimal_client/lib/python3.10/site-packages:/home/bryan/Workspace/ros2_ws/build/examples_rclpy_minimal_action_server:/home/bryan/Workspace/ros2_ws/install/examples_rclpy_minimal_action_server/lib/python3.10/site-packages:/home/bryan/Workspace/ros2_ws/build/examples_rclpy_minimal_action_client:/home/bryan/Workspace/ros2_ws/install/examples_rclpy_minimal_action_client/lib/python3.10/site-packages:/home/bryan/Workspace/ros2_ws/build/examples_rclpy_guard_conditions:/home/bryan/Workspace/ros2_ws/install/examples_rclpy_guard_conditions/lib/python3.10/site-packages:/home/bryan/Workspace/ros2_ws/build/examples_rclpy_executors:/home/bryan/Workspace/ros2_ws/install/examples_rclpy_executors/lib/python3.10/site-packages:/opt/ros/humble/lib/python3.10/site-packages:/opt/ros/humble/local/lib/python3.10/dist-packages /usr/bin/cmake --install /home/bryan/Workspace/ros2_ws/build/image_pipeline
[30.209s] Level 1:colcon.colcon_core.environment:checking '/home/bryan/Workspace/ros2_ws/install/image_pipeline' for CMake config files
[30.210s] Level 1:colcon.colcon_core.shell:create_environment_hook('image_pipeline', 'cmake_prefix_path')
[30.210s] INFO:colcon.colcon_core.shell:Creating environment hook '/home/bryan/Workspace/ros2_ws/install/image_pipeline/share/image_pipeline/hook/cmake_prefix_path.ps1'
[30.217s] INFO:colcon.colcon_core.shell:Creating environment descriptor '/home/bryan/Workspace/ros2_ws/install/image_pipeline/share/image_pipeline/hook/cmake_prefix_path.dsv'
[30.218s] INFO:colcon.colcon_core.shell:Creating environment hook '/home/bryan/Workspace/ros2_ws/install/image_pipeline/share/image_pipeline/hook/cmake_prefix_path.sh'
[30.220s] Level 1:colcon.colcon_core.environment:checking '/home/bryan/Workspace/ros2_ws/install/image_pipeline/bin'
[30.220s] Level 1:colcon.colcon_core.environment:checking '/home/bryan/Workspace/ros2_ws/install/image_pipeline/lib/pkgconfig/image_pipeline.pc'
[30.220s] Level 1:colcon.colcon_core.environment:checking '/home/bryan/Workspace/ros2_ws/install/image_pipeline/lib/python3.10/site-packages'
[30.221s] Level 1:colcon.colcon_core.environment:checking '/home/bryan/Workspace/ros2_ws/install/image_pipeline/bin'
[30.221s] INFO:colcon.colcon_core.shell:Creating package script '/home/bryan/Workspace/ros2_ws/install/image_pipeline/share/image_pipeline/package.ps1'
[30.225s] INFO:colcon.colcon_core.shell:Creating package descriptor '/home/bryan/Workspace/ros2_ws/install/image_pipeline/share/image_pipeline/package.dsv'
[30.226s] INFO:colcon.colcon_core.shell:Creating package script '/home/bryan/Workspace/ros2_ws/install/image_pipeline/share/image_pipeline/package.sh'
[30.228s] INFO:colcon.colcon_core.shell:Creating package script '/home/bryan/Workspace/ros2_ws/install/image_pipeline/share/image_pipeline/package.bash'
[30.230s] INFO:colcon.colcon_core.shell:Creating package script '/home/bryan/Workspace/ros2_ws/install/image_pipeline/share/image_pipeline/package.zsh'
[30.231s] Level 1:colcon.colcon_core.environment:create_file_with_runtime_dependencies(/home/bryan/Workspace/ros2_ws/install/image_pipeline/share/colcon-core/packages/image_pipeline)
[30.234s] Level 1:colcon.colcon_core.environment:create_environment_scripts_only(image_pipeline)
[30.235s] Level 1:colcon.colcon_core.environment:checking '/home/bryan/Workspace/ros2_ws/install/image_pipeline' for CMake module files
[30.235s] Level 1:colcon.colcon_core.environment:checking '/home/bryan/Workspace/ros2_ws/install/image_pipeline' for CMake config files
[30.236s] Level 1:colcon.colcon_core.shell:create_environment_hook('image_pipeline', 'cmake_prefix_path')
[30.236s] INFO:colcon.colcon_core.shell:Creating environment hook '/home/bryan/Workspace/ros2_ws/install/image_pipeline/share/image_pipeline/hook/cmake_prefix_path.ps1'
[30.238s] INFO:colcon.colcon_core.shell:Creating environment descriptor '/home/bryan/Workspace/ros2_ws/install/image_pipeline/share/image_pipeline/hook/cmake_prefix_path.dsv'
[30.240s] INFO:colcon.colcon_core.shell:Creating environment hook '/home/bryan/Workspace/ros2_ws/install/image_pipeline/share/image_pipeline/hook/cmake_prefix_path.sh'
[30.242s] Level 1:colcon.colcon_core.environment:checking '/home/bryan/Workspace/ros2_ws/install/image_pipeline/bin'
[30.242s] Level 1:colcon.colcon_core.environment:checking '/home/bryan/Workspace/ros2_ws/install/image_pipeline/lib/pkgconfig/image_pipeline.pc'
[30.243s] Level 1:colcon.colcon_core.environment:checking '/home/bryan/Workspace/ros2_ws/install/image_pipeline/lib/python3.10/site-packages'
[30.244s] Level 1:colcon.colcon_core.environment:checking '/home/bryan/Workspace/ros2_ws/install/image_pipeline/bin'
[30.245s] INFO:colcon.colcon_core.shell:Creating package script '/home/bryan/Workspace/ros2_ws/install/image_pipeline/share/image_pipeline/package.ps1'
[30.246s] INFO:colcon.colcon_core.shell:Creating package descriptor '/home/bryan/Workspace/ros2_ws/install/image_pipeline/share/image_pipeline/package.dsv'
[30.248s] INFO:colcon.colcon_core.shell:Creating package script '/home/bryan/Workspace/ros2_ws/install/image_pipeline/share/image_pipeline/package.sh'
[30.250s] INFO:colcon.colcon_core.shell:Creating package script '/home/bryan/Workspace/ros2_ws/install/image_pipeline/share/image_pipeline/package.bash'
[30.252s] INFO:colcon.colcon_core.shell:Creating package script '/home/bryan/Workspace/ros2_ws/install/image_pipeline/share/image_pipeline/package.zsh'
[30.254s] Level 1:colcon.colcon_core.environment:create_file_with_runtime_dependencies(/home/bryan/Workspace/ros2_ws/install/image_pipeline/share/colcon-core/packages/image_pipeline)
[30.516s] DEBUG:colcon.colcon_core.event_handler.log_command:Invoking command in '/home/bryan/Workspace/ros2_ws/src/vision_opencv/opencv_tests': AMENT_PREFIX_PATH=/home/bryan/Workspace/ros2_ws/install/cv_bridge:${AMENT_PREFIX_PATH} CMAKE_PREFIX_PATH=/home/bryan/Workspace/ros2_ws/install/cv_bridge:${CMAKE_PREFIX_PATH} LD_LIBRARY_PATH=/home/bryan/Workspace/ros2_ws/install/cv_bridge/lib:${LD_LIBRARY_PATH} PYTHONPATH=/home/bryan/Workspace/ros2_ws/build/opencv_tests/prefix_override:/usr/lib/python3/dist-packages/colcon_core/task/python/colcon_distutils_commands:/home/bryan/Workspace/ros2_ws/install/opencv_tests/lib/python3.10/site-packages:/home/bryan/Workspace/ros2_ws/install/cv_bridge/local/lib/python3.10/dist-packages:${PYTHONPATH} /usr/bin/python3 -W ignore:setup.py install is deprecated -W ignore:easy_install command is deprecated setup.py egg_info --egg-base ../../../build/opencv_tests build --build-base /home/bryan/Workspace/ros2_ws/build/opencv_tests/build install --record /home/bryan/Workspace/ros2_ws/build/opencv_tests/install.log --single-version-externally-managed install_data
[31.294s] Level 1:colcon.colcon_core.environment:checking '/home/bryan/Workspace/ros2_ws/install/opencv_tests' for CMake module files
[31.297s] DEBUG:colcon.colcon_core.event_handler.log_command:Invoked command in '/home/bryan/Workspace/ros2_ws/src/vision_opencv/opencv_tests' returned '0': AMENT_PREFIX_PATH=/home/bryan/Workspace/ros2_ws/install/cv_bridge:${AMENT_PREFIX_PATH} CMAKE_PREFIX_PATH=/home/bryan/Workspace/ros2_ws/install/cv_bridge:${CMAKE_PREFIX_PATH} LD_LIBRARY_PATH=/home/bryan/Workspace/ros2_ws/install/cv_bridge/lib:${LD_LIBRARY_PATH} PYTHONPATH=/home/bryan/Workspace/ros2_ws/build/opencv_tests/prefix_override:/usr/lib/python3/dist-packages/colcon_core/task/python/colcon_distutils_commands:/home/bryan/Workspace/ros2_ws/install/opencv_tests/lib/python3.10/site-packages:/home/bryan/Workspace/ros2_ws/install/cv_bridge/local/lib/python3.10/dist-packages:${PYTHONPATH} /usr/bin/python3 -W ignore:setup.py install is deprecated -W ignore:easy_install command is deprecated setup.py egg_info --egg-base ../../../build/opencv_tests build --build-base /home/bryan/Workspace/ros2_ws/build/opencv_tests/build install --record /home/bryan/Workspace/ros2_ws/build/opencv_tests/install.log --single-version-externally-managed install_data
[31.299s] Level 1:colcon.colcon_core.environment:checking '/home/bryan/Workspace/ros2_ws/install/opencv_tests' for CMake config files
[31.299s] Level 1:colcon.colcon_core.environment:checking '/home/bryan/Workspace/ros2_ws/install/opencv_tests/lib'
[31.301s] Level 1:colcon.colcon_core.environment:checking '/home/bryan/Workspace/ros2_ws/install/opencv_tests/bin'
[31.302s] Level 1:colcon.colcon_core.environment:checking '/home/bryan/Workspace/ros2_ws/install/opencv_tests/lib/pkgconfig/opencv_tests.pc'
[31.302s] Level 1:colcon.colcon_core.environment:checking '/home/bryan/Workspace/ros2_ws/install/opencv_tests/lib/python3.10/site-packages'
[31.302s] Level 1:colcon.colcon_core.shell:create_environment_hook('opencv_tests', 'pythonpath')
[31.303s] INFO:colcon.colcon_core.shell:Creating environment hook '/home/bryan/Workspace/ros2_ws/install/opencv_tests/share/opencv_tests/hook/pythonpath.ps1'
[31.305s] INFO:colcon.colcon_core.shell:Creating environment descriptor '/home/bryan/Workspace/ros2_ws/install/opencv_tests/share/opencv_tests/hook/pythonpath.dsv'
[31.321s] INFO:colcon.colcon_core.shell:Creating environment hook '/home/bryan/Workspace/ros2_ws/install/opencv_tests/share/opencv_tests/hook/pythonpath.sh'
[31.323s] Level 1:colcon.colcon_core.environment:checking '/home/bryan/Workspace/ros2_ws/install/opencv_tests/bin'
[31.323s] Level 1:colcon.colcon_core.environment:create_environment_scripts_only(opencv_tests)
[31.324s] INFO:colcon.colcon_core.shell:Creating package script '/home/bryan/Workspace/ros2_ws/install/opencv_tests/share/opencv_tests/package.ps1'
[31.325s] INFO:colcon.colcon_core.shell:Creating package descriptor '/home/bryan/Workspace/ros2_ws/install/opencv_tests/share/opencv_tests/package.dsv'
[31.326s] INFO:colcon.colcon_core.shell:Creating package script '/home/bryan/Workspace/ros2_ws/install/opencv_tests/share/opencv_tests/package.sh'
[31.328s] INFO:colcon.colcon_core.shell:Creating package script '/home/bryan/Workspace/ros2_ws/install/opencv_tests/share/opencv_tests/package.bash'
[31.330s] INFO:colcon.colcon_core.shell:Creating package script '/home/bryan/Workspace/ros2_ws/install/opencv_tests/share/opencv_tests/package.zsh'
[31.332s] Level 1:colcon.colcon_core.environment:create_file_with_runtime_dependencies(/home/bryan/Workspace/ros2_ws/install/opencv_tests/share/colcon-core/packages/opencv_tests)
[31.333s] DEBUG:colcon.colcon_parallel_executor.executor.parallel:closing loop
[31.334s] DEBUG:colcon.colcon_parallel_executor.executor.parallel:loop closed
[31.335s] DEBUG:colcon.colcon_parallel_executor.executor.parallel:run_until_complete finished with '0'
[31.335s] DEBUG:colcon.colcon_core.event_reactor:joining thread
[31.377s] INFO:colcon.colcon_core.plugin_system:Skipping extension 'colcon_notification.desktop_notification.terminal_notifier': Not used on non-Darwin systems
[31.378s] INFO:colcon.colcon_core.plugin_system:Skipping extension 'colcon_notification.desktop_notification.win32': Not used on non-Windows systems
[31.378s] INFO:colcon.colcon_notification.desktop_notification:Sending desktop notification using 'notify2'
[31.482s] DEBUG:colcon.colcon_core.event_reactor:joined thread
[31.484s] INFO:colcon.colcon_core.shell:Creating prefix script '/home/bryan/Workspace/ros2_ws/install/local_setup.ps1'
[31.488s] INFO:colcon.colcon_core.shell:Creating prefix util module '/home/bryan/Workspace/ros2_ws/install/_local_setup_util_ps1.py'
[31.490s] INFO:colcon.colcon_core.shell:Creating prefix chain script '/home/bryan/Workspace/ros2_ws/install/setup.ps1'
[31.494s] INFO:colcon.colcon_core.shell:Creating prefix script '/home/bryan/Workspace/ros2_ws/install/local_setup.sh'
[31.496s] INFO:colcon.colcon_core.shell:Creating prefix util module '/home/bryan/Workspace/ros2_ws/install/_local_setup_util_sh.py'
[31.498s] INFO:colcon.colcon_core.shell:Creating prefix chain script '/home/bryan/Workspace/ros2_ws/install/setup.sh'
[31.502s] INFO:colcon.colcon_core.shell:Creating prefix script '/home/bryan/Workspace/ros2_ws/install/local_setup.bash'
[31.504s] INFO:colcon.colcon_core.shell:Creating prefix chain script '/home/bryan/Workspace/ros2_ws/install/setup.bash'
[31.508s] INFO:colcon.colcon_core.shell:Creating prefix script '/home/bryan/Workspace/ros2_ws/install/local_setup.zsh'
[31.511s] INFO:colcon.colcon_core.shell:Creating prefix chain script '/home/bryan/Workspace/ros2_ws/install/setup.zsh'
