[0.191s] DEBUG:colcon:Command line arguments: ['/usr/bin/colcon', 'build']
[0.192s] DEBUG:colcon:Parsed command line arguments: Namespace(log_base=None, log_level=None, verb_name='build', build_base='build', install_base='install', merge_install=False, symlink_install=False, test_result_base=None, continue_on_error=False, executor='parallel', parallel_workers=3, event_handlers=None, ignore_user_meta=False, metas=['./colcon.meta'], base_paths=['.'], packages_ignore=None, packages_ignore_regex=None, paths=None, packages_up_to=None, packages_up_to_regex=None, packages_above=None, packages_above_and_dependencies=None, packages_above_depth=None, packages_select_by_dep=None, packages_skip_by_dep=None, packages_skip_up_to=None, packages_select_build_failed=False, packages_skip_build_finished=False, packages_select_test_failures=False, packages_skip_test_passed=False, packages_select=None, packages_skip=None, packages_select_regex=None, packages_skip_regex=None, packages_start=None, packages_end=None, allow_overriding=[], cmake_args=None, cmake_target=None, cmake_target_skip_unavailable=False, cmake_clean_cache=False, cmake_clean_first=False, cmake_force_configure=False, ament_cmake_args=None, catkin_cmake_args=None, catkin_skip_building_tests=False, mixin_files=None, mixin=None, verb_parser=<colcon_mixin.mixin.mixin_argument.MixinArgumentDecorator object at 0x7edd6ac64e80>, verb_extension=<colcon_core.verb.build.BuildVerb object at 0x7edd6ac64940>, main=<bound method BuildVerb.main of <colcon_core.verb.build.BuildVerb object at 0x7edd6ac64940>>, mixin_verb=('build',))
[0.671s] Level 1:colcon.colcon_core.package_discovery:discover_packages(colcon_meta) check parameters
[0.671s] Level 1:colcon.colcon_core.package_discovery:discover_packages(recursive) check parameters
[0.671s] Level 1:colcon.colcon_core.package_discovery:discover_packages(ignore) check parameters
[0.671s] Level 1:colcon.colcon_core.package_discovery:discover_packages(path) check parameters
[0.671s] Level 1:colcon.colcon_core.package_discovery:discover_packages(colcon_meta) discover
[0.671s] Level 1:colcon.colcon_core.package_discovery:discover_packages(recursive) discover
[0.671s] INFO:colcon.colcon_core.package_discovery:Crawling recursively for packages in '/home/bryan/Workspace/ros2_ws'
[0.671s] Level 1:colcon.colcon_core.package_identification:_identify(.) by extensions ['ignore', 'ignore_ament_install']
[0.671s] Level 1:colcon.colcon_core.package_identification:_identify(.) by extension 'ignore'
[0.671s] Level 1:colcon.colcon_core.package_identification:_identify(.) by extension 'ignore_ament_install'
[0.671s] Level 1:colcon.colcon_core.package_identification:_identify(.) by extensions ['colcon_pkg']
[0.671s] Level 1:colcon.colcon_core.package_identification:_identify(.) by extension 'colcon_pkg'
[0.671s] Level 1:colcon.colcon_core.package_identification:_identify(.) by extensions ['colcon_meta']
[0.671s] Level 1:colcon.colcon_core.package_identification:_identify(.) by extension 'colcon_meta'
[0.671s] Level 1:colcon.colcon_core.package_identification:_identify(.) by extensions ['ros']
[0.672s] Level 1:colcon.colcon_core.package_identification:_identify(.) by extension 'ros'
[0.685s] Level 1:colcon.colcon_core.package_identification:_identify(.) by extensions ['cmake', 'python']
[0.685s] Level 1:colcon.colcon_core.package_identification:_identify(.) by extension 'cmake'
[0.685s] Level 1:colcon.colcon_core.package_identification:_identify(.) by extension 'python'
[0.685s] Level 1:colcon.colcon_core.package_identification:_identify(.) by extensions ['python_setup_py']
[0.685s] Level 1:colcon.colcon_core.package_identification:_identify(.) by extension 'python_setup_py'
[0.685s] Level 1:colcon.colcon_core.package_identification:_identify(build) by extensions ['ignore', 'ignore_ament_install']
[0.686s] Level 1:colcon.colcon_core.package_identification:_identify(build) by extension 'ignore'
[0.686s] Level 1:colcon.colcon_core.package_identification:_identify(build) ignored
[0.686s] Level 1:colcon.colcon_core.package_identification:_identify(first_package) by extensions ['ignore', 'ignore_ament_install']
[0.686s] Level 1:colcon.colcon_core.package_identification:_identify(first_package) by extension 'ignore'
[0.686s] Level 1:colcon.colcon_core.package_identification:_identify(first_package) by extension 'ignore_ament_install'
[0.686s] Level 1:colcon.colcon_core.package_identification:_identify(first_package) by extensions ['colcon_pkg']
[0.686s] Level 1:colcon.colcon_core.package_identification:_identify(first_package) by extension 'colcon_pkg'
[0.686s] Level 1:colcon.colcon_core.package_identification:_identify(first_package) by extensions ['colcon_meta']
[0.686s] Level 1:colcon.colcon_core.package_identification:_identify(first_package) by extension 'colcon_meta'
[0.686s] Level 1:colcon.colcon_core.package_identification:_identify(first_package) by extensions ['ros']
[0.686s] Level 1:colcon.colcon_core.package_identification:_identify(first_package) by extension 'ros'
[0.690s] DEBUG:colcon.colcon_core.package_identification:Package 'first_package' with type 'ros.ament_python' and name 'first_package'
[0.690s] Level 1:colcon.colcon_core.package_identification:_identify(image_pipeline) by extensions ['ignore', 'ignore_ament_install']
[0.690s] Level 1:colcon.colcon_core.package_identification:_identify(image_pipeline) by extension 'ignore'
[0.690s] Level 1:colcon.colcon_core.package_identification:_identify(image_pipeline) by extension 'ignore_ament_install'
[0.690s] Level 1:colcon.colcon_core.package_identification:_identify(image_pipeline) by extensions ['colcon_pkg']
[0.690s] Level 1:colcon.colcon_core.package_identification:_identify(image_pipeline) by extension 'colcon_pkg'
[0.691s] Level 1:colcon.colcon_core.package_identification:_identify(image_pipeline) by extensions ['colcon_meta']
[0.691s] Level 1:colcon.colcon_core.package_identification:_identify(image_pipeline) by extension 'colcon_meta'
[0.691s] Level 1:colcon.colcon_core.package_identification:_identify(image_pipeline) by extensions ['ros']
[0.691s] Level 1:colcon.colcon_core.package_identification:_identify(image_pipeline) by extension 'ros'
[0.691s] Level 1:colcon.colcon_core.package_identification:_identify(image_pipeline) by extensions ['cmake', 'python']
[0.691s] Level 1:colcon.colcon_core.package_identification:_identify(image_pipeline) by extension 'cmake'
[0.691s] Level 1:colcon.colcon_core.package_identification:_identify(image_pipeline) by extension 'python'
[0.691s] Level 1:colcon.colcon_core.package_identification:_identify(image_pipeline) by extensions ['python_setup_py']
[0.691s] Level 1:colcon.colcon_core.package_identification:_identify(image_pipeline) by extension 'python_setup_py'
[0.691s] Level 1:colcon.colcon_core.package_identification:_identify(image_pipeline/camera_calibration) by extensions ['ignore', 'ignore_ament_install']
[0.691s] Level 1:colcon.colcon_core.package_identification:_identify(image_pipeline/camera_calibration) by extension 'ignore'
[0.691s] Level 1:colcon.colcon_core.package_identification:_identify(image_pipeline/camera_calibration) by extension 'ignore_ament_install'
[0.691s] Level 1:colcon.colcon_core.package_identification:_identify(image_pipeline/camera_calibration) by extensions ['colcon_pkg']
[0.691s] Level 1:colcon.colcon_core.package_identification:_identify(image_pipeline/camera_calibration) by extension 'colcon_pkg'
[0.691s] Level 1:colcon.colcon_core.package_identification:_identify(image_pipeline/camera_calibration) by extensions ['colcon_meta']
[0.691s] Level 1:colcon.colcon_core.package_identification:_identify(image_pipeline/camera_calibration) by extension 'colcon_meta'
[0.691s] Level 1:colcon.colcon_core.package_identification:_identify(image_pipeline/camera_calibration) by extensions ['ros']
[0.691s] Level 1:colcon.colcon_core.package_identification:_identify(image_pipeline/camera_calibration) by extension 'ros'
[0.693s] DEBUG:colcon.colcon_core.package_identification:Package 'image_pipeline/camera_calibration' with type 'ros.ament_python' and name 'camera_calibration'
[0.693s] Level 1:colcon.colcon_core.package_identification:_identify(image_pipeline/depth_image_proc) by extensions ['ignore', 'ignore_ament_install']
[0.693s] Level 1:colcon.colcon_core.package_identification:_identify(image_pipeline/depth_image_proc) by extension 'ignore'
[0.693s] Level 1:colcon.colcon_core.package_identification:_identify(image_pipeline/depth_image_proc) by extension 'ignore_ament_install'
[0.693s] Level 1:colcon.colcon_core.package_identification:_identify(image_pipeline/depth_image_proc) by extensions ['colcon_pkg']
[0.693s] Level 1:colcon.colcon_core.package_identification:_identify(image_pipeline/depth_image_proc) by extension 'colcon_pkg'
[0.693s] Level 1:colcon.colcon_core.package_identification:_identify(image_pipeline/depth_image_proc) by extensions ['colcon_meta']
[0.693s] Level 1:colcon.colcon_core.package_identification:_identify(image_pipeline/depth_image_proc) by extension 'colcon_meta'
[0.693s] Level 1:colcon.colcon_core.package_identification:_identify(image_pipeline/depth_image_proc) by extensions ['ros']
[0.693s] Level 1:colcon.colcon_core.package_identification:_identify(image_pipeline/depth_image_proc) by extension 'ros'
[0.695s] DEBUG:colcon.colcon_core.package_identification:Package 'image_pipeline/depth_image_proc' with type 'ros.ament_cmake' and name 'depth_image_proc'
[0.695s] Level 1:colcon.colcon_core.package_identification:_identify(image_pipeline/image_pipeline) by extensions ['ignore', 'ignore_ament_install']
[0.695s] Level 1:colcon.colcon_core.package_identification:_identify(image_pipeline/image_pipeline) by extension 'ignore'
[0.695s] Level 1:colcon.colcon_core.package_identification:_identify(image_pipeline/image_pipeline) by extension 'ignore_ament_install'
[0.695s] Level 1:colcon.colcon_core.package_identification:_identify(image_pipeline/image_pipeline) by extensions ['colcon_pkg']
[0.695s] Level 1:colcon.colcon_core.package_identification:_identify(image_pipeline/image_pipeline) by extension 'colcon_pkg'
[0.695s] Level 1:colcon.colcon_core.package_identification:_identify(image_pipeline/image_pipeline) by extensions ['colcon_meta']
[0.695s] Level 1:colcon.colcon_core.package_identification:_identify(image_pipeline/image_pipeline) by extension 'colcon_meta'
[0.695s] Level 1:colcon.colcon_core.package_identification:_identify(image_pipeline/image_pipeline) by extensions ['ros']
[0.695s] Level 1:colcon.colcon_core.package_identification:_identify(image_pipeline/image_pipeline) by extension 'ros'
[0.696s] DEBUG:colcon.colcon_core.package_identification:Package 'image_pipeline/image_pipeline' with type 'ros.ament_cmake' and name 'image_pipeline'
[0.696s] Level 1:colcon.colcon_core.package_identification:_identify(image_pipeline/image_proc) by extensions ['ignore', 'ignore_ament_install']
[0.696s] Level 1:colcon.colcon_core.package_identification:_identify(image_pipeline/image_proc) by extension 'ignore'
[0.696s] Level 1:colcon.colcon_core.package_identification:_identify(image_pipeline/image_proc) by extension 'ignore_ament_install'
[0.697s] Level 1:colcon.colcon_core.package_identification:_identify(image_pipeline/image_proc) by extensions ['colcon_pkg']
[0.697s] Level 1:colcon.colcon_core.package_identification:_identify(image_pipeline/image_proc) by extension 'colcon_pkg'
[0.697s] Level 1:colcon.colcon_core.package_identification:_identify(image_pipeline/image_proc) by extensions ['colcon_meta']
[0.697s] Level 1:colcon.colcon_core.package_identification:_identify(image_pipeline/image_proc) by extension 'colcon_meta'
[0.697s] Level 1:colcon.colcon_core.package_identification:_identify(image_pipeline/image_proc) by extensions ['ros']
[0.697s] Level 1:colcon.colcon_core.package_identification:_identify(image_pipeline/image_proc) by extension 'ros'
[0.698s] DEBUG:colcon.colcon_core.package_identification:Package 'image_pipeline/image_proc' with type 'ros.ament_cmake' and name 'image_proc'
[0.698s] Level 1:colcon.colcon_core.package_identification:_identify(image_pipeline/image_publisher) by extensions ['ignore', 'ignore_ament_install']
[0.698s] Level 1:colcon.colcon_core.package_identification:_identify(image_pipeline/image_publisher) by extension 'ignore'
[0.698s] Level 1:colcon.colcon_core.package_identification:_identify(image_pipeline/image_publisher) by extension 'ignore_ament_install'
[0.698s] Level 1:colcon.colcon_core.package_identification:_identify(image_pipeline/image_publisher) by extensions ['colcon_pkg']
[0.698s] Level 1:colcon.colcon_core.package_identification:_identify(image_pipeline/image_publisher) by extension 'colcon_pkg'
[0.698s] Level 1:colcon.colcon_core.package_identification:_identify(image_pipeline/image_publisher) by extensions ['colcon_meta']
[0.698s] Level 1:colcon.colcon_core.package_identification:_identify(image_pipeline/image_publisher) by extension 'colcon_meta'
[0.698s] Level 1:colcon.colcon_core.package_identification:_identify(image_pipeline/image_publisher) by extensions ['ros']
[0.698s] Level 1:colcon.colcon_core.package_identification:_identify(image_pipeline/image_publisher) by extension 'ros'
[0.700s] DEBUG:colcon.colcon_core.package_identification:Package 'image_pipeline/image_publisher' with type 'ros.ament_cmake' and name 'image_publisher'
[0.700s] Level 1:colcon.colcon_core.package_identification:_identify(image_pipeline/image_rotate) by extensions ['ignore', 'ignore_ament_install']
[0.700s] Level 1:colcon.colcon_core.package_identification:_identify(image_pipeline/image_rotate) by extension 'ignore'
[0.700s] Level 1:colcon.colcon_core.package_identification:_identify(image_pipeline/image_rotate) by extension 'ignore_ament_install'
[0.700s] Level 1:colcon.colcon_core.package_identification:_identify(image_pipeline/image_rotate) by extensions ['colcon_pkg']
[0.700s] Level 1:colcon.colcon_core.package_identification:_identify(image_pipeline/image_rotate) by extension 'colcon_pkg'
[0.700s] Level 1:colcon.colcon_core.package_identification:_identify(image_pipeline/image_rotate) by extensions ['colcon_meta']
[0.700s] Level 1:colcon.colcon_core.package_identification:_identify(image_pipeline/image_rotate) by extension 'colcon_meta'
[0.700s] Level 1:colcon.colcon_core.package_identification:_identify(image_pipeline/image_rotate) by extensions ['ros']
[0.700s] Level 1:colcon.colcon_core.package_identification:_identify(image_pipeline/image_rotate) by extension 'ros'
[0.702s] DEBUG:colcon.colcon_core.package_identification:Package 'image_pipeline/image_rotate' with type 'ros.ament_cmake' and name 'image_rotate'
[0.702s] Level 1:colcon.colcon_core.package_identification:_identify(image_pipeline/image_view) by extensions ['ignore', 'ignore_ament_install']
[0.702s] Level 1:colcon.colcon_core.package_identification:_identify(image_pipeline/image_view) by extension 'ignore'
[0.702s] Level 1:colcon.colcon_core.package_identification:_identify(image_pipeline/image_view) by extension 'ignore_ament_install'
[0.702s] Level 1:colcon.colcon_core.package_identification:_identify(image_pipeline/image_view) by extensions ['colcon_pkg']
[0.702s] Level 1:colcon.colcon_core.package_identification:_identify(image_pipeline/image_view) by extension 'colcon_pkg'
[0.702s] Level 1:colcon.colcon_core.package_identification:_identify(image_pipeline/image_view) by extensions ['colcon_meta']
[0.702s] Level 1:colcon.colcon_core.package_identification:_identify(image_pipeline/image_view) by extension 'colcon_meta'
[0.702s] Level 1:colcon.colcon_core.package_identification:_identify(image_pipeline/image_view) by extensions ['ros']
[0.702s] Level 1:colcon.colcon_core.package_identification:_identify(image_pipeline/image_view) by extension 'ros'
[0.703s] DEBUG:colcon.colcon_core.package_identification:Package 'image_pipeline/image_view' with type 'ros.ament_cmake' and name 'image_view'
[0.703s] Level 1:colcon.colcon_core.package_identification:_identify(image_pipeline/stereo_image_proc) by extensions ['ignore', 'ignore_ament_install']
[0.704s] Level 1:colcon.colcon_core.package_identification:_identify(image_pipeline/stereo_image_proc) by extension 'ignore'
[0.704s] Level 1:colcon.colcon_core.package_identification:_identify(image_pipeline/stereo_image_proc) by extension 'ignore_ament_install'
[0.704s] Level 1:colcon.colcon_core.package_identification:_identify(image_pipeline/stereo_image_proc) by extensions ['colcon_pkg']
[0.704s] Level 1:colcon.colcon_core.package_identification:_identify(image_pipeline/stereo_image_proc) by extension 'colcon_pkg'
[0.704s] Level 1:colcon.colcon_core.package_identification:_identify(image_pipeline/stereo_image_proc) by extensions ['colcon_meta']
[0.704s] Level 1:colcon.colcon_core.package_identification:_identify(image_pipeline/stereo_image_proc) by extension 'colcon_meta'
[0.704s] Level 1:colcon.colcon_core.package_identification:_identify(image_pipeline/stereo_image_proc) by extensions ['ros']
[0.704s] Level 1:colcon.colcon_core.package_identification:_identify(image_pipeline/stereo_image_proc) by extension 'ros'
[0.705s] DEBUG:colcon.colcon_core.package_identification:Package 'image_pipeline/stereo_image_proc' with type 'ros.ament_cmake' and name 'stereo_image_proc'
[0.705s] Level 1:colcon.colcon_core.package_identification:_identify(image_pipeline/tools) by extensions ['ignore', 'ignore_ament_install']
[0.705s] Level 1:colcon.colcon_core.package_identification:_identify(image_pipeline/tools) by extension 'ignore'
[0.705s] Level 1:colcon.colcon_core.package_identification:_identify(image_pipeline/tools) by extension 'ignore_ament_install'
[0.706s] Level 1:colcon.colcon_core.package_identification:_identify(image_pipeline/tools) by extensions ['colcon_pkg']
[0.706s] Level 1:colcon.colcon_core.package_identification:_identify(image_pipeline/tools) by extension 'colcon_pkg'
[0.706s] Level 1:colcon.colcon_core.package_identification:_identify(image_pipeline/tools) by extensions ['colcon_meta']
[0.706s] Level 1:colcon.colcon_core.package_identification:_identify(image_pipeline/tools) by extension 'colcon_meta'
[0.706s] Level 1:colcon.colcon_core.package_identification:_identify(image_pipeline/tools) by extensions ['ros']
[0.706s] Level 1:colcon.colcon_core.package_identification:_identify(image_pipeline/tools) by extension 'ros'
[0.706s] Level 1:colcon.colcon_core.package_identification:_identify(image_pipeline/tools) by extensions ['cmake', 'python']
[0.706s] Level 1:colcon.colcon_core.package_identification:_identify(image_pipeline/tools) by extension 'cmake'
[0.706s] Level 1:colcon.colcon_core.package_identification:_identify(image_pipeline/tools) by extension 'python'
[0.706s] Level 1:colcon.colcon_core.package_identification:_identify(image_pipeline/tools) by extensions ['python_setup_py']
[0.706s] Level 1:colcon.colcon_core.package_identification:_identify(image_pipeline/tools) by extension 'python_setup_py'
[0.706s] Level 1:colcon.colcon_core.package_identification:_identify(image_pipeline/tracetools_image_pipeline) by extensions ['ignore', 'ignore_ament_install']
[0.706s] Level 1:colcon.colcon_core.package_identification:_identify(image_pipeline/tracetools_image_pipeline) by extension 'ignore'
[0.706s] Level 1:colcon.colcon_core.package_identification:_identify(image_pipeline/tracetools_image_pipeline) by extension 'ignore_ament_install'
[0.706s] Level 1:colcon.colcon_core.package_identification:_identify(image_pipeline/tracetools_image_pipeline) by extensions ['colcon_pkg']
[0.706s] Level 1:colcon.colcon_core.package_identification:_identify(image_pipeline/tracetools_image_pipeline) by extension 'colcon_pkg'
[0.707s] Level 1:colcon.colcon_core.package_identification:_identify(image_pipeline/tracetools_image_pipeline) by extensions ['colcon_meta']
[0.707s] Level 1:colcon.colcon_core.package_identification:_identify(image_pipeline/tracetools_image_pipeline) by extension 'colcon_meta'
[0.707s] Level 1:colcon.colcon_core.package_identification:_identify(image_pipeline/tracetools_image_pipeline) by extensions ['ros']
[0.707s] Level 1:colcon.colcon_core.package_identification:_identify(image_pipeline/tracetools_image_pipeline) by extension 'ros'
[0.707s] DEBUG:colcon.colcon_core.package_identification:Package 'image_pipeline/tracetools_image_pipeline' with type 'ros.ament_cmake' and name 'tracetools_image_pipeline'
[0.707s] Level 1:colcon.colcon_core.package_identification:_identify(image_pipeline/wiki_files) by extensions ['ignore', 'ignore_ament_install']
[0.707s] Level 1:colcon.colcon_core.package_identification:_identify(image_pipeline/wiki_files) by extension 'ignore'
[0.707s] Level 1:colcon.colcon_core.package_identification:_identify(image_pipeline/wiki_files) by extension 'ignore_ament_install'
[0.707s] Level 1:colcon.colcon_core.package_identification:_identify(image_pipeline/wiki_files) by extensions ['colcon_pkg']
[0.707s] Level 1:colcon.colcon_core.package_identification:_identify(image_pipeline/wiki_files) by extension 'colcon_pkg'
[0.707s] Level 1:colcon.colcon_core.package_identification:_identify(image_pipeline/wiki_files) by extensions ['colcon_meta']
[0.707s] Level 1:colcon.colcon_core.package_identification:_identify(image_pipeline/wiki_files) by extension 'colcon_meta'
[0.707s] Level 1:colcon.colcon_core.package_identification:_identify(image_pipeline/wiki_files) by extensions ['ros']
[0.708s] Level 1:colcon.colcon_core.package_identification:_identify(image_pipeline/wiki_files) by extension 'ros'
[0.708s] Level 1:colcon.colcon_core.package_identification:_identify(image_pipeline/wiki_files) by extensions ['cmake', 'python']
[0.708s] Level 1:colcon.colcon_core.package_identification:_identify(image_pipeline/wiki_files) by extension 'cmake'
[0.708s] Level 1:colcon.colcon_core.package_identification:_identify(image_pipeline/wiki_files) by extension 'python'
[0.708s] Level 1:colcon.colcon_core.package_identification:_identify(image_pipeline/wiki_files) by extensions ['python_setup_py']
[0.708s] Level 1:colcon.colcon_core.package_identification:_identify(image_pipeline/wiki_files) by extension 'python_setup_py'
[0.708s] Level 1:colcon.colcon_core.package_identification:_identify(install) by extensions ['ignore', 'ignore_ament_install']
[0.708s] Level 1:colcon.colcon_core.package_identification:_identify(install) by extension 'ignore'
[0.708s] Level 1:colcon.colcon_core.package_identification:_identify(install) ignored
[0.708s] Level 1:colcon.colcon_core.package_identification:_identify(log) by extensions ['ignore', 'ignore_ament_install']
[0.708s] Level 1:colcon.colcon_core.package_identification:_identify(log) by extension 'ignore'
[0.708s] Level 1:colcon.colcon_core.package_identification:_identify(log) ignored
[0.708s] Level 1:colcon.colcon_core.package_identification:_identify(sprint2) by extensions ['ignore', 'ignore_ament_install']
[0.709s] Level 1:colcon.colcon_core.package_identification:_identify(sprint2) by extension 'ignore'
[0.709s] Level 1:colcon.colcon_core.package_identification:_identify(sprint2) by extension 'ignore_ament_install'
[0.709s] Level 1:colcon.colcon_core.package_identification:_identify(sprint2) by extensions ['colcon_pkg']
[0.709s] Level 1:colcon.colcon_core.package_identification:_identify(sprint2) by extension 'colcon_pkg'
[0.709s] Level 1:colcon.colcon_core.package_identification:_identify(sprint2) by extensions ['colcon_meta']
[0.709s] Level 1:colcon.colcon_core.package_identification:_identify(sprint2) by extension 'colcon_meta'
[0.709s] Level 1:colcon.colcon_core.package_identification:_identify(sprint2) by extensions ['ros']
[0.709s] Level 1:colcon.colcon_core.package_identification:_identify(sprint2) by extension 'ros'
[0.711s] DEBUG:colcon.colcon_core.package_identification:Package 'sprint2' with type 'ros.ament_python' and name 'sprint2'
[0.712s] Level 1:colcon.colcon_core.package_identification:_identify(src) by extensions ['ignore', 'ignore_ament_install']
[0.712s] Level 1:colcon.colcon_core.package_identification:_identify(src) by extension 'ignore'
[0.712s] Level 1:colcon.colcon_core.package_identification:_identify(src) by extension 'ignore_ament_install'
[0.712s] Level 1:colcon.colcon_core.package_identification:_identify(src) by extensions ['colcon_pkg']
[0.712s] Level 1:colcon.colcon_core.package_identification:_identify(src) by extension 'colcon_pkg'
[0.712s] Level 1:colcon.colcon_core.package_identification:_identify(src) by extensions ['colcon_meta']
[0.712s] Level 1:colcon.colcon_core.package_identification:_identify(src) by extension 'colcon_meta'
[0.712s] Level 1:colcon.colcon_core.package_identification:_identify(src) by extensions ['ros']
[0.712s] Level 1:colcon.colcon_core.package_identification:_identify(src) by extension 'ros'
[0.712s] Level 1:colcon.colcon_core.package_identification:_identify(src) by extensions ['cmake', 'python']
[0.712s] Level 1:colcon.colcon_core.package_identification:_identify(src) by extension 'cmake'
[0.712s] Level 1:colcon.colcon_core.package_identification:_identify(src) by extension 'python'
[0.712s] Level 1:colcon.colcon_core.package_identification:_identify(src) by extensions ['python_setup_py']
[0.712s] Level 1:colcon.colcon_core.package_identification:_identify(src) by extension 'python_setup_py'
[0.712s] Level 1:colcon.colcon_core.package_identification:_identify(src/examples) by extensions ['ignore', 'ignore_ament_install']
[0.712s] Level 1:colcon.colcon_core.package_identification:_identify(src/examples) by extension 'ignore'
[0.713s] Level 1:colcon.colcon_core.package_identification:_identify(src/examples) by extension 'ignore_ament_install'
[0.713s] Level 1:colcon.colcon_core.package_identification:_identify(src/examples) by extensions ['colcon_pkg']
[0.713s] Level 1:colcon.colcon_core.package_identification:_identify(src/examples) by extension 'colcon_pkg'
[0.713s] Level 1:colcon.colcon_core.package_identification:_identify(src/examples) by extensions ['colcon_meta']
[0.713s] Level 1:colcon.colcon_core.package_identification:_identify(src/examples) by extension 'colcon_meta'
[0.713s] Level 1:colcon.colcon_core.package_identification:_identify(src/examples) by extensions ['ros']
[0.713s] Level 1:colcon.colcon_core.package_identification:_identify(src/examples) by extension 'ros'
[0.713s] Level 1:colcon.colcon_core.package_identification:_identify(src/examples) by extensions ['cmake', 'python']
[0.713s] Level 1:colcon.colcon_core.package_identification:_identify(src/examples) by extension 'cmake'
[0.713s] Level 1:colcon.colcon_core.package_identification:_identify(src/examples) by extension 'python'
[0.713s] Level 1:colcon.colcon_core.package_identification:_identify(src/examples) by extensions ['python_setup_py']
[0.713s] Level 1:colcon.colcon_core.package_identification:_identify(src/examples) by extension 'python_setup_py'
[0.714s] Level 1:colcon.colcon_core.package_identification:_identify(src/examples/launch_testing) by extensions ['ignore', 'ignore_ament_install']
[0.714s] Level 1:colcon.colcon_core.package_identification:_identify(src/examples/launch_testing) by extension 'ignore'
[0.714s] Level 1:colcon.colcon_core.package_identification:_identify(src/examples/launch_testing) by extension 'ignore_ament_install'
[0.714s] Level 1:colcon.colcon_core.package_identification:_identify(src/examples/launch_testing) by extensions ['colcon_pkg']
[0.714s] Level 1:colcon.colcon_core.package_identification:_identify(src/examples/launch_testing) by extension 'colcon_pkg'
[0.714s] Level 1:colcon.colcon_core.package_identification:_identify(src/examples/launch_testing) by extensions ['colcon_meta']
[0.715s] Level 1:colcon.colcon_core.package_identification:_identify(src/examples/launch_testing) by extension 'colcon_meta'
[0.715s] Level 1:colcon.colcon_core.package_identification:_identify(src/examples/launch_testing) by extensions ['ros']
[0.715s] Level 1:colcon.colcon_core.package_identification:_identify(src/examples/launch_testing) by extension 'ros'
[0.715s] Level 1:colcon.colcon_core.package_identification:_identify(src/examples/launch_testing) by extensions ['cmake', 'python']
[0.715s] Level 1:colcon.colcon_core.package_identification:_identify(src/examples/launch_testing) by extension 'cmake'
[0.715s] Level 1:colcon.colcon_core.package_identification:_identify(src/examples/launch_testing) by extension 'python'
[0.715s] Level 1:colcon.colcon_core.package_identification:_identify(src/examples/launch_testing) by extensions ['python_setup_py']
[0.715s] Level 1:colcon.colcon_core.package_identification:_identify(src/examples/launch_testing) by extension 'python_setup_py'
[0.716s] Level 1:colcon.colcon_core.package_identification:_identify(src/examples/launch_testing/launch_testing_examples) by extensions ['ignore', 'ignore_ament_install']
[0.716s] Level 1:colcon.colcon_core.package_identification:_identify(src/examples/launch_testing/launch_testing_examples) by extension 'ignore'
[0.716s] Level 1:colcon.colcon_core.package_identification:_identify(src/examples/launch_testing/launch_testing_examples) by extension 'ignore_ament_install'
[0.716s] Level 1:colcon.colcon_core.package_identification:_identify(src/examples/launch_testing/launch_testing_examples) by extensions ['colcon_pkg']
[0.716s] Level 1:colcon.colcon_core.package_identification:_identify(src/examples/launch_testing/launch_testing_examples) by extension 'colcon_pkg'
[0.717s] Level 1:colcon.colcon_core.package_identification:_identify(src/examples/launch_testing/launch_testing_examples) by extensions ['colcon_meta']
[0.717s] Level 1:colcon.colcon_core.package_identification:_identify(src/examples/launch_testing/launch_testing_examples) by extension 'colcon_meta'
[0.717s] Level 1:colcon.colcon_core.package_identification:_identify(src/examples/launch_testing/launch_testing_examples) by extensions ['ros']
[0.717s] Level 1:colcon.colcon_core.package_identification:_identify(src/examples/launch_testing/launch_testing_examples) by extension 'ros'
[0.718s] DEBUG:colcon.colcon_core.package_identification:Package 'src/examples/launch_testing/launch_testing_examples' with type 'ros.ament_python' and name 'launch_testing_examples'
[0.719s] Level 1:colcon.colcon_core.package_identification:_identify(src/examples/rclcpp) by extensions ['ignore', 'ignore_ament_install']
[0.719s] Level 1:colcon.colcon_core.package_identification:_identify(src/examples/rclcpp) by extension 'ignore'
[0.719s] Level 1:colcon.colcon_core.package_identification:_identify(src/examples/rclcpp) by extension 'ignore_ament_install'
[0.719s] Level 1:colcon.colcon_core.package_identification:_identify(src/examples/rclcpp) by extensions ['colcon_pkg']
[0.719s] Level 1:colcon.colcon_core.package_identification:_identify(src/examples/rclcpp) by extension 'colcon_pkg'
[0.719s] Level 1:colcon.colcon_core.package_identification:_identify(src/examples/rclcpp) by extensions ['colcon_meta']
[0.719s] Level 1:colcon.colcon_core.package_identification:_identify(src/examples/rclcpp) by extension 'colcon_meta'
[0.719s] Level 1:colcon.colcon_core.package_identification:_identify(src/examples/rclcpp) by extensions ['ros']
[0.719s] Level 1:colcon.colcon_core.package_identification:_identify(src/examples/rclcpp) by extension 'ros'
[0.720s] Level 1:colcon.colcon_core.package_identification:_identify(src/examples/rclcpp) by extensions ['cmake', 'python']
[0.720s] Level 1:colcon.colcon_core.package_identification:_identify(src/examples/rclcpp) by extension 'cmake'
[0.720s] Level 1:colcon.colcon_core.package_identification:_identify(src/examples/rclcpp) by extension 'python'
[0.720s] Level 1:colcon.colcon_core.package_identification:_identify(src/examples/rclcpp) by extensions ['python_setup_py']
[0.720s] Level 1:colcon.colcon_core.package_identification:_identify(src/examples/rclcpp) by extension 'python_setup_py'
[0.720s] Level 1:colcon.colcon_core.package_identification:_identify(src/examples/rclcpp/actions) by extensions ['ignore', 'ignore_ament_install']
[0.721s] Level 1:colcon.colcon_core.package_identification:_identify(src/examples/rclcpp/actions) by extension 'ignore'
[0.721s] Level 1:colcon.colcon_core.package_identification:_identify(src/examples/rclcpp/actions) by extension 'ignore_ament_install'
[0.721s] Level 1:colcon.colcon_core.package_identification:_identify(src/examples/rclcpp/actions) by extensions ['colcon_pkg']
[0.721s] Level 1:colcon.colcon_core.package_identification:_identify(src/examples/rclcpp/actions) by extension 'colcon_pkg'
[0.721s] Level 1:colcon.colcon_core.package_identification:_identify(src/examples/rclcpp/actions) by extensions ['colcon_meta']
[0.721s] Level 1:colcon.colcon_core.package_identification:_identify(src/examples/rclcpp/actions) by extension 'colcon_meta'
[0.721s] Level 1:colcon.colcon_core.package_identification:_identify(src/examples/rclcpp/actions) by extensions ['ros']
[0.721s] Level 1:colcon.colcon_core.package_identification:_identify(src/examples/rclcpp/actions) by extension 'ros'
[0.721s] Level 1:colcon.colcon_core.package_identification:_identify(src/examples/rclcpp/actions) by extensions ['cmake', 'python']
[0.721s] Level 1:colcon.colcon_core.package_identification:_identify(src/examples/rclcpp/actions) by extension 'cmake'
[0.721s] Level 1:colcon.colcon_core.package_identification:_identify(src/examples/rclcpp/actions) by extension 'python'
[0.721s] Level 1:colcon.colcon_core.package_identification:_identify(src/examples/rclcpp/actions) by extensions ['python_setup_py']
[0.721s] Level 1:colcon.colcon_core.package_identification:_identify(src/examples/rclcpp/actions) by extension 'python_setup_py'
[0.722s] Level 1:colcon.colcon_core.package_identification:_identify(src/examples/rclcpp/actions/minimal_action_client) by extensions ['ignore', 'ignore_ament_install']
[0.722s] Level 1:colcon.colcon_core.package_identification:_identify(src/examples/rclcpp/actions/minimal_action_client) by extension 'ignore'
[0.722s] Level 1:colcon.colcon_core.package_identification:_identify(src/examples/rclcpp/actions/minimal_action_client) by extension 'ignore_ament_install'
[0.722s] Level 1:colcon.colcon_core.package_identification:_identify(src/examples/rclcpp/actions/minimal_action_client) by extensions ['colcon_pkg']
[0.722s] Level 1:colcon.colcon_core.package_identification:_identify(src/examples/rclcpp/actions/minimal_action_client) by extension 'colcon_pkg'
[0.722s] Level 1:colcon.colcon_core.package_identification:_identify(src/examples/rclcpp/actions/minimal_action_client) by extensions ['colcon_meta']
[0.722s] Level 1:colcon.colcon_core.package_identification:_identify(src/examples/rclcpp/actions/minimal_action_client) by extension 'colcon_meta'
[0.722s] Level 1:colcon.colcon_core.package_identification:_identify(src/examples/rclcpp/actions/minimal_action_client) by extensions ['ros']
[0.722s] Level 1:colcon.colcon_core.package_identification:_identify(src/examples/rclcpp/actions/minimal_action_client) by extension 'ros'
[0.724s] DEBUG:colcon.colcon_core.package_identification:Package 'src/examples/rclcpp/actions/minimal_action_client' with type 'ros.ament_cmake' and name 'examples_rclcpp_minimal_action_client'
[0.725s] Level 1:colcon.colcon_core.package_identification:_identify(src/examples/rclcpp/actions/minimal_action_server) by extensions ['ignore', 'ignore_ament_install']
[0.725s] Level 1:colcon.colcon_core.package_identification:_identify(src/examples/rclcpp/actions/minimal_action_server) by extension 'ignore'
[0.725s] Level 1:colcon.colcon_core.package_identification:_identify(src/examples/rclcpp/actions/minimal_action_server) by extension 'ignore_ament_install'
[0.725s] Level 1:colcon.colcon_core.package_identification:_identify(src/examples/rclcpp/actions/minimal_action_server) by extensions ['colcon_pkg']
[0.726s] Level 1:colcon.colcon_core.package_identification:_identify(src/examples/rclcpp/actions/minimal_action_server) by extension 'colcon_pkg'
[0.726s] Level 1:colcon.colcon_core.package_identification:_identify(src/examples/rclcpp/actions/minimal_action_server) by extensions ['colcon_meta']
[0.726s] Level 1:colcon.colcon_core.package_identification:_identify(src/examples/rclcpp/actions/minimal_action_server) by extension 'colcon_meta'
[0.726s] Level 1:colcon.colcon_core.package_identification:_identify(src/examples/rclcpp/actions/minimal_action_server) by extensions ['ros']
[0.726s] Level 1:colcon.colcon_core.package_identification:_identify(src/examples/rclcpp/actions/minimal_action_server) by extension 'ros'
[0.729s] DEBUG:colcon.colcon_core.package_identification:Package 'src/examples/rclcpp/actions/minimal_action_server' with type 'ros.ament_cmake' and name 'examples_rclcpp_minimal_action_server'
[0.730s] Level 1:colcon.colcon_core.package_identification:_identify(src/examples/rclcpp/composition) by extensions ['ignore', 'ignore_ament_install']
[0.730s] Level 1:colcon.colcon_core.package_identification:_identify(src/examples/rclcpp/composition) by extension 'ignore'
[0.730s] Level 1:colcon.colcon_core.package_identification:_identify(src/examples/rclcpp/composition) by extension 'ignore_ament_install'
[0.730s] Level 1:colcon.colcon_core.package_identification:_identify(src/examples/rclcpp/composition) by extensions ['colcon_pkg']
[0.730s] Level 1:colcon.colcon_core.package_identification:_identify(src/examples/rclcpp/composition) by extension 'colcon_pkg'
[0.730s] Level 1:colcon.colcon_core.package_identification:_identify(src/examples/rclcpp/composition) by extensions ['colcon_meta']
[0.730s] Level 1:colcon.colcon_core.package_identification:_identify(src/examples/rclcpp/composition) by extension 'colcon_meta'
[0.730s] Level 1:colcon.colcon_core.package_identification:_identify(src/examples/rclcpp/composition) by extensions ['ros']
[0.730s] Level 1:colcon.colcon_core.package_identification:_identify(src/examples/rclcpp/composition) by extension 'ros'
[0.731s] Level 1:colcon.colcon_core.package_identification:_identify(src/examples/rclcpp/composition) by extensions ['cmake', 'python']
[0.731s] Level 1:colcon.colcon_core.package_identification:_identify(src/examples/rclcpp/composition) by extension 'cmake'
[0.731s] Level 1:colcon.colcon_core.package_identification:_identify(src/examples/rclcpp/composition) by extension 'python'
[0.731s] Level 1:colcon.colcon_core.package_identification:_identify(src/examples/rclcpp/composition) by extensions ['python_setup_py']
[0.731s] Level 1:colcon.colcon_core.package_identification:_identify(src/examples/rclcpp/composition) by extension 'python_setup_py'
[0.732s] Level 1:colcon.colcon_core.package_identification:_identify(src/examples/rclcpp/composition/minimal_composition) by extensions ['ignore', 'ignore_ament_install']
[0.732s] Level 1:colcon.colcon_core.package_identification:_identify(src/examples/rclcpp/composition/minimal_composition) by extension 'ignore'
[0.732s] Level 1:colcon.colcon_core.package_identification:_identify(src/examples/rclcpp/composition/minimal_composition) by extension 'ignore_ament_install'
[0.732s] Level 1:colcon.colcon_core.package_identification:_identify(src/examples/rclcpp/composition/minimal_composition) by extensions ['colcon_pkg']
[0.732s] Level 1:colcon.colcon_core.package_identification:_identify(src/examples/rclcpp/composition/minimal_composition) by extension 'colcon_pkg'
[0.732s] Level 1:colcon.colcon_core.package_identification:_identify(src/examples/rclcpp/composition/minimal_composition) by extensions ['colcon_meta']
[0.732s] Level 1:colcon.colcon_core.package_identification:_identify(src/examples/rclcpp/composition/minimal_composition) by extension 'colcon_meta'
[0.732s] Level 1:colcon.colcon_core.package_identification:_identify(src/examples/rclcpp/composition/minimal_composition) by extensions ['ros']
[0.732s] Level 1:colcon.colcon_core.package_identification:_identify(src/examples/rclcpp/composition/minimal_composition) by extension 'ros'
[0.734s] DEBUG:colcon.colcon_core.package_identification:Package 'src/examples/rclcpp/composition/minimal_composition' with type 'ros.ament_cmake' and name 'examples_rclcpp_minimal_composition'
[0.735s] Level 1:colcon.colcon_core.package_identification:_identify(src/examples/rclcpp/executors) by extensions ['ignore', 'ignore_ament_install']
[0.735s] Level 1:colcon.colcon_core.package_identification:_identify(src/examples/rclcpp/executors) by extension 'ignore'
[0.735s] Level 1:colcon.colcon_core.package_identification:_identify(src/examples/rclcpp/executors) by extension 'ignore_ament_install'
[0.735s] Level 1:colcon.colcon_core.package_identification:_identify(src/examples/rclcpp/executors) by extensions ['colcon_pkg']
[0.735s] Level 1:colcon.colcon_core.package_identification:_identify(src/examples/rclcpp/executors) by extension 'colcon_pkg'
[0.735s] Level 1:colcon.colcon_core.package_identification:_identify(src/examples/rclcpp/executors) by extensions ['colcon_meta']
[0.735s] Level 1:colcon.colcon_core.package_identification:_identify(src/examples/rclcpp/executors) by extension 'colcon_meta'
[0.735s] Level 1:colcon.colcon_core.package_identification:_identify(src/examples/rclcpp/executors) by extensions ['ros']
[0.735s] Level 1:colcon.colcon_core.package_identification:_identify(src/examples/rclcpp/executors) by extension 'ros'
[0.735s] Level 1:colcon.colcon_core.package_identification:_identify(src/examples/rclcpp/executors) by extensions ['cmake', 'python']
[0.735s] Level 1:colcon.colcon_core.package_identification:_identify(src/examples/rclcpp/executors) by extension 'cmake'
[0.735s] Level 1:colcon.colcon_core.package_identification:_identify(src/examples/rclcpp/executors) by extension 'python'
[0.735s] Level 1:colcon.colcon_core.package_identification:_identify(src/examples/rclcpp/executors) by extensions ['python_setup_py']
[0.735s] Level 1:colcon.colcon_core.package_identification:_identify(src/examples/rclcpp/executors) by extension 'python_setup_py'
[0.736s] Level 1:colcon.colcon_core.package_identification:_identify(src/examples/rclcpp/executors/cbg_executor) by extensions ['ignore', 'ignore_ament_install']
[0.736s] Level 1:colcon.colcon_core.package_identification:_identify(src/examples/rclcpp/executors/cbg_executor) by extension 'ignore'
[0.736s] Level 1:colcon.colcon_core.package_identification:_identify(src/examples/rclcpp/executors/cbg_executor) by extension 'ignore_ament_install'
[0.736s] Level 1:colcon.colcon_core.package_identification:_identify(src/examples/rclcpp/executors/cbg_executor) by extensions ['colcon_pkg']
[0.737s] Level 1:colcon.colcon_core.package_identification:_identify(src/examples/rclcpp/executors/cbg_executor) by extension 'colcon_pkg'
[0.737s] Level 1:colcon.colcon_core.package_identification:_identify(src/examples/rclcpp/executors/cbg_executor) by extensions ['colcon_meta']
[0.737s] Level 1:colcon.colcon_core.package_identification:_identify(src/examples/rclcpp/executors/cbg_executor) by extension 'colcon_meta'
[0.737s] Level 1:colcon.colcon_core.package_identification:_identify(src/examples/rclcpp/executors/cbg_executor) by extensions ['ros']
[0.737s] Level 1:colcon.colcon_core.package_identification:_identify(src/examples/rclcpp/executors/cbg_executor) by extension 'ros'
[0.738s] DEBUG:colcon.colcon_core.package_identification:Package 'src/examples/rclcpp/executors/cbg_executor' with type 'ros.ament_cmake' and name 'examples_rclcpp_cbg_executor'
[0.739s] Level 1:colcon.colcon_core.package_identification:_identify(src/examples/rclcpp/executors/multithreaded_executor) by extensions ['ignore', 'ignore_ament_install']
[0.739s] Level 1:colcon.colcon_core.package_identification:_identify(src/examples/rclcpp/executors/multithreaded_executor) by extension 'ignore'
[0.739s] Level 1:colcon.colcon_core.package_identification:_identify(src/examples/rclcpp/executors/multithreaded_executor) by extension 'ignore_ament_install'
[0.739s] Level 1:colcon.colcon_core.package_identification:_identify(src/examples/rclcpp/executors/multithreaded_executor) by extensions ['colcon_pkg']
[0.739s] Level 1:colcon.colcon_core.package_identification:_identify(src/examples/rclcpp/executors/multithreaded_executor) by extension 'colcon_pkg'
[0.739s] Level 1:colcon.colcon_core.package_identification:_identify(src/examples/rclcpp/executors/multithreaded_executor) by extensions ['colcon_meta']
[0.739s] Level 1:colcon.colcon_core.package_identification:_identify(src/examples/rclcpp/executors/multithreaded_executor) by extension 'colcon_meta'
[0.739s] Level 1:colcon.colcon_core.package_identification:_identify(src/examples/rclcpp/executors/multithreaded_executor) by extensions ['ros']
[0.740s] Level 1:colcon.colcon_core.package_identification:_identify(src/examples/rclcpp/executors/multithreaded_executor) by extension 'ros'
[0.741s] DEBUG:colcon.colcon_core.package_identification:Package 'src/examples/rclcpp/executors/multithreaded_executor' with type 'ros.ament_cmake' and name 'examples_rclcpp_multithreaded_executor'
[0.742s] Level 1:colcon.colcon_core.package_identification:_identify(src/examples/rclcpp/services) by extensions ['ignore', 'ignore_ament_install']
[0.742s] Level 1:colcon.colcon_core.package_identification:_identify(src/examples/rclcpp/services) by extension 'ignore'
[0.742s] Level 1:colcon.colcon_core.package_identification:_identify(src/examples/rclcpp/services) by extension 'ignore_ament_install'
[0.742s] Level 1:colcon.colcon_core.package_identification:_identify(src/examples/rclcpp/services) by extensions ['colcon_pkg']
[0.742s] Level 1:colcon.colcon_core.package_identification:_identify(src/examples/rclcpp/services) by extension 'colcon_pkg'
[0.742s] Level 1:colcon.colcon_core.package_identification:_identify(src/examples/rclcpp/services) by extensions ['colcon_meta']
[0.742s] Level 1:colcon.colcon_core.package_identification:_identify(src/examples/rclcpp/services) by extension 'colcon_meta'
[0.742s] Level 1:colcon.colcon_core.package_identification:_identify(src/examples/rclcpp/services) by extensions ['ros']
[0.742s] Level 1:colcon.colcon_core.package_identification:_identify(src/examples/rclcpp/services) by extension 'ros'
[0.742s] Level 1:colcon.colcon_core.package_identification:_identify(src/examples/rclcpp/services) by extensions ['cmake', 'python']
[0.742s] Level 1:colcon.colcon_core.package_identification:_identify(src/examples/rclcpp/services) by extension 'cmake'
[0.742s] Level 1:colcon.colcon_core.package_identification:_identify(src/examples/rclcpp/services) by extension 'python'
[0.742s] Level 1:colcon.colcon_core.package_identification:_identify(src/examples/rclcpp/services) by extensions ['python_setup_py']
[0.742s] Level 1:colcon.colcon_core.package_identification:_identify(src/examples/rclcpp/services) by extension 'python_setup_py'
[0.743s] Level 1:colcon.colcon_core.package_identification:_identify(src/examples/rclcpp/services/async_client) by extensions ['ignore', 'ignore_ament_install']
[0.743s] Level 1:colcon.colcon_core.package_identification:_identify(src/examples/rclcpp/services/async_client) by extension 'ignore'
[0.743s] Level 1:colcon.colcon_core.package_identification:_identify(src/examples/rclcpp/services/async_client) by extension 'ignore_ament_install'
[0.743s] Level 1:colcon.colcon_core.package_identification:_identify(src/examples/rclcpp/services/async_client) by extensions ['colcon_pkg']
[0.744s] Level 1:colcon.colcon_core.package_identification:_identify(src/examples/rclcpp/services/async_client) by extension 'colcon_pkg'
[0.744s] Level 1:colcon.colcon_core.package_identification:_identify(src/examples/rclcpp/services/async_client) by extensions ['colcon_meta']
[0.744s] Level 1:colcon.colcon_core.package_identification:_identify(src/examples/rclcpp/services/async_client) by extension 'colcon_meta'
[0.744s] Level 1:colcon.colcon_core.package_identification:_identify(src/examples/rclcpp/services/async_client) by extensions ['ros']
[0.744s] Level 1:colcon.colcon_core.package_identification:_identify(src/examples/rclcpp/services/async_client) by extension 'ros'
[0.745s] DEBUG:colcon.colcon_core.package_identification:Package 'src/examples/rclcpp/services/async_client' with type 'ros.ament_cmake' and name 'examples_rclcpp_async_client'
[0.746s] Level 1:colcon.colcon_core.package_identification:_identify(src/examples/rclcpp/services/minimal_client) by extensions ['ignore', 'ignore_ament_install']
[0.747s] Level 1:colcon.colcon_core.package_identification:_identify(src/examples/rclcpp/services/minimal_client) by extension 'ignore'
[0.747s] Level 1:colcon.colcon_core.package_identification:_identify(src/examples/rclcpp/services/minimal_client) by extension 'ignore_ament_install'
[0.747s] Level 1:colcon.colcon_core.package_identification:_identify(src/examples/rclcpp/services/minimal_client) by extensions ['colcon_pkg']
[0.747s] Level 1:colcon.colcon_core.package_identification:_identify(src/examples/rclcpp/services/minimal_client) by extension 'colcon_pkg'
[0.747s] Level 1:colcon.colcon_core.package_identification:_identify(src/examples/rclcpp/services/minimal_client) by extensions ['colcon_meta']
[0.747s] Level 1:colcon.colcon_core.package_identification:_identify(src/examples/rclcpp/services/minimal_client) by extension 'colcon_meta'
[0.747s] Level 1:colcon.colcon_core.package_identification:_identify(src/examples/rclcpp/services/minimal_client) by extensions ['ros']
[0.747s] Level 1:colcon.colcon_core.package_identification:_identify(src/examples/rclcpp/services/minimal_client) by extension 'ros'
[0.748s] DEBUG:colcon.colcon_core.package_identification:Package 'src/examples/rclcpp/services/minimal_client' with type 'ros.ament_cmake' and name 'examples_rclcpp_minimal_client'
[0.749s] Level 1:colcon.colcon_core.package_identification:_identify(src/examples/rclcpp/services/minimal_service) by extensions ['ignore', 'ignore_ament_install']
[0.761s] Level 1:colcon.colcon_core.package_identification:_identify(src/examples/rclcpp/services/minimal_service) by extension 'ignore'
[0.761s] Level 1:colcon.colcon_core.package_identification:_identify(src/examples/rclcpp/services/minimal_service) by extension 'ignore_ament_install'
[0.761s] Level 1:colcon.colcon_core.package_identification:_identify(src/examples/rclcpp/services/minimal_service) by extensions ['colcon_pkg']
[0.761s] Level 1:colcon.colcon_core.package_identification:_identify(src/examples/rclcpp/services/minimal_service) by extension 'colcon_pkg'
[0.761s] Level 1:colcon.colcon_core.package_identification:_identify(src/examples/rclcpp/services/minimal_service) by extensions ['colcon_meta']
[0.761s] Level 1:colcon.colcon_core.package_identification:_identify(src/examples/rclcpp/services/minimal_service) by extension 'colcon_meta'
[0.761s] Level 1:colcon.colcon_core.package_identification:_identify(src/examples/rclcpp/services/minimal_service) by extensions ['ros']
[0.761s] Level 1:colcon.colcon_core.package_identification:_identify(src/examples/rclcpp/services/minimal_service) by extension 'ros'
[0.763s] DEBUG:colcon.colcon_core.package_identification:Package 'src/examples/rclcpp/services/minimal_service' with type 'ros.ament_cmake' and name 'examples_rclcpp_minimal_service'
[0.764s] Level 1:colcon.colcon_core.package_identification:_identify(src/examples/rclcpp/timers) by extensions ['ignore', 'ignore_ament_install']
[0.764s] Level 1:colcon.colcon_core.package_identification:_identify(src/examples/rclcpp/timers) by extension 'ignore'
[0.764s] Level 1:colcon.colcon_core.package_identification:_identify(src/examples/rclcpp/timers) by extension 'ignore_ament_install'
[0.765s] Level 1:colcon.colcon_core.package_identification:_identify(src/examples/rclcpp/timers) by extensions ['colcon_pkg']
[0.765s] Level 1:colcon.colcon_core.package_identification:_identify(src/examples/rclcpp/timers) by extension 'colcon_pkg'
[0.765s] Level 1:colcon.colcon_core.package_identification:_identify(src/examples/rclcpp/timers) by extensions ['colcon_meta']
[0.765s] Level 1:colcon.colcon_core.package_identification:_identify(src/examples/rclcpp/timers) by extension 'colcon_meta'
[0.765s] Level 1:colcon.colcon_core.package_identification:_identify(src/examples/rclcpp/timers) by extensions ['ros']
[0.765s] Level 1:colcon.colcon_core.package_identification:_identify(src/examples/rclcpp/timers) by extension 'ros'
[0.765s] Level 1:colcon.colcon_core.package_identification:_identify(src/examples/rclcpp/timers) by extensions ['cmake', 'python']
[0.765s] Level 1:colcon.colcon_core.package_identification:_identify(src/examples/rclcpp/timers) by extension 'cmake'
[0.765s] Level 1:colcon.colcon_core.package_identification:_identify(src/examples/rclcpp/timers) by extension 'python'
[0.765s] Level 1:colcon.colcon_core.package_identification:_identify(src/examples/rclcpp/timers) by extensions ['python_setup_py']
[0.765s] Level 1:colcon.colcon_core.package_identification:_identify(src/examples/rclcpp/timers) by extension 'python_setup_py'
[0.766s] Level 1:colcon.colcon_core.package_identification:_identify(src/examples/rclcpp/timers/minimal_timer) by extensions ['ignore', 'ignore_ament_install']
[0.766s] Level 1:colcon.colcon_core.package_identification:_identify(src/examples/rclcpp/timers/minimal_timer) by extension 'ignore'
[0.766s] Level 1:colcon.colcon_core.package_identification:_identify(src/examples/rclcpp/timers/minimal_timer) by extension 'ignore_ament_install'
[0.766s] Level 1:colcon.colcon_core.package_identification:_identify(src/examples/rclcpp/timers/minimal_timer) by extensions ['colcon_pkg']
[0.766s] Level 1:colcon.colcon_core.package_identification:_identify(src/examples/rclcpp/timers/minimal_timer) by extension 'colcon_pkg'
[0.766s] Level 1:colcon.colcon_core.package_identification:_identify(src/examples/rclcpp/timers/minimal_timer) by extensions ['colcon_meta']
[0.766s] Level 1:colcon.colcon_core.package_identification:_identify(src/examples/rclcpp/timers/minimal_timer) by extension 'colcon_meta'
[0.766s] Level 1:colcon.colcon_core.package_identification:_identify(src/examples/rclcpp/timers/minimal_timer) by extensions ['ros']
[0.766s] Level 1:colcon.colcon_core.package_identification:_identify(src/examples/rclcpp/timers/minimal_timer) by extension 'ros'
[0.768s] DEBUG:colcon.colcon_core.package_identification:Package 'src/examples/rclcpp/timers/minimal_timer' with type 'ros.ament_cmake' and name 'examples_rclcpp_minimal_timer'
[0.769s] Level 1:colcon.colcon_core.package_identification:_identify(src/examples/rclcpp/topics) by extensions ['ignore', 'ignore_ament_install']
[0.769s] Level 1:colcon.colcon_core.package_identification:_identify(src/examples/rclcpp/topics) by extension 'ignore'
[0.769s] Level 1:colcon.colcon_core.package_identification:_identify(src/examples/rclcpp/topics) by extension 'ignore_ament_install'
[0.769s] Level 1:colcon.colcon_core.package_identification:_identify(src/examples/rclcpp/topics) by extensions ['colcon_pkg']
[0.769s] Level 1:colcon.colcon_core.package_identification:_identify(src/examples/rclcpp/topics) by extension 'colcon_pkg'
[0.769s] Level 1:colcon.colcon_core.package_identification:_identify(src/examples/rclcpp/topics) by extensions ['colcon_meta']
[0.769s] Level 1:colcon.colcon_core.package_identification:_identify(src/examples/rclcpp/topics) by extension 'colcon_meta'
[0.769s] Level 1:colcon.colcon_core.package_identification:_identify(src/examples/rclcpp/topics) by extensions ['ros']
[0.769s] Level 1:colcon.colcon_core.package_identification:_identify(src/examples/rclcpp/topics) by extension 'ros'
[0.769s] Level 1:colcon.colcon_core.package_identification:_identify(src/examples/rclcpp/topics) by extensions ['cmake', 'python']
[0.770s] Level 1:colcon.colcon_core.package_identification:_identify(src/examples/rclcpp/topics) by extension 'cmake'
[0.770s] Level 1:colcon.colcon_core.package_identification:_identify(src/examples/rclcpp/topics) by extension 'python'
[0.770s] Level 1:colcon.colcon_core.package_identification:_identify(src/examples/rclcpp/topics) by extensions ['python_setup_py']
[0.770s] Level 1:colcon.colcon_core.package_identification:_identify(src/examples/rclcpp/topics) by extension 'python_setup_py'
[0.770s] Level 1:colcon.colcon_core.package_identification:_identify(src/examples/rclcpp/topics/minimal_publisher) by extensions ['ignore', 'ignore_ament_install']
[0.771s] Level 1:colcon.colcon_core.package_identification:_identify(src/examples/rclcpp/topics/minimal_publisher) by extension 'ignore'
[0.771s] Level 1:colcon.colcon_core.package_identification:_identify(src/examples/rclcpp/topics/minimal_publisher) by extension 'ignore_ament_install'
[0.771s] Level 1:colcon.colcon_core.package_identification:_identify(src/examples/rclcpp/topics/minimal_publisher) by extensions ['colcon_pkg']
[0.771s] Level 1:colcon.colcon_core.package_identification:_identify(src/examples/rclcpp/topics/minimal_publisher) by extension 'colcon_pkg'
[0.771s] Level 1:colcon.colcon_core.package_identification:_identify(src/examples/rclcpp/topics/minimal_publisher) by extensions ['colcon_meta']
[0.771s] Level 1:colcon.colcon_core.package_identification:_identify(src/examples/rclcpp/topics/minimal_publisher) by extension 'colcon_meta'
[0.771s] Level 1:colcon.colcon_core.package_identification:_identify(src/examples/rclcpp/topics/minimal_publisher) by extensions ['ros']
[0.771s] Level 1:colcon.colcon_core.package_identification:_identify(src/examples/rclcpp/topics/minimal_publisher) by extension 'ros'
[0.772s] DEBUG:colcon.colcon_core.package_identification:Package 'src/examples/rclcpp/topics/minimal_publisher' with type 'ros.ament_cmake' and name 'examples_rclcpp_minimal_publisher'
[0.773s] Level 1:colcon.colcon_core.package_identification:_identify(src/examples/rclcpp/topics/minimal_subscriber) by extensions ['ignore', 'ignore_ament_install']
[0.773s] Level 1:colcon.colcon_core.package_identification:_identify(src/examples/rclcpp/topics/minimal_subscriber) by extension 'ignore'
[0.773s] Level 1:colcon.colcon_core.package_identification:_identify(src/examples/rclcpp/topics/minimal_subscriber) by extension 'ignore_ament_install'
[0.773s] Level 1:colcon.colcon_core.package_identification:_identify(src/examples/rclcpp/topics/minimal_subscriber) by extensions ['colcon_pkg']
[0.774s] Level 1:colcon.colcon_core.package_identification:_identify(src/examples/rclcpp/topics/minimal_subscriber) by extension 'colcon_pkg'
[0.774s] Level 1:colcon.colcon_core.package_identification:_identify(src/examples/rclcpp/topics/minimal_subscriber) by extensions ['colcon_meta']
[0.774s] Level 1:colcon.colcon_core.package_identification:_identify(src/examples/rclcpp/topics/minimal_subscriber) by extension 'colcon_meta'
[0.774s] Level 1:colcon.colcon_core.package_identification:_identify(src/examples/rclcpp/topics/minimal_subscriber) by extensions ['ros']
[0.774s] Level 1:colcon.colcon_core.package_identification:_identify(src/examples/rclcpp/topics/minimal_subscriber) by extension 'ros'
[0.775s] DEBUG:colcon.colcon_core.package_identification:Package 'src/examples/rclcpp/topics/minimal_subscriber' with type 'ros.ament_cmake' and name 'examples_rclcpp_minimal_subscriber'
[0.776s] Level 1:colcon.colcon_core.package_identification:_identify(src/examples/rclcpp/wait_set) by extensions ['ignore', 'ignore_ament_install']
[0.776s] Level 1:colcon.colcon_core.package_identification:_identify(src/examples/rclcpp/wait_set) by extension 'ignore'
[0.776s] Level 1:colcon.colcon_core.package_identification:_identify(src/examples/rclcpp/wait_set) by extension 'ignore_ament_install'
[0.777s] Level 1:colcon.colcon_core.package_identification:_identify(src/examples/rclcpp/wait_set) by extensions ['colcon_pkg']
[0.777s] Level 1:colcon.colcon_core.package_identification:_identify(src/examples/rclcpp/wait_set) by extension 'colcon_pkg'
[0.777s] Level 1:colcon.colcon_core.package_identification:_identify(src/examples/rclcpp/wait_set) by extensions ['colcon_meta']
[0.777s] Level 1:colcon.colcon_core.package_identification:_identify(src/examples/rclcpp/wait_set) by extension 'colcon_meta'
[0.777s] Level 1:colcon.colcon_core.package_identification:_identify(src/examples/rclcpp/wait_set) by extensions ['ros']
[0.777s] Level 1:colcon.colcon_core.package_identification:_identify(src/examples/rclcpp/wait_set) by extension 'ros'
[0.778s] DEBUG:colcon.colcon_core.package_identification:Package 'src/examples/rclcpp/wait_set' with type 'ros.ament_cmake' and name 'examples_rclcpp_wait_set'
[0.779s] Level 1:colcon.colcon_core.package_identification:_identify(src/examples/rclpy) by extensions ['ignore', 'ignore_ament_install']
[0.780s] Level 1:colcon.colcon_core.package_identification:_identify(src/examples/rclpy) by extension 'ignore'
[0.780s] Level 1:colcon.colcon_core.package_identification:_identify(src/examples/rclpy) by extension 'ignore_ament_install'
[0.780s] Level 1:colcon.colcon_core.package_identification:_identify(src/examples/rclpy) by extensions ['colcon_pkg']
[0.780s] Level 1:colcon.colcon_core.package_identification:_identify(src/examples/rclpy) by extension 'colcon_pkg'
[0.780s] Level 1:colcon.colcon_core.package_identification:_identify(src/examples/rclpy) by extensions ['colcon_meta']
[0.780s] Level 1:colcon.colcon_core.package_identification:_identify(src/examples/rclpy) by extension 'colcon_meta'
[0.780s] Level 1:colcon.colcon_core.package_identification:_identify(src/examples/rclpy) by extensions ['ros']
[0.780s] Level 1:colcon.colcon_core.package_identification:_identify(src/examples/rclpy) by extension 'ros'
[0.780s] Level 1:colcon.colcon_core.package_identification:_identify(src/examples/rclpy) by extensions ['cmake', 'python']
[0.780s] Level 1:colcon.colcon_core.package_identification:_identify(src/examples/rclpy) by extension 'cmake'
[0.780s] Level 1:colcon.colcon_core.package_identification:_identify(src/examples/rclpy) by extension 'python'
[0.780s] Level 1:colcon.colcon_core.package_identification:_identify(src/examples/rclpy) by extensions ['python_setup_py']
[0.780s] Level 1:colcon.colcon_core.package_identification:_identify(src/examples/rclpy) by extension 'python_setup_py'
[0.781s] Level 1:colcon.colcon_core.package_identification:_identify(src/examples/rclpy/actions) by extensions ['ignore', 'ignore_ament_install']
[0.781s] Level 1:colcon.colcon_core.package_identification:_identify(src/examples/rclpy/actions) by extension 'ignore'
[0.781s] Level 1:colcon.colcon_core.package_identification:_identify(src/examples/rclpy/actions) by extension 'ignore_ament_install'
[0.781s] Level 1:colcon.colcon_core.package_identification:_identify(src/examples/rclpy/actions) by extensions ['colcon_pkg']
[0.781s] Level 1:colcon.colcon_core.package_identification:_identify(src/examples/rclpy/actions) by extension 'colcon_pkg'
[0.781s] Level 1:colcon.colcon_core.package_identification:_identify(src/examples/rclpy/actions) by extensions ['colcon_meta']
[0.781s] Level 1:colcon.colcon_core.package_identification:_identify(src/examples/rclpy/actions) by extension 'colcon_meta'
[0.781s] Level 1:colcon.colcon_core.package_identification:_identify(src/examples/rclpy/actions) by extensions ['ros']
[0.781s] Level 1:colcon.colcon_core.package_identification:_identify(src/examples/rclpy/actions) by extension 'ros'
[0.781s] Level 1:colcon.colcon_core.package_identification:_identify(src/examples/rclpy/actions) by extensions ['cmake', 'python']
[0.781s] Level 1:colcon.colcon_core.package_identification:_identify(src/examples/rclpy/actions) by extension 'cmake'
[0.782s] Level 1:colcon.colcon_core.package_identification:_identify(src/examples/rclpy/actions) by extension 'python'
[0.782s] Level 1:colcon.colcon_core.package_identification:_identify(src/examples/rclpy/actions) by extensions ['python_setup_py']
[0.782s] Level 1:colcon.colcon_core.package_identification:_identify(src/examples/rclpy/actions) by extension 'python_setup_py'
[0.782s] Level 1:colcon.colcon_core.package_identification:_identify(src/examples/rclpy/actions/minimal_action_client) by extensions ['ignore', 'ignore_ament_install']
[0.783s] Level 1:colcon.colcon_core.package_identification:_identify(src/examples/rclpy/actions/minimal_action_client) by extension 'ignore'
[0.783s] Level 1:colcon.colcon_core.package_identification:_identify(src/examples/rclpy/actions/minimal_action_client) by extension 'ignore_ament_install'
[0.783s] Level 1:colcon.colcon_core.package_identification:_identify(src/examples/rclpy/actions/minimal_action_client) by extensions ['colcon_pkg']
[0.783s] Level 1:colcon.colcon_core.package_identification:_identify(src/examples/rclpy/actions/minimal_action_client) by extension 'colcon_pkg'
[0.783s] Level 1:colcon.colcon_core.package_identification:_identify(src/examples/rclpy/actions/minimal_action_client) by extensions ['colcon_meta']
[0.783s] Level 1:colcon.colcon_core.package_identification:_identify(src/examples/rclpy/actions/minimal_action_client) by extension 'colcon_meta'
[0.783s] Level 1:colcon.colcon_core.package_identification:_identify(src/examples/rclpy/actions/minimal_action_client) by extensions ['ros']
[0.783s] Level 1:colcon.colcon_core.package_identification:_identify(src/examples/rclpy/actions/minimal_action_client) by extension 'ros'
[0.784s] DEBUG:colcon.colcon_core.package_identification:Package 'src/examples/rclpy/actions/minimal_action_client' with type 'ros.ament_python' and name 'examples_rclpy_minimal_action_client'
[0.785s] Level 1:colcon.colcon_core.package_identification:_identify(src/examples/rclpy/actions/minimal_action_server) by extensions ['ignore', 'ignore_ament_install']
[0.785s] Level 1:colcon.colcon_core.package_identification:_identify(src/examples/rclpy/actions/minimal_action_server) by extension 'ignore'
[0.785s] Level 1:colcon.colcon_core.package_identification:_identify(src/examples/rclpy/actions/minimal_action_server) by extension 'ignore_ament_install'
[0.785s] Level 1:colcon.colcon_core.package_identification:_identify(src/examples/rclpy/actions/minimal_action_server) by extensions ['colcon_pkg']
[0.785s] Level 1:colcon.colcon_core.package_identification:_identify(src/examples/rclpy/actions/minimal_action_server) by extension 'colcon_pkg'
[0.785s] Level 1:colcon.colcon_core.package_identification:_identify(src/examples/rclpy/actions/minimal_action_server) by extensions ['colcon_meta']
[0.785s] Level 1:colcon.colcon_core.package_identification:_identify(src/examples/rclpy/actions/minimal_action_server) by extension 'colcon_meta'
[0.786s] Level 1:colcon.colcon_core.package_identification:_identify(src/examples/rclpy/actions/minimal_action_server) by extensions ['ros']
[0.786s] Level 1:colcon.colcon_core.package_identification:_identify(src/examples/rclpy/actions/minimal_action_server) by extension 'ros'
[0.787s] DEBUG:colcon.colcon_core.package_identification:Package 'src/examples/rclpy/actions/minimal_action_server' with type 'ros.ament_python' and name 'examples_rclpy_minimal_action_server'
[0.788s] Level 1:colcon.colcon_core.package_identification:_identify(src/examples/rclpy/executors) by extensions ['ignore', 'ignore_ament_install']
[0.788s] Level 1:colcon.colcon_core.package_identification:_identify(src/examples/rclpy/executors) by extension 'ignore'
[0.788s] Level 1:colcon.colcon_core.package_identification:_identify(src/examples/rclpy/executors) by extension 'ignore_ament_install'
[0.789s] Level 1:colcon.colcon_core.package_identification:_identify(src/examples/rclpy/executors) by extensions ['colcon_pkg']
[0.789s] Level 1:colcon.colcon_core.package_identification:_identify(src/examples/rclpy/executors) by extension 'colcon_pkg'
[0.789s] Level 1:colcon.colcon_core.package_identification:_identify(src/examples/rclpy/executors) by extensions ['colcon_meta']
[0.789s] Level 1:colcon.colcon_core.package_identification:_identify(src/examples/rclpy/executors) by extension 'colcon_meta'
[0.789s] Level 1:colcon.colcon_core.package_identification:_identify(src/examples/rclpy/executors) by extensions ['ros']
[0.789s] Level 1:colcon.colcon_core.package_identification:_identify(src/examples/rclpy/executors) by extension 'ros'
[0.790s] DEBUG:colcon.colcon_core.package_identification:Package 'src/examples/rclpy/executors' with type 'ros.ament_python' and name 'examples_rclpy_executors'
[0.791s] Level 1:colcon.colcon_core.package_identification:_identify(src/examples/rclpy/guard_conditions) by extensions ['ignore', 'ignore_ament_install']
[0.791s] Level 1:colcon.colcon_core.package_identification:_identify(src/examples/rclpy/guard_conditions) by extension 'ignore'
[0.791s] Level 1:colcon.colcon_core.package_identification:_identify(src/examples/rclpy/guard_conditions) by extension 'ignore_ament_install'
[0.791s] Level 1:colcon.colcon_core.package_identification:_identify(src/examples/rclpy/guard_conditions) by extensions ['colcon_pkg']
[0.791s] Level 1:colcon.colcon_core.package_identification:_identify(src/examples/rclpy/guard_conditions) by extension 'colcon_pkg'
[0.791s] Level 1:colcon.colcon_core.package_identification:_identify(src/examples/rclpy/guard_conditions) by extensions ['colcon_meta']
[0.791s] Level 1:colcon.colcon_core.package_identification:_identify(src/examples/rclpy/guard_conditions) by extension 'colcon_meta'
[0.791s] Level 1:colcon.colcon_core.package_identification:_identify(src/examples/rclpy/guard_conditions) by extensions ['ros']
[0.792s] Level 1:colcon.colcon_core.package_identification:_identify(src/examples/rclpy/guard_conditions) by extension 'ros'
[0.793s] DEBUG:colcon.colcon_core.package_identification:Package 'src/examples/rclpy/guard_conditions' with type 'ros.ament_python' and name 'examples_rclpy_guard_conditions'
[0.794s] Level 1:colcon.colcon_core.package_identification:_identify(src/examples/rclpy/services) by extensions ['ignore', 'ignore_ament_install']
[0.794s] Level 1:colcon.colcon_core.package_identification:_identify(src/examples/rclpy/services) by extension 'ignore'
[0.794s] Level 1:colcon.colcon_core.package_identification:_identify(src/examples/rclpy/services) by extension 'ignore_ament_install'
[0.794s] Level 1:colcon.colcon_core.package_identification:_identify(src/examples/rclpy/services) by extensions ['colcon_pkg']
[0.794s] Level 1:colcon.colcon_core.package_identification:_identify(src/examples/rclpy/services) by extension 'colcon_pkg'
[0.794s] Level 1:colcon.colcon_core.package_identification:_identify(src/examples/rclpy/services) by extensions ['colcon_meta']
[0.794s] Level 1:colcon.colcon_core.package_identification:_identify(src/examples/rclpy/services) by extension 'colcon_meta'
[0.794s] Level 1:colcon.colcon_core.package_identification:_identify(src/examples/rclpy/services) by extensions ['ros']
[0.794s] Level 1:colcon.colcon_core.package_identification:_identify(src/examples/rclpy/services) by extension 'ros'
[0.794s] Level 1:colcon.colcon_core.package_identification:_identify(src/examples/rclpy/services) by extensions ['cmake', 'python']
[0.794s] Level 1:colcon.colcon_core.package_identification:_identify(src/examples/rclpy/services) by extension 'cmake'
[0.794s] Level 1:colcon.colcon_core.package_identification:_identify(src/examples/rclpy/services) by extension 'python'
[0.794s] Level 1:colcon.colcon_core.package_identification:_identify(src/examples/rclpy/services) by extensions ['python_setup_py']
[0.794s] Level 1:colcon.colcon_core.package_identification:_identify(src/examples/rclpy/services) by extension 'python_setup_py'
[0.795s] Level 1:colcon.colcon_core.package_identification:_identify(src/examples/rclpy/services/minimal_client) by extensions ['ignore', 'ignore_ament_install']
[0.795s] Level 1:colcon.colcon_core.package_identification:_identify(src/examples/rclpy/services/minimal_client) by extension 'ignore'
[0.795s] Level 1:colcon.colcon_core.package_identification:_identify(src/examples/rclpy/services/minimal_client) by extension 'ignore_ament_install'
[0.795s] Level 1:colcon.colcon_core.package_identification:_identify(src/examples/rclpy/services/minimal_client) by extensions ['colcon_pkg']
[0.795s] Level 1:colcon.colcon_core.package_identification:_identify(src/examples/rclpy/services/minimal_client) by extension 'colcon_pkg'
[0.795s] Level 1:colcon.colcon_core.package_identification:_identify(src/examples/rclpy/services/minimal_client) by extensions ['colcon_meta']
[0.796s] Level 1:colcon.colcon_core.package_identification:_identify(src/examples/rclpy/services/minimal_client) by extension 'colcon_meta'
[0.796s] Level 1:colcon.colcon_core.package_identification:_identify(src/examples/rclpy/services/minimal_client) by extensions ['ros']
[0.796s] Level 1:colcon.colcon_core.package_identification:_identify(src/examples/rclpy/services/minimal_client) by extension 'ros'
[0.797s] DEBUG:colcon.colcon_core.package_identification:Package 'src/examples/rclpy/services/minimal_client' with type 'ros.ament_python' and name 'examples_rclpy_minimal_client'
[0.798s] Level 1:colcon.colcon_core.package_identification:_identify(src/examples/rclpy/services/minimal_service) by extensions ['ignore', 'ignore_ament_install']
[0.798s] Level 1:colcon.colcon_core.package_identification:_identify(src/examples/rclpy/services/minimal_service) by extension 'ignore'
[0.798s] Level 1:colcon.colcon_core.package_identification:_identify(src/examples/rclpy/services/minimal_service) by extension 'ignore_ament_install'
[0.798s] Level 1:colcon.colcon_core.package_identification:_identify(src/examples/rclpy/services/minimal_service) by extensions ['colcon_pkg']
[0.798s] Level 1:colcon.colcon_core.package_identification:_identify(src/examples/rclpy/services/minimal_service) by extension 'colcon_pkg'
[0.798s] Level 1:colcon.colcon_core.package_identification:_identify(src/examples/rclpy/services/minimal_service) by extensions ['colcon_meta']
[0.798s] Level 1:colcon.colcon_core.package_identification:_identify(src/examples/rclpy/services/minimal_service) by extension 'colcon_meta'
[0.798s] Level 1:colcon.colcon_core.package_identification:_identify(src/examples/rclpy/services/minimal_service) by extensions ['ros']
[0.798s] Level 1:colcon.colcon_core.package_identification:_identify(src/examples/rclpy/services/minimal_service) by extension 'ros'
[0.800s] DEBUG:colcon.colcon_core.package_identification:Package 'src/examples/rclpy/services/minimal_service' with type 'ros.ament_python' and name 'examples_rclpy_minimal_service'
[0.800s] Level 1:colcon.colcon_core.package_identification:_identify(src/examples/rclpy/topics) by extensions ['ignore', 'ignore_ament_install']
[0.801s] Level 1:colcon.colcon_core.package_identification:_identify(src/examples/rclpy/topics) by extension 'ignore'
[0.801s] Level 1:colcon.colcon_core.package_identification:_identify(src/examples/rclpy/topics) by extension 'ignore_ament_install'
[0.801s] Level 1:colcon.colcon_core.package_identification:_identify(src/examples/rclpy/topics) by extensions ['colcon_pkg']
[0.801s] Level 1:colcon.colcon_core.package_identification:_identify(src/examples/rclpy/topics) by extension 'colcon_pkg'
[0.801s] Level 1:colcon.colcon_core.package_identification:_identify(src/examples/rclpy/topics) by extensions ['colcon_meta']
[0.801s] Level 1:colcon.colcon_core.package_identification:_identify(src/examples/rclpy/topics) by extension 'colcon_meta'
[0.801s] Level 1:colcon.colcon_core.package_identification:_identify(src/examples/rclpy/topics) by extensions ['ros']
[0.801s] Level 1:colcon.colcon_core.package_identification:_identify(src/examples/rclpy/topics) by extension 'ros'
[0.801s] Level 1:colcon.colcon_core.package_identification:_identify(src/examples/rclpy/topics) by extensions ['cmake', 'python']
[0.801s] Level 1:colcon.colcon_core.package_identification:_identify(src/examples/rclpy/topics) by extension 'cmake'
[0.801s] Level 1:colcon.colcon_core.package_identification:_identify(src/examples/rclpy/topics) by extension 'python'
[0.801s] Level 1:colcon.colcon_core.package_identification:_identify(src/examples/rclpy/topics) by extensions ['python_setup_py']
[0.802s] Level 1:colcon.colcon_core.package_identification:_identify(src/examples/rclpy/topics) by extension 'python_setup_py'
[0.802s] Level 1:colcon.colcon_core.package_identification:_identify(src/examples/rclpy/topics/minimal_publisher) by extensions ['ignore', 'ignore_ament_install']
[0.802s] Level 1:colcon.colcon_core.package_identification:_identify(src/examples/rclpy/topics/minimal_publisher) by extension 'ignore'
[0.802s] Level 1:colcon.colcon_core.package_identification:_identify(src/examples/rclpy/topics/minimal_publisher) by extension 'ignore_ament_install'
[0.803s] Level 1:colcon.colcon_core.package_identification:_identify(src/examples/rclpy/topics/minimal_publisher) by extensions ['colcon_pkg']
[0.803s] Level 1:colcon.colcon_core.package_identification:_identify(src/examples/rclpy/topics/minimal_publisher) by extension 'colcon_pkg'
[0.803s] Level 1:colcon.colcon_core.package_identification:_identify(src/examples/rclpy/topics/minimal_publisher) by extensions ['colcon_meta']
[0.803s] Level 1:colcon.colcon_core.package_identification:_identify(src/examples/rclpy/topics/minimal_publisher) by extension 'colcon_meta'
[0.803s] Level 1:colcon.colcon_core.package_identification:_identify(src/examples/rclpy/topics/minimal_publisher) by extensions ['ros']
[0.803s] Level 1:colcon.colcon_core.package_identification:_identify(src/examples/rclpy/topics/minimal_publisher) by extension 'ros'
[0.804s] DEBUG:colcon.colcon_core.package_identification:Package 'src/examples/rclpy/topics/minimal_publisher' with type 'ros.ament_python' and name 'examples_rclpy_minimal_publisher'
[0.805s] Level 1:colcon.colcon_core.package_identification:_identify(src/examples/rclpy/topics/minimal_subscriber) by extensions ['ignore', 'ignore_ament_install']
[0.805s] Level 1:colcon.colcon_core.package_identification:_identify(src/examples/rclpy/topics/minimal_subscriber) by extension 'ignore'
[0.805s] Level 1:colcon.colcon_core.package_identification:_identify(src/examples/rclpy/topics/minimal_subscriber) by extension 'ignore_ament_install'
[0.805s] Level 1:colcon.colcon_core.package_identification:_identify(src/examples/rclpy/topics/minimal_subscriber) by extensions ['colcon_pkg']
[0.805s] Level 1:colcon.colcon_core.package_identification:_identify(src/examples/rclpy/topics/minimal_subscriber) by extension 'colcon_pkg'
[0.805s] Level 1:colcon.colcon_core.package_identification:_identify(src/examples/rclpy/topics/minimal_subscriber) by extensions ['colcon_meta']
[0.805s] Level 1:colcon.colcon_core.package_identification:_identify(src/examples/rclpy/topics/minimal_subscriber) by extension 'colcon_meta'
[0.805s] Level 1:colcon.colcon_core.package_identification:_identify(src/examples/rclpy/topics/minimal_subscriber) by extensions ['ros']
[0.805s] Level 1:colcon.colcon_core.package_identification:_identify(src/examples/rclpy/topics/minimal_subscriber) by extension 'ros'
[0.807s] DEBUG:colcon.colcon_core.package_identification:Package 'src/examples/rclpy/topics/minimal_subscriber' with type 'ros.ament_python' and name 'examples_rclpy_minimal_subscriber'
[0.808s] Level 1:colcon.colcon_core.package_identification:_identify(src/examples/rclpy/topics/pointcloud_publisher) by extensions ['ignore', 'ignore_ament_install']
[0.808s] Level 1:colcon.colcon_core.package_identification:_identify(src/examples/rclpy/topics/pointcloud_publisher) by extension 'ignore'
[0.808s] Level 1:colcon.colcon_core.package_identification:_identify(src/examples/rclpy/topics/pointcloud_publisher) by extension 'ignore_ament_install'
[0.808s] Level 1:colcon.colcon_core.package_identification:_identify(src/examples/rclpy/topics/pointcloud_publisher) by extensions ['colcon_pkg']
[0.808s] Level 1:colcon.colcon_core.package_identification:_identify(src/examples/rclpy/topics/pointcloud_publisher) by extension 'colcon_pkg'
[0.808s] Level 1:colcon.colcon_core.package_identification:_identify(src/examples/rclpy/topics/pointcloud_publisher) by extensions ['colcon_meta']
[0.808s] Level 1:colcon.colcon_core.package_identification:_identify(src/examples/rclpy/topics/pointcloud_publisher) by extension 'colcon_meta'
[0.808s] Level 1:colcon.colcon_core.package_identification:_identify(src/examples/rclpy/topics/pointcloud_publisher) by extensions ['ros']
[0.808s] Level 1:colcon.colcon_core.package_identification:_identify(src/examples/rclpy/topics/pointcloud_publisher) by extension 'ros'
[0.810s] DEBUG:colcon.colcon_core.package_identification:Package 'src/examples/rclpy/topics/pointcloud_publisher' with type 'ros.ament_python' and name 'examples_rclpy_pointcloud_publisher'
[0.810s] Level 1:colcon.colcon_core.package_identification:_identify(src/image_converter) by extensions ['ignore', 'ignore_ament_install']
[0.810s] Level 1:colcon.colcon_core.package_identification:_identify(src/image_converter) by extension 'ignore'
[0.810s] Level 1:colcon.colcon_core.package_identification:_identify(src/image_converter) by extension 'ignore_ament_install'
[0.810s] Level 1:colcon.colcon_core.package_identification:_identify(src/image_converter) by extensions ['colcon_pkg']
[0.810s] Level 1:colcon.colcon_core.package_identification:_identify(src/image_converter) by extension 'colcon_pkg'
[0.810s] Level 1:colcon.colcon_core.package_identification:_identify(src/image_converter) by extensions ['colcon_meta']
[0.810s] Level 1:colcon.colcon_core.package_identification:_identify(src/image_converter) by extension 'colcon_meta'
[0.810s] Level 1:colcon.colcon_core.package_identification:_identify(src/image_converter) by extensions ['ros']
[0.810s] Level 1:colcon.colcon_core.package_identification:_identify(src/image_converter) by extension 'ros'
[0.811s] DEBUG:colcon.colcon_core.package_identification:Package 'src/image_converter' with type 'ros.ament_python' and name 'image_converter'
[0.811s] Level 1:colcon.colcon_core.package_discovery:discover_packages(recursive) using defaults
[0.811s] Level 1:colcon.colcon_core.package_discovery:discover_packages(ignore) discover
[0.811s] Level 1:colcon.colcon_core.package_discovery:discover_packages(ignore) using defaults
[0.811s] Level 1:colcon.colcon_core.package_discovery:discover_packages(path) discover
[0.811s] Level 1:colcon.colcon_core.package_discovery:discover_packages(path) using defaults
[0.859s] Level 1:colcon.colcon_core.package_discovery:discover_packages(prefix_path) check parameters
[0.859s] Level 1:colcon.colcon_core.package_discovery:discover_packages(prefix_path) discover
[0.864s] DEBUG:colcon.colcon_installed_package_information.package_discovery:Found 313 installed packages in /opt/ros/humble
[0.865s] Level 1:colcon.colcon_core.package_discovery:discover_packages(prefix_path) using defaults
[0.907s] WARNING:colcon.colcon_core.package_selection:Some selected packages are already built in one or more underlay workspaces:
	'examples_rclpy_minimal_publisher' is in: /opt/ros/humble
	'examples_rclpy_minimal_subscriber' is in: /opt/ros/humble
	'examples_rclpy_minimal_client' is in: /opt/ros/humble
	'examples_rclcpp_multithreaded_executor' is in: /opt/ros/humble
	'examples_rclpy_executors' is in: /opt/ros/humble
	'examples_rclcpp_minimal_timer' is in: /opt/ros/humble
	'examples_rclcpp_minimal_subscriber' is in: /opt/ros/humble
	'examples_rclpy_minimal_action_client' is in: /opt/ros/humble
	'examples_rclcpp_minimal_action_client' is in: /opt/ros/humble
	'examples_rclcpp_minimal_service' is in: /opt/ros/humble
	'examples_rclcpp_minimal_publisher' is in: /opt/ros/humble
	'examples_rclpy_minimal_action_server' is in: /opt/ros/humble
	'image_pipeline' is in: /opt/ros/humble
	'examples_rclpy_minimal_service' is in: /opt/ros/humble
	'examples_rclcpp_minimal_action_server' is in: /opt/ros/humble
	'examples_rclcpp_minimal_composition' is in: /opt/ros/humble
	'examples_rclcpp_minimal_client' is in: /opt/ros/humble
If a package in a merged underlay workspace is overridden and it installs headers, then all packages in the overlay must sort their include directories by workspace order. Failure to do so may result in build failures or undefined behavior at run time.
If the overridden package is used by another package in any underlay, then the overriding package in the overlay must be API and ABI compatible or undefined behavior at run time may occur.

If you understand the risks and want to override a package anyways, add the following to the command line:
	--allow-overriding examples_rclcpp_minimal_action_client examples_rclcpp_minimal_action_server examples_rclcpp_minimal_client examples_rclcpp_minimal_composition examples_rclcpp_minimal_publisher examples_rclcpp_minimal_service examples_rclcpp_minimal_subscriber examples_rclcpp_minimal_timer examples_rclcpp_multithreaded_executor examples_rclpy_executors examples_rclpy_minimal_action_client examples_rclpy_minimal_action_server examples_rclpy_minimal_client examples_rclpy_minimal_publisher examples_rclpy_minimal_service examples_rclpy_minimal_subscriber image_pipeline

This may be promoted to an error in a future release of colcon-override-check.
[0.909s] Level 5:colcon.colcon_core.verb:set package 'camera_calibration' build argument 'cmake_args' from command line to 'None'
[0.909s] Level 5:colcon.colcon_core.verb:set package 'camera_calibration' build argument 'cmake_target' from command line to 'None'
[0.909s] Level 5:colcon.colcon_core.verb:set package 'camera_calibration' build argument 'cmake_target_skip_unavailable' from command line to 'False'
[0.909s] Level 5:colcon.colcon_core.verb:set package 'camera_calibration' build argument 'cmake_clean_cache' from command line to 'False'
[0.909s] Level 5:colcon.colcon_core.verb:set package 'camera_calibration' build argument 'cmake_clean_first' from command line to 'False'
[0.909s] Level 5:colcon.colcon_core.verb:set package 'camera_calibration' build argument 'cmake_force_configure' from command line to 'False'
[0.909s] Level 5:colcon.colcon_core.verb:set package 'camera_calibration' build argument 'ament_cmake_args' from command line to 'None'
[0.909s] Level 5:colcon.colcon_core.verb:set package 'camera_calibration' build argument 'catkin_cmake_args' from command line to 'None'
[0.909s] Level 5:colcon.colcon_core.verb:set package 'camera_calibration' build argument 'catkin_skip_building_tests' from command line to 'False'
[0.909s] DEBUG:colcon.colcon_core.verb:Building package 'camera_calibration' with the following arguments: {'ament_cmake_args': None, 'build_base': '/home/bryan/Workspace/ros2_ws/build/camera_calibration', 'catkin_cmake_args': None, 'catkin_skip_building_tests': False, 'cmake_args': None, 'cmake_clean_cache': False, 'cmake_clean_first': False, 'cmake_force_configure': False, 'cmake_target': None, 'cmake_target_skip_unavailable': False, 'install_base': '/home/bryan/Workspace/ros2_ws/install/camera_calibration', 'merge_install': False, 'path': '/home/bryan/Workspace/ros2_ws/image_pipeline/camera_calibration', 'symlink_install': False, 'test_result_base': None}
[0.909s] Level 5:colcon.colcon_core.verb:set package 'depth_image_proc' build argument 'cmake_args' from command line to 'None'
[0.909s] Level 5:colcon.colcon_core.verb:set package 'depth_image_proc' build argument 'cmake_target' from command line to 'None'
[0.910s] Level 5:colcon.colcon_core.verb:set package 'depth_image_proc' build argument 'cmake_target_skip_unavailable' from command line to 'False'
[0.910s] Level 5:colcon.colcon_core.verb:set package 'depth_image_proc' build argument 'cmake_clean_cache' from command line to 'False'
[0.910s] Level 5:colcon.colcon_core.verb:set package 'depth_image_proc' build argument 'cmake_clean_first' from command line to 'False'
[0.910s] Level 5:colcon.colcon_core.verb:set package 'depth_image_proc' build argument 'cmake_force_configure' from command line to 'False'
[0.910s] Level 5:colcon.colcon_core.verb:set package 'depth_image_proc' build argument 'ament_cmake_args' from command line to 'None'
[0.910s] Level 5:colcon.colcon_core.verb:set package 'depth_image_proc' build argument 'catkin_cmake_args' from command line to 'None'
[0.910s] Level 5:colcon.colcon_core.verb:set package 'depth_image_proc' build argument 'catkin_skip_building_tests' from command line to 'False'
[0.910s] DEBUG:colcon.colcon_core.verb:Building package 'depth_image_proc' with the following arguments: {'ament_cmake_args': None, 'build_base': '/home/bryan/Workspace/ros2_ws/build/depth_image_proc', 'catkin_cmake_args': None, 'catkin_skip_building_tests': False, 'cmake_args': None, 'cmake_clean_cache': False, 'cmake_clean_first': False, 'cmake_force_configure': False, 'cmake_target': None, 'cmake_target_skip_unavailable': False, 'install_base': '/home/bryan/Workspace/ros2_ws/install/depth_image_proc', 'merge_install': False, 'path': '/home/bryan/Workspace/ros2_ws/image_pipeline/depth_image_proc', 'symlink_install': False, 'test_result_base': None}
[0.910s] Level 5:colcon.colcon_core.verb:set package 'examples_rclcpp_async_client' build argument 'cmake_args' from command line to 'None'
[0.910s] Level 5:colcon.colcon_core.verb:set package 'examples_rclcpp_async_client' build argument 'cmake_target' from command line to 'None'
[0.910s] Level 5:colcon.colcon_core.verb:set package 'examples_rclcpp_async_client' build argument 'cmake_target_skip_unavailable' from command line to 'False'
[0.910s] Level 5:colcon.colcon_core.verb:set package 'examples_rclcpp_async_client' build argument 'cmake_clean_cache' from command line to 'False'
[0.910s] Level 5:colcon.colcon_core.verb:set package 'examples_rclcpp_async_client' build argument 'cmake_clean_first' from command line to 'False'
[0.910s] Level 5:colcon.colcon_core.verb:set package 'examples_rclcpp_async_client' build argument 'cmake_force_configure' from command line to 'False'
[0.910s] Level 5:colcon.colcon_core.verb:set package 'examples_rclcpp_async_client' build argument 'ament_cmake_args' from command line to 'None'
[0.910s] Level 5:colcon.colcon_core.verb:set package 'examples_rclcpp_async_client' build argument 'catkin_cmake_args' from command line to 'None'
[0.910s] Level 5:colcon.colcon_core.verb:set package 'examples_rclcpp_async_client' build argument 'catkin_skip_building_tests' from command line to 'False'
[0.910s] DEBUG:colcon.colcon_core.verb:Building package 'examples_rclcpp_async_client' with the following arguments: {'ament_cmake_args': None, 'build_base': '/home/bryan/Workspace/ros2_ws/build/examples_rclcpp_async_client', 'catkin_cmake_args': None, 'catkin_skip_building_tests': False, 'cmake_args': None, 'cmake_clean_cache': False, 'cmake_clean_first': False, 'cmake_force_configure': False, 'cmake_target': None, 'cmake_target_skip_unavailable': False, 'install_base': '/home/bryan/Workspace/ros2_ws/install/examples_rclcpp_async_client', 'merge_install': False, 'path': '/home/bryan/Workspace/ros2_ws/src/examples/rclcpp/services/async_client', 'symlink_install': False, 'test_result_base': None}
[0.911s] Level 5:colcon.colcon_core.verb:set package 'examples_rclcpp_cbg_executor' build argument 'cmake_args' from command line to 'None'
[0.911s] Level 5:colcon.colcon_core.verb:set package 'examples_rclcpp_cbg_executor' build argument 'cmake_target' from command line to 'None'
[0.911s] Level 5:colcon.colcon_core.verb:set package 'examples_rclcpp_cbg_executor' build argument 'cmake_target_skip_unavailable' from command line to 'False'
[0.911s] Level 5:colcon.colcon_core.verb:set package 'examples_rclcpp_cbg_executor' build argument 'cmake_clean_cache' from command line to 'False'
[0.911s] Level 5:colcon.colcon_core.verb:set package 'examples_rclcpp_cbg_executor' build argument 'cmake_clean_first' from command line to 'False'
[0.911s] Level 5:colcon.colcon_core.verb:set package 'examples_rclcpp_cbg_executor' build argument 'cmake_force_configure' from command line to 'False'
[0.911s] Level 5:colcon.colcon_core.verb:set package 'examples_rclcpp_cbg_executor' build argument 'ament_cmake_args' from command line to 'None'
[0.911s] Level 5:colcon.colcon_core.verb:set package 'examples_rclcpp_cbg_executor' build argument 'catkin_cmake_args' from command line to 'None'
[0.911s] Level 5:colcon.colcon_core.verb:set package 'examples_rclcpp_cbg_executor' build argument 'catkin_skip_building_tests' from command line to 'False'
[0.911s] DEBUG:colcon.colcon_core.verb:Building package 'examples_rclcpp_cbg_executor' with the following arguments: {'ament_cmake_args': None, 'build_base': '/home/bryan/Workspace/ros2_ws/build/examples_rclcpp_cbg_executor', 'catkin_cmake_args': None, 'catkin_skip_building_tests': False, 'cmake_args': None, 'cmake_clean_cache': False, 'cmake_clean_first': False, 'cmake_force_configure': False, 'cmake_target': None, 'cmake_target_skip_unavailable': False, 'install_base': '/home/bryan/Workspace/ros2_ws/install/examples_rclcpp_cbg_executor', 'merge_install': False, 'path': '/home/bryan/Workspace/ros2_ws/src/examples/rclcpp/executors/cbg_executor', 'symlink_install': False, 'test_result_base': None}
[0.911s] Level 5:colcon.colcon_core.verb:set package 'examples_rclcpp_minimal_action_client' build argument 'cmake_args' from command line to 'None'
[0.911s] Level 5:colcon.colcon_core.verb:set package 'examples_rclcpp_minimal_action_client' build argument 'cmake_target' from command line to 'None'
[0.911s] Level 5:colcon.colcon_core.verb:set package 'examples_rclcpp_minimal_action_client' build argument 'cmake_target_skip_unavailable' from command line to 'False'
[0.911s] Level 5:colcon.colcon_core.verb:set package 'examples_rclcpp_minimal_action_client' build argument 'cmake_clean_cache' from command line to 'False'
[0.911s] Level 5:colcon.colcon_core.verb:set package 'examples_rclcpp_minimal_action_client' build argument 'cmake_clean_first' from command line to 'False'
[0.911s] Level 5:colcon.colcon_core.verb:set package 'examples_rclcpp_minimal_action_client' build argument 'cmake_force_configure' from command line to 'False'
[0.911s] Level 5:colcon.colcon_core.verb:set package 'examples_rclcpp_minimal_action_client' build argument 'ament_cmake_args' from command line to 'None'
[0.911s] Level 5:colcon.colcon_core.verb:set package 'examples_rclcpp_minimal_action_client' build argument 'catkin_cmake_args' from command line to 'None'
[0.911s] Level 5:colcon.colcon_core.verb:set package 'examples_rclcpp_minimal_action_client' build argument 'catkin_skip_building_tests' from command line to 'False'
[0.911s] DEBUG:colcon.colcon_core.verb:Building package 'examples_rclcpp_minimal_action_client' with the following arguments: {'ament_cmake_args': None, 'build_base': '/home/bryan/Workspace/ros2_ws/build/examples_rclcpp_minimal_action_client', 'catkin_cmake_args': None, 'catkin_skip_building_tests': False, 'cmake_args': None, 'cmake_clean_cache': False, 'cmake_clean_first': False, 'cmake_force_configure': False, 'cmake_target': None, 'cmake_target_skip_unavailable': False, 'install_base': '/home/bryan/Workspace/ros2_ws/install/examples_rclcpp_minimal_action_client', 'merge_install': False, 'path': '/home/bryan/Workspace/ros2_ws/src/examples/rclcpp/actions/minimal_action_client', 'symlink_install': False, 'test_result_base': None}
[0.912s] Level 5:colcon.colcon_core.verb:set package 'examples_rclcpp_minimal_action_server' build argument 'cmake_args' from command line to 'None'
[0.912s] Level 5:colcon.colcon_core.verb:set package 'examples_rclcpp_minimal_action_server' build argument 'cmake_target' from command line to 'None'
[0.912s] Level 5:colcon.colcon_core.verb:set package 'examples_rclcpp_minimal_action_server' build argument 'cmake_target_skip_unavailable' from command line to 'False'
[0.912s] Level 5:colcon.colcon_core.verb:set package 'examples_rclcpp_minimal_action_server' build argument 'cmake_clean_cache' from command line to 'False'
[0.912s] Level 5:colcon.colcon_core.verb:set package 'examples_rclcpp_minimal_action_server' build argument 'cmake_clean_first' from command line to 'False'
[0.912s] Level 5:colcon.colcon_core.verb:set package 'examples_rclcpp_minimal_action_server' build argument 'cmake_force_configure' from command line to 'False'
[0.912s] Level 5:colcon.colcon_core.verb:set package 'examples_rclcpp_minimal_action_server' build argument 'ament_cmake_args' from command line to 'None'
[0.912s] Level 5:colcon.colcon_core.verb:set package 'examples_rclcpp_minimal_action_server' build argument 'catkin_cmake_args' from command line to 'None'
[0.912s] Level 5:colcon.colcon_core.verb:set package 'examples_rclcpp_minimal_action_server' build argument 'catkin_skip_building_tests' from command line to 'False'
[0.912s] DEBUG:colcon.colcon_core.verb:Building package 'examples_rclcpp_minimal_action_server' with the following arguments: {'ament_cmake_args': None, 'build_base': '/home/bryan/Workspace/ros2_ws/build/examples_rclcpp_minimal_action_server', 'catkin_cmake_args': None, 'catkin_skip_building_tests': False, 'cmake_args': None, 'cmake_clean_cache': False, 'cmake_clean_first': False, 'cmake_force_configure': False, 'cmake_target': None, 'cmake_target_skip_unavailable': False, 'install_base': '/home/bryan/Workspace/ros2_ws/install/examples_rclcpp_minimal_action_server', 'merge_install': False, 'path': '/home/bryan/Workspace/ros2_ws/src/examples/rclcpp/actions/minimal_action_server', 'symlink_install': False, 'test_result_base': None}
[0.912s] Level 5:colcon.colcon_core.verb:set package 'examples_rclcpp_minimal_client' build argument 'cmake_args' from command line to 'None'
[0.912s] Level 5:colcon.colcon_core.verb:set package 'examples_rclcpp_minimal_client' build argument 'cmake_target' from command line to 'None'
[0.913s] Level 5:colcon.colcon_core.verb:set package 'examples_rclcpp_minimal_client' build argument 'cmake_target_skip_unavailable' from command line to 'False'
[0.913s] Level 5:colcon.colcon_core.verb:set package 'examples_rclcpp_minimal_client' build argument 'cmake_clean_cache' from command line to 'False'
[0.913s] Level 5:colcon.colcon_core.verb:set package 'examples_rclcpp_minimal_client' build argument 'cmake_clean_first' from command line to 'False'
[0.913s] Level 5:colcon.colcon_core.verb:set package 'examples_rclcpp_minimal_client' build argument 'cmake_force_configure' from command line to 'False'
[0.913s] Level 5:colcon.colcon_core.verb:set package 'examples_rclcpp_minimal_client' build argument 'ament_cmake_args' from command line to 'None'
[0.913s] Level 5:colcon.colcon_core.verb:set package 'examples_rclcpp_minimal_client' build argument 'catkin_cmake_args' from command line to 'None'
[0.913s] Level 5:colcon.colcon_core.verb:set package 'examples_rclcpp_minimal_client' build argument 'catkin_skip_building_tests' from command line to 'False'
[0.913s] DEBUG:colcon.colcon_core.verb:Building package 'examples_rclcpp_minimal_client' with the following arguments: {'ament_cmake_args': None, 'build_base': '/home/bryan/Workspace/ros2_ws/build/examples_rclcpp_minimal_client', 'catkin_cmake_args': None, 'catkin_skip_building_tests': False, 'cmake_args': None, 'cmake_clean_cache': False, 'cmake_clean_first': False, 'cmake_force_configure': False, 'cmake_target': None, 'cmake_target_skip_unavailable': False, 'install_base': '/home/bryan/Workspace/ros2_ws/install/examples_rclcpp_minimal_client', 'merge_install': False, 'path': '/home/bryan/Workspace/ros2_ws/src/examples/rclcpp/services/minimal_client', 'symlink_install': False, 'test_result_base': None}
[0.913s] Level 5:colcon.colcon_core.verb:set package 'examples_rclcpp_minimal_composition' build argument 'cmake_args' from command line to 'None'
[0.913s] Level 5:colcon.colcon_core.verb:set package 'examples_rclcpp_minimal_composition' build argument 'cmake_target' from command line to 'None'
[0.913s] Level 5:colcon.colcon_core.verb:set package 'examples_rclcpp_minimal_composition' build argument 'cmake_target_skip_unavailable' from command line to 'False'
[0.913s] Level 5:colcon.colcon_core.verb:set package 'examples_rclcpp_minimal_composition' build argument 'cmake_clean_cache' from command line to 'False'
[0.913s] Level 5:colcon.colcon_core.verb:set package 'examples_rclcpp_minimal_composition' build argument 'cmake_clean_first' from command line to 'False'
[0.913s] Level 5:colcon.colcon_core.verb:set package 'examples_rclcpp_minimal_composition' build argument 'cmake_force_configure' from command line to 'False'
[0.913s] Level 5:colcon.colcon_core.verb:set package 'examples_rclcpp_minimal_composition' build argument 'ament_cmake_args' from command line to 'None'
[0.913s] Level 5:colcon.colcon_core.verb:set package 'examples_rclcpp_minimal_composition' build argument 'catkin_cmake_args' from command line to 'None'
[0.913s] Level 5:colcon.colcon_core.verb:set package 'examples_rclcpp_minimal_composition' build argument 'catkin_skip_building_tests' from command line to 'False'
[0.913s] DEBUG:colcon.colcon_core.verb:Building package 'examples_rclcpp_minimal_composition' with the following arguments: {'ament_cmake_args': None, 'build_base': '/home/bryan/Workspace/ros2_ws/build/examples_rclcpp_minimal_composition', 'catkin_cmake_args': None, 'catkin_skip_building_tests': False, 'cmake_args': None, 'cmake_clean_cache': False, 'cmake_clean_first': False, 'cmake_force_configure': False, 'cmake_target': None, 'cmake_target_skip_unavailable': False, 'install_base': '/home/bryan/Workspace/ros2_ws/install/examples_rclcpp_minimal_composition', 'merge_install': False, 'path': '/home/bryan/Workspace/ros2_ws/src/examples/rclcpp/composition/minimal_composition', 'symlink_install': False, 'test_result_base': None}
[0.914s] Level 5:colcon.colcon_core.verb:set package 'examples_rclcpp_minimal_publisher' build argument 'cmake_args' from command line to 'None'
[0.914s] Level 5:colcon.colcon_core.verb:set package 'examples_rclcpp_minimal_publisher' build argument 'cmake_target' from command line to 'None'
[0.914s] Level 5:colcon.colcon_core.verb:set package 'examples_rclcpp_minimal_publisher' build argument 'cmake_target_skip_unavailable' from command line to 'False'
[0.914s] Level 5:colcon.colcon_core.verb:set package 'examples_rclcpp_minimal_publisher' build argument 'cmake_clean_cache' from command line to 'False'
[0.914s] Level 5:colcon.colcon_core.verb:set package 'examples_rclcpp_minimal_publisher' build argument 'cmake_clean_first' from command line to 'False'
[0.914s] Level 5:colcon.colcon_core.verb:set package 'examples_rclcpp_minimal_publisher' build argument 'cmake_force_configure' from command line to 'False'
[0.914s] Level 5:colcon.colcon_core.verb:set package 'examples_rclcpp_minimal_publisher' build argument 'ament_cmake_args' from command line to 'None'
[0.914s] Level 5:colcon.colcon_core.verb:set package 'examples_rclcpp_minimal_publisher' build argument 'catkin_cmake_args' from command line to 'None'
[0.914s] Level 5:colcon.colcon_core.verb:set package 'examples_rclcpp_minimal_publisher' build argument 'catkin_skip_building_tests' from command line to 'False'
[0.914s] DEBUG:colcon.colcon_core.verb:Building package 'examples_rclcpp_minimal_publisher' with the following arguments: {'ament_cmake_args': None, 'build_base': '/home/bryan/Workspace/ros2_ws/build/examples_rclcpp_minimal_publisher', 'catkin_cmake_args': None, 'catkin_skip_building_tests': False, 'cmake_args': None, 'cmake_clean_cache': False, 'cmake_clean_first': False, 'cmake_force_configure': False, 'cmake_target': None, 'cmake_target_skip_unavailable': False, 'install_base': '/home/bryan/Workspace/ros2_ws/install/examples_rclcpp_minimal_publisher', 'merge_install': False, 'path': '/home/bryan/Workspace/ros2_ws/src/examples/rclcpp/topics/minimal_publisher', 'symlink_install': False, 'test_result_base': None}
[0.914s] Level 5:colcon.colcon_core.verb:set package 'examples_rclcpp_minimal_service' build argument 'cmake_args' from command line to 'None'
[0.914s] Level 5:colcon.colcon_core.verb:set package 'examples_rclcpp_minimal_service' build argument 'cmake_target' from command line to 'None'
[0.914s] Level 5:colcon.colcon_core.verb:set package 'examples_rclcpp_minimal_service' build argument 'cmake_target_skip_unavailable' from command line to 'False'
[0.914s] Level 5:colcon.colcon_core.verb:set package 'examples_rclcpp_minimal_service' build argument 'cmake_clean_cache' from command line to 'False'
[0.914s] Level 5:colcon.colcon_core.verb:set package 'examples_rclcpp_minimal_service' build argument 'cmake_clean_first' from command line to 'False'
[0.914s] Level 5:colcon.colcon_core.verb:set package 'examples_rclcpp_minimal_service' build argument 'cmake_force_configure' from command line to 'False'
[0.914s] Level 5:colcon.colcon_core.verb:set package 'examples_rclcpp_minimal_service' build argument 'ament_cmake_args' from command line to 'None'
[0.914s] Level 5:colcon.colcon_core.verb:set package 'examples_rclcpp_minimal_service' build argument 'catkin_cmake_args' from command line to 'None'
[0.914s] Level 5:colcon.colcon_core.verb:set package 'examples_rclcpp_minimal_service' build argument 'catkin_skip_building_tests' from command line to 'False'
[0.914s] DEBUG:colcon.colcon_core.verb:Building package 'examples_rclcpp_minimal_service' with the following arguments: {'ament_cmake_args': None, 'build_base': '/home/bryan/Workspace/ros2_ws/build/examples_rclcpp_minimal_service', 'catkin_cmake_args': None, 'catkin_skip_building_tests': False, 'cmake_args': None, 'cmake_clean_cache': False, 'cmake_clean_first': False, 'cmake_force_configure': False, 'cmake_target': None, 'cmake_target_skip_unavailable': False, 'install_base': '/home/bryan/Workspace/ros2_ws/install/examples_rclcpp_minimal_service', 'merge_install': False, 'path': '/home/bryan/Workspace/ros2_ws/src/examples/rclcpp/services/minimal_service', 'symlink_install': False, 'test_result_base': None}
[0.915s] Level 5:colcon.colcon_core.verb:set package 'examples_rclcpp_minimal_subscriber' build argument 'cmake_args' from command line to 'None'
[0.915s] Level 5:colcon.colcon_core.verb:set package 'examples_rclcpp_minimal_subscriber' build argument 'cmake_target' from command line to 'None'
[0.915s] Level 5:colcon.colcon_core.verb:set package 'examples_rclcpp_minimal_subscriber' build argument 'cmake_target_skip_unavailable' from command line to 'False'
[0.915s] Level 5:colcon.colcon_core.verb:set package 'examples_rclcpp_minimal_subscriber' build argument 'cmake_clean_cache' from command line to 'False'
[0.915s] Level 5:colcon.colcon_core.verb:set package 'examples_rclcpp_minimal_subscriber' build argument 'cmake_clean_first' from command line to 'False'
[0.915s] Level 5:colcon.colcon_core.verb:set package 'examples_rclcpp_minimal_subscriber' build argument 'cmake_force_configure' from command line to 'False'
[0.915s] Level 5:colcon.colcon_core.verb:set package 'examples_rclcpp_minimal_subscriber' build argument 'ament_cmake_args' from command line to 'None'
[0.915s] Level 5:colcon.colcon_core.verb:set package 'examples_rclcpp_minimal_subscriber' build argument 'catkin_cmake_args' from command line to 'None'
[0.915s] Level 5:colcon.colcon_core.verb:set package 'examples_rclcpp_minimal_subscriber' build argument 'catkin_skip_building_tests' from command line to 'False'
[0.915s] DEBUG:colcon.colcon_core.verb:Building package 'examples_rclcpp_minimal_subscriber' with the following arguments: {'ament_cmake_args': None, 'build_base': '/home/bryan/Workspace/ros2_ws/build/examples_rclcpp_minimal_subscriber', 'catkin_cmake_args': None, 'catkin_skip_building_tests': False, 'cmake_args': None, 'cmake_clean_cache': False, 'cmake_clean_first': False, 'cmake_force_configure': False, 'cmake_target': None, 'cmake_target_skip_unavailable': False, 'install_base': '/home/bryan/Workspace/ros2_ws/install/examples_rclcpp_minimal_subscriber', 'merge_install': False, 'path': '/home/bryan/Workspace/ros2_ws/src/examples/rclcpp/topics/minimal_subscriber', 'symlink_install': False, 'test_result_base': None}
[0.915s] Level 5:colcon.colcon_core.verb:set package 'examples_rclcpp_minimal_timer' build argument 'cmake_args' from command line to 'None'
[0.915s] Level 5:colcon.colcon_core.verb:set package 'examples_rclcpp_minimal_timer' build argument 'cmake_target' from command line to 'None'
[0.915s] Level 5:colcon.colcon_core.verb:set package 'examples_rclcpp_minimal_timer' build argument 'cmake_target_skip_unavailable' from command line to 'False'
[0.915s] Level 5:colcon.colcon_core.verb:set package 'examples_rclcpp_minimal_timer' build argument 'cmake_clean_cache' from command line to 'False'
[0.915s] Level 5:colcon.colcon_core.verb:set package 'examples_rclcpp_minimal_timer' build argument 'cmake_clean_first' from command line to 'False'
[0.915s] Level 5:colcon.colcon_core.verb:set package 'examples_rclcpp_minimal_timer' build argument 'cmake_force_configure' from command line to 'False'
[0.915s] Level 5:colcon.colcon_core.verb:set package 'examples_rclcpp_minimal_timer' build argument 'ament_cmake_args' from command line to 'None'
[0.916s] Level 5:colcon.colcon_core.verb:set package 'examples_rclcpp_minimal_timer' build argument 'catkin_cmake_args' from command line to 'None'
[0.916s] Level 5:colcon.colcon_core.verb:set package 'examples_rclcpp_minimal_timer' build argument 'catkin_skip_building_tests' from command line to 'False'
[0.916s] DEBUG:colcon.colcon_core.verb:Building package 'examples_rclcpp_minimal_timer' with the following arguments: {'ament_cmake_args': None, 'build_base': '/home/bryan/Workspace/ros2_ws/build/examples_rclcpp_minimal_timer', 'catkin_cmake_args': None, 'catkin_skip_building_tests': False, 'cmake_args': None, 'cmake_clean_cache': False, 'cmake_clean_first': False, 'cmake_force_configure': False, 'cmake_target': None, 'cmake_target_skip_unavailable': False, 'install_base': '/home/bryan/Workspace/ros2_ws/install/examples_rclcpp_minimal_timer', 'merge_install': False, 'path': '/home/bryan/Workspace/ros2_ws/src/examples/rclcpp/timers/minimal_timer', 'symlink_install': False, 'test_result_base': None}
[0.916s] Level 5:colcon.colcon_core.verb:set package 'examples_rclcpp_multithreaded_executor' build argument 'cmake_args' from command line to 'None'
[0.916s] Level 5:colcon.colcon_core.verb:set package 'examples_rclcpp_multithreaded_executor' build argument 'cmake_target' from command line to 'None'
[0.916s] Level 5:colcon.colcon_core.verb:set package 'examples_rclcpp_multithreaded_executor' build argument 'cmake_target_skip_unavailable' from command line to 'False'
[0.916s] Level 5:colcon.colcon_core.verb:set package 'examples_rclcpp_multithreaded_executor' build argument 'cmake_clean_cache' from command line to 'False'
[0.916s] Level 5:colcon.colcon_core.verb:set package 'examples_rclcpp_multithreaded_executor' build argument 'cmake_clean_first' from command line to 'False'
[0.916s] Level 5:colcon.colcon_core.verb:set package 'examples_rclcpp_multithreaded_executor' build argument 'cmake_force_configure' from command line to 'False'
[0.916s] Level 5:colcon.colcon_core.verb:set package 'examples_rclcpp_multithreaded_executor' build argument 'ament_cmake_args' from command line to 'None'
[0.916s] Level 5:colcon.colcon_core.verb:set package 'examples_rclcpp_multithreaded_executor' build argument 'catkin_cmake_args' from command line to 'None'
[0.916s] Level 5:colcon.colcon_core.verb:set package 'examples_rclcpp_multithreaded_executor' build argument 'catkin_skip_building_tests' from command line to 'False'
[0.916s] DEBUG:colcon.colcon_core.verb:Building package 'examples_rclcpp_multithreaded_executor' with the following arguments: {'ament_cmake_args': None, 'build_base': '/home/bryan/Workspace/ros2_ws/build/examples_rclcpp_multithreaded_executor', 'catkin_cmake_args': None, 'catkin_skip_building_tests': False, 'cmake_args': None, 'cmake_clean_cache': False, 'cmake_clean_first': False, 'cmake_force_configure': False, 'cmake_target': None, 'cmake_target_skip_unavailable': False, 'install_base': '/home/bryan/Workspace/ros2_ws/install/examples_rclcpp_multithreaded_executor', 'merge_install': False, 'path': '/home/bryan/Workspace/ros2_ws/src/examples/rclcpp/executors/multithreaded_executor', 'symlink_install': False, 'test_result_base': None}
[0.916s] Level 5:colcon.colcon_core.verb:set package 'examples_rclcpp_wait_set' build argument 'cmake_args' from command line to 'None'
[0.917s] Level 5:colcon.colcon_core.verb:set package 'examples_rclcpp_wait_set' build argument 'cmake_target' from command line to 'None'
[0.917s] Level 5:colcon.colcon_core.verb:set package 'examples_rclcpp_wait_set' build argument 'cmake_target_skip_unavailable' from command line to 'False'
[0.917s] Level 5:colcon.colcon_core.verb:set package 'examples_rclcpp_wait_set' build argument 'cmake_clean_cache' from command line to 'False'
[0.917s] Level 5:colcon.colcon_core.verb:set package 'examples_rclcpp_wait_set' build argument 'cmake_clean_first' from command line to 'False'
[0.917s] Level 5:colcon.colcon_core.verb:set package 'examples_rclcpp_wait_set' build argument 'cmake_force_configure' from command line to 'False'
[0.917s] Level 5:colcon.colcon_core.verb:set package 'examples_rclcpp_wait_set' build argument 'ament_cmake_args' from command line to 'None'
[0.917s] Level 5:colcon.colcon_core.verb:set package 'examples_rclcpp_wait_set' build argument 'catkin_cmake_args' from command line to 'None'
[0.917s] Level 5:colcon.colcon_core.verb:set package 'examples_rclcpp_wait_set' build argument 'catkin_skip_building_tests' from command line to 'False'
[0.917s] DEBUG:colcon.colcon_core.verb:Building package 'examples_rclcpp_wait_set' with the following arguments: {'ament_cmake_args': None, 'build_base': '/home/bryan/Workspace/ros2_ws/build/examples_rclcpp_wait_set', 'catkin_cmake_args': None, 'catkin_skip_building_tests': False, 'cmake_args': None, 'cmake_clean_cache': False, 'cmake_clean_first': False, 'cmake_force_configure': False, 'cmake_target': None, 'cmake_target_skip_unavailable': False, 'install_base': '/home/bryan/Workspace/ros2_ws/install/examples_rclcpp_wait_set', 'merge_install': False, 'path': '/home/bryan/Workspace/ros2_ws/src/examples/rclcpp/wait_set', 'symlink_install': False, 'test_result_base': None}
[0.917s] Level 5:colcon.colcon_core.verb:set package 'examples_rclpy_executors' build argument 'cmake_args' from command line to 'None'
[0.917s] Level 5:colcon.colcon_core.verb:set package 'examples_rclpy_executors' build argument 'cmake_target' from command line to 'None'
[0.917s] Level 5:colcon.colcon_core.verb:set package 'examples_rclpy_executors' build argument 'cmake_target_skip_unavailable' from command line to 'False'
[0.917s] Level 5:colcon.colcon_core.verb:set package 'examples_rclpy_executors' build argument 'cmake_clean_cache' from command line to 'False'
[0.917s] Level 5:colcon.colcon_core.verb:set package 'examples_rclpy_executors' build argument 'cmake_clean_first' from command line to 'False'
[0.917s] Level 5:colcon.colcon_core.verb:set package 'examples_rclpy_executors' build argument 'cmake_force_configure' from command line to 'False'
[0.917s] Level 5:colcon.colcon_core.verb:set package 'examples_rclpy_executors' build argument 'ament_cmake_args' from command line to 'None'
[0.917s] Level 5:colcon.colcon_core.verb:set package 'examples_rclpy_executors' build argument 'catkin_cmake_args' from command line to 'None'
[0.917s] Level 5:colcon.colcon_core.verb:set package 'examples_rclpy_executors' build argument 'catkin_skip_building_tests' from command line to 'False'
[0.917s] DEBUG:colcon.colcon_core.verb:Building package 'examples_rclpy_executors' with the following arguments: {'ament_cmake_args': None, 'build_base': '/home/bryan/Workspace/ros2_ws/build/examples_rclpy_executors', 'catkin_cmake_args': None, 'catkin_skip_building_tests': False, 'cmake_args': None, 'cmake_clean_cache': False, 'cmake_clean_first': False, 'cmake_force_configure': False, 'cmake_target': None, 'cmake_target_skip_unavailable': False, 'install_base': '/home/bryan/Workspace/ros2_ws/install/examples_rclpy_executors', 'merge_install': False, 'path': '/home/bryan/Workspace/ros2_ws/src/examples/rclpy/executors', 'symlink_install': False, 'test_result_base': None}
[0.918s] Level 5:colcon.colcon_core.verb:set package 'examples_rclpy_guard_conditions' build argument 'cmake_args' from command line to 'None'
[0.918s] Level 5:colcon.colcon_core.verb:set package 'examples_rclpy_guard_conditions' build argument 'cmake_target' from command line to 'None'
[0.918s] Level 5:colcon.colcon_core.verb:set package 'examples_rclpy_guard_conditions' build argument 'cmake_target_skip_unavailable' from command line to 'False'
[0.918s] Level 5:colcon.colcon_core.verb:set package 'examples_rclpy_guard_conditions' build argument 'cmake_clean_cache' from command line to 'False'
[0.918s] Level 5:colcon.colcon_core.verb:set package 'examples_rclpy_guard_conditions' build argument 'cmake_clean_first' from command line to 'False'
[0.918s] Level 5:colcon.colcon_core.verb:set package 'examples_rclpy_guard_conditions' build argument 'cmake_force_configure' from command line to 'False'
[0.918s] Level 5:colcon.colcon_core.verb:set package 'examples_rclpy_guard_conditions' build argument 'ament_cmake_args' from command line to 'None'
[0.918s] Level 5:colcon.colcon_core.verb:set package 'examples_rclpy_guard_conditions' build argument 'catkin_cmake_args' from command line to 'None'
[0.918s] Level 5:colcon.colcon_core.verb:set package 'examples_rclpy_guard_conditions' build argument 'catkin_skip_building_tests' from command line to 'False'
[0.918s] DEBUG:colcon.colcon_core.verb:Building package 'examples_rclpy_guard_conditions' with the following arguments: {'ament_cmake_args': None, 'build_base': '/home/bryan/Workspace/ros2_ws/build/examples_rclpy_guard_conditions', 'catkin_cmake_args': None, 'catkin_skip_building_tests': False, 'cmake_args': None, 'cmake_clean_cache': False, 'cmake_clean_first': False, 'cmake_force_configure': False, 'cmake_target': None, 'cmake_target_skip_unavailable': False, 'install_base': '/home/bryan/Workspace/ros2_ws/install/examples_rclpy_guard_conditions', 'merge_install': False, 'path': '/home/bryan/Workspace/ros2_ws/src/examples/rclpy/guard_conditions', 'symlink_install': False, 'test_result_base': None}
[0.918s] Level 5:colcon.colcon_core.verb:set package 'examples_rclpy_minimal_action_client' build argument 'cmake_args' from command line to 'None'
[0.918s] Level 5:colcon.colcon_core.verb:set package 'examples_rclpy_minimal_action_client' build argument 'cmake_target' from command line to 'None'
[0.918s] Level 5:colcon.colcon_core.verb:set package 'examples_rclpy_minimal_action_client' build argument 'cmake_target_skip_unavailable' from command line to 'False'
[0.918s] Level 5:colcon.colcon_core.verb:set package 'examples_rclpy_minimal_action_client' build argument 'cmake_clean_cache' from command line to 'False'
[0.918s] Level 5:colcon.colcon_core.verb:set package 'examples_rclpy_minimal_action_client' build argument 'cmake_clean_first' from command line to 'False'
[0.918s] Level 5:colcon.colcon_core.verb:set package 'examples_rclpy_minimal_action_client' build argument 'cmake_force_configure' from command line to 'False'
[0.918s] Level 5:colcon.colcon_core.verb:set package 'examples_rclpy_minimal_action_client' build argument 'ament_cmake_args' from command line to 'None'
[0.918s] Level 5:colcon.colcon_core.verb:set package 'examples_rclpy_minimal_action_client' build argument 'catkin_cmake_args' from command line to 'None'
[0.918s] Level 5:colcon.colcon_core.verb:set package 'examples_rclpy_minimal_action_client' build argument 'catkin_skip_building_tests' from command line to 'False'
[0.918s] DEBUG:colcon.colcon_core.verb:Building package 'examples_rclpy_minimal_action_client' with the following arguments: {'ament_cmake_args': None, 'build_base': '/home/bryan/Workspace/ros2_ws/build/examples_rclpy_minimal_action_client', 'catkin_cmake_args': None, 'catkin_skip_building_tests': False, 'cmake_args': None, 'cmake_clean_cache': False, 'cmake_clean_first': False, 'cmake_force_configure': False, 'cmake_target': None, 'cmake_target_skip_unavailable': False, 'install_base': '/home/bryan/Workspace/ros2_ws/install/examples_rclpy_minimal_action_client', 'merge_install': False, 'path': '/home/bryan/Workspace/ros2_ws/src/examples/rclpy/actions/minimal_action_client', 'symlink_install': False, 'test_result_base': None}
[0.919s] Level 5:colcon.colcon_core.verb:set package 'examples_rclpy_minimal_action_server' build argument 'cmake_args' from command line to 'None'
[0.919s] Level 5:colcon.colcon_core.verb:set package 'examples_rclpy_minimal_action_server' build argument 'cmake_target' from command line to 'None'
[0.919s] Level 5:colcon.colcon_core.verb:set package 'examples_rclpy_minimal_action_server' build argument 'cmake_target_skip_unavailable' from command line to 'False'
[0.919s] Level 5:colcon.colcon_core.verb:set package 'examples_rclpy_minimal_action_server' build argument 'cmake_clean_cache' from command line to 'False'
[0.919s] Level 5:colcon.colcon_core.verb:set package 'examples_rclpy_minimal_action_server' build argument 'cmake_clean_first' from command line to 'False'
[0.919s] Level 5:colcon.colcon_core.verb:set package 'examples_rclpy_minimal_action_server' build argument 'cmake_force_configure' from command line to 'False'
[0.919s] Level 5:colcon.colcon_core.verb:set package 'examples_rclpy_minimal_action_server' build argument 'ament_cmake_args' from command line to 'None'
[0.919s] Level 5:colcon.colcon_core.verb:set package 'examples_rclpy_minimal_action_server' build argument 'catkin_cmake_args' from command line to 'None'
[0.919s] Level 5:colcon.colcon_core.verb:set package 'examples_rclpy_minimal_action_server' build argument 'catkin_skip_building_tests' from command line to 'False'
[0.919s] DEBUG:colcon.colcon_core.verb:Building package 'examples_rclpy_minimal_action_server' with the following arguments: {'ament_cmake_args': None, 'build_base': '/home/bryan/Workspace/ros2_ws/build/examples_rclpy_minimal_action_server', 'catkin_cmake_args': None, 'catkin_skip_building_tests': False, 'cmake_args': None, 'cmake_clean_cache': False, 'cmake_clean_first': False, 'cmake_force_configure': False, 'cmake_target': None, 'cmake_target_skip_unavailable': False, 'install_base': '/home/bryan/Workspace/ros2_ws/install/examples_rclpy_minimal_action_server', 'merge_install': False, 'path': '/home/bryan/Workspace/ros2_ws/src/examples/rclpy/actions/minimal_action_server', 'symlink_install': False, 'test_result_base': None}
[0.919s] Level 5:colcon.colcon_core.verb:set package 'examples_rclpy_minimal_client' build argument 'cmake_args' from command line to 'None'
[0.919s] Level 5:colcon.colcon_core.verb:set package 'examples_rclpy_minimal_client' build argument 'cmake_target' from command line to 'None'
[0.919s] Level 5:colcon.colcon_core.verb:set package 'examples_rclpy_minimal_client' build argument 'cmake_target_skip_unavailable' from command line to 'False'
[0.919s] Level 5:colcon.colcon_core.verb:set package 'examples_rclpy_minimal_client' build argument 'cmake_clean_cache' from command line to 'False'
[0.919s] Level 5:colcon.colcon_core.verb:set package 'examples_rclpy_minimal_client' build argument 'cmake_clean_first' from command line to 'False'
[0.919s] Level 5:colcon.colcon_core.verb:set package 'examples_rclpy_minimal_client' build argument 'cmake_force_configure' from command line to 'False'
[0.919s] Level 5:colcon.colcon_core.verb:set package 'examples_rclpy_minimal_client' build argument 'ament_cmake_args' from command line to 'None'
[0.919s] Level 5:colcon.colcon_core.verb:set package 'examples_rclpy_minimal_client' build argument 'catkin_cmake_args' from command line to 'None'
[0.919s] Level 5:colcon.colcon_core.verb:set package 'examples_rclpy_minimal_client' build argument 'catkin_skip_building_tests' from command line to 'False'
[0.920s] DEBUG:colcon.colcon_core.verb:Building package 'examples_rclpy_minimal_client' with the following arguments: {'ament_cmake_args': None, 'build_base': '/home/bryan/Workspace/ros2_ws/build/examples_rclpy_minimal_client', 'catkin_cmake_args': None, 'catkin_skip_building_tests': False, 'cmake_args': None, 'cmake_clean_cache': False, 'cmake_clean_first': False, 'cmake_force_configure': False, 'cmake_target': None, 'cmake_target_skip_unavailable': False, 'install_base': '/home/bryan/Workspace/ros2_ws/install/examples_rclpy_minimal_client', 'merge_install': False, 'path': '/home/bryan/Workspace/ros2_ws/src/examples/rclpy/services/minimal_client', 'symlink_install': False, 'test_result_base': None}
[0.921s] Level 5:colcon.colcon_core.verb:set package 'examples_rclpy_minimal_publisher' build argument 'cmake_args' from command line to 'None'
[0.921s] Level 5:colcon.colcon_core.verb:set package 'examples_rclpy_minimal_publisher' build argument 'cmake_target' from command line to 'None'
[0.921s] Level 5:colcon.colcon_core.verb:set package 'examples_rclpy_minimal_publisher' build argument 'cmake_target_skip_unavailable' from command line to 'False'
[0.922s] Level 5:colcon.colcon_core.verb:set package 'examples_rclpy_minimal_publisher' build argument 'cmake_clean_cache' from command line to 'False'
[0.922s] Level 5:colcon.colcon_core.verb:set package 'examples_rclpy_minimal_publisher' build argument 'cmake_clean_first' from command line to 'False'
[0.922s] Level 5:colcon.colcon_core.verb:set package 'examples_rclpy_minimal_publisher' build argument 'cmake_force_configure' from command line to 'False'
[0.922s] Level 5:colcon.colcon_core.verb:set package 'examples_rclpy_minimal_publisher' build argument 'ament_cmake_args' from command line to 'None'
[0.922s] Level 5:colcon.colcon_core.verb:set package 'examples_rclpy_minimal_publisher' build argument 'catkin_cmake_args' from command line to 'None'
[0.922s] Level 5:colcon.colcon_core.verb:set package 'examples_rclpy_minimal_publisher' build argument 'catkin_skip_building_tests' from command line to 'False'
[0.922s] DEBUG:colcon.colcon_core.verb:Building package 'examples_rclpy_minimal_publisher' with the following arguments: {'ament_cmake_args': None, 'build_base': '/home/bryan/Workspace/ros2_ws/build/examples_rclpy_minimal_publisher', 'catkin_cmake_args': None, 'catkin_skip_building_tests': False, 'cmake_args': None, 'cmake_clean_cache': False, 'cmake_clean_first': False, 'cmake_force_configure': False, 'cmake_target': None, 'cmake_target_skip_unavailable': False, 'install_base': '/home/bryan/Workspace/ros2_ws/install/examples_rclpy_minimal_publisher', 'merge_install': False, 'path': '/home/bryan/Workspace/ros2_ws/src/examples/rclpy/topics/minimal_publisher', 'symlink_install': False, 'test_result_base': None}
[0.922s] Level 5:colcon.colcon_core.verb:set package 'examples_rclpy_minimal_service' build argument 'cmake_args' from command line to 'None'
[0.922s] Level 5:colcon.colcon_core.verb:set package 'examples_rclpy_minimal_service' build argument 'cmake_target' from command line to 'None'
[0.922s] Level 5:colcon.colcon_core.verb:set package 'examples_rclpy_minimal_service' build argument 'cmake_target_skip_unavailable' from command line to 'False'
[0.922s] Level 5:colcon.colcon_core.verb:set package 'examples_rclpy_minimal_service' build argument 'cmake_clean_cache' from command line to 'False'
[0.922s] Level 5:colcon.colcon_core.verb:set package 'examples_rclpy_minimal_service' build argument 'cmake_clean_first' from command line to 'False'
[0.922s] Level 5:colcon.colcon_core.verb:set package 'examples_rclpy_minimal_service' build argument 'cmake_force_configure' from command line to 'False'
[0.922s] Level 5:colcon.colcon_core.verb:set package 'examples_rclpy_minimal_service' build argument 'ament_cmake_args' from command line to 'None'
[0.922s] Level 5:colcon.colcon_core.verb:set package 'examples_rclpy_minimal_service' build argument 'catkin_cmake_args' from command line to 'None'
[0.923s] Level 5:colcon.colcon_core.verb:set package 'examples_rclpy_minimal_service' build argument 'catkin_skip_building_tests' from command line to 'False'
[0.923s] DEBUG:colcon.colcon_core.verb:Building package 'examples_rclpy_minimal_service' with the following arguments: {'ament_cmake_args': None, 'build_base': '/home/bryan/Workspace/ros2_ws/build/examples_rclpy_minimal_service', 'catkin_cmake_args': None, 'catkin_skip_building_tests': False, 'cmake_args': None, 'cmake_clean_cache': False, 'cmake_clean_first': False, 'cmake_force_configure': False, 'cmake_target': None, 'cmake_target_skip_unavailable': False, 'install_base': '/home/bryan/Workspace/ros2_ws/install/examples_rclpy_minimal_service', 'merge_install': False, 'path': '/home/bryan/Workspace/ros2_ws/src/examples/rclpy/services/minimal_service', 'symlink_install': False, 'test_result_base': None}
[0.923s] Level 5:colcon.colcon_core.verb:set package 'examples_rclpy_minimal_subscriber' build argument 'cmake_args' from command line to 'None'
[0.923s] Level 5:colcon.colcon_core.verb:set package 'examples_rclpy_minimal_subscriber' build argument 'cmake_target' from command line to 'None'
[0.923s] Level 5:colcon.colcon_core.verb:set package 'examples_rclpy_minimal_subscriber' build argument 'cmake_target_skip_unavailable' from command line to 'False'
[0.923s] Level 5:colcon.colcon_core.verb:set package 'examples_rclpy_minimal_subscriber' build argument 'cmake_clean_cache' from command line to 'False'
[0.923s] Level 5:colcon.colcon_core.verb:set package 'examples_rclpy_minimal_subscriber' build argument 'cmake_clean_first' from command line to 'False'
[0.923s] Level 5:colcon.colcon_core.verb:set package 'examples_rclpy_minimal_subscriber' build argument 'cmake_force_configure' from command line to 'False'
[0.923s] Level 5:colcon.colcon_core.verb:set package 'examples_rclpy_minimal_subscriber' build argument 'ament_cmake_args' from command line to 'None'
[0.923s] Level 5:colcon.colcon_core.verb:set package 'examples_rclpy_minimal_subscriber' build argument 'catkin_cmake_args' from command line to 'None'
[0.923s] Level 5:colcon.colcon_core.verb:set package 'examples_rclpy_minimal_subscriber' build argument 'catkin_skip_building_tests' from command line to 'False'
[0.923s] DEBUG:colcon.colcon_core.verb:Building package 'examples_rclpy_minimal_subscriber' with the following arguments: {'ament_cmake_args': None, 'build_base': '/home/bryan/Workspace/ros2_ws/build/examples_rclpy_minimal_subscriber', 'catkin_cmake_args': None, 'catkin_skip_building_tests': False, 'cmake_args': None, 'cmake_clean_cache': False, 'cmake_clean_first': False, 'cmake_force_configure': False, 'cmake_target': None, 'cmake_target_skip_unavailable': False, 'install_base': '/home/bryan/Workspace/ros2_ws/install/examples_rclpy_minimal_subscriber', 'merge_install': False, 'path': '/home/bryan/Workspace/ros2_ws/src/examples/rclpy/topics/minimal_subscriber', 'symlink_install': False, 'test_result_base': None}
[0.923s] Level 5:colcon.colcon_core.verb:set package 'examples_rclpy_pointcloud_publisher' build argument 'cmake_args' from command line to 'None'
[0.923s] Level 5:colcon.colcon_core.verb:set package 'examples_rclpy_pointcloud_publisher' build argument 'cmake_target' from command line to 'None'
[0.923s] Level 5:colcon.colcon_core.verb:set package 'examples_rclpy_pointcloud_publisher' build argument 'cmake_target_skip_unavailable' from command line to 'False'
[0.923s] Level 5:colcon.colcon_core.verb:set package 'examples_rclpy_pointcloud_publisher' build argument 'cmake_clean_cache' from command line to 'False'
[0.923s] Level 5:colcon.colcon_core.verb:set package 'examples_rclpy_pointcloud_publisher' build argument 'cmake_clean_first' from command line to 'False'
[0.923s] Level 5:colcon.colcon_core.verb:set package 'examples_rclpy_pointcloud_publisher' build argument 'cmake_force_configure' from command line to 'False'
[0.923s] Level 5:colcon.colcon_core.verb:set package 'examples_rclpy_pointcloud_publisher' build argument 'ament_cmake_args' from command line to 'None'
[0.923s] Level 5:colcon.colcon_core.verb:set package 'examples_rclpy_pointcloud_publisher' build argument 'catkin_cmake_args' from command line to 'None'
[0.923s] Level 5:colcon.colcon_core.verb:set package 'examples_rclpy_pointcloud_publisher' build argument 'catkin_skip_building_tests' from command line to 'False'
[0.923s] DEBUG:colcon.colcon_core.verb:Building package 'examples_rclpy_pointcloud_publisher' with the following arguments: {'ament_cmake_args': None, 'build_base': '/home/bryan/Workspace/ros2_ws/build/examples_rclpy_pointcloud_publisher', 'catkin_cmake_args': None, 'catkin_skip_building_tests': False, 'cmake_args': None, 'cmake_clean_cache': False, 'cmake_clean_first': False, 'cmake_force_configure': False, 'cmake_target': None, 'cmake_target_skip_unavailable': False, 'install_base': '/home/bryan/Workspace/ros2_ws/install/examples_rclpy_pointcloud_publisher', 'merge_install': False, 'path': '/home/bryan/Workspace/ros2_ws/src/examples/rclpy/topics/pointcloud_publisher', 'symlink_install': False, 'test_result_base': None}
[0.924s] Level 5:colcon.colcon_core.verb:set package 'first_package' build argument 'cmake_args' from command line to 'None'
[0.924s] Level 5:colcon.colcon_core.verb:set package 'first_package' build argument 'cmake_target' from command line to 'None'
[0.924s] Level 5:colcon.colcon_core.verb:set package 'first_package' build argument 'cmake_target_skip_unavailable' from command line to 'False'
[0.924s] Level 5:colcon.colcon_core.verb:set package 'first_package' build argument 'cmake_clean_cache' from command line to 'False'
[0.924s] Level 5:colcon.colcon_core.verb:set package 'first_package' build argument 'cmake_clean_first' from command line to 'False'
[0.924s] Level 5:colcon.colcon_core.verb:set package 'first_package' build argument 'cmake_force_configure' from command line to 'False'
[0.924s] Level 5:colcon.colcon_core.verb:set package 'first_package' build argument 'ament_cmake_args' from command line to 'None'
[0.924s] Level 5:colcon.colcon_core.verb:set package 'first_package' build argument 'catkin_cmake_args' from command line to 'None'
[0.924s] Level 5:colcon.colcon_core.verb:set package 'first_package' build argument 'catkin_skip_building_tests' from command line to 'False'
[0.924s] DEBUG:colcon.colcon_core.verb:Building package 'first_package' with the following arguments: {'ament_cmake_args': None, 'build_base': '/home/bryan/Workspace/ros2_ws/build/first_package', 'catkin_cmake_args': None, 'catkin_skip_building_tests': False, 'cmake_args': None, 'cmake_clean_cache': False, 'cmake_clean_first': False, 'cmake_force_configure': False, 'cmake_target': None, 'cmake_target_skip_unavailable': False, 'install_base': '/home/bryan/Workspace/ros2_ws/install/first_package', 'merge_install': False, 'path': '/home/bryan/Workspace/ros2_ws/first_package', 'symlink_install': False, 'test_result_base': None}
[0.924s] Level 5:colcon.colcon_core.verb:set package 'image_converter' build argument 'cmake_args' from command line to 'None'
[0.924s] Level 5:colcon.colcon_core.verb:set package 'image_converter' build argument 'cmake_target' from command line to 'None'
[0.924s] Level 5:colcon.colcon_core.verb:set package 'image_converter' build argument 'cmake_target_skip_unavailable' from command line to 'False'
[0.924s] Level 5:colcon.colcon_core.verb:set package 'image_converter' build argument 'cmake_clean_cache' from command line to 'False'
[0.924s] Level 5:colcon.colcon_core.verb:set package 'image_converter' build argument 'cmake_clean_first' from command line to 'False'
[0.924s] Level 5:colcon.colcon_core.verb:set package 'image_converter' build argument 'cmake_force_configure' from command line to 'False'
[0.924s] Level 5:colcon.colcon_core.verb:set package 'image_converter' build argument 'ament_cmake_args' from command line to 'None'
[0.924s] Level 5:colcon.colcon_core.verb:set package 'image_converter' build argument 'catkin_cmake_args' from command line to 'None'
[0.924s] Level 5:colcon.colcon_core.verb:set package 'image_converter' build argument 'catkin_skip_building_tests' from command line to 'False'
[0.924s] DEBUG:colcon.colcon_core.verb:Building package 'image_converter' with the following arguments: {'ament_cmake_args': None, 'build_base': '/home/bryan/Workspace/ros2_ws/build/image_converter', 'catkin_cmake_args': None, 'catkin_skip_building_tests': False, 'cmake_args': None, 'cmake_clean_cache': False, 'cmake_clean_first': False, 'cmake_force_configure': False, 'cmake_target': None, 'cmake_target_skip_unavailable': False, 'install_base': '/home/bryan/Workspace/ros2_ws/install/image_converter', 'merge_install': False, 'path': '/home/bryan/Workspace/ros2_ws/src/image_converter', 'symlink_install': False, 'test_result_base': None}
[0.925s] Level 5:colcon.colcon_core.verb:set package 'image_publisher' build argument 'cmake_args' from command line to 'None'
[0.925s] Level 5:colcon.colcon_core.verb:set package 'image_publisher' build argument 'cmake_target' from command line to 'None'
[0.925s] Level 5:colcon.colcon_core.verb:set package 'image_publisher' build argument 'cmake_target_skip_unavailable' from command line to 'False'
[0.925s] Level 5:colcon.colcon_core.verb:set package 'image_publisher' build argument 'cmake_clean_cache' from command line to 'False'
[0.925s] Level 5:colcon.colcon_core.verb:set package 'image_publisher' build argument 'cmake_clean_first' from command line to 'False'
[0.925s] Level 5:colcon.colcon_core.verb:set package 'image_publisher' build argument 'cmake_force_configure' from command line to 'False'
[0.925s] Level 5:colcon.colcon_core.verb:set package 'image_publisher' build argument 'ament_cmake_args' from command line to 'None'
[0.925s] Level 5:colcon.colcon_core.verb:set package 'image_publisher' build argument 'catkin_cmake_args' from command line to 'None'
[0.925s] Level 5:colcon.colcon_core.verb:set package 'image_publisher' build argument 'catkin_skip_building_tests' from command line to 'False'
[0.925s] DEBUG:colcon.colcon_core.verb:Building package 'image_publisher' with the following arguments: {'ament_cmake_args': None, 'build_base': '/home/bryan/Workspace/ros2_ws/build/image_publisher', 'catkin_cmake_args': None, 'catkin_skip_building_tests': False, 'cmake_args': None, 'cmake_clean_cache': False, 'cmake_clean_first': False, 'cmake_force_configure': False, 'cmake_target': None, 'cmake_target_skip_unavailable': False, 'install_base': '/home/bryan/Workspace/ros2_ws/install/image_publisher', 'merge_install': False, 'path': '/home/bryan/Workspace/ros2_ws/image_pipeline/image_publisher', 'symlink_install': False, 'test_result_base': None}
[0.925s] Level 5:colcon.colcon_core.verb:set package 'image_rotate' build argument 'cmake_args' from command line to 'None'
[0.925s] Level 5:colcon.colcon_core.verb:set package 'image_rotate' build argument 'cmake_target' from command line to 'None'
[0.925s] Level 5:colcon.colcon_core.verb:set package 'image_rotate' build argument 'cmake_target_skip_unavailable' from command line to 'False'
[0.925s] Level 5:colcon.colcon_core.verb:set package 'image_rotate' build argument 'cmake_clean_cache' from command line to 'False'
[0.925s] Level 5:colcon.colcon_core.verb:set package 'image_rotate' build argument 'cmake_clean_first' from command line to 'False'
[0.925s] Level 5:colcon.colcon_core.verb:set package 'image_rotate' build argument 'cmake_force_configure' from command line to 'False'
[0.925s] Level 5:colcon.colcon_core.verb:set package 'image_rotate' build argument 'ament_cmake_args' from command line to 'None'
[0.925s] Level 5:colcon.colcon_core.verb:set package 'image_rotate' build argument 'catkin_cmake_args' from command line to 'None'
[0.925s] Level 5:colcon.colcon_core.verb:set package 'image_rotate' build argument 'catkin_skip_building_tests' from command line to 'False'
[0.925s] DEBUG:colcon.colcon_core.verb:Building package 'image_rotate' with the following arguments: {'ament_cmake_args': None, 'build_base': '/home/bryan/Workspace/ros2_ws/build/image_rotate', 'catkin_cmake_args': None, 'catkin_skip_building_tests': False, 'cmake_args': None, 'cmake_clean_cache': False, 'cmake_clean_first': False, 'cmake_force_configure': False, 'cmake_target': None, 'cmake_target_skip_unavailable': False, 'install_base': '/home/bryan/Workspace/ros2_ws/install/image_rotate', 'merge_install': False, 'path': '/home/bryan/Workspace/ros2_ws/image_pipeline/image_rotate', 'symlink_install': False, 'test_result_base': None}
[0.925s] Level 5:colcon.colcon_core.verb:set package 'image_view' build argument 'cmake_args' from command line to 'None'
[0.925s] Level 5:colcon.colcon_core.verb:set package 'image_view' build argument 'cmake_target' from command line to 'None'
[0.925s] Level 5:colcon.colcon_core.verb:set package 'image_view' build argument 'cmake_target_skip_unavailable' from command line to 'False'
[0.926s] Level 5:colcon.colcon_core.verb:set package 'image_view' build argument 'cmake_clean_cache' from command line to 'False'
[0.926s] Level 5:colcon.colcon_core.verb:set package 'image_view' build argument 'cmake_clean_first' from command line to 'False'
[0.926s] Level 5:colcon.colcon_core.verb:set package 'image_view' build argument 'cmake_force_configure' from command line to 'False'
[0.926s] Level 5:colcon.colcon_core.verb:set package 'image_view' build argument 'ament_cmake_args' from command line to 'None'
[0.926s] Level 5:colcon.colcon_core.verb:set package 'image_view' build argument 'catkin_cmake_args' from command line to 'None'
[0.926s] Level 5:colcon.colcon_core.verb:set package 'image_view' build argument 'catkin_skip_building_tests' from command line to 'False'
[0.926s] DEBUG:colcon.colcon_core.verb:Building package 'image_view' with the following arguments: {'ament_cmake_args': None, 'build_base': '/home/bryan/Workspace/ros2_ws/build/image_view', 'catkin_cmake_args': None, 'catkin_skip_building_tests': False, 'cmake_args': None, 'cmake_clean_cache': False, 'cmake_clean_first': False, 'cmake_force_configure': False, 'cmake_target': None, 'cmake_target_skip_unavailable': False, 'install_base': '/home/bryan/Workspace/ros2_ws/install/image_view', 'merge_install': False, 'path': '/home/bryan/Workspace/ros2_ws/image_pipeline/image_view', 'symlink_install': False, 'test_result_base': None}
[0.926s] Level 5:colcon.colcon_core.verb:set package 'launch_testing_examples' build argument 'cmake_args' from command line to 'None'
[0.926s] Level 5:colcon.colcon_core.verb:set package 'launch_testing_examples' build argument 'cmake_target' from command line to 'None'
[0.926s] Level 5:colcon.colcon_core.verb:set package 'launch_testing_examples' build argument 'cmake_target_skip_unavailable' from command line to 'False'
[0.926s] Level 5:colcon.colcon_core.verb:set package 'launch_testing_examples' build argument 'cmake_clean_cache' from command line to 'False'
[0.926s] Level 5:colcon.colcon_core.verb:set package 'launch_testing_examples' build argument 'cmake_clean_first' from command line to 'False'
[0.926s] Level 5:colcon.colcon_core.verb:set package 'launch_testing_examples' build argument 'cmake_force_configure' from command line to 'False'
[0.926s] Level 5:colcon.colcon_core.verb:set package 'launch_testing_examples' build argument 'ament_cmake_args' from command line to 'None'
[0.926s] Level 5:colcon.colcon_core.verb:set package 'launch_testing_examples' build argument 'catkin_cmake_args' from command line to 'None'
[0.926s] Level 5:colcon.colcon_core.verb:set package 'launch_testing_examples' build argument 'catkin_skip_building_tests' from command line to 'False'
[0.926s] DEBUG:colcon.colcon_core.verb:Building package 'launch_testing_examples' with the following arguments: {'ament_cmake_args': None, 'build_base': '/home/bryan/Workspace/ros2_ws/build/launch_testing_examples', 'catkin_cmake_args': None, 'catkin_skip_building_tests': False, 'cmake_args': None, 'cmake_clean_cache': False, 'cmake_clean_first': False, 'cmake_force_configure': False, 'cmake_target': None, 'cmake_target_skip_unavailable': False, 'install_base': '/home/bryan/Workspace/ros2_ws/install/launch_testing_examples', 'merge_install': False, 'path': '/home/bryan/Workspace/ros2_ws/src/examples/launch_testing/launch_testing_examples', 'symlink_install': False, 'test_result_base': None}
[0.926s] Level 5:colcon.colcon_core.verb:set package 'sprint2' build argument 'cmake_args' from command line to 'None'
[0.926s] Level 5:colcon.colcon_core.verb:set package 'sprint2' build argument 'cmake_target' from command line to 'None'
[0.926s] Level 5:colcon.colcon_core.verb:set package 'sprint2' build argument 'cmake_target_skip_unavailable' from command line to 'False'
[0.926s] Level 5:colcon.colcon_core.verb:set package 'sprint2' build argument 'cmake_clean_cache' from command line to 'False'
[0.926s] Level 5:colcon.colcon_core.verb:set package 'sprint2' build argument 'cmake_clean_first' from command line to 'False'
[0.926s] Level 5:colcon.colcon_core.verb:set package 'sprint2' build argument 'cmake_force_configure' from command line to 'False'
[0.927s] Level 5:colcon.colcon_core.verb:set package 'sprint2' build argument 'ament_cmake_args' from command line to 'None'
[0.927s] Level 5:colcon.colcon_core.verb:set package 'sprint2' build argument 'catkin_cmake_args' from command line to 'None'
[0.927s] Level 5:colcon.colcon_core.verb:set package 'sprint2' build argument 'catkin_skip_building_tests' from command line to 'False'
[0.927s] DEBUG:colcon.colcon_core.verb:Building package 'sprint2' with the following arguments: {'ament_cmake_args': None, 'build_base': '/home/bryan/Workspace/ros2_ws/build/sprint2', 'catkin_cmake_args': None, 'catkin_skip_building_tests': False, 'cmake_args': None, 'cmake_clean_cache': False, 'cmake_clean_first': False, 'cmake_force_configure': False, 'cmake_target': None, 'cmake_target_skip_unavailable': False, 'install_base': '/home/bryan/Workspace/ros2_ws/install/sprint2', 'merge_install': False, 'path': '/home/bryan/Workspace/ros2_ws/sprint2', 'symlink_install': False, 'test_result_base': None}
[0.927s] Level 5:colcon.colcon_core.verb:set package 'tracetools_image_pipeline' build argument 'cmake_args' from command line to 'None'
[0.927s] Level 5:colcon.colcon_core.verb:set package 'tracetools_image_pipeline' build argument 'cmake_target' from command line to 'None'
[0.927s] Level 5:colcon.colcon_core.verb:set package 'tracetools_image_pipeline' build argument 'cmake_target_skip_unavailable' from command line to 'False'
[0.927s] Level 5:colcon.colcon_core.verb:set package 'tracetools_image_pipeline' build argument 'cmake_clean_cache' from command line to 'False'
[0.927s] Level 5:colcon.colcon_core.verb:set package 'tracetools_image_pipeline' build argument 'cmake_clean_first' from command line to 'False'
[0.927s] Level 5:colcon.colcon_core.verb:set package 'tracetools_image_pipeline' build argument 'cmake_force_configure' from command line to 'False'
[0.927s] Level 5:colcon.colcon_core.verb:set package 'tracetools_image_pipeline' build argument 'ament_cmake_args' from command line to 'None'
[0.927s] Level 5:colcon.colcon_core.verb:set package 'tracetools_image_pipeline' build argument 'catkin_cmake_args' from command line to 'None'
[0.927s] Level 5:colcon.colcon_core.verb:set package 'tracetools_image_pipeline' build argument 'catkin_skip_building_tests' from command line to 'False'
[0.927s] DEBUG:colcon.colcon_core.verb:Building package 'tracetools_image_pipeline' with the following arguments: {'ament_cmake_args': None, 'build_base': '/home/bryan/Workspace/ros2_ws/build/tracetools_image_pipeline', 'catkin_cmake_args': None, 'catkin_skip_building_tests': False, 'cmake_args': None, 'cmake_clean_cache': False, 'cmake_clean_first': False, 'cmake_force_configure': False, 'cmake_target': None, 'cmake_target_skip_unavailable': False, 'install_base': '/home/bryan/Workspace/ros2_ws/install/tracetools_image_pipeline', 'merge_install': False, 'path': '/home/bryan/Workspace/ros2_ws/image_pipeline/tracetools_image_pipeline', 'symlink_install': False, 'test_result_base': None}
[0.927s] Level 5:colcon.colcon_core.verb:set package 'image_proc' build argument 'cmake_args' from command line to 'None'
[0.927s] Level 5:colcon.colcon_core.verb:set package 'image_proc' build argument 'cmake_target' from command line to 'None'
[0.927s] Level 5:colcon.colcon_core.verb:set package 'image_proc' build argument 'cmake_target_skip_unavailable' from command line to 'False'
[0.927s] Level 5:colcon.colcon_core.verb:set package 'image_proc' build argument 'cmake_clean_cache' from command line to 'False'
[0.927s] Level 5:colcon.colcon_core.verb:set package 'image_proc' build argument 'cmake_clean_first' from command line to 'False'
[0.927s] Level 5:colcon.colcon_core.verb:set package 'image_proc' build argument 'cmake_force_configure' from command line to 'False'
[0.927s] Level 5:colcon.colcon_core.verb:set package 'image_proc' build argument 'ament_cmake_args' from command line to 'None'
[0.927s] Level 5:colcon.colcon_core.verb:set package 'image_proc' build argument 'catkin_cmake_args' from command line to 'None'
[0.927s] Level 5:colcon.colcon_core.verb:set package 'image_proc' build argument 'catkin_skip_building_tests' from command line to 'False'
[0.927s] DEBUG:colcon.colcon_core.verb:Building package 'image_proc' with the following arguments: {'ament_cmake_args': None, 'build_base': '/home/bryan/Workspace/ros2_ws/build/image_proc', 'catkin_cmake_args': None, 'catkin_skip_building_tests': False, 'cmake_args': None, 'cmake_clean_cache': False, 'cmake_clean_first': False, 'cmake_force_configure': False, 'cmake_target': None, 'cmake_target_skip_unavailable': False, 'install_base': '/home/bryan/Workspace/ros2_ws/install/image_proc', 'merge_install': False, 'path': '/home/bryan/Workspace/ros2_ws/image_pipeline/image_proc', 'symlink_install': False, 'test_result_base': None}
[0.940s] Level 5:colcon.colcon_core.verb:set package 'stereo_image_proc' build argument 'cmake_args' from command line to 'None'
[0.940s] Level 5:colcon.colcon_core.verb:set package 'stereo_image_proc' build argument 'cmake_target' from command line to 'None'
[0.940s] Level 5:colcon.colcon_core.verb:set package 'stereo_image_proc' build argument 'cmake_target_skip_unavailable' from command line to 'False'
[0.940s] Level 5:colcon.colcon_core.verb:set package 'stereo_image_proc' build argument 'cmake_clean_cache' from command line to 'False'
[0.940s] Level 5:colcon.colcon_core.verb:set package 'stereo_image_proc' build argument 'cmake_clean_first' from command line to 'False'
[0.940s] Level 5:colcon.colcon_core.verb:set package 'stereo_image_proc' build argument 'cmake_force_configure' from command line to 'False'
[0.940s] Level 5:colcon.colcon_core.verb:set package 'stereo_image_proc' build argument 'ament_cmake_args' from command line to 'None'
[0.940s] Level 5:colcon.colcon_core.verb:set package 'stereo_image_proc' build argument 'catkin_cmake_args' from command line to 'None'
[0.940s] Level 5:colcon.colcon_core.verb:set package 'stereo_image_proc' build argument 'catkin_skip_building_tests' from command line to 'False'
[0.949s] DEBUG:colcon.colcon_core.verb:Building package 'stereo_image_proc' with the following arguments: {'ament_cmake_args': None, 'build_base': '/home/bryan/Workspace/ros2_ws/build/stereo_image_proc', 'catkin_cmake_args': None, 'catkin_skip_building_tests': False, 'cmake_args': None, 'cmake_clean_cache': False, 'cmake_clean_first': False, 'cmake_force_configure': False, 'cmake_target': None, 'cmake_target_skip_unavailable': False, 'install_base': '/home/bryan/Workspace/ros2_ws/install/stereo_image_proc', 'merge_install': False, 'path': '/home/bryan/Workspace/ros2_ws/image_pipeline/stereo_image_proc', 'symlink_install': False, 'test_result_base': None}
[0.950s] Level 5:colcon.colcon_core.verb:set package 'image_pipeline' build argument 'cmake_args' from command line to 'None'
[0.950s] Level 5:colcon.colcon_core.verb:set package 'image_pipeline' build argument 'cmake_target' from command line to 'None'
[0.950s] Level 5:colcon.colcon_core.verb:set package 'image_pipeline' build argument 'cmake_target_skip_unavailable' from command line to 'False'
[0.950s] Level 5:colcon.colcon_core.verb:set package 'image_pipeline' build argument 'cmake_clean_cache' from command line to 'False'
[0.950s] Level 5:colcon.colcon_core.verb:set package 'image_pipeline' build argument 'cmake_clean_first' from command line to 'False'
[0.950s] Level 5:colcon.colcon_core.verb:set package 'image_pipeline' build argument 'cmake_force_configure' from command line to 'False'
[0.950s] Level 5:colcon.colcon_core.verb:set package 'image_pipeline' build argument 'ament_cmake_args' from command line to 'None'
[0.950s] Level 5:colcon.colcon_core.verb:set package 'image_pipeline' build argument 'catkin_cmake_args' from command line to 'None'
[0.950s] Level 5:colcon.colcon_core.verb:set package 'image_pipeline' build argument 'catkin_skip_building_tests' from command line to 'False'
[0.950s] DEBUG:colcon.colcon_core.verb:Building package 'image_pipeline' with the following arguments: {'ament_cmake_args': None, 'build_base': '/home/bryan/Workspace/ros2_ws/build/image_pipeline', 'catkin_cmake_args': None, 'catkin_skip_building_tests': False, 'cmake_args': None, 'cmake_clean_cache': False, 'cmake_clean_first': False, 'cmake_force_configure': False, 'cmake_target': None, 'cmake_target_skip_unavailable': False, 'install_base': '/home/bryan/Workspace/ros2_ws/install/image_pipeline', 'merge_install': False, 'path': '/home/bryan/Workspace/ros2_ws/image_pipeline/image_pipeline', 'symlink_install': False, 'test_result_base': None}
[0.950s] INFO:colcon.colcon_core.executor:Executing jobs using 'parallel' executor
[0.952s] DEBUG:colcon.colcon_parallel_executor.executor.parallel:run_until_complete
[0.953s] INFO:colcon.colcon_ros.task.ament_cmake.build:Building ROS package in '/home/bryan/Workspace/ros2_ws/image_pipeline/tracetools_image_pipeline' with build type 'ament_cmake'
[0.953s] INFO:colcon.colcon_cmake.task.cmake.build:Building CMake package in '/home/bryan/Workspace/ros2_ws/image_pipeline/tracetools_image_pipeline'
[0.985s] INFO:colcon.colcon_core.plugin_system:Skipping extension 'colcon_core.shell.bat': Not used on non-Windows systems
[0.985s] INFO:colcon.colcon_core.shell:Skip shell extension 'powershell' for command environment: Not usable outside of PowerShell
[0.985s] DEBUG:colcon.colcon_core.shell:Skip shell extension 'dsv' for command environment
[1.003s] INFO:colcon.colcon_ros.task.ament_python.build:Building ROS package in '/home/bryan/Workspace/ros2_ws/image_pipeline/camera_calibration' with build type 'ament_python'
[1.003s] Level 1:colcon.colcon_core.shell:create_environment_hook('camera_calibration', 'ament_prefix_path')
[1.003s] INFO:colcon.colcon_core.shell:Creating environment hook '/home/bryan/Workspace/ros2_ws/install/camera_calibration/share/camera_calibration/hook/ament_prefix_path.ps1'
[1.004s] INFO:colcon.colcon_core.shell:Creating environment descriptor '/home/bryan/Workspace/ros2_ws/install/camera_calibration/share/camera_calibration/hook/ament_prefix_path.dsv'
[1.005s] INFO:colcon.colcon_core.shell:Creating environment hook '/home/bryan/Workspace/ros2_ws/install/camera_calibration/share/camera_calibration/hook/ament_prefix_path.sh'
[1.006s] INFO:colcon.colcon_core.shell:Skip shell extension 'powershell' for command environment: Not usable outside of PowerShell
[1.006s] DEBUG:colcon.colcon_core.shell:Skip shell extension 'dsv' for command environment
[1.010s] INFO:colcon.colcon_ros.task.ament_cmake.build:Building ROS package in '/home/bryan/Workspace/ros2_ws/image_pipeline/depth_image_proc' with build type 'ament_cmake'
[1.010s] INFO:colcon.colcon_cmake.task.cmake.build:Building CMake package in '/home/bryan/Workspace/ros2_ws/image_pipeline/depth_image_proc'
[1.010s] INFO:colcon.colcon_core.shell:Skip shell extension 'powershell' for command environment: Not usable outside of PowerShell
[1.010s] DEBUG:colcon.colcon_core.shell:Skip shell extension 'dsv' for command environment
[1.024s] DEBUG:colcon.colcon_core.event_handler.log_command:Invoking command in '/home/bryan/Workspace/ros2_ws/build/tracetools_image_pipeline': CMAKE_PREFIX_PATH=/opt/ros/humble /usr/bin/cmake /home/bryan/Workspace/ros2_ws/image_pipeline/tracetools_image_pipeline -DCMAKE_INSTALL_PREFIX=/home/bryan/Workspace/ros2_ws/install/tracetools_image_pipeline
[1.397s] INFO:colcon.colcon_core.task.python.build:Building Python package in '/home/bryan/Workspace/ros2_ws/image_pipeline/camera_calibration'
[1.398s] INFO:colcon.colcon_core.shell:Skip shell extension 'powershell' for command environment: Not usable outside of PowerShell
[1.398s] DEBUG:colcon.colcon_core.shell:Skip shell extension 'dsv' for command environment
[1.407s] DEBUG:colcon.colcon_core.event_handler.log_command:Invoking command in '/home/bryan/Workspace/ros2_ws/build/depth_image_proc': CMAKE_PREFIX_PATH=/opt/ros/humble /usr/bin/cmake /home/bryan/Workspace/ros2_ws/image_pipeline/depth_image_proc -DCMAKE_INSTALL_PREFIX=/home/bryan/Workspace/ros2_ws/install/depth_image_proc
[2.403s] DEBUG:colcon.colcon_core.event_handler.log_command:Invoking command in '/home/bryan/Workspace/ros2_ws/image_pipeline/camera_calibration': PYTHONPATH=/home/bryan/Workspace/ros2_ws/build/camera_calibration/prefix_override:/usr/lib/python3/dist-packages/colcon_core/task/python/colcon_distutils_commands:/home/bryan/Workspace/ros2_ws/install/camera_calibration/lib/python3.10/site-packages:${PYTHONPATH} /usr/bin/python3 -W ignore:setup.py install is deprecated -W ignore:easy_install command is deprecated setup.py egg_info --egg-base ../../build/camera_calibration build --build-base /home/bryan/Workspace/ros2_ws/build/camera_calibration/build install --record /home/bryan/Workspace/ros2_ws/build/camera_calibration/install.log --single-version-externally-managed install_data
[2.687s] DEBUG:colcon.colcon_core.event_handler.log_command:Invoked command in '/home/bryan/Workspace/ros2_ws/build/tracetools_image_pipeline' returned '0': CMAKE_PREFIX_PATH=/opt/ros/humble /usr/bin/cmake /home/bryan/Workspace/ros2_ws/image_pipeline/tracetools_image_pipeline -DCMAKE_INSTALL_PREFIX=/home/bryan/Workspace/ros2_ws/install/tracetools_image_pipeline
[2.688s] DEBUG:colcon.colcon_core.event_handler.log_command:Invoking command in '/home/bryan/Workspace/ros2_ws/build/tracetools_image_pipeline': CMAKE_PREFIX_PATH=/opt/ros/humble /usr/bin/cmake --build /home/bryan/Workspace/ros2_ws/build/tracetools_image_pipeline -- -j3 -l3
[3.118s] DEBUG:colcon.colcon_core.event_handler.log_command:Invoked command in '/home/bryan/Workspace/ros2_ws/image_pipeline/camera_calibration' returned '0': PYTHONPATH=/home/bryan/Workspace/ros2_ws/build/camera_calibration/prefix_override:/usr/lib/python3/dist-packages/colcon_core/task/python/colcon_distutils_commands:/home/bryan/Workspace/ros2_ws/install/camera_calibration/lib/python3.10/site-packages:${PYTHONPATH} /usr/bin/python3 -W ignore:setup.py install is deprecated -W ignore:easy_install command is deprecated setup.py egg_info --egg-base ../../build/camera_calibration build --build-base /home/bryan/Workspace/ros2_ws/build/camera_calibration/build install --record /home/bryan/Workspace/ros2_ws/build/camera_calibration/install.log --single-version-externally-managed install_data
[3.123s] Level 1:colcon.colcon_core.environment:checking '/home/bryan/Workspace/ros2_ws/install/camera_calibration' for CMake module files
[3.124s] Level 1:colcon.colcon_core.environment:checking '/home/bryan/Workspace/ros2_ws/install/camera_calibration' for CMake config files
[3.125s] Level 1:colcon.colcon_core.environment:checking '/home/bryan/Workspace/ros2_ws/install/camera_calibration/lib'
[3.125s] Level 1:colcon.colcon_core.environment:checking '/home/bryan/Workspace/ros2_ws/install/camera_calibration/bin'
[3.125s] Level 1:colcon.colcon_core.environment:checking '/home/bryan/Workspace/ros2_ws/install/camera_calibration/lib/pkgconfig/camera_calibration.pc'
[3.125s] Level 1:colcon.colcon_core.environment:checking '/home/bryan/Workspace/ros2_ws/install/camera_calibration/lib/python3.10/site-packages'
[3.125s] Level 1:colcon.colcon_core.shell:create_environment_hook('camera_calibration', 'pythonpath')
[3.126s] INFO:colcon.colcon_core.shell:Creating environment hook '/home/bryan/Workspace/ros2_ws/install/camera_calibration/share/camera_calibration/hook/pythonpath.ps1'
[3.126s] INFO:colcon.colcon_core.shell:Creating environment descriptor '/home/bryan/Workspace/ros2_ws/install/camera_calibration/share/camera_calibration/hook/pythonpath.dsv'
[3.126s] INFO:colcon.colcon_core.shell:Creating environment hook '/home/bryan/Workspace/ros2_ws/install/camera_calibration/share/camera_calibration/hook/pythonpath.sh'
[3.127s] Level 1:colcon.colcon_core.environment:checking '/home/bryan/Workspace/ros2_ws/install/camera_calibration/bin'
[3.127s] Level 1:colcon.colcon_core.environment:create_environment_scripts_only(camera_calibration)
[3.128s] INFO:colcon.colcon_core.shell:Creating package script '/home/bryan/Workspace/ros2_ws/install/camera_calibration/share/camera_calibration/package.ps1'
[3.129s] INFO:colcon.colcon_core.shell:Creating package descriptor '/home/bryan/Workspace/ros2_ws/install/camera_calibration/share/camera_calibration/package.dsv'
[3.130s] INFO:colcon.colcon_core.shell:Creating package script '/home/bryan/Workspace/ros2_ws/install/camera_calibration/share/camera_calibration/package.sh'
[3.131s] INFO:colcon.colcon_core.shell:Creating package script '/home/bryan/Workspace/ros2_ws/install/camera_calibration/share/camera_calibration/package.bash'
[3.132s] INFO:colcon.colcon_core.shell:Creating package script '/home/bryan/Workspace/ros2_ws/install/camera_calibration/share/camera_calibration/package.zsh'
[3.133s] Level 1:colcon.colcon_core.environment:create_file_with_runtime_dependencies(/home/bryan/Workspace/ros2_ws/install/camera_calibration/share/colcon-core/packages/camera_calibration)
[3.134s] INFO:colcon.colcon_ros.task.ament_cmake.build:Building ROS package in '/home/bryan/Workspace/ros2_ws/image_pipeline/image_publisher' with build type 'ament_cmake'
[3.134s] INFO:colcon.colcon_cmake.task.cmake.build:Building CMake package in '/home/bryan/Workspace/ros2_ws/image_pipeline/image_publisher'
[3.135s] INFO:colcon.colcon_core.shell:Skip shell extension 'powershell' for command environment: Not usable outside of PowerShell
[3.135s] DEBUG:colcon.colcon_core.shell:Skip shell extension 'dsv' for command environment
[3.151s] DEBUG:colcon.colcon_core.event_handler.log_command:Invoking command in '/home/bryan/Workspace/ros2_ws/build/image_publisher': CMAKE_PREFIX_PATH=/opt/ros/humble /usr/bin/cmake /home/bryan/Workspace/ros2_ws/image_pipeline/image_publisher -DCMAKE_INSTALL_PREFIX=/home/bryan/Workspace/ros2_ws/install/image_publisher
[3.744s] DEBUG:colcon.colcon_core.event_handler.log_command:Invoked command in '/home/bryan/Workspace/ros2_ws/build/tracetools_image_pipeline' returned '0': CMAKE_PREFIX_PATH=/opt/ros/humble /usr/bin/cmake --build /home/bryan/Workspace/ros2_ws/build/tracetools_image_pipeline -- -j3 -l3
[3.771s] DEBUG:colcon.colcon_core.event_handler.log_command:Invoking command in '/home/bryan/Workspace/ros2_ws/build/tracetools_image_pipeline': CMAKE_PREFIX_PATH=/opt/ros/humble /usr/bin/cmake --install /home/bryan/Workspace/ros2_ws/build/tracetools_image_pipeline
[3.793s] Level 1:colcon.colcon_core.environment:create_environment_scripts_only(tracetools_image_pipeline)
[3.794s] Level 1:colcon.colcon_core.environment:checking '/home/bryan/Workspace/ros2_ws/install/tracetools_image_pipeline' for CMake module files
[3.795s] Level 1:colcon.colcon_core.environment:checking '/home/bryan/Workspace/ros2_ws/install/tracetools_image_pipeline' for CMake config files
[3.796s] Level 1:colcon.colcon_core.shell:create_environment_hook('tracetools_image_pipeline', 'cmake_prefix_path')
[3.797s] INFO:colcon.colcon_core.shell:Creating environment hook '/home/bryan/Workspace/ros2_ws/install/tracetools_image_pipeline/share/tracetools_image_pipeline/hook/cmake_prefix_path.ps1'
[3.798s] INFO:colcon.colcon_core.shell:Creating environment descriptor '/home/bryan/Workspace/ros2_ws/install/tracetools_image_pipeline/share/tracetools_image_pipeline/hook/cmake_prefix_path.dsv'
[3.798s] INFO:colcon.colcon_core.shell:Creating environment hook '/home/bryan/Workspace/ros2_ws/install/tracetools_image_pipeline/share/tracetools_image_pipeline/hook/cmake_prefix_path.sh'
[3.799s] Level 1:colcon.colcon_core.environment:checking '/home/bryan/Workspace/ros2_ws/install/tracetools_image_pipeline/lib'
[3.800s] Level 1:colcon.colcon_core.shell:create_environment_hook('tracetools_image_pipeline', 'ld_library_path_lib')
[3.800s] INFO:colcon.colcon_core.shell:Creating environment hook '/home/bryan/Workspace/ros2_ws/install/tracetools_image_pipeline/share/tracetools_image_pipeline/hook/ld_library_path_lib.ps1'
[3.800s] INFO:colcon.colcon_core.shell:Creating environment descriptor '/home/bryan/Workspace/ros2_ws/install/tracetools_image_pipeline/share/tracetools_image_pipeline/hook/ld_library_path_lib.dsv'
[3.803s] INFO:colcon.colcon_core.shell:Creating environment hook '/home/bryan/Workspace/ros2_ws/install/tracetools_image_pipeline/share/tracetools_image_pipeline/hook/ld_library_path_lib.sh'
[3.803s] Level 1:colcon.colcon_core.environment:checking '/home/bryan/Workspace/ros2_ws/install/tracetools_image_pipeline/bin'
[3.803s] Level 1:colcon.colcon_core.environment:checking '/home/bryan/Workspace/ros2_ws/install/tracetools_image_pipeline/lib/pkgconfig/tracetools_image_pipeline.pc'
[3.804s] Level 1:colcon.colcon_core.environment:checking '/home/bryan/Workspace/ros2_ws/install/tracetools_image_pipeline/lib/python3.10/site-packages'
[3.805s] Level 1:colcon.colcon_core.environment:checking '/home/bryan/Workspace/ros2_ws/install/tracetools_image_pipeline/bin'
[3.805s] INFO:colcon.colcon_core.shell:Creating package script '/home/bryan/Workspace/ros2_ws/install/tracetools_image_pipeline/share/tracetools_image_pipeline/package.ps1'
[3.808s] DEBUG:colcon.colcon_core.event_handler.log_command:Invoked command in '/home/bryan/Workspace/ros2_ws/build/tracetools_image_pipeline' returned '0': CMAKE_PREFIX_PATH=/opt/ros/humble /usr/bin/cmake --install /home/bryan/Workspace/ros2_ws/build/tracetools_image_pipeline
[3.839s] INFO:colcon.colcon_core.shell:Creating package descriptor '/home/bryan/Workspace/ros2_ws/install/tracetools_image_pipeline/share/tracetools_image_pipeline/package.dsv'
[3.845s] INFO:colcon.colcon_core.shell:Creating package script '/home/bryan/Workspace/ros2_ws/install/tracetools_image_pipeline/share/tracetools_image_pipeline/package.sh'
[3.847s] INFO:colcon.colcon_core.shell:Creating package script '/home/bryan/Workspace/ros2_ws/install/tracetools_image_pipeline/share/tracetools_image_pipeline/package.bash'
[3.848s] INFO:colcon.colcon_core.shell:Creating package script '/home/bryan/Workspace/ros2_ws/install/tracetools_image_pipeline/share/tracetools_image_pipeline/package.zsh'
[3.849s] Level 1:colcon.colcon_core.environment:create_file_with_runtime_dependencies(/home/bryan/Workspace/ros2_ws/install/tracetools_image_pipeline/share/colcon-core/packages/tracetools_image_pipeline)
[3.850s] Level 1:colcon.colcon_core.environment:create_environment_scripts_only(tracetools_image_pipeline)
[3.850s] Level 1:colcon.colcon_core.environment:checking '/home/bryan/Workspace/ros2_ws/install/tracetools_image_pipeline' for CMake module files
[3.850s] Level 1:colcon.colcon_core.environment:checking '/home/bryan/Workspace/ros2_ws/install/tracetools_image_pipeline' for CMake config files
[3.850s] Level 1:colcon.colcon_core.shell:create_environment_hook('tracetools_image_pipeline', 'cmake_prefix_path')
[3.851s] INFO:colcon.colcon_core.shell:Creating environment hook '/home/bryan/Workspace/ros2_ws/install/tracetools_image_pipeline/share/tracetools_image_pipeline/hook/cmake_prefix_path.ps1'
[3.851s] INFO:colcon.colcon_core.shell:Creating environment descriptor '/home/bryan/Workspace/ros2_ws/install/tracetools_image_pipeline/share/tracetools_image_pipeline/hook/cmake_prefix_path.dsv'
[3.852s] INFO:colcon.colcon_core.shell:Creating environment hook '/home/bryan/Workspace/ros2_ws/install/tracetools_image_pipeline/share/tracetools_image_pipeline/hook/cmake_prefix_path.sh'
[3.854s] Level 1:colcon.colcon_core.environment:checking '/home/bryan/Workspace/ros2_ws/install/tracetools_image_pipeline/lib'
[3.854s] Level 1:colcon.colcon_core.shell:create_environment_hook('tracetools_image_pipeline', 'ld_library_path_lib')
[3.854s] INFO:colcon.colcon_core.shell:Creating environment hook '/home/bryan/Workspace/ros2_ws/install/tracetools_image_pipeline/share/tracetools_image_pipeline/hook/ld_library_path_lib.ps1'
[3.855s] INFO:colcon.colcon_core.shell:Creating environment descriptor '/home/bryan/Workspace/ros2_ws/install/tracetools_image_pipeline/share/tracetools_image_pipeline/hook/ld_library_path_lib.dsv'
[3.856s] INFO:colcon.colcon_core.shell:Creating environment hook '/home/bryan/Workspace/ros2_ws/install/tracetools_image_pipeline/share/tracetools_image_pipeline/hook/ld_library_path_lib.sh'
[3.857s] Level 1:colcon.colcon_core.environment:checking '/home/bryan/Workspace/ros2_ws/install/tracetools_image_pipeline/bin'
[3.857s] Level 1:colcon.colcon_core.environment:checking '/home/bryan/Workspace/ros2_ws/install/tracetools_image_pipeline/lib/pkgconfig/tracetools_image_pipeline.pc'
[3.858s] Level 1:colcon.colcon_core.environment:checking '/home/bryan/Workspace/ros2_ws/install/tracetools_image_pipeline/lib/python3.10/site-packages'
[3.858s] Level 1:colcon.colcon_core.environment:checking '/home/bryan/Workspace/ros2_ws/install/tracetools_image_pipeline/bin'
[3.859s] INFO:colcon.colcon_core.shell:Creating package script '/home/bryan/Workspace/ros2_ws/install/tracetools_image_pipeline/share/tracetools_image_pipeline/package.ps1'
[3.860s] INFO:colcon.colcon_core.shell:Creating package descriptor '/home/bryan/Workspace/ros2_ws/install/tracetools_image_pipeline/share/tracetools_image_pipeline/package.dsv'
[3.862s] INFO:colcon.colcon_core.shell:Creating package script '/home/bryan/Workspace/ros2_ws/install/tracetools_image_pipeline/share/tracetools_image_pipeline/package.sh'
[3.865s] INFO:colcon.colcon_core.shell:Creating package script '/home/bryan/Workspace/ros2_ws/install/tracetools_image_pipeline/share/tracetools_image_pipeline/package.bash'
[3.866s] INFO:colcon.colcon_core.shell:Creating package script '/home/bryan/Workspace/ros2_ws/install/tracetools_image_pipeline/share/tracetools_image_pipeline/package.zsh'
[3.868s] Level 1:colcon.colcon_core.environment:create_file_with_runtime_dependencies(/home/bryan/Workspace/ros2_ws/install/tracetools_image_pipeline/share/colcon-core/packages/tracetools_image_pipeline)
[3.869s] INFO:colcon.colcon_ros.task.ament_cmake.build:Building ROS package in '/home/bryan/Workspace/ros2_ws/image_pipeline/image_proc' with build type 'ament_cmake'
[3.869s] INFO:colcon.colcon_cmake.task.cmake.build:Building CMake package in '/home/bryan/Workspace/ros2_ws/image_pipeline/image_proc'
[3.869s] INFO:colcon.colcon_core.shell:Skip shell extension 'powershell' for command environment: Not usable outside of PowerShell
[3.869s] DEBUG:colcon.colcon_core.shell:Skip shell extension 'dsv' for command environment
[3.928s] DEBUG:colcon.colcon_core.event_handler.log_command:Invoking command in '/home/bryan/Workspace/ros2_ws/build/image_proc': AMENT_PREFIX_PATH=/home/bryan/Workspace/ros2_ws/install/tracetools_image_pipeline:${AMENT_PREFIX_PATH} CMAKE_PREFIX_PATH=/home/bryan/Workspace/ros2_ws/install/tracetools_image_pipeline:/opt/ros/humble LD_LIBRARY_PATH=/home/bryan/Workspace/ros2_ws/install/tracetools_image_pipeline/lib:${LD_LIBRARY_PATH} /usr/bin/cmake /home/bryan/Workspace/ros2_ws/image_pipeline/image_proc -DCMAKE_INSTALL_PREFIX=/home/bryan/Workspace/ros2_ws/install/image_proc
[6.487s] DEBUG:colcon.colcon_core.event_handler.log_command:Invoked command in '/home/bryan/Workspace/ros2_ws/build/depth_image_proc' returned '0': CMAKE_PREFIX_PATH=/opt/ros/humble /usr/bin/cmake /home/bryan/Workspace/ros2_ws/image_pipeline/depth_image_proc -DCMAKE_INSTALL_PREFIX=/home/bryan/Workspace/ros2_ws/install/depth_image_proc
[6.548s] DEBUG:colcon.colcon_core.event_handler.log_command:Invoking command in '/home/bryan/Workspace/ros2_ws/build/depth_image_proc': CMAKE_PREFIX_PATH=/opt/ros/humble /usr/bin/cmake --build /home/bryan/Workspace/ros2_ws/build/depth_image_proc -- -j3 -l3
[8.324s] DEBUG:colcon.colcon_core.event_handler.log_command:Invoked command in '/home/bryan/Workspace/ros2_ws/build/image_publisher' returned '0': CMAKE_PREFIX_PATH=/opt/ros/humble /usr/bin/cmake /home/bryan/Workspace/ros2_ws/image_pipeline/image_publisher -DCMAKE_INSTALL_PREFIX=/home/bryan/Workspace/ros2_ws/install/image_publisher
[8.325s] DEBUG:colcon.colcon_core.event_handler.log_command:Invoking command in '/home/bryan/Workspace/ros2_ws/build/image_publisher': CMAKE_PREFIX_PATH=/opt/ros/humble /usr/bin/cmake --build /home/bryan/Workspace/ros2_ws/build/image_publisher -- -j3 -l3
[19.054s] DEBUG:colcon.colcon_core.event_handler.log_command:Invoked command in '/home/bryan/Workspace/ros2_ws/build/image_proc' returned '0': AMENT_PREFIX_PATH=/home/bryan/Workspace/ros2_ws/install/tracetools_image_pipeline:${AMENT_PREFIX_PATH} CMAKE_PREFIX_PATH=/home/bryan/Workspace/ros2_ws/install/tracetools_image_pipeline:/opt/ros/humble LD_LIBRARY_PATH=/home/bryan/Workspace/ros2_ws/install/tracetools_image_pipeline/lib:${LD_LIBRARY_PATH} /usr/bin/cmake /home/bryan/Workspace/ros2_ws/image_pipeline/image_proc -DCMAKE_INSTALL_PREFIX=/home/bryan/Workspace/ros2_ws/install/image_proc
[19.120s] DEBUG:colcon.colcon_core.event_handler.log_command:Invoking command in '/home/bryan/Workspace/ros2_ws/build/image_proc': AMENT_PREFIX_PATH=/home/bryan/Workspace/ros2_ws/install/tracetools_image_pipeline:${AMENT_PREFIX_PATH} CMAKE_PREFIX_PATH=/home/bryan/Workspace/ros2_ws/install/tracetools_image_pipeline:/opt/ros/humble LD_LIBRARY_PATH=/home/bryan/Workspace/ros2_ws/install/tracetools_image_pipeline/lib:${LD_LIBRARY_PATH} /usr/bin/cmake --build /home/bryan/Workspace/ros2_ws/build/image_proc -- -j3 -l3
[43.191s] DEBUG:colcon.colcon_core.event_handler.log_command:Invoked command in '/home/bryan/Workspace/ros2_ws/build/image_publisher' returned '0': CMAKE_PREFIX_PATH=/opt/ros/humble /usr/bin/cmake --build /home/bryan/Workspace/ros2_ws/build/image_publisher -- -j3 -l3
[43.265s] DEBUG:colcon.colcon_core.event_handler.log_command:Invoking command in '/home/bryan/Workspace/ros2_ws/build/image_publisher': CMAKE_PREFIX_PATH=/opt/ros/humble /usr/bin/cmake --install /home/bryan/Workspace/ros2_ws/build/image_publisher
[43.571s] Level 1:colcon.colcon_core.environment:create_environment_scripts_only(image_publisher)
[43.594s] Level 1:colcon.colcon_core.environment:checking '/home/bryan/Workspace/ros2_ws/install/image_publisher' for CMake module files
[43.598s] Level 1:colcon.colcon_core.environment:checking '/home/bryan/Workspace/ros2_ws/install/image_publisher' for CMake config files
[43.612s] DEBUG:colcon.colcon_core.event_handler.log_command:Invoked command in '/home/bryan/Workspace/ros2_ws/build/image_publisher' returned '0': CMAKE_PREFIX_PATH=/opt/ros/humble /usr/bin/cmake --install /home/bryan/Workspace/ros2_ws/build/image_publisher
[43.612s] Level 1:colcon.colcon_core.shell:create_environment_hook('image_publisher', 'cmake_prefix_path')
[43.615s] INFO:colcon.colcon_core.shell:Creating environment hook '/home/bryan/Workspace/ros2_ws/install/image_publisher/share/image_publisher/hook/cmake_prefix_path.ps1'
[43.624s] INFO:colcon.colcon_core.shell:Creating environment descriptor '/home/bryan/Workspace/ros2_ws/install/image_publisher/share/image_publisher/hook/cmake_prefix_path.dsv'
[43.630s] INFO:colcon.colcon_core.shell:Creating environment hook '/home/bryan/Workspace/ros2_ws/install/image_publisher/share/image_publisher/hook/cmake_prefix_path.sh'
[43.632s] Level 1:colcon.colcon_core.environment:checking '/home/bryan/Workspace/ros2_ws/install/image_publisher/lib'
[43.635s] Level 1:colcon.colcon_core.shell:create_environment_hook('image_publisher', 'ld_library_path_lib')
[43.636s] INFO:colcon.colcon_core.shell:Creating environment hook '/home/bryan/Workspace/ros2_ws/install/image_publisher/share/image_publisher/hook/ld_library_path_lib.ps1'
[43.640s] INFO:colcon.colcon_core.shell:Creating environment descriptor '/home/bryan/Workspace/ros2_ws/install/image_publisher/share/image_publisher/hook/ld_library_path_lib.dsv'
[43.643s] INFO:colcon.colcon_core.shell:Creating environment hook '/home/bryan/Workspace/ros2_ws/install/image_publisher/share/image_publisher/hook/ld_library_path_lib.sh'
[43.644s] Level 1:colcon.colcon_core.environment:checking '/home/bryan/Workspace/ros2_ws/install/image_publisher/bin'
[43.645s] Level 1:colcon.colcon_core.environment:checking '/home/bryan/Workspace/ros2_ws/install/image_publisher/lib/pkgconfig/image_publisher.pc'
[43.645s] Level 1:colcon.colcon_core.environment:checking '/home/bryan/Workspace/ros2_ws/install/image_publisher/lib/python3.10/site-packages'
[43.646s] Level 1:colcon.colcon_core.environment:checking '/home/bryan/Workspace/ros2_ws/install/image_publisher/bin'
[43.646s] INFO:colcon.colcon_core.shell:Creating package script '/home/bryan/Workspace/ros2_ws/install/image_publisher/share/image_publisher/package.ps1'
[43.648s] INFO:colcon.colcon_core.shell:Creating package descriptor '/home/bryan/Workspace/ros2_ws/install/image_publisher/share/image_publisher/package.dsv'
[43.657s] INFO:colcon.colcon_core.shell:Creating package script '/home/bryan/Workspace/ros2_ws/install/image_publisher/share/image_publisher/package.sh'
[43.664s] INFO:colcon.colcon_core.shell:Creating package script '/home/bryan/Workspace/ros2_ws/install/image_publisher/share/image_publisher/package.bash'
[43.672s] INFO:colcon.colcon_core.shell:Creating package script '/home/bryan/Workspace/ros2_ws/install/image_publisher/share/image_publisher/package.zsh'
[43.677s] Level 1:colcon.colcon_core.environment:create_file_with_runtime_dependencies(/home/bryan/Workspace/ros2_ws/install/image_publisher/share/colcon-core/packages/image_publisher)
[43.688s] Level 1:colcon.colcon_core.environment:create_environment_scripts_only(image_publisher)
[43.693s] Level 1:colcon.colcon_core.environment:checking '/home/bryan/Workspace/ros2_ws/install/image_publisher' for CMake module files
[43.696s] Level 1:colcon.colcon_core.environment:checking '/home/bryan/Workspace/ros2_ws/install/image_publisher' for CMake config files
[43.696s] Level 1:colcon.colcon_core.shell:create_environment_hook('image_publisher', 'cmake_prefix_path')
[43.705s] INFO:colcon.colcon_core.shell:Creating environment hook '/home/bryan/Workspace/ros2_ws/install/image_publisher/share/image_publisher/hook/cmake_prefix_path.ps1'
[43.716s] INFO:colcon.colcon_core.shell:Creating environment descriptor '/home/bryan/Workspace/ros2_ws/install/image_publisher/share/image_publisher/hook/cmake_prefix_path.dsv'
[43.747s] INFO:colcon.colcon_core.shell:Creating environment hook '/home/bryan/Workspace/ros2_ws/install/image_publisher/share/image_publisher/hook/cmake_prefix_path.sh'
[43.751s] Level 1:colcon.colcon_core.environment:checking '/home/bryan/Workspace/ros2_ws/install/image_publisher/lib'
[43.752s] Level 1:colcon.colcon_core.shell:create_environment_hook('image_publisher', 'ld_library_path_lib')
[43.753s] INFO:colcon.colcon_core.shell:Creating environment hook '/home/bryan/Workspace/ros2_ws/install/image_publisher/share/image_publisher/hook/ld_library_path_lib.ps1'
[43.757s] INFO:colcon.colcon_core.shell:Creating environment descriptor '/home/bryan/Workspace/ros2_ws/install/image_publisher/share/image_publisher/hook/ld_library_path_lib.dsv'
[43.770s] INFO:colcon.colcon_core.shell:Creating environment hook '/home/bryan/Workspace/ros2_ws/install/image_publisher/share/image_publisher/hook/ld_library_path_lib.sh'
[43.775s] Level 1:colcon.colcon_core.environment:checking '/home/bryan/Workspace/ros2_ws/install/image_publisher/bin'
[43.775s] Level 1:colcon.colcon_core.environment:checking '/home/bryan/Workspace/ros2_ws/install/image_publisher/lib/pkgconfig/image_publisher.pc'
[43.776s] Level 1:colcon.colcon_core.environment:checking '/home/bryan/Workspace/ros2_ws/install/image_publisher/lib/python3.10/site-packages'
[43.777s] Level 1:colcon.colcon_core.environment:checking '/home/bryan/Workspace/ros2_ws/install/image_publisher/bin'
[43.778s] INFO:colcon.colcon_core.shell:Creating package script '/home/bryan/Workspace/ros2_ws/install/image_publisher/share/image_publisher/package.ps1'
[43.786s] INFO:colcon.colcon_core.shell:Creating package descriptor '/home/bryan/Workspace/ros2_ws/install/image_publisher/share/image_publisher/package.dsv'
[43.790s] INFO:colcon.colcon_core.shell:Creating package script '/home/bryan/Workspace/ros2_ws/install/image_publisher/share/image_publisher/package.sh'
[43.798s] INFO:colcon.colcon_core.shell:Creating package script '/home/bryan/Workspace/ros2_ws/install/image_publisher/share/image_publisher/package.bash'
[43.812s] INFO:colcon.colcon_core.shell:Creating package script '/home/bryan/Workspace/ros2_ws/install/image_publisher/share/image_publisher/package.zsh'
[43.841s] Level 1:colcon.colcon_core.environment:create_file_with_runtime_dependencies(/home/bryan/Workspace/ros2_ws/install/image_publisher/share/colcon-core/packages/image_publisher)
[43.863s] INFO:colcon.colcon_ros.task.ament_cmake.build:Building ROS package in '/home/bryan/Workspace/ros2_ws/image_pipeline/image_rotate' with build type 'ament_cmake'
[43.864s] INFO:colcon.colcon_cmake.task.cmake.build:Building CMake package in '/home/bryan/Workspace/ros2_ws/image_pipeline/image_rotate'
[43.868s] INFO:colcon.colcon_core.shell:Skip shell extension 'powershell' for command environment: Not usable outside of PowerShell
[43.869s] DEBUG:colcon.colcon_core.shell:Skip shell extension 'dsv' for command environment
[44.178s] DEBUG:colcon.colcon_core.event_handler.log_command:Invoking command in '/home/bryan/Workspace/ros2_ws/build/image_rotate': CMAKE_PREFIX_PATH=/opt/ros/humble /usr/bin/cmake /home/bryan/Workspace/ros2_ws/image_pipeline/image_rotate -DCMAKE_INSTALL_PREFIX=/home/bryan/Workspace/ros2_ws/install/image_rotate
[49.220s] DEBUG:colcon.colcon_core.event_handler.log_command:Invoked command in '/home/bryan/Workspace/ros2_ws/build/image_rotate' returned '0': CMAKE_PREFIX_PATH=/opt/ros/humble /usr/bin/cmake /home/bryan/Workspace/ros2_ws/image_pipeline/image_rotate -DCMAKE_INSTALL_PREFIX=/home/bryan/Workspace/ros2_ws/install/image_rotate
[49.222s] DEBUG:colcon.colcon_core.event_handler.log_command:Invoking command in '/home/bryan/Workspace/ros2_ws/build/image_rotate': CMAKE_PREFIX_PATH=/opt/ros/humble /usr/bin/cmake --build /home/bryan/Workspace/ros2_ws/build/image_rotate -- -j3 -l3
[71.163s] DEBUG:colcon.colcon_core.event_handler.log_command:Invoked command in '/home/bryan/Workspace/ros2_ws/build/image_rotate' returned '0': CMAKE_PREFIX_PATH=/opt/ros/humble /usr/bin/cmake --build /home/bryan/Workspace/ros2_ws/build/image_rotate -- -j3 -l3
[71.205s] DEBUG:colcon.colcon_core.event_handler.log_command:Invoking command in '/home/bryan/Workspace/ros2_ws/build/image_rotate': CMAKE_PREFIX_PATH=/opt/ros/humble /usr/bin/cmake --install /home/bryan/Workspace/ros2_ws/build/image_rotate
[71.297s] Level 1:colcon.colcon_core.environment:create_environment_scripts_only(image_rotate)
[71.297s] Level 1:colcon.colcon_core.environment:checking '/home/bryan/Workspace/ros2_ws/install/image_rotate' for CMake module files
[71.298s] Level 1:colcon.colcon_core.environment:checking '/home/bryan/Workspace/ros2_ws/install/image_rotate' for CMake config files
[71.298s] Level 1:colcon.colcon_core.shell:create_environment_hook('image_rotate', 'cmake_prefix_path')
[71.298s] INFO:colcon.colcon_core.shell:Creating environment hook '/home/bryan/Workspace/ros2_ws/install/image_rotate/share/image_rotate/hook/cmake_prefix_path.ps1'
[71.299s] INFO:colcon.colcon_core.shell:Creating environment descriptor '/home/bryan/Workspace/ros2_ws/install/image_rotate/share/image_rotate/hook/cmake_prefix_path.dsv'
[71.300s] INFO:colcon.colcon_core.shell:Creating environment hook '/home/bryan/Workspace/ros2_ws/install/image_rotate/share/image_rotate/hook/cmake_prefix_path.sh'
[71.300s] Level 1:colcon.colcon_core.environment:checking '/home/bryan/Workspace/ros2_ws/install/image_rotate/lib'
[71.300s] Level 1:colcon.colcon_core.shell:create_environment_hook('image_rotate', 'ld_library_path_lib')
[71.301s] INFO:colcon.colcon_core.shell:Creating environment hook '/home/bryan/Workspace/ros2_ws/install/image_rotate/share/image_rotate/hook/ld_library_path_lib.ps1'
[71.301s] INFO:colcon.colcon_core.shell:Creating environment descriptor '/home/bryan/Workspace/ros2_ws/install/image_rotate/share/image_rotate/hook/ld_library_path_lib.dsv'
[71.301s] INFO:colcon.colcon_core.shell:Creating environment hook '/home/bryan/Workspace/ros2_ws/install/image_rotate/share/image_rotate/hook/ld_library_path_lib.sh'
[71.302s] Level 1:colcon.colcon_core.environment:checking '/home/bryan/Workspace/ros2_ws/install/image_rotate/bin'
[71.302s] Level 1:colcon.colcon_core.environment:checking '/home/bryan/Workspace/ros2_ws/install/image_rotate/lib/pkgconfig/image_rotate.pc'
[71.302s] Level 1:colcon.colcon_core.environment:checking '/home/bryan/Workspace/ros2_ws/install/image_rotate/lib/python3.10/site-packages'
[71.303s] Level 1:colcon.colcon_core.environment:checking '/home/bryan/Workspace/ros2_ws/install/image_rotate/bin'
[71.303s] INFO:colcon.colcon_core.shell:Creating package script '/home/bryan/Workspace/ros2_ws/install/image_rotate/share/image_rotate/package.ps1'
[71.309s] DEBUG:colcon.colcon_core.event_handler.log_command:Invoked command in '/home/bryan/Workspace/ros2_ws/build/image_rotate' returned '0': CMAKE_PREFIX_PATH=/opt/ros/humble /usr/bin/cmake --install /home/bryan/Workspace/ros2_ws/build/image_rotate
[71.309s] INFO:colcon.colcon_core.shell:Creating package descriptor '/home/bryan/Workspace/ros2_ws/install/image_rotate/share/image_rotate/package.dsv'
[71.311s] INFO:colcon.colcon_core.shell:Creating package script '/home/bryan/Workspace/ros2_ws/install/image_rotate/share/image_rotate/package.sh'
[71.311s] INFO:colcon.colcon_core.shell:Creating package script '/home/bryan/Workspace/ros2_ws/install/image_rotate/share/image_rotate/package.bash'
[71.312s] INFO:colcon.colcon_core.shell:Creating package script '/home/bryan/Workspace/ros2_ws/install/image_rotate/share/image_rotate/package.zsh'
[71.312s] Level 1:colcon.colcon_core.environment:create_file_with_runtime_dependencies(/home/bryan/Workspace/ros2_ws/install/image_rotate/share/colcon-core/packages/image_rotate)
[71.313s] Level 1:colcon.colcon_core.environment:create_environment_scripts_only(image_rotate)
[71.313s] Level 1:colcon.colcon_core.environment:checking '/home/bryan/Workspace/ros2_ws/install/image_rotate' for CMake module files
[71.314s] Level 1:colcon.colcon_core.environment:checking '/home/bryan/Workspace/ros2_ws/install/image_rotate' for CMake config files
[71.314s] Level 1:colcon.colcon_core.shell:create_environment_hook('image_rotate', 'cmake_prefix_path')
[71.314s] INFO:colcon.colcon_core.shell:Creating environment hook '/home/bryan/Workspace/ros2_ws/install/image_rotate/share/image_rotate/hook/cmake_prefix_path.ps1'
[71.316s] INFO:colcon.colcon_core.shell:Creating environment descriptor '/home/bryan/Workspace/ros2_ws/install/image_rotate/share/image_rotate/hook/cmake_prefix_path.dsv'
[71.318s] INFO:colcon.colcon_core.shell:Creating environment hook '/home/bryan/Workspace/ros2_ws/install/image_rotate/share/image_rotate/hook/cmake_prefix_path.sh'
[71.319s] Level 1:colcon.colcon_core.environment:checking '/home/bryan/Workspace/ros2_ws/install/image_rotate/lib'
[71.320s] Level 1:colcon.colcon_core.shell:create_environment_hook('image_rotate', 'ld_library_path_lib')
[71.320s] INFO:colcon.colcon_core.shell:Creating environment hook '/home/bryan/Workspace/ros2_ws/install/image_rotate/share/image_rotate/hook/ld_library_path_lib.ps1'
[71.322s] INFO:colcon.colcon_core.shell:Creating environment descriptor '/home/bryan/Workspace/ros2_ws/install/image_rotate/share/image_rotate/hook/ld_library_path_lib.dsv'
[71.323s] INFO:colcon.colcon_core.shell:Creating environment hook '/home/bryan/Workspace/ros2_ws/install/image_rotate/share/image_rotate/hook/ld_library_path_lib.sh'
[71.324s] Level 1:colcon.colcon_core.environment:checking '/home/bryan/Workspace/ros2_ws/install/image_rotate/bin'
[71.324s] Level 1:colcon.colcon_core.environment:checking '/home/bryan/Workspace/ros2_ws/install/image_rotate/lib/pkgconfig/image_rotate.pc'
[71.324s] Level 1:colcon.colcon_core.environment:checking '/home/bryan/Workspace/ros2_ws/install/image_rotate/lib/python3.10/site-packages'
[71.325s] Level 1:colcon.colcon_core.environment:checking '/home/bryan/Workspace/ros2_ws/install/image_rotate/bin'
[71.325s] INFO:colcon.colcon_core.shell:Creating package script '/home/bryan/Workspace/ros2_ws/install/image_rotate/share/image_rotate/package.ps1'
[71.327s] INFO:colcon.colcon_core.shell:Creating package descriptor '/home/bryan/Workspace/ros2_ws/install/image_rotate/share/image_rotate/package.dsv'
[71.328s] INFO:colcon.colcon_core.shell:Creating package script '/home/bryan/Workspace/ros2_ws/install/image_rotate/share/image_rotate/package.sh'
[71.330s] INFO:colcon.colcon_core.shell:Creating package script '/home/bryan/Workspace/ros2_ws/install/image_rotate/share/image_rotate/package.bash'
[71.331s] INFO:colcon.colcon_core.shell:Creating package script '/home/bryan/Workspace/ros2_ws/install/image_rotate/share/image_rotate/package.zsh'
[71.333s] Level 1:colcon.colcon_core.environment:create_file_with_runtime_dependencies(/home/bryan/Workspace/ros2_ws/install/image_rotate/share/colcon-core/packages/image_rotate)
[71.349s] INFO:colcon.colcon_ros.task.ament_cmake.build:Building ROS package in '/home/bryan/Workspace/ros2_ws/image_pipeline/image_view' with build type 'ament_cmake'
[71.349s] INFO:colcon.colcon_cmake.task.cmake.build:Building CMake package in '/home/bryan/Workspace/ros2_ws/image_pipeline/image_view'
[71.351s] INFO:colcon.colcon_core.shell:Skip shell extension 'powershell' for command environment: Not usable outside of PowerShell
[71.351s] DEBUG:colcon.colcon_core.shell:Skip shell extension 'dsv' for command environment
[71.460s] DEBUG:colcon.colcon_core.event_handler.log_command:Invoking command in '/home/bryan/Workspace/ros2_ws/build/image_view': CMAKE_PREFIX_PATH=/opt/ros/humble /usr/bin/cmake /home/bryan/Workspace/ros2_ws/image_pipeline/image_view -DCMAKE_INSTALL_PREFIX=/home/bryan/Workspace/ros2_ws/install/image_view
[77.325s] DEBUG:colcon.colcon_core.event_handler.log_command:Invoked command in '/home/bryan/Workspace/ros2_ws/build/image_view' returned '0': CMAKE_PREFIX_PATH=/opt/ros/humble /usr/bin/cmake /home/bryan/Workspace/ros2_ws/image_pipeline/image_view -DCMAKE_INSTALL_PREFIX=/home/bryan/Workspace/ros2_ws/install/image_view
[77.359s] DEBUG:colcon.colcon_core.event_handler.log_command:Invoking command in '/home/bryan/Workspace/ros2_ws/build/image_view': CMAKE_PREFIX_PATH=/opt/ros/humble /usr/bin/cmake --build /home/bryan/Workspace/ros2_ws/build/image_view -- -j3 -l3
[114.544s] DEBUG:colcon.colcon_core.event_handler.log_command:Invoked command in '/home/bryan/Workspace/ros2_ws/build/image_proc' returned '0': AMENT_PREFIX_PATH=/home/bryan/Workspace/ros2_ws/install/tracetools_image_pipeline:${AMENT_PREFIX_PATH} CMAKE_PREFIX_PATH=/home/bryan/Workspace/ros2_ws/install/tracetools_image_pipeline:/opt/ros/humble LD_LIBRARY_PATH=/home/bryan/Workspace/ros2_ws/install/tracetools_image_pipeline/lib:${LD_LIBRARY_PATH} /usr/bin/cmake --build /home/bryan/Workspace/ros2_ws/build/image_proc -- -j3 -l3
[114.546s] DEBUG:colcon.colcon_core.event_handler.log_command:Invoking command in '/home/bryan/Workspace/ros2_ws/build/image_proc': AMENT_PREFIX_PATH=/home/bryan/Workspace/ros2_ws/install/tracetools_image_pipeline:${AMENT_PREFIX_PATH} CMAKE_PREFIX_PATH=/home/bryan/Workspace/ros2_ws/install/tracetools_image_pipeline:/opt/ros/humble LD_LIBRARY_PATH=/home/bryan/Workspace/ros2_ws/install/tracetools_image_pipeline/lib:${LD_LIBRARY_PATH} /usr/bin/cmake --install /home/bryan/Workspace/ros2_ws/build/image_proc
[114.575s] Level 1:colcon.colcon_core.environment:create_environment_scripts_only(image_proc)
[114.575s] Level 1:colcon.colcon_core.environment:checking '/home/bryan/Workspace/ros2_ws/install/image_proc' for CMake module files
[114.576s] Level 1:colcon.colcon_core.environment:checking '/home/bryan/Workspace/ros2_ws/install/image_proc' for CMake config files
[114.576s] Level 1:colcon.colcon_core.shell:create_environment_hook('image_proc', 'cmake_prefix_path')
[114.577s] INFO:colcon.colcon_core.shell:Creating environment hook '/home/bryan/Workspace/ros2_ws/install/image_proc/share/image_proc/hook/cmake_prefix_path.ps1'
[114.577s] INFO:colcon.colcon_core.shell:Creating environment descriptor '/home/bryan/Workspace/ros2_ws/install/image_proc/share/image_proc/hook/cmake_prefix_path.dsv'
[114.578s] INFO:colcon.colcon_core.shell:Creating environment hook '/home/bryan/Workspace/ros2_ws/install/image_proc/share/image_proc/hook/cmake_prefix_path.sh'
[114.578s] Level 1:colcon.colcon_core.environment:checking '/home/bryan/Workspace/ros2_ws/install/image_proc/lib'
[114.579s] Level 1:colcon.colcon_core.shell:create_environment_hook('image_proc', 'ld_library_path_lib')
[114.579s] INFO:colcon.colcon_core.shell:Creating environment hook '/home/bryan/Workspace/ros2_ws/install/image_proc/share/image_proc/hook/ld_library_path_lib.ps1'
[114.579s] INFO:colcon.colcon_core.shell:Creating environment descriptor '/home/bryan/Workspace/ros2_ws/install/image_proc/share/image_proc/hook/ld_library_path_lib.dsv'
[114.580s] INFO:colcon.colcon_core.shell:Creating environment hook '/home/bryan/Workspace/ros2_ws/install/image_proc/share/image_proc/hook/ld_library_path_lib.sh'
[114.580s] Level 1:colcon.colcon_core.environment:checking '/home/bryan/Workspace/ros2_ws/install/image_proc/bin'
[114.580s] Level 1:colcon.colcon_core.shell:create_environment_hook('image_proc', 'path')
[114.581s] INFO:colcon.colcon_core.shell:Creating environment hook '/home/bryan/Workspace/ros2_ws/install/image_proc/share/image_proc/hook/path.ps1'
[114.581s] INFO:colcon.colcon_core.shell:Creating environment descriptor '/home/bryan/Workspace/ros2_ws/install/image_proc/share/image_proc/hook/path.dsv'
[114.582s] INFO:colcon.colcon_core.shell:Creating environment hook '/home/bryan/Workspace/ros2_ws/install/image_proc/share/image_proc/hook/path.sh'
[114.583s] Level 1:colcon.colcon_core.environment:checking '/home/bryan/Workspace/ros2_ws/install/image_proc/lib/pkgconfig/image_proc.pc'
[114.583s] Level 1:colcon.colcon_core.environment:checking '/home/bryan/Workspace/ros2_ws/install/image_proc/lib/python3.10/site-packages'
[114.584s] Level 1:colcon.colcon_core.environment:checking '/home/bryan/Workspace/ros2_ws/install/image_proc/bin'
[114.584s] Level 1:colcon.colcon_core.shell:create_environment_hook('image_proc', 'pythonscriptspath')
[114.584s] INFO:colcon.colcon_core.shell:Creating environment hook '/home/bryan/Workspace/ros2_ws/install/image_proc/share/image_proc/hook/pythonscriptspath.ps1'
[114.585s] INFO:colcon.colcon_core.shell:Creating environment descriptor '/home/bryan/Workspace/ros2_ws/install/image_proc/share/image_proc/hook/pythonscriptspath.dsv'
[114.585s] INFO:colcon.colcon_core.shell:Creating environment hook '/home/bryan/Workspace/ros2_ws/install/image_proc/share/image_proc/hook/pythonscriptspath.sh'
[114.586s] INFO:colcon.colcon_core.shell:Creating package script '/home/bryan/Workspace/ros2_ws/install/image_proc/share/image_proc/package.ps1'
[114.587s] INFO:colcon.colcon_core.shell:Creating package descriptor '/home/bryan/Workspace/ros2_ws/install/image_proc/share/image_proc/package.dsv'
[114.588s] INFO:colcon.colcon_core.shell:Creating package script '/home/bryan/Workspace/ros2_ws/install/image_proc/share/image_proc/package.sh'
[114.589s] INFO:colcon.colcon_core.shell:Creating package script '/home/bryan/Workspace/ros2_ws/install/image_proc/share/image_proc/package.bash'
[114.589s] INFO:colcon.colcon_core.shell:Creating package script '/home/bryan/Workspace/ros2_ws/install/image_proc/share/image_proc/package.zsh'
[114.590s] Level 1:colcon.colcon_core.environment:create_file_with_runtime_dependencies(/home/bryan/Workspace/ros2_ws/install/image_proc/share/colcon-core/packages/image_proc)
[114.591s] Level 1:colcon.colcon_core.environment:create_environment_scripts_only(image_proc)
[114.591s] Level 1:colcon.colcon_core.environment:checking '/home/bryan/Workspace/ros2_ws/install/image_proc' for CMake module files
[114.592s] Level 1:colcon.colcon_core.environment:checking '/home/bryan/Workspace/ros2_ws/install/image_proc' for CMake config files
[114.592s] Level 1:colcon.colcon_core.shell:create_environment_hook('image_proc', 'cmake_prefix_path')
[114.592s] INFO:colcon.colcon_core.shell:Creating environment hook '/home/bryan/Workspace/ros2_ws/install/image_proc/share/image_proc/hook/cmake_prefix_path.ps1'
[114.593s] INFO:colcon.colcon_core.shell:Creating environment descriptor '/home/bryan/Workspace/ros2_ws/install/image_proc/share/image_proc/hook/cmake_prefix_path.dsv'
[114.594s] INFO:colcon.colcon_core.shell:Creating environment hook '/home/bryan/Workspace/ros2_ws/install/image_proc/share/image_proc/hook/cmake_prefix_path.sh'
[114.595s] Level 1:colcon.colcon_core.environment:checking '/home/bryan/Workspace/ros2_ws/install/image_proc/lib'
[114.596s] Level 1:colcon.colcon_core.shell:create_environment_hook('image_proc', 'ld_library_path_lib')
[114.596s] INFO:colcon.colcon_core.shell:Creating environment hook '/home/bryan/Workspace/ros2_ws/install/image_proc/share/image_proc/hook/ld_library_path_lib.ps1'
[114.597s] INFO:colcon.colcon_core.shell:Creating environment descriptor '/home/bryan/Workspace/ros2_ws/install/image_proc/share/image_proc/hook/ld_library_path_lib.dsv'
[114.598s] INFO:colcon.colcon_core.shell:Creating environment hook '/home/bryan/Workspace/ros2_ws/install/image_proc/share/image_proc/hook/ld_library_path_lib.sh'
[114.600s] Level 1:colcon.colcon_core.environment:checking '/home/bryan/Workspace/ros2_ws/install/image_proc/bin'
[114.600s] Level 1:colcon.colcon_core.shell:create_environment_hook('image_proc', 'path')
[114.601s] INFO:colcon.colcon_core.shell:Creating environment hook '/home/bryan/Workspace/ros2_ws/install/image_proc/share/image_proc/hook/path.ps1'
[114.601s] INFO:colcon.colcon_core.shell:Creating environment descriptor '/home/bryan/Workspace/ros2_ws/install/image_proc/share/image_proc/hook/path.dsv'
[114.602s] INFO:colcon.colcon_core.shell:Creating environment hook '/home/bryan/Workspace/ros2_ws/install/image_proc/share/image_proc/hook/path.sh'
[114.603s] Level 1:colcon.colcon_core.environment:checking '/home/bryan/Workspace/ros2_ws/install/image_proc/lib/pkgconfig/image_proc.pc'
[114.604s] Level 1:colcon.colcon_core.environment:checking '/home/bryan/Workspace/ros2_ws/install/image_proc/lib/python3.10/site-packages'
[114.604s] Level 1:colcon.colcon_core.environment:checking '/home/bryan/Workspace/ros2_ws/install/image_proc/bin'
[114.604s] Level 1:colcon.colcon_core.shell:create_environment_hook('image_proc', 'pythonscriptspath')
[114.605s] INFO:colcon.colcon_core.shell:Creating environment hook '/home/bryan/Workspace/ros2_ws/install/image_proc/share/image_proc/hook/pythonscriptspath.ps1'
[114.605s] INFO:colcon.colcon_core.shell:Creating environment descriptor '/home/bryan/Workspace/ros2_ws/install/image_proc/share/image_proc/hook/pythonscriptspath.dsv'
[114.606s] INFO:colcon.colcon_core.shell:Creating environment hook '/home/bryan/Workspace/ros2_ws/install/image_proc/share/image_proc/hook/pythonscriptspath.sh'
[114.608s] INFO:colcon.colcon_core.shell:Creating package script '/home/bryan/Workspace/ros2_ws/install/image_proc/share/image_proc/package.ps1'
[114.609s] INFO:colcon.colcon_core.shell:Creating package descriptor '/home/bryan/Workspace/ros2_ws/install/image_proc/share/image_proc/package.dsv'
[114.610s] INFO:colcon.colcon_core.shell:Creating package script '/home/bryan/Workspace/ros2_ws/install/image_proc/share/image_proc/package.sh'
[114.611s] INFO:colcon.colcon_core.shell:Creating package script '/home/bryan/Workspace/ros2_ws/install/image_proc/share/image_proc/package.bash'
[114.612s] INFO:colcon.colcon_core.shell:Creating package script '/home/bryan/Workspace/ros2_ws/install/image_proc/share/image_proc/package.zsh'
[114.613s] Level 1:colcon.colcon_core.environment:create_file_with_runtime_dependencies(/home/bryan/Workspace/ros2_ws/install/image_proc/share/colcon-core/packages/image_proc)
[114.614s] INFO:colcon.colcon_ros.task.ament_cmake.build:Building ROS package in '/home/bryan/Workspace/ros2_ws/image_pipeline/stereo_image_proc' with build type 'ament_cmake'
[114.615s] INFO:colcon.colcon_cmake.task.cmake.build:Building CMake package in '/home/bryan/Workspace/ros2_ws/image_pipeline/stereo_image_proc'
[114.615s] INFO:colcon.colcon_core.shell:Skip shell extension 'powershell' for command environment: Not usable outside of PowerShell
[114.615s] DEBUG:colcon.colcon_core.shell:Skip shell extension 'dsv' for command environment
[114.628s] DEBUG:colcon.colcon_core.event_handler.log_command:Invoked command in '/home/bryan/Workspace/ros2_ws/build/image_proc' returned '0': AMENT_PREFIX_PATH=/home/bryan/Workspace/ros2_ws/install/tracetools_image_pipeline:${AMENT_PREFIX_PATH} CMAKE_PREFIX_PATH=/home/bryan/Workspace/ros2_ws/install/tracetools_image_pipeline:/opt/ros/humble LD_LIBRARY_PATH=/home/bryan/Workspace/ros2_ws/install/tracetools_image_pipeline/lib:${LD_LIBRARY_PATH} /usr/bin/cmake --install /home/bryan/Workspace/ros2_ws/build/image_proc
[115.563s] DEBUG:colcon.colcon_core.event_handler.log_command:Invoking command in '/home/bryan/Workspace/ros2_ws/build/stereo_image_proc': AMENT_PREFIX_PATH=/home/bryan/Workspace/ros2_ws/install/image_proc:/home/bryan/Workspace/ros2_ws/install/tracetools_image_pipeline:${AMENT_PREFIX_PATH} CMAKE_PREFIX_PATH=/home/bryan/Workspace/ros2_ws/install/image_proc:/home/bryan/Workspace/ros2_ws/install/tracetools_image_pipeline:/opt/ros/humble LD_LIBRARY_PATH=/home/bryan/Workspace/ros2_ws/install/image_proc/lib:/home/bryan/Workspace/ros2_ws/install/tracetools_image_pipeline/lib:${LD_LIBRARY_PATH} PATH=/home/bryan/Workspace/ros2_ws/install/image_proc/bin:${PATH} /usr/bin/cmake /home/bryan/Workspace/ros2_ws/image_pipeline/stereo_image_proc -DCMAKE_INSTALL_PREFIX=/home/bryan/Workspace/ros2_ws/install/stereo_image_proc
[116.947s] DEBUG:colcon.colcon_parallel_executor.executor.parallel:run_until_complete was interrupted
[116.948s] DEBUG:colcon.colcon_parallel_executor.executor.parallel:run_until_complete again
[116.951s] Level 1:colcon.colcon_core.environment:create_environment_scripts_only(stereo_image_proc)
[116.952s] Level 1:colcon.colcon_core.environment:checking '/home/bryan/Workspace/ros2_ws/install/stereo_image_proc' for CMake module files
[116.953s] Level 1:colcon.colcon_core.environment:checking '/home/bryan/Workspace/ros2_ws/install/stereo_image_proc' for CMake config files
[116.953s] Level 1:colcon.colcon_core.environment:checking '/home/bryan/Workspace/ros2_ws/install/stereo_image_proc/bin'
[116.954s] Level 1:colcon.colcon_core.environment:checking '/home/bryan/Workspace/ros2_ws/install/stereo_image_proc/lib/pkgconfig/stereo_image_proc.pc'
[116.954s] Level 1:colcon.colcon_core.environment:checking '/home/bryan/Workspace/ros2_ws/install/stereo_image_proc/lib/python3.10/site-packages'
[116.955s] Level 1:colcon.colcon_core.environment:checking '/home/bryan/Workspace/ros2_ws/install/stereo_image_proc/bin'
[116.955s] INFO:colcon.colcon_core.shell:Creating package script '/home/bryan/Workspace/ros2_ws/install/stereo_image_proc/share/stereo_image_proc/package.ps1'
[116.956s] INFO:colcon.colcon_core.shell:Creating package descriptor '/home/bryan/Workspace/ros2_ws/install/stereo_image_proc/share/stereo_image_proc/package.dsv'
[116.957s] INFO:colcon.colcon_core.shell:Creating package script '/home/bryan/Workspace/ros2_ws/install/stereo_image_proc/share/stereo_image_proc/package.sh'
[116.957s] INFO:colcon.colcon_core.shell:Creating package script '/home/bryan/Workspace/ros2_ws/install/stereo_image_proc/share/stereo_image_proc/package.bash'
[116.958s] INFO:colcon.colcon_core.shell:Creating package script '/home/bryan/Workspace/ros2_ws/install/stereo_image_proc/share/stereo_image_proc/package.zsh'
[116.958s] Level 1:colcon.colcon_core.environment:create_file_with_runtime_dependencies(/home/bryan/Workspace/ros2_ws/install/stereo_image_proc/share/colcon-core/packages/stereo_image_proc)
[116.959s] DEBUG:colcon.colcon_core.event_handler.log_command:Invoked command in '/home/bryan/Workspace/ros2_ws/build/stereo_image_proc' returned '-2': AMENT_PREFIX_PATH=/home/bryan/Workspace/ros2_ws/install/image_proc:/home/bryan/Workspace/ros2_ws/install/tracetools_image_pipeline:${AMENT_PREFIX_PATH} CMAKE_PREFIX_PATH=/home/bryan/Workspace/ros2_ws/install/image_proc:/home/bryan/Workspace/ros2_ws/install/tracetools_image_pipeline:/opt/ros/humble LD_LIBRARY_PATH=/home/bryan/Workspace/ros2_ws/install/image_proc/lib:/home/bryan/Workspace/ros2_ws/install/tracetools_image_pipeline/lib:${LD_LIBRARY_PATH} PATH=/home/bryan/Workspace/ros2_ws/install/image_proc/bin:${PATH} /usr/bin/cmake /home/bryan/Workspace/ros2_ws/image_pipeline/stereo_image_proc -DCMAKE_INSTALL_PREFIX=/home/bryan/Workspace/ros2_ws/install/stereo_image_proc
[117.139s] DEBUG:colcon.colcon_parallel_executor.executor.parallel:run_until_complete finished
[117.139s] DEBUG:colcon.colcon_parallel_executor.executor.parallel:closing loop
[117.144s] DEBUG:colcon.colcon_parallel_executor.executor.parallel:loop closed
[117.150s] DEBUG:colcon.colcon_core.event_reactor:joining thread
[118.002s] INFO:colcon.colcon_core.plugin_system:Skipping extension 'colcon_notification.desktop_notification.terminal_notifier': Not used on non-Darwin systems
[118.002s] INFO:colcon.colcon_core.plugin_system:Skipping extension 'colcon_notification.desktop_notification.win32': Not used on non-Windows systems
[118.002s] INFO:colcon.colcon_notification.desktop_notification:Sending desktop notification using 'notify2'
[118.036s] DEBUG:colcon.colcon_core.event_reactor:joined thread
[118.037s] INFO:colcon.colcon_core.shell:Creating prefix script '/home/bryan/Workspace/ros2_ws/install/local_setup.ps1'
[118.038s] INFO:colcon.colcon_core.shell:Creating prefix util module '/home/bryan/Workspace/ros2_ws/install/_local_setup_util_ps1.py'
[118.041s] INFO:colcon.colcon_core.shell:Creating prefix chain script '/home/bryan/Workspace/ros2_ws/install/setup.ps1'
[118.041s] INFO:colcon.colcon_core.shell:Creating prefix script '/home/bryan/Workspace/ros2_ws/install/local_setup.sh'
[118.043s] INFO:colcon.colcon_core.shell:Creating prefix util module '/home/bryan/Workspace/ros2_ws/install/_local_setup_util_sh.py'
[118.043s] INFO:colcon.colcon_core.shell:Creating prefix chain script '/home/bryan/Workspace/ros2_ws/install/setup.sh'
[118.045s] INFO:colcon.colcon_core.shell:Creating prefix script '/home/bryan/Workspace/ros2_ws/install/local_setup.bash'
[118.046s] INFO:colcon.colcon_core.shell:Creating prefix chain script '/home/bryan/Workspace/ros2_ws/install/setup.bash'
[118.047s] INFO:colcon.colcon_core.shell:Creating prefix script '/home/bryan/Workspace/ros2_ws/install/local_setup.zsh'
[118.049s] INFO:colcon.colcon_core.shell:Creating prefix chain script '/home/bryan/Workspace/ros2_ws/install/setup.zsh'
