[0.000000] (-) TimerEvent: {}
[0.009653] (cv_bridge) JobQueued: {'identifier': 'cv_bridge', 'dependencies': OrderedDict()}
[0.010006] (examples_rclcpp_async_client) JobQueued: {'identifier': 'examples_rclcpp_async_client', 'dependencies': OrderedDict()}
[0.010040] (examples_rclcpp_cbg_executor) JobQueued: {'identifier': 'examples_rclcpp_cbg_executor', 'dependencies': OrderedDict()}
[0.010083] (examples_rclcpp_minimal_action_client) JobQueued: {'identifier': 'examples_rclcpp_minimal_action_client', 'dependencies': OrderedDict()}
[0.010529] (examples_rclcpp_minimal_action_server) JobQueued: {'identifier': 'examples_rclcpp_minimal_action_server', 'dependencies': OrderedDict()}
[0.010555] (examples_rclcpp_minimal_client) JobQueued: {'identifier': 'examples_rclcpp_minimal_client', 'dependencies': OrderedDict()}
[0.010574] (examples_rclcpp_minimal_composition) JobQueued: {'identifier': 'examples_rclcpp_minimal_composition', 'dependencies': OrderedDict()}
[0.010593] (examples_rclcpp_minimal_publisher) JobQueued: {'identifier': 'examples_rclcpp_minimal_publisher', 'dependencies': OrderedDict()}
[0.010704] (examples_rclcpp_minimal_service) JobQueued: {'identifier': 'examples_rclcpp_minimal_service', 'dependencies': OrderedDict()}
[0.010730] (examples_rclcpp_minimal_subscriber) JobQueued: {'identifier': 'examples_rclcpp_minimal_subscriber', 'dependencies': OrderedDict()}
[0.010750] (examples_rclcpp_minimal_timer) JobQueued: {'identifier': 'examples_rclcpp_minimal_timer', 'dependencies': OrderedDict()}
[0.010771] (examples_rclcpp_multithreaded_executor) JobQueued: {'identifier': 'examples_rclcpp_multithreaded_executor', 'dependencies': OrderedDict()}
[0.010793] (examples_rclcpp_wait_set) JobQueued: {'identifier': 'examples_rclcpp_wait_set', 'dependencies': OrderedDict()}
[0.010815] (examples_rclpy_executors) JobQueued: {'identifier': 'examples_rclpy_executors', 'dependencies': OrderedDict()}
[0.010837] (examples_rclpy_guard_conditions) JobQueued: {'identifier': 'examples_rclpy_guard_conditions', 'dependencies': OrderedDict()}
[0.010858] (examples_rclpy_minimal_action_client) JobQueued: {'identifier': 'examples_rclpy_minimal_action_client', 'dependencies': OrderedDict()}
[0.010880] (examples_rclpy_minimal_action_server) JobQueued: {'identifier': 'examples_rclpy_minimal_action_server', 'dependencies': OrderedDict()}
[0.010933] (examples_rclpy_minimal_client) JobQueued: {'identifier': 'examples_rclpy_minimal_client', 'dependencies': OrderedDict()}
[0.010988] (examples_rclpy_minimal_publisher) JobQueued: {'identifier': 'examples_rclpy_minimal_publisher', 'dependencies': OrderedDict()}
[0.014035] (examples_rclpy_minimal_service) JobQueued: {'identifier': 'examples_rclpy_minimal_service', 'dependencies': OrderedDict()}
[0.014204] (examples_rclpy_minimal_subscriber) JobQueued: {'identifier': 'examples_rclpy_minimal_subscriber', 'dependencies': OrderedDict()}
[0.014235] (examples_rclpy_pointcloud_publisher) JobQueued: {'identifier': 'examples_rclpy_pointcloud_publisher', 'dependencies': OrderedDict()}
[0.014611] (first_package) JobQueued: {'identifier': 'first_package', 'dependencies': OrderedDict()}
[0.014639] (image_converter) JobQueued: {'identifier': 'image_converter', 'dependencies': OrderedDict()}
[0.014668] (image_geometry) JobQueued: {'identifier': 'image_geometry', 'dependencies': OrderedDict()}
[0.014691] (launch_testing_examples) JobQueued: {'identifier': 'launch_testing_examples', 'dependencies': OrderedDict()}
[0.014712] (ros2_sumo) JobQueued: {'identifier': 'ros2_sumo', 'dependencies': OrderedDict()}
[0.014735] (sprint2) JobQueued: {'identifier': 'sprint2', 'dependencies': OrderedDict()}
[0.014756] (tracetools_image_pipeline) JobQueued: {'identifier': 'tracetools_image_pipeline', 'dependencies': OrderedDict()}
[0.014776] (camera_calibration) JobQueued: {'identifier': 'camera_calibration', 'dependencies': OrderedDict([('cv_bridge', '/home/bryan/Workspace/ros2_ws/install/cv_bridge'), ('image_geometry', '/home/bryan/Workspace/ros2_ws/install/image_geometry')])}
[0.014810] (depth_image_proc) JobQueued: {'identifier': 'depth_image_proc', 'dependencies': OrderedDict([('cv_bridge', '/home/bryan/Workspace/ros2_ws/install/cv_bridge'), ('image_geometry', '/home/bryan/Workspace/ros2_ws/install/image_geometry')])}
[0.014851] (image_proc) JobQueued: {'identifier': 'image_proc', 'dependencies': OrderedDict([('cv_bridge', '/home/bryan/Workspace/ros2_ws/install/cv_bridge'), ('image_geometry', '/home/bryan/Workspace/ros2_ws/install/image_geometry'), ('tracetools_image_pipeline', '/home/bryan/Workspace/ros2_ws/install/tracetools_image_pipeline')])}
[0.014870] (image_publisher) JobQueued: {'identifier': 'image_publisher', 'dependencies': OrderedDict([('cv_bridge', '/home/bryan/Workspace/ros2_ws/install/cv_bridge')])}
[0.014889] (image_rotate) JobQueued: {'identifier': 'image_rotate', 'dependencies': OrderedDict([('cv_bridge', '/home/bryan/Workspace/ros2_ws/install/cv_bridge')])}
[0.014902] (image_view) JobQueued: {'identifier': 'image_view', 'dependencies': OrderedDict([('cv_bridge', '/home/bryan/Workspace/ros2_ws/install/cv_bridge')])}
[0.014916] (opencv_tests) JobQueued: {'identifier': 'opencv_tests', 'dependencies': OrderedDict([('cv_bridge', '/home/bryan/Workspace/ros2_ws/install/cv_bridge')])}
[0.014934] (vision_opencv) JobQueued: {'identifier': 'vision_opencv', 'dependencies': OrderedDict([('cv_bridge', '/home/bryan/Workspace/ros2_ws/install/cv_bridge'), ('image_geometry', '/home/bryan/Workspace/ros2_ws/install/image_geometry')])}
[0.014955] (stereo_image_proc) JobQueued: {'identifier': 'stereo_image_proc', 'dependencies': OrderedDict([('cv_bridge', '/home/bryan/Workspace/ros2_ws/install/cv_bridge'), ('image_geometry', '/home/bryan/Workspace/ros2_ws/install/image_geometry'), ('tracetools_image_pipeline', '/home/bryan/Workspace/ros2_ws/install/tracetools_image_pipeline'), ('image_proc', '/home/bryan/Workspace/ros2_ws/install/image_proc')])}
[0.014995] (image_pipeline) JobQueued: {'identifier': 'image_pipeline', 'dependencies': OrderedDict([('cv_bridge', '/home/bryan/Workspace/ros2_ws/install/cv_bridge'), ('image_geometry', '/home/bryan/Workspace/ros2_ws/install/image_geometry'), ('tracetools_image_pipeline', '/home/bryan/Workspace/ros2_ws/install/tracetools_image_pipeline'), ('camera_calibration', '/home/bryan/Workspace/ros2_ws/install/camera_calibration'), ('depth_image_proc', '/home/bryan/Workspace/ros2_ws/install/depth_image_proc'), ('image_proc', '/home/bryan/Workspace/ros2_ws/install/image_proc'), ('image_publisher', '/home/bryan/Workspace/ros2_ws/install/image_publisher'), ('image_rotate', '/home/bryan/Workspace/ros2_ws/install/image_rotate'), ('image_view', '/home/bryan/Workspace/ros2_ws/install/image_view'), ('stereo_image_proc', '/home/bryan/Workspace/ros2_ws/install/stereo_image_proc')])}
[0.015062] (cv_bridge) JobStarted: {'identifier': 'cv_bridge'}
[0.038584] (image_geometry) JobStarted: {'identifier': 'image_geometry'}
[0.058475] (tracetools_image_pipeline) JobStarted: {'identifier': 'tracetools_image_pipeline'}
[0.066100] (cv_bridge) JobProgress: {'identifier': 'cv_bridge', 'progress': 'cmake'}
[0.080219] (cv_bridge) Command: {'cmd': ['/usr/bin/cmake', '/home/bryan/Workspace/ros2_ws/src/vision_opencv/cv_bridge', '-DAMENT_CMAKE_SYMLINK_INSTALL=1', '-DCMAKE_INSTALL_PREFIX=/home/bryan/Workspace/ros2_ws/install/cv_bridge'], 'cwd': '/home/bryan/Workspace/ros2_ws/build/cv_bridge', 'env': OrderedDict([('LESSOPEN', '| /usr/bin/lesspipe %s'), ('USER', 'bryan'), ('XDG_SESSION_TYPE', 'wayland'), ('SHLVL', '1'), ('LD_LIBRARY_PATH', '/opt/ros/humble/opt/rviz_ogre_vendor/lib:/opt/ros/humble/lib/x86_64-linux-gnu:/opt/ros/humble/lib'), ('HOME', '/home/bryan'), ('OLDPWD', '/home/bryan/Workspace/ros2_ws/src/ros2_sumo-main'), ('DESKTOP_SESSION', 'ubuntu'), ('ROS_PYTHON_VERSION', '3'), ('GNOME_SHELL_SESSION_MODE', 'ubuntu'), ('GTK_MODULES', 'gail:atk-bridge'), ('SYSTEMD_EXEC_PID', '1570'), ('DBUS_SESSION_BUS_ADDRESS', 'unix:path=/run/user/1000/bus'), ('COLORTERM', 'truecolor'), ('IM_CONFIG_PHASE', '1'), ('WAYLAND_DISPLAY', 'wayland-0'), ('ROS_DISTRO', 'humble'), ('LOGNAME', 'bryan'), ('SUMO_HOME', '/usr/share/sumo/'), ('_', '/usr/bin/colcon'), ('ROS_VERSION', '2'), ('XDG_SESSION_CLASS', 'user'), ('USERNAME', 'bryan'), ('TERM', 'xterm-256color'), ('GNOME_DESKTOP_SESSION_ID', 'this-is-deprecated'), ('ROS_LOCALHOST_ONLY', '0'), ('PATH', '/opt/ros/humble/bin:/usr/local/sbin:/usr/local/bin:/usr/sbin:/usr/bin:/sbin:/bin:/usr/games:/usr/local/games:/snap/bin:/snap/bin'), ('SESSION_MANAGER', 'local/bryan-VirtualBox:@/tmp/.ICE-unix/1372,unix/bryan-VirtualBox:/tmp/.ICE-unix/1372'), ('XDG_MENU_PREFIX', 'gnome-'), ('GNOME_TERMINAL_SCREEN', '/org/gnome/Terminal/screen/71407a0b_323a_4971_8a7b_4147209295e5'), ('GNOME_SETUP_DISPLAY', ':1'), ('XDG_RUNTIME_DIR', '/run/user/1000'), ('DISPLAY', ':0'), ('LANG', 'en_US.UTF-8'), ('XDG_CURRENT_DESKTOP', 'ubuntu:GNOME'), ('XMODIFIERS', '@im=ibus'), ('XDG_SESSION_DESKTOP', 'ubuntu'), ('XAUTHORITY', '/run/user/1000/.mutter-Xwaylandauth.GH7FP3'), ('LS_COLORS', 'rs=0:di=01;34:ln=01;36:mh=00:pi=40;33:so=01;35:do=01;35:bd=40;33;01:cd=40;33;01:or=40;31;01:mi=00:su=37;41:sg=30;43:ca=30;41:tw=30;42:ow=34;42:st=37;44:ex=01;32:*.tar=01;31:*.tgz=01;31:*.arc=01;31:*.arj=01;31:*.taz=01;31:*.lha=01;31:*.lz4=01;31:*.lzh=01;31:*.lzma=01;31:*.tlz=01;31:*.txz=01;31:*.tzo=01;31:*.t7z=01;31:*.zip=01;31:*.z=01;31:*.dz=01;31:*.gz=01;31:*.lrz=01;31:*.lz=01;31:*.lzo=01;31:*.xz=01;31:*.zst=01;31:*.tzst=01;31:*.bz2=01;31:*.bz=01;31:*.tbz=01;31:*.tbz2=01;31:*.tz=01;31:*.deb=01;31:*.rpm=01;31:*.jar=01;31:*.war=01;31:*.ear=01;31:*.sar=01;31:*.rar=01;31:*.alz=01;31:*.ace=01;31:*.zoo=01;31:*.cpio=01;31:*.7z=01;31:*.rz=01;31:*.cab=01;31:*.wim=01;31:*.swm=01;31:*.dwm=01;31:*.esd=01;31:*.jpg=01;35:*.jpeg=01;35:*.mjpg=01;35:*.mjpeg=01;35:*.gif=01;35:*.bmp=01;35:*.pbm=01;35:*.pgm=01;35:*.ppm=01;35:*.tga=01;35:*.xbm=01;35:*.xpm=01;35:*.tif=01;35:*.tiff=01;35:*.png=01;35:*.svg=01;35:*.svgz=01;35:*.mng=01;35:*.pcx=01;35:*.mov=01;35:*.mpg=01;35:*.mpeg=01;35:*.m2v=01;35:*.mkv=01;35:*.webm=01;35:*.webp=01;35:*.ogm=01;35:*.mp4=01;35:*.m4v=01;35:*.mp4v=01;35:*.vob=01;35:*.qt=01;35:*.nuv=01;35:*.wmv=01;35:*.asf=01;35:*.rm=01;35:*.rmvb=01;35:*.flc=01;35:*.avi=01;35:*.fli=01;35:*.flv=01;35:*.gl=01;35:*.dl=01;35:*.xcf=01;35:*.xwd=01;35:*.yuv=01;35:*.cgm=01;35:*.emf=01;35:*.ogv=01;35:*.ogx=01;35:*.aac=00;36:*.au=00;36:*.flac=00;36:*.m4a=00;36:*.mid=00;36:*.midi=00;36:*.mka=00;36:*.mp3=00;36:*.mpc=00;36:*.ogg=00;36:*.ra=00;36:*.wav=00;36:*.oga=00;36:*.opus=00;36:*.spx=00;36:*.xspf=00;36:'), ('GNOME_TERMINAL_SERVICE', ':1.91'), ('SSH_AGENT_LAUNCHER', 'gnome-keyring'), ('SSH_AUTH_SOCK', '/run/user/1000/keyring/ssh'), ('AMENT_PREFIX_PATH', '/opt/ros/humble'), ('SHELL', '/bin/bash'), ('QT_ACCESSIBILITY', '1'), ('GDMSESSION', 'ubuntu'), ('LESSCLOSE', '/usr/bin/lesspipe %s %s'), ('QT_IM_MODULE', 'ibus'), ('PWD', '/home/bryan/Workspace/ros2_ws/build/cv_bridge'), ('LC_ALL', 'en_US.UTF-8'), ('XDG_CONFIG_DIRS', '/etc/xdg/xdg-ubuntu:/etc/xdg'), ('XDG_DATA_DIRS', '/usr/share/ubuntu:/usr/local/share/:/usr/share/:/var/lib/snapd/desktop'), ('PYTHONPATH', '/opt/ros/humble/lib/python3.10/site-packages:/opt/ros/humble/local/lib/python3.10/dist-packages'), ('COLCON', '1'), ('VTE_VERSION', '6800'), ('CMAKE_PREFIX_PATH', '/opt/ros/humble')]), 'shell': False}
[0.087873] (image_geometry) JobProgress: {'identifier': 'image_geometry', 'progress': 'cmake'}
[0.087941] (image_geometry) Command: {'cmd': ['/usr/bin/cmake', '/home/bryan/Workspace/ros2_ws/src/vision_opencv/image_geometry', '-DAMENT_CMAKE_SYMLINK_INSTALL=1', '-DCMAKE_INSTALL_PREFIX=/home/bryan/Workspace/ros2_ws/install/image_geometry'], 'cwd': '/home/bryan/Workspace/ros2_ws/build/image_geometry', 'env': OrderedDict([('LESSOPEN', '| /usr/bin/lesspipe %s'), ('USER', 'bryan'), ('XDG_SESSION_TYPE', 'wayland'), ('SHLVL', '1'), ('LD_LIBRARY_PATH', '/opt/ros/humble/opt/rviz_ogre_vendor/lib:/opt/ros/humble/lib/x86_64-linux-gnu:/opt/ros/humble/lib'), ('HOME', '/home/bryan'), ('OLDPWD', '/home/bryan/Workspace/ros2_ws/src/ros2_sumo-main'), ('DESKTOP_SESSION', 'ubuntu'), ('ROS_PYTHON_VERSION', '3'), ('GNOME_SHELL_SESSION_MODE', 'ubuntu'), ('GTK_MODULES', 'gail:atk-bridge'), ('SYSTEMD_EXEC_PID', '1570'), ('DBUS_SESSION_BUS_ADDRESS', 'unix:path=/run/user/1000/bus'), ('COLORTERM', 'truecolor'), ('IM_CONFIG_PHASE', '1'), ('WAYLAND_DISPLAY', 'wayland-0'), ('ROS_DISTRO', 'humble'), ('LOGNAME', 'bryan'), ('SUMO_HOME', '/usr/share/sumo/'), ('_', '/usr/bin/colcon'), ('ROS_VERSION', '2'), ('XDG_SESSION_CLASS', 'user'), ('USERNAME', 'bryan'), ('TERM', 'xterm-256color'), ('GNOME_DESKTOP_SESSION_ID', 'this-is-deprecated'), ('ROS_LOCALHOST_ONLY', '0'), ('PATH', '/opt/ros/humble/bin:/usr/local/sbin:/usr/local/bin:/usr/sbin:/usr/bin:/sbin:/bin:/usr/games:/usr/local/games:/snap/bin:/snap/bin'), ('SESSION_MANAGER', 'local/bryan-VirtualBox:@/tmp/.ICE-unix/1372,unix/bryan-VirtualBox:/tmp/.ICE-unix/1372'), ('XDG_MENU_PREFIX', 'gnome-'), ('GNOME_TERMINAL_SCREEN', '/org/gnome/Terminal/screen/71407a0b_323a_4971_8a7b_4147209295e5'), ('GNOME_SETUP_DISPLAY', ':1'), ('XDG_RUNTIME_DIR', '/run/user/1000'), ('DISPLAY', ':0'), ('LANG', 'en_US.UTF-8'), ('XDG_CURRENT_DESKTOP', 'ubuntu:GNOME'), ('XMODIFIERS', '@im=ibus'), ('XDG_SESSION_DESKTOP', 'ubuntu'), ('XAUTHORITY', '/run/user/1000/.mutter-Xwaylandauth.GH7FP3'), ('LS_COLORS', 'rs=0:di=01;34:ln=01;36:mh=00:pi=40;33:so=01;35:do=01;35:bd=40;33;01:cd=40;33;01:or=40;31;01:mi=00:su=37;41:sg=30;43:ca=30;41:tw=30;42:ow=34;42:st=37;44:ex=01;32:*.tar=01;31:*.tgz=01;31:*.arc=01;31:*.arj=01;31:*.taz=01;31:*.lha=01;31:*.lz4=01;31:*.lzh=01;31:*.lzma=01;31:*.tlz=01;31:*.txz=01;31:*.tzo=01;31:*.t7z=01;31:*.zip=01;31:*.z=01;31:*.dz=01;31:*.gz=01;31:*.lrz=01;31:*.lz=01;31:*.lzo=01;31:*.xz=01;31:*.zst=01;31:*.tzst=01;31:*.bz2=01;31:*.bz=01;31:*.tbz=01;31:*.tbz2=01;31:*.tz=01;31:*.deb=01;31:*.rpm=01;31:*.jar=01;31:*.war=01;31:*.ear=01;31:*.sar=01;31:*.rar=01;31:*.alz=01;31:*.ace=01;31:*.zoo=01;31:*.cpio=01;31:*.7z=01;31:*.rz=01;31:*.cab=01;31:*.wim=01;31:*.swm=01;31:*.dwm=01;31:*.esd=01;31:*.jpg=01;35:*.jpeg=01;35:*.mjpg=01;35:*.mjpeg=01;35:*.gif=01;35:*.bmp=01;35:*.pbm=01;35:*.pgm=01;35:*.ppm=01;35:*.tga=01;35:*.xbm=01;35:*.xpm=01;35:*.tif=01;35:*.tiff=01;35:*.png=01;35:*.svg=01;35:*.svgz=01;35:*.mng=01;35:*.pcx=01;35:*.mov=01;35:*.mpg=01;35:*.mpeg=01;35:*.m2v=01;35:*.mkv=01;35:*.webm=01;35:*.webp=01;35:*.ogm=01;35:*.mp4=01;35:*.m4v=01;35:*.mp4v=01;35:*.vob=01;35:*.qt=01;35:*.nuv=01;35:*.wmv=01;35:*.asf=01;35:*.rm=01;35:*.rmvb=01;35:*.flc=01;35:*.avi=01;35:*.fli=01;35:*.flv=01;35:*.gl=01;35:*.dl=01;35:*.xcf=01;35:*.xwd=01;35:*.yuv=01;35:*.cgm=01;35:*.emf=01;35:*.ogv=01;35:*.ogx=01;35:*.aac=00;36:*.au=00;36:*.flac=00;36:*.m4a=00;36:*.mid=00;36:*.midi=00;36:*.mka=00;36:*.mp3=00;36:*.mpc=00;36:*.ogg=00;36:*.ra=00;36:*.wav=00;36:*.oga=00;36:*.opus=00;36:*.spx=00;36:*.xspf=00;36:'), ('GNOME_TERMINAL_SERVICE', ':1.91'), ('SSH_AGENT_LAUNCHER', 'gnome-keyring'), ('SSH_AUTH_SOCK', '/run/user/1000/keyring/ssh'), ('AMENT_PREFIX_PATH', '/opt/ros/humble'), ('SHELL', '/bin/bash'), ('QT_ACCESSIBILITY', '1'), ('GDMSESSION', 'ubuntu'), ('LESSCLOSE', '/usr/bin/lesspipe %s %s'), ('QT_IM_MODULE', 'ibus'), ('PWD', '/home/bryan/Workspace/ros2_ws/build/image_geometry'), ('LC_ALL', 'en_US.UTF-8'), ('XDG_CONFIG_DIRS', '/etc/xdg/xdg-ubuntu:/etc/xdg'), ('XDG_DATA_DIRS', '/usr/share/ubuntu:/usr/local/share/:/usr/share/:/var/lib/snapd/desktop'), ('PYTHONPATH', '/opt/ros/humble/lib/python3.10/site-packages:/opt/ros/humble/local/lib/python3.10/dist-packages'), ('COLCON', '1'), ('VTE_VERSION', '6800'), ('CMAKE_PREFIX_PATH', '/opt/ros/humble')]), 'shell': False}
[0.113944] (tracetools_image_pipeline) JobProgress: {'identifier': 'tracetools_image_pipeline', 'progress': 'cmake'}
[0.114177] (-) TimerEvent: {}
[0.115111] (tracetools_image_pipeline) Command: {'cmd': ['/usr/bin/cmake', '/home/bryan/Workspace/ros2_ws/image_pipeline/tracetools_image_pipeline', '-DAMENT_CMAKE_SYMLINK_INSTALL=1', '-DCMAKE_INSTALL_PREFIX=/home/bryan/Workspace/ros2_ws/install/tracetools_image_pipeline'], 'cwd': '/home/bryan/Workspace/ros2_ws/build/tracetools_image_pipeline', 'env': OrderedDict([('LESSOPEN', '| /usr/bin/lesspipe %s'), ('USER', 'bryan'), ('XDG_SESSION_TYPE', 'wayland'), ('SHLVL', '1'), ('LD_LIBRARY_PATH', '/opt/ros/humble/opt/rviz_ogre_vendor/lib:/opt/ros/humble/lib/x86_64-linux-gnu:/opt/ros/humble/lib'), ('HOME', '/home/bryan'), ('OLDPWD', '/home/bryan/Workspace/ros2_ws/src/ros2_sumo-main'), ('DESKTOP_SESSION', 'ubuntu'), ('ROS_PYTHON_VERSION', '3'), ('GNOME_SHELL_SESSION_MODE', 'ubuntu'), ('GTK_MODULES', 'gail:atk-bridge'), ('SYSTEMD_EXEC_PID', '1570'), ('DBUS_SESSION_BUS_ADDRESS', 'unix:path=/run/user/1000/bus'), ('COLORTERM', 'truecolor'), ('IM_CONFIG_PHASE', '1'), ('WAYLAND_DISPLAY', 'wayland-0'), ('ROS_DISTRO', 'humble'), ('LOGNAME', 'bryan'), ('SUMO_HOME', '/usr/share/sumo/'), ('_', '/usr/bin/colcon'), ('ROS_VERSION', '2'), ('XDG_SESSION_CLASS', 'user'), ('USERNAME', 'bryan'), ('TERM', 'xterm-256color'), ('GNOME_DESKTOP_SESSION_ID', 'this-is-deprecated'), ('ROS_LOCALHOST_ONLY', '0'), ('PATH', '/opt/ros/humble/bin:/usr/local/sbin:/usr/local/bin:/usr/sbin:/usr/bin:/sbin:/bin:/usr/games:/usr/local/games:/snap/bin:/snap/bin'), ('SESSION_MANAGER', 'local/bryan-VirtualBox:@/tmp/.ICE-unix/1372,unix/bryan-VirtualBox:/tmp/.ICE-unix/1372'), ('XDG_MENU_PREFIX', 'gnome-'), ('GNOME_TERMINAL_SCREEN', '/org/gnome/Terminal/screen/71407a0b_323a_4971_8a7b_4147209295e5'), ('GNOME_SETUP_DISPLAY', ':1'), ('XDG_RUNTIME_DIR', '/run/user/1000'), ('DISPLAY', ':0'), ('LANG', 'en_US.UTF-8'), ('XDG_CURRENT_DESKTOP', 'ubuntu:GNOME'), ('XMODIFIERS', '@im=ibus'), ('XDG_SESSION_DESKTOP', 'ubuntu'), ('XAUTHORITY', '/run/user/1000/.mutter-Xwaylandauth.GH7FP3'), ('LS_COLORS', 'rs=0:di=01;34:ln=01;36:mh=00:pi=40;33:so=01;35:do=01;35:bd=40;33;01:cd=40;33;01:or=40;31;01:mi=00:su=37;41:sg=30;43:ca=30;41:tw=30;42:ow=34;42:st=37;44:ex=01;32:*.tar=01;31:*.tgz=01;31:*.arc=01;31:*.arj=01;31:*.taz=01;31:*.lha=01;31:*.lz4=01;31:*.lzh=01;31:*.lzma=01;31:*.tlz=01;31:*.txz=01;31:*.tzo=01;31:*.t7z=01;31:*.zip=01;31:*.z=01;31:*.dz=01;31:*.gz=01;31:*.lrz=01;31:*.lz=01;31:*.lzo=01;31:*.xz=01;31:*.zst=01;31:*.tzst=01;31:*.bz2=01;31:*.bz=01;31:*.tbz=01;31:*.tbz2=01;31:*.tz=01;31:*.deb=01;31:*.rpm=01;31:*.jar=01;31:*.war=01;31:*.ear=01;31:*.sar=01;31:*.rar=01;31:*.alz=01;31:*.ace=01;31:*.zoo=01;31:*.cpio=01;31:*.7z=01;31:*.rz=01;31:*.cab=01;31:*.wim=01;31:*.swm=01;31:*.dwm=01;31:*.esd=01;31:*.jpg=01;35:*.jpeg=01;35:*.mjpg=01;35:*.mjpeg=01;35:*.gif=01;35:*.bmp=01;35:*.pbm=01;35:*.pgm=01;35:*.ppm=01;35:*.tga=01;35:*.xbm=01;35:*.xpm=01;35:*.tif=01;35:*.tiff=01;35:*.png=01;35:*.svg=01;35:*.svgz=01;35:*.mng=01;35:*.pcx=01;35:*.mov=01;35:*.mpg=01;35:*.mpeg=01;35:*.m2v=01;35:*.mkv=01;35:*.webm=01;35:*.webp=01;35:*.ogm=01;35:*.mp4=01;35:*.m4v=01;35:*.mp4v=01;35:*.vob=01;35:*.qt=01;35:*.nuv=01;35:*.wmv=01;35:*.asf=01;35:*.rm=01;35:*.rmvb=01;35:*.flc=01;35:*.avi=01;35:*.fli=01;35:*.flv=01;35:*.gl=01;35:*.dl=01;35:*.xcf=01;35:*.xwd=01;35:*.yuv=01;35:*.cgm=01;35:*.emf=01;35:*.ogv=01;35:*.ogx=01;35:*.aac=00;36:*.au=00;36:*.flac=00;36:*.m4a=00;36:*.mid=00;36:*.midi=00;36:*.mka=00;36:*.mp3=00;36:*.mpc=00;36:*.ogg=00;36:*.ra=00;36:*.wav=00;36:*.oga=00;36:*.opus=00;36:*.spx=00;36:*.xspf=00;36:'), ('GNOME_TERMINAL_SERVICE', ':1.91'), ('SSH_AGENT_LAUNCHER', 'gnome-keyring'), ('SSH_AUTH_SOCK', '/run/user/1000/keyring/ssh'), ('AMENT_PREFIX_PATH', '/opt/ros/humble'), ('SHELL', '/bin/bash'), ('QT_ACCESSIBILITY', '1'), ('GDMSESSION', 'ubuntu'), ('LESSCLOSE', '/usr/bin/lesspipe %s %s'), ('QT_IM_MODULE', 'ibus'), ('PWD', '/home/bryan/Workspace/ros2_ws/build/tracetools_image_pipeline'), ('LC_ALL', 'en_US.UTF-8'), ('XDG_CONFIG_DIRS', '/etc/xdg/xdg-ubuntu:/etc/xdg'), ('XDG_DATA_DIRS', '/usr/share/ubuntu:/usr/local/share/:/usr/share/:/var/lib/snapd/desktop'), ('PYTHONPATH', '/opt/ros/humble/lib/python3.10/site-packages:/opt/ros/humble/local/lib/python3.10/dist-packages'), ('COLCON', '1'), ('VTE_VERSION', '6800'), ('CMAKE_PREFIX_PATH', '/opt/ros/humble')]), 'shell': False}
[0.214765] (-) TimerEvent: {}
[0.315629] (-) TimerEvent: {}
[0.416379] (-) TimerEvent: {}
[0.495072] (cv_bridge) StdoutLine: {'line': b'-- The C compiler identification is GNU 11.4.0\n'}
[0.500143] (image_geometry) StdoutLine: {'line': b'-- The C compiler identification is GNU 11.4.0\n'}
[0.505763] (tracetools_image_pipeline) StdoutLine: {'line': b'-- The C compiler identification is GNU 11.4.0\n'}
[0.516712] (-) TimerEvent: {}
[0.619206] (-) TimerEvent: {}
[0.724536] (-) TimerEvent: {}
[0.820383] (image_geometry) StdoutLine: {'line': b'-- The CXX compiler identification is GNU 11.4.0\n'}
[0.822194] (tracetools_image_pipeline) StdoutLine: {'line': b'-- The CXX compiler identification is GNU 11.4.0\n'}
[0.829345] (cv_bridge) StdoutLine: {'line': b'-- The CXX compiler identification is GNU 11.4.0\n'}
[0.829519] (-) TimerEvent: {}
[0.841205] (tracetools_image_pipeline) StdoutLine: {'line': b'-- Detecting C compiler ABI info\n'}
[0.842698] (image_geometry) StdoutLine: {'line': b'-- Detecting C compiler ABI info\n'}
[0.843470] (cv_bridge) StdoutLine: {'line': b'-- Detecting C compiler ABI info\n'}
[0.930037] (-) TimerEvent: {}
[1.017149] (image_geometry) StdoutLine: {'line': b'-- Detecting C compiler ABI info - done\n'}
[1.030455] (-) TimerEvent: {}
[1.033829] (image_geometry) StdoutLine: {'line': b'-- Check for working C compiler: /usr/bin/cc - skipped\n'}
[1.035947] (cv_bridge) StdoutLine: {'line': b'-- Detecting C compiler ABI info - done\n'}
[1.043721] (image_geometry) StdoutLine: {'line': b'-- Detecting C compile features\n'}
[1.043934] (tracetools_image_pipeline) StdoutLine: {'line': b'-- Detecting C compiler ABI info - done\n'}
[1.044045] (image_geometry) StdoutLine: {'line': b'-- Detecting C compile features - done\n'}
[1.049153] (tracetools_image_pipeline) StdoutLine: {'line': b'-- Check for working C compiler: /usr/bin/cc - skipped\n'}
[1.053586] (tracetools_image_pipeline) StdoutLine: {'line': b'-- Detecting C compile features\n'}
[1.054012] (image_geometry) StdoutLine: {'line': b'-- Detecting CXX compiler ABI info\n'}
[1.054621] (cv_bridge) StdoutLine: {'line': b'-- Check for working C compiler: /usr/bin/cc - skipped\n'}
[1.058098] (cv_bridge) StdoutLine: {'line': b'-- Detecting C compile features\n'}
[1.058566] (cv_bridge) StdoutLine: {'line': b'-- Detecting C compile features - done\n'}
[1.058667] (tracetools_image_pipeline) StdoutLine: {'line': b'-- Detecting C compile features - done\n'}
[1.058766] (tracetools_image_pipeline) StdoutLine: {'line': b'-- Detecting CXX compiler ABI info\n'}
[1.064882] (cv_bridge) StdoutLine: {'line': b'-- Detecting CXX compiler ABI info\n'}
[1.130738] (-) TimerEvent: {}
[1.231598] (-) TimerEvent: {}
[1.238858] (tracetools_image_pipeline) StdoutLine: {'line': b'-- Detecting CXX compiler ABI info - done\n'}
[1.247308] (tracetools_image_pipeline) StdoutLine: {'line': b'-- Check for working CXX compiler: /usr/bin/c++ - skipped\n'}
[1.247495] (tracetools_image_pipeline) StdoutLine: {'line': b'-- Detecting CXX compile features\n'}
[1.247564] (tracetools_image_pipeline) StdoutLine: {'line': b'-- Detecting CXX compile features - done\n'}
[1.247611] (cv_bridge) StdoutLine: {'line': b'-- Detecting CXX compiler ABI info - done\n'}
[1.247666] (image_geometry) StdoutLine: {'line': b'-- Detecting CXX compiler ABI info - done\n'}
[1.253637] (tracetools_image_pipeline) StdoutLine: {'line': b'-- Found ament_cmake_ros: 0.10.0 (/opt/ros/humble/share/ament_cmake_ros/cmake)\n'}
[1.259064] (image_geometry) StdoutLine: {'line': b'-- Check for working CXX compiler: /usr/bin/c++ - skipped\n'}
[1.259432] (image_geometry) StdoutLine: {'line': b'-- Detecting CXX compile features\n'}
[1.259891] (image_geometry) StdoutLine: {'line': b'-- Detecting CXX compile features - done\n'}
[1.262152] (cv_bridge) StdoutLine: {'line': b'-- Check for working CXX compiler: /usr/bin/c++ - skipped\n'}
[1.264272] (image_geometry) StdoutLine: {'line': b'-- Found ament_cmake_python: 1.3.14 (/opt/ros/humble/share/ament_cmake_python/cmake)\n'}
[1.268335] (cv_bridge) StdoutLine: {'line': b'-- Detecting CXX compile features\n'}
[1.268529] (image_geometry) StdoutLine: {'line': b'-- Found ament_cmake_ros: 0.10.0 (/opt/ros/humble/share/ament_cmake_ros/cmake)\n'}
[1.279787] (cv_bridge) StdoutLine: {'line': b'-- Detecting CXX compile features - done\n'}
[1.282821] (cv_bridge) StdoutLine: {'line': b'-- Found ament_cmake_ros: 0.10.0 (/opt/ros/humble/share/ament_cmake_ros/cmake)\n'}
[1.333778] (-) TimerEvent: {}
[1.453862] (-) TimerEvent: {}
[1.547130] (image_geometry) StdoutLine: {'line': b'-- Found Python3: /usr/bin/python3 (found version "3.10.12") found components: Interpreter \n'}
[1.561004] (-) TimerEvent: {}
[1.580625] (tracetools_image_pipeline) StdoutLine: {'line': b'-- Found Python3: /usr/bin/python3 (found version "3.10.12") found components: Interpreter \n'}
[1.585399] (cv_bridge) StdoutLine: {'line': b'-- Found Python3: /usr/bin/python3 (found version "3.10.12") found components: Interpreter \n'}
[1.676169] (image_geometry) StdoutLine: {'line': b'-- Override CMake install command with custom implementation using symlinks instead of copying resources\n'}
[1.676340] (-) TimerEvent: {}
[1.695269] (tracetools_image_pipeline) StdoutLine: {'line': b'-- Override CMake install command with custom implementation using symlinks instead of copying resources\n'}
[1.702570] (cv_bridge) StdoutLine: {'line': b'-- Override CMake install command with custom implementation using symlinks instead of copying resources\n'}
[1.733899] (tracetools_image_pipeline) StdoutLine: {'line': b'-- Found PkgConfig: /usr/bin/pkg-config (found version "0.29.2") \n'}
[1.736708] (tracetools_image_pipeline) StdoutLine: {'line': b"-- Checking for module 'lttng-ust'\n"}
[1.755147] (tracetools_image_pipeline) StdoutLine: {'line': b"--   No package 'lttng-ust' found\n"}
[1.761067] (tracetools_image_pipeline) StdoutLine: {'line': b'-- Found ament_lint_auto: 0.12.15 (/opt/ros/humble/share/ament_lint_auto/cmake)\n'}
[1.787751] (-) TimerEvent: {}
[1.839032] (image_geometry) StdoutLine: {'line': b'-- Found OpenCV: /usr (found version "4.5.4") found components: calib3d core highgui imgproc \n'}
[1.842819] (image_geometry) StdoutLine: {'line': b'-- Found sensor_msgs: 4.9.1 (/opt/ros/humble/share/sensor_msgs/cmake)\n'}
[1.897799] (image_geometry) StdoutLine: {'line': b'-- Found rosidl_generator_c: 3.1.8 (/opt/ros/humble/share/rosidl_generator_c/cmake)\n'}
[1.897997] (-) TimerEvent: {}
[1.898307] (tracetools_image_pipeline) StdoutLine: {'line': b"-- Added test 'copyright' to check source files copyright and LICENSE\n"}
[1.900207] (tracetools_image_pipeline) StdoutLine: {'line': b"-- Added test 'cppcheck' to perform static code analysis on C / C++ code\n"}
[1.900433] (tracetools_image_pipeline) StdoutLine: {'line': b'-- Configured cppcheck include dirs: \n'}
[1.900524] (tracetools_image_pipeline) StdoutLine: {'line': b'-- Configured cppcheck exclude dirs and/or files: \n'}
[1.903244] (tracetools_image_pipeline) StdoutLine: {'line': b"-- Added test 'cpplint' to check C / C++ code against the Google style\n"}
[1.903448] (tracetools_image_pipeline) StdoutLine: {'line': b'-- Configured cpplint exclude dirs and/or files: \n'}
[1.905008] (tracetools_image_pipeline) StdoutLine: {'line': b"-- Added test 'lint_cmake' to check CMake code style\n"}
[1.905409] (image_geometry) StdoutLine: {'line': b'-- Found rosidl_adapter: 3.1.8 (/opt/ros/humble/share/rosidl_adapter/cmake)\n'}
[1.906808] (tracetools_image_pipeline) StdoutLine: {'line': b"-- Added test 'uncrustify' to check C / C++ code style\n"}
[1.906919] (tracetools_image_pipeline) StdoutLine: {'line': b'-- Configured uncrustify additional arguments: \n'}
[1.907759] (tracetools_image_pipeline) StdoutLine: {'line': b"-- Added test 'xmllint' to check XML markup files\n"}
[1.911096] (tracetools_image_pipeline) StdoutLine: {'line': b'-- Configuring done\n'}
[1.916927] (image_geometry) StdoutLine: {'line': b'-- Found rosidl_generator_cpp: 3.1.8 (/opt/ros/humble/share/rosidl_generator_cpp/cmake)\n'}
[1.921162] (tracetools_image_pipeline) StdoutLine: {'line': b'-- Generating done\n'}
[1.927578] (tracetools_image_pipeline) StdoutLine: {'line': b'-- Build files have been written to: /home/bryan/Workspace/ros2_ws/build/tracetools_image_pipeline\n'}
[1.956213] (tracetools_image_pipeline) CommandEnded: {'returncode': 0}
[1.957221] (tracetools_image_pipeline) JobProgress: {'identifier': 'tracetools_image_pipeline', 'progress': 'build'}
[1.957267] (tracetools_image_pipeline) Command: {'cmd': ['/usr/bin/cmake', '--build', '/home/bryan/Workspace/ros2_ws/build/tracetools_image_pipeline', '--', '-j3', '-l3'], 'cwd': '/home/bryan/Workspace/ros2_ws/build/tracetools_image_pipeline', 'env': OrderedDict([('LESSOPEN', '| /usr/bin/lesspipe %s'), ('USER', 'bryan'), ('XDG_SESSION_TYPE', 'wayland'), ('SHLVL', '1'), ('LD_LIBRARY_PATH', '/opt/ros/humble/opt/rviz_ogre_vendor/lib:/opt/ros/humble/lib/x86_64-linux-gnu:/opt/ros/humble/lib'), ('HOME', '/home/bryan'), ('OLDPWD', '/home/bryan/Workspace/ros2_ws/src/ros2_sumo-main'), ('DESKTOP_SESSION', 'ubuntu'), ('ROS_PYTHON_VERSION', '3'), ('GNOME_SHELL_SESSION_MODE', 'ubuntu'), ('GTK_MODULES', 'gail:atk-bridge'), ('SYSTEMD_EXEC_PID', '1570'), ('DBUS_SESSION_BUS_ADDRESS', 'unix:path=/run/user/1000/bus'), ('COLORTERM', 'truecolor'), ('IM_CONFIG_PHASE', '1'), ('WAYLAND_DISPLAY', 'wayland-0'), ('ROS_DISTRO', 'humble'), ('LOGNAME', 'bryan'), ('SUMO_HOME', '/usr/share/sumo/'), ('_', '/usr/bin/colcon'), ('ROS_VERSION', '2'), ('XDG_SESSION_CLASS', 'user'), ('USERNAME', 'bryan'), ('TERM', 'xterm-256color'), ('GNOME_DESKTOP_SESSION_ID', 'this-is-deprecated'), ('ROS_LOCALHOST_ONLY', '0'), ('PATH', '/opt/ros/humble/bin:/usr/local/sbin:/usr/local/bin:/usr/sbin:/usr/bin:/sbin:/bin:/usr/games:/usr/local/games:/snap/bin:/snap/bin'), ('SESSION_MANAGER', 'local/bryan-VirtualBox:@/tmp/.ICE-unix/1372,unix/bryan-VirtualBox:/tmp/.ICE-unix/1372'), ('XDG_MENU_PREFIX', 'gnome-'), ('GNOME_TERMINAL_SCREEN', '/org/gnome/Terminal/screen/71407a0b_323a_4971_8a7b_4147209295e5'), ('GNOME_SETUP_DISPLAY', ':1'), ('XDG_RUNTIME_DIR', '/run/user/1000'), ('DISPLAY', ':0'), ('LANG', 'en_US.UTF-8'), ('XDG_CURRENT_DESKTOP', 'ubuntu:GNOME'), ('XMODIFIERS', '@im=ibus'), ('XDG_SESSION_DESKTOP', 'ubuntu'), ('XAUTHORITY', '/run/user/1000/.mutter-Xwaylandauth.GH7FP3'), ('LS_COLORS', 'rs=0:di=01;34:ln=01;36:mh=00:pi=40;33:so=01;35:do=01;35:bd=40;33;01:cd=40;33;01:or=40;31;01:mi=00:su=37;41:sg=30;43:ca=30;41:tw=30;42:ow=34;42:st=37;44:ex=01;32:*.tar=01;31:*.tgz=01;31:*.arc=01;31:*.arj=01;31:*.taz=01;31:*.lha=01;31:*.lz4=01;31:*.lzh=01;31:*.lzma=01;31:*.tlz=01;31:*.txz=01;31:*.tzo=01;31:*.t7z=01;31:*.zip=01;31:*.z=01;31:*.dz=01;31:*.gz=01;31:*.lrz=01;31:*.lz=01;31:*.lzo=01;31:*.xz=01;31:*.zst=01;31:*.tzst=01;31:*.bz2=01;31:*.bz=01;31:*.tbz=01;31:*.tbz2=01;31:*.tz=01;31:*.deb=01;31:*.rpm=01;31:*.jar=01;31:*.war=01;31:*.ear=01;31:*.sar=01;31:*.rar=01;31:*.alz=01;31:*.ace=01;31:*.zoo=01;31:*.cpio=01;31:*.7z=01;31:*.rz=01;31:*.cab=01;31:*.wim=01;31:*.swm=01;31:*.dwm=01;31:*.esd=01;31:*.jpg=01;35:*.jpeg=01;35:*.mjpg=01;35:*.mjpeg=01;35:*.gif=01;35:*.bmp=01;35:*.pbm=01;35:*.pgm=01;35:*.ppm=01;35:*.tga=01;35:*.xbm=01;35:*.xpm=01;35:*.tif=01;35:*.tiff=01;35:*.png=01;35:*.svg=01;35:*.svgz=01;35:*.mng=01;35:*.pcx=01;35:*.mov=01;35:*.mpg=01;35:*.mpeg=01;35:*.m2v=01;35:*.mkv=01;35:*.webm=01;35:*.webp=01;35:*.ogm=01;35:*.mp4=01;35:*.m4v=01;35:*.mp4v=01;35:*.vob=01;35:*.qt=01;35:*.nuv=01;35:*.wmv=01;35:*.asf=01;35:*.rm=01;35:*.rmvb=01;35:*.flc=01;35:*.avi=01;35:*.fli=01;35:*.flv=01;35:*.gl=01;35:*.dl=01;35:*.xcf=01;35:*.xwd=01;35:*.yuv=01;35:*.cgm=01;35:*.emf=01;35:*.ogv=01;35:*.ogx=01;35:*.aac=00;36:*.au=00;36:*.flac=00;36:*.m4a=00;36:*.mid=00;36:*.midi=00;36:*.mka=00;36:*.mp3=00;36:*.mpc=00;36:*.ogg=00;36:*.ra=00;36:*.wav=00;36:*.oga=00;36:*.opus=00;36:*.spx=00;36:*.xspf=00;36:'), ('GNOME_TERMINAL_SERVICE', ':1.91'), ('SSH_AGENT_LAUNCHER', 'gnome-keyring'), ('SSH_AUTH_SOCK', '/run/user/1000/keyring/ssh'), ('AMENT_PREFIX_PATH', '/opt/ros/humble'), ('SHELL', '/bin/bash'), ('QT_ACCESSIBILITY', '1'), ('GDMSESSION', 'ubuntu'), ('LESSCLOSE', '/usr/bin/lesspipe %s %s'), ('QT_IM_MODULE', 'ibus'), ('PWD', '/home/bryan/Workspace/ros2_ws/build/tracetools_image_pipeline'), ('LC_ALL', 'en_US.UTF-8'), ('XDG_CONFIG_DIRS', '/etc/xdg/xdg-ubuntu:/etc/xdg'), ('XDG_DATA_DIRS', '/usr/share/ubuntu:/usr/local/share/:/usr/share/:/var/lib/snapd/desktop'), ('PYTHONPATH', '/opt/ros/humble/lib/python3.10/site-packages:/opt/ros/humble/local/lib/python3.10/dist-packages'), ('COLCON', '1'), ('VTE_VERSION', '6800'), ('CMAKE_PREFIX_PATH', '/opt/ros/humble')]), 'shell': False}
[1.957990] (image_geometry) StdoutLine: {'line': b'-- Using all available rosidl_typesupport_c: rosidl_typesupport_fastrtps_c;rosidl_typesupport_introspection_c\n'}
[1.991753] (image_geometry) StdoutLine: {'line': b'-- Using all available rosidl_typesupport_cpp: rosidl_typesupport_fastrtps_cpp;rosidl_typesupport_introspection_cpp\n'}
[1.999217] (-) TimerEvent: {}
[2.093744] (tracetools_image_pipeline) StdoutLine: {'line': b'[ 20%] \x1b[32mBuilding C object CMakeFiles/tracetools_image_pipeline.dir/src/tracetools.c.o\x1b[0m\n'}
[2.099882] (-) TimerEvent: {}
[2.101600] (image_geometry) StdoutLine: {'line': b"-- Found gtest sources under '/opt/ros/humble/src/gtest_vendor': C++ tests using 'Google Test' will be built\n"}
[2.108394] (image_geometry) StdoutLine: {'line': b'-- Looking for pthread.h\n'}
[2.108544] (tracetools_image_pipeline) StdoutLine: {'line': b'[ 40%] \x1b[32mBuilding CXX object CMakeFiles/tracetools_image_pipeline.dir/src/utils.cpp.o\x1b[0m\n'}
[2.200309] (-) TimerEvent: {}
[2.304373] (-) TimerEvent: {}
[2.366861] (image_geometry) StdoutLine: {'line': b'-- Looking for pthread.h - found\n'}
[2.367163] (image_geometry) StdoutLine: {'line': b'-- Performing Test CMAKE_HAVE_LIBC_PTHREAD\n'}
[2.377913] (tracetools_image_pipeline) StdoutLine: {'line': b'[ 60%] \x1b[32m\x1b[1mLinking CXX shared library libtracetools_image_pipeline.so\x1b[0m\n'}
[2.426484] (-) TimerEvent: {}
[2.447563] (tracetools_image_pipeline) StdoutLine: {'line': b'[ 60%] Built target tracetools_image_pipeline\n'}
[2.505429] (tracetools_image_pipeline) StdoutLine: {'line': b'[ 80%] \x1b[32mBuilding C object CMakeFiles/status.dir/src/status.c.o\x1b[0m\n'}
[2.526730] (-) TimerEvent: {}
[2.528498] (cv_bridge) StdoutLine: {'line': b'-- Found Python3: /usr/include/python3.10 (found version "3.10.12") found components: Development NumPy Interpreter Development.Module Development.Embed \n'}
[2.592672] (tracetools_image_pipeline) StdoutLine: {'line': b'[100%] \x1b[32m\x1b[1mLinking C executable status\x1b[0m\n'}
[2.603600] (cv_bridge) StdoutLine: {'line': b'-- Found Boost: /usr/lib/x86_64-linux-gnu/cmake/Boost-1.74.0/BoostConfig.cmake (found version "1.74.0") found components: python310 \n'}
[2.608644] (cv_bridge) StdoutLine: {'line': b'-- Found rcpputils: 2.4.6 (/opt/ros/humble/share/rcpputils/cmake)\n'}
[2.612477] (image_geometry) StdoutLine: {'line': b'-- Performing Test CMAKE_HAVE_LIBC_PTHREAD - Success\n'}
[2.612682] (image_geometry) StdoutLine: {'line': b'-- Found Threads: TRUE  \n'}
[2.626020] (cv_bridge) StdoutLine: {'line': b'-- Found sensor_msgs: 4.9.1 (/opt/ros/humble/share/sensor_msgs/cmake)\n'}
[2.643098] (-) TimerEvent: {}
[2.659033] (cv_bridge) StdoutLine: {'line': b'-- Found rosidl_generator_c: 3.1.8 (/opt/ros/humble/share/rosidl_generator_c/cmake)\n'}
[2.665851] (cv_bridge) StdoutLine: {'line': b'-- Found rosidl_adapter: 3.1.8 (/opt/ros/humble/share/rosidl_adapter/cmake)\n'}
[2.670782] (tracetools_image_pipeline) StdoutLine: {'line': b'[100%] Built target status\n'}
[2.687967] (cv_bridge) StdoutLine: {'line': b'-- Found rosidl_generator_cpp: 3.1.8 (/opt/ros/humble/share/rosidl_generator_cpp/cmake)\n'}
[2.710996] (cv_bridge) StdoutLine: {'line': b'-- Using all available rosidl_typesupport_c: rosidl_typesupport_fastrtps_c;rosidl_typesupport_introspection_c\n'}
[2.712673] (tracetools_image_pipeline) CommandEnded: {'returncode': 0}
[2.718304] (tracetools_image_pipeline) JobProgress: {'identifier': 'tracetools_image_pipeline', 'progress': 'install'}
[2.734100] (tracetools_image_pipeline) Command: {'cmd': ['/usr/bin/cmake', '--install', '/home/bryan/Workspace/ros2_ws/build/tracetools_image_pipeline'], 'cwd': '/home/bryan/Workspace/ros2_ws/build/tracetools_image_pipeline', 'env': OrderedDict([('LESSOPEN', '| /usr/bin/lesspipe %s'), ('USER', 'bryan'), ('XDG_SESSION_TYPE', 'wayland'), ('SHLVL', '1'), ('LD_LIBRARY_PATH', '/opt/ros/humble/opt/rviz_ogre_vendor/lib:/opt/ros/humble/lib/x86_64-linux-gnu:/opt/ros/humble/lib'), ('HOME', '/home/bryan'), ('OLDPWD', '/home/bryan/Workspace/ros2_ws/src/ros2_sumo-main'), ('DESKTOP_SESSION', 'ubuntu'), ('ROS_PYTHON_VERSION', '3'), ('GNOME_SHELL_SESSION_MODE', 'ubuntu'), ('GTK_MODULES', 'gail:atk-bridge'), ('SYSTEMD_EXEC_PID', '1570'), ('DBUS_SESSION_BUS_ADDRESS', 'unix:path=/run/user/1000/bus'), ('COLORTERM', 'truecolor'), ('IM_CONFIG_PHASE', '1'), ('WAYLAND_DISPLAY', 'wayland-0'), ('ROS_DISTRO', 'humble'), ('LOGNAME', 'bryan'), ('SUMO_HOME', '/usr/share/sumo/'), ('_', '/usr/bin/colcon'), ('ROS_VERSION', '2'), ('XDG_SESSION_CLASS', 'user'), ('USERNAME', 'bryan'), ('TERM', 'xterm-256color'), ('GNOME_DESKTOP_SESSION_ID', 'this-is-deprecated'), ('ROS_LOCALHOST_ONLY', '0'), ('PATH', '/opt/ros/humble/bin:/usr/local/sbin:/usr/local/bin:/usr/sbin:/usr/bin:/sbin:/bin:/usr/games:/usr/local/games:/snap/bin:/snap/bin'), ('SESSION_MANAGER', 'local/bryan-VirtualBox:@/tmp/.ICE-unix/1372,unix/bryan-VirtualBox:/tmp/.ICE-unix/1372'), ('XDG_MENU_PREFIX', 'gnome-'), ('GNOME_TERMINAL_SCREEN', '/org/gnome/Terminal/screen/71407a0b_323a_4971_8a7b_4147209295e5'), ('GNOME_SETUP_DISPLAY', ':1'), ('XDG_RUNTIME_DIR', '/run/user/1000'), ('DISPLAY', ':0'), ('LANG', 'en_US.UTF-8'), ('XDG_CURRENT_DESKTOP', 'ubuntu:GNOME'), ('XMODIFIERS', '@im=ibus'), ('XDG_SESSION_DESKTOP', 'ubuntu'), ('XAUTHORITY', '/run/user/1000/.mutter-Xwaylandauth.GH7FP3'), ('LS_COLORS', 'rs=0:di=01;34:ln=01;36:mh=00:pi=40;33:so=01;35:do=01;35:bd=40;33;01:cd=40;33;01:or=40;31;01:mi=00:su=37;41:sg=30;43:ca=30;41:tw=30;42:ow=34;42:st=37;44:ex=01;32:*.tar=01;31:*.tgz=01;31:*.arc=01;31:*.arj=01;31:*.taz=01;31:*.lha=01;31:*.lz4=01;31:*.lzh=01;31:*.lzma=01;31:*.tlz=01;31:*.txz=01;31:*.tzo=01;31:*.t7z=01;31:*.zip=01;31:*.z=01;31:*.dz=01;31:*.gz=01;31:*.lrz=01;31:*.lz=01;31:*.lzo=01;31:*.xz=01;31:*.zst=01;31:*.tzst=01;31:*.bz2=01;31:*.bz=01;31:*.tbz=01;31:*.tbz2=01;31:*.tz=01;31:*.deb=01;31:*.rpm=01;31:*.jar=01;31:*.war=01;31:*.ear=01;31:*.sar=01;31:*.rar=01;31:*.alz=01;31:*.ace=01;31:*.zoo=01;31:*.cpio=01;31:*.7z=01;31:*.rz=01;31:*.cab=01;31:*.wim=01;31:*.swm=01;31:*.dwm=01;31:*.esd=01;31:*.jpg=01;35:*.jpeg=01;35:*.mjpg=01;35:*.mjpeg=01;35:*.gif=01;35:*.bmp=01;35:*.pbm=01;35:*.pgm=01;35:*.ppm=01;35:*.tga=01;35:*.xbm=01;35:*.xpm=01;35:*.tif=01;35:*.tiff=01;35:*.png=01;35:*.svg=01;35:*.svgz=01;35:*.mng=01;35:*.pcx=01;35:*.mov=01;35:*.mpg=01;35:*.mpeg=01;35:*.m2v=01;35:*.mkv=01;35:*.webm=01;35:*.webp=01;35:*.ogm=01;35:*.mp4=01;35:*.m4v=01;35:*.mp4v=01;35:*.vob=01;35:*.qt=01;35:*.nuv=01;35:*.wmv=01;35:*.asf=01;35:*.rm=01;35:*.rmvb=01;35:*.flc=01;35:*.avi=01;35:*.fli=01;35:*.flv=01;35:*.gl=01;35:*.dl=01;35:*.xcf=01;35:*.xwd=01;35:*.yuv=01;35:*.cgm=01;35:*.emf=01;35:*.ogv=01;35:*.ogx=01;35:*.aac=00;36:*.au=00;36:*.flac=00;36:*.m4a=00;36:*.mid=00;36:*.midi=00;36:*.mka=00;36:*.mp3=00;36:*.mpc=00;36:*.ogg=00;36:*.ra=00;36:*.wav=00;36:*.oga=00;36:*.opus=00;36:*.spx=00;36:*.xspf=00;36:'), ('GNOME_TERMINAL_SERVICE', ':1.91'), ('SSH_AGENT_LAUNCHER', 'gnome-keyring'), ('SSH_AUTH_SOCK', '/run/user/1000/keyring/ssh'), ('AMENT_PREFIX_PATH', '/opt/ros/humble'), ('SHELL', '/bin/bash'), ('QT_ACCESSIBILITY', '1'), ('GDMSESSION', 'ubuntu'), ('LESSCLOSE', '/usr/bin/lesspipe %s %s'), ('QT_IM_MODULE', 'ibus'), ('PWD', '/home/bryan/Workspace/ros2_ws/build/tracetools_image_pipeline'), ('LC_ALL', 'en_US.UTF-8'), ('XDG_CONFIG_DIRS', '/etc/xdg/xdg-ubuntu:/etc/xdg'), ('XDG_DATA_DIRS', '/usr/share/ubuntu:/usr/local/share/:/usr/share/:/var/lib/snapd/desktop'), ('PYTHONPATH', '/opt/ros/humble/lib/python3.10/site-packages:/opt/ros/humble/local/lib/python3.10/dist-packages'), ('COLCON', '1'), ('VTE_VERSION', '6800'), ('CMAKE_PREFIX_PATH', '/opt/ros/humble')]), 'shell': False}
[2.734899] (cv_bridge) StdoutLine: {'line': b'-- Using all available rosidl_typesupport_cpp: rosidl_typesupport_fastrtps_cpp;rosidl_typesupport_introspection_cpp\n'}
[2.741435] (image_geometry) StdoutLine: {'line': b'-- Configuring done\n'}
[2.744938] (tracetools_image_pipeline) StdoutLine: {'line': b'-- Install configuration: ""\n'}
[2.745079] (-) TimerEvent: {}
[2.745607] (tracetools_image_pipeline) StdoutLine: {'line': b'-- Execute custom install script\n'}
[2.756496] (tracetools_image_pipeline) StdoutLine: {'line': b'-- Symlinking: /home/bryan/Workspace/ros2_ws/install/tracetools_image_pipeline/share/tracetools_image_pipeline/environment/library_path.sh\n'}
[2.756892] (tracetools_image_pipeline) StdoutLine: {'line': b'-- Symlinking: /home/bryan/Workspace/ros2_ws/install/tracetools_image_pipeline/share/tracetools_image_pipeline/environment/library_path.dsv\n'}
[2.757254] (image_geometry) StdoutLine: {'line': b'-- Generating done\n'}
[2.764119] (image_geometry) StdoutLine: {'line': b'-- Build files have been written to: /home/bryan/Workspace/ros2_ws/build/image_geometry\n'}
[2.770139] (tracetools_image_pipeline) StdoutLine: {'line': b'-- Symlinking: /home/bryan/Workspace/ros2_ws/install/tracetools_image_pipeline/lib/tracetools_image_pipeline/status\n'}
[2.776057] (image_geometry) CommandEnded: {'returncode': 0}
[2.790383] (image_geometry) JobProgress: {'identifier': 'image_geometry', 'progress': 'build'}
[2.790461] (image_geometry) Command: {'cmd': ['/usr/bin/cmake', '--build', '/home/bryan/Workspace/ros2_ws/build/image_geometry', '--', '-j3', '-l3'], 'cwd': '/home/bryan/Workspace/ros2_ws/build/image_geometry', 'env': OrderedDict([('LESSOPEN', '| /usr/bin/lesspipe %s'), ('USER', 'bryan'), ('XDG_SESSION_TYPE', 'wayland'), ('SHLVL', '1'), ('LD_LIBRARY_PATH', '/opt/ros/humble/opt/rviz_ogre_vendor/lib:/opt/ros/humble/lib/x86_64-linux-gnu:/opt/ros/humble/lib'), ('HOME', '/home/bryan'), ('OLDPWD', '/home/bryan/Workspace/ros2_ws/src/ros2_sumo-main'), ('DESKTOP_SESSION', 'ubuntu'), ('ROS_PYTHON_VERSION', '3'), ('GNOME_SHELL_SESSION_MODE', 'ubuntu'), ('GTK_MODULES', 'gail:atk-bridge'), ('SYSTEMD_EXEC_PID', '1570'), ('DBUS_SESSION_BUS_ADDRESS', 'unix:path=/run/user/1000/bus'), ('COLORTERM', 'truecolor'), ('IM_CONFIG_PHASE', '1'), ('WAYLAND_DISPLAY', 'wayland-0'), ('ROS_DISTRO', 'humble'), ('LOGNAME', 'bryan'), ('SUMO_HOME', '/usr/share/sumo/'), ('_', '/usr/bin/colcon'), ('ROS_VERSION', '2'), ('XDG_SESSION_CLASS', 'user'), ('USERNAME', 'bryan'), ('TERM', 'xterm-256color'), ('GNOME_DESKTOP_SESSION_ID', 'this-is-deprecated'), ('ROS_LOCALHOST_ONLY', '0'), ('PATH', '/opt/ros/humble/bin:/usr/local/sbin:/usr/local/bin:/usr/sbin:/usr/bin:/sbin:/bin:/usr/games:/usr/local/games:/snap/bin:/snap/bin'), ('SESSION_MANAGER', 'local/bryan-VirtualBox:@/tmp/.ICE-unix/1372,unix/bryan-VirtualBox:/tmp/.ICE-unix/1372'), ('XDG_MENU_PREFIX', 'gnome-'), ('GNOME_TERMINAL_SCREEN', '/org/gnome/Terminal/screen/71407a0b_323a_4971_8a7b_4147209295e5'), ('GNOME_SETUP_DISPLAY', ':1'), ('XDG_RUNTIME_DIR', '/run/user/1000'), ('DISPLAY', ':0'), ('LANG', 'en_US.UTF-8'), ('XDG_CURRENT_DESKTOP', 'ubuntu:GNOME'), ('XMODIFIERS', '@im=ibus'), ('XDG_SESSION_DESKTOP', 'ubuntu'), ('XAUTHORITY', '/run/user/1000/.mutter-Xwaylandauth.GH7FP3'), ('LS_COLORS', 'rs=0:di=01;34:ln=01;36:mh=00:pi=40;33:so=01;35:do=01;35:bd=40;33;01:cd=40;33;01:or=40;31;01:mi=00:su=37;41:sg=30;43:ca=30;41:tw=30;42:ow=34;42:st=37;44:ex=01;32:*.tar=01;31:*.tgz=01;31:*.arc=01;31:*.arj=01;31:*.taz=01;31:*.lha=01;31:*.lz4=01;31:*.lzh=01;31:*.lzma=01;31:*.tlz=01;31:*.txz=01;31:*.tzo=01;31:*.t7z=01;31:*.zip=01;31:*.z=01;31:*.dz=01;31:*.gz=01;31:*.lrz=01;31:*.lz=01;31:*.lzo=01;31:*.xz=01;31:*.zst=01;31:*.tzst=01;31:*.bz2=01;31:*.bz=01;31:*.tbz=01;31:*.tbz2=01;31:*.tz=01;31:*.deb=01;31:*.rpm=01;31:*.jar=01;31:*.war=01;31:*.ear=01;31:*.sar=01;31:*.rar=01;31:*.alz=01;31:*.ace=01;31:*.zoo=01;31:*.cpio=01;31:*.7z=01;31:*.rz=01;31:*.cab=01;31:*.wim=01;31:*.swm=01;31:*.dwm=01;31:*.esd=01;31:*.jpg=01;35:*.jpeg=01;35:*.mjpg=01;35:*.mjpeg=01;35:*.gif=01;35:*.bmp=01;35:*.pbm=01;35:*.pgm=01;35:*.ppm=01;35:*.tga=01;35:*.xbm=01;35:*.xpm=01;35:*.tif=01;35:*.tiff=01;35:*.png=01;35:*.svg=01;35:*.svgz=01;35:*.mng=01;35:*.pcx=01;35:*.mov=01;35:*.mpg=01;35:*.mpeg=01;35:*.m2v=01;35:*.mkv=01;35:*.webm=01;35:*.webp=01;35:*.ogm=01;35:*.mp4=01;35:*.m4v=01;35:*.mp4v=01;35:*.vob=01;35:*.qt=01;35:*.nuv=01;35:*.wmv=01;35:*.asf=01;35:*.rm=01;35:*.rmvb=01;35:*.flc=01;35:*.avi=01;35:*.fli=01;35:*.flv=01;35:*.gl=01;35:*.dl=01;35:*.xcf=01;35:*.xwd=01;35:*.yuv=01;35:*.cgm=01;35:*.emf=01;35:*.ogv=01;35:*.ogx=01;35:*.aac=00;36:*.au=00;36:*.flac=00;36:*.m4a=00;36:*.mid=00;36:*.midi=00;36:*.mka=00;36:*.mp3=00;36:*.mpc=00;36:*.ogg=00;36:*.ra=00;36:*.wav=00;36:*.oga=00;36:*.opus=00;36:*.spx=00;36:*.xspf=00;36:'), ('GNOME_TERMINAL_SERVICE', ':1.91'), ('SSH_AGENT_LAUNCHER', 'gnome-keyring'), ('SSH_AUTH_SOCK', '/run/user/1000/keyring/ssh'), ('AMENT_PREFIX_PATH', '/opt/ros/humble'), ('SHELL', '/bin/bash'), ('QT_ACCESSIBILITY', '1'), ('GDMSESSION', 'ubuntu'), ('LESSCLOSE', '/usr/bin/lesspipe %s %s'), ('QT_IM_MODULE', 'ibus'), ('PWD', '/home/bryan/Workspace/ros2_ws/build/image_geometry'), ('LC_ALL', 'en_US.UTF-8'), ('XDG_CONFIG_DIRS', '/etc/xdg/xdg-ubuntu:/etc/xdg'), ('XDG_DATA_DIRS', '/usr/share/ubuntu:/usr/local/share/:/usr/share/:/var/lib/snapd/desktop'), ('PYTHONPATH', '/opt/ros/humble/lib/python3.10/site-packages:/opt/ros/humble/local/lib/python3.10/dist-packages'), ('COLCON', '1'), ('VTE_VERSION', '6800'), ('CMAKE_PREFIX_PATH', '/opt/ros/humble')]), 'shell': False}
[2.793057] (tracetools_image_pipeline) StdoutLine: {'line': b'-- Symlinking: /home/bryan/Workspace/ros2_ws/install/tracetools_image_pipeline/include/tracetools_image_pipeline/config.h\n'}
[2.807655] (tracetools_image_pipeline) StdoutLine: {'line': b'-- Symlinking: /home/bryan/Workspace/ros2_ws/install/tracetools_image_pipeline/include/tracetools_image_pipeline/tracetools.h\n'}
[2.844140] (tracetools_image_pipeline) StdoutLine: {'line': b'-- Symlinking: /home/bryan/Workspace/ros2_ws/install/tracetools_image_pipeline/include/tracetools_image_pipeline/utils.hpp\n'}
[2.848743] (-) TimerEvent: {}
[2.852768] (tracetools_image_pipeline) StdoutLine: {'line': b'-- Symlinking: /home/bryan/Workspace/ros2_ws/install/tracetools_image_pipeline/include/tracetools_image_pipeline/visibility_control.hpp\n'}
[2.894615] (tracetools_image_pipeline) StdoutLine: {'line': b'-- Symlinking: /home/bryan/Workspace/ros2_ws/install/tracetools_image_pipeline/share/ament_index/resource_index/package_run_dependencies/tracetools_image_pipeline\n'}
[2.916159] (tracetools_image_pipeline) StdoutLine: {'line': b'-- Symlinking: /home/bryan/Workspace/ros2_ws/install/tracetools_image_pipeline/share/ament_index/resource_index/parent_prefix_path/tracetools_image_pipeline\n'}
[2.933267] (image_geometry) StdoutLine: {'line': b'[ 11%] \x1b[32mBuilding CXX object CMakeFiles/image_geometry.dir/src/pinhole_camera_model.cpp.o\x1b[0m\n'}
[2.950301] (tracetools_image_pipeline) StdoutLine: {'line': b'-- Symlinking: /home/bryan/Workspace/ros2_ws/install/tracetools_image_pipeline/share/tracetools_image_pipeline/environment/ament_prefix_path.sh\n'}
[2.950665] (-) TimerEvent: {}
[2.953901] (image_geometry) StdoutLine: {'line': b'[ 22%] \x1b[32mBuilding CXX object gtest/CMakeFiles/gtest_main.dir/src/gtest_main.cc.o\x1b[0m\n'}
[2.977043] (image_geometry) StdoutLine: {'line': b'[ 22%] Built target ament_cmake_python_symlink_image_geometry\n'}
[2.993909] (image_geometry) StdoutLine: {'line': b'[ 33%] \x1b[32mBuilding CXX object CMakeFiles/image_geometry.dir/src/stereo_camera_model.cpp.o\x1b[0m\n'}
[3.028536] (tracetools_image_pipeline) StdoutLine: {'line': b'-- Symlinking: /home/bryan/Workspace/ros2_ws/install/tracetools_image_pipeline/share/tracetools_image_pipeline/environment/ament_prefix_path.dsv\n'}
[3.078010] (tracetools_image_pipeline) StdoutLine: {'line': b'-- Symlinking: /home/bryan/Workspace/ros2_ws/install/tracetools_image_pipeline/share/tracetools_image_pipeline/environment/path.sh\n'}
[3.078282] (-) TimerEvent: {}
[3.078945] (tracetools_image_pipeline) StdoutLine: {'line': b'-- Symlinking: /home/bryan/Workspace/ros2_ws/install/tracetools_image_pipeline/share/tracetools_image_pipeline/environment/path.dsv\n'}
[3.108314] (cv_bridge) StdoutLine: {'line': b'-- Performing Test COMPILER_HAS_HIDDEN_VISIBILITY\n'}
[3.129285] (tracetools_image_pipeline) StdoutLine: {'line': b'-- Symlinking: /home/bryan/Workspace/ros2_ws/install/tracetools_image_pipeline/share/tracetools_image_pipeline/local_setup.bash\n'}
[3.147175] (tracetools_image_pipeline) StdoutLine: {'line': b'-- Symlinking: /home/bryan/Workspace/ros2_ws/install/tracetools_image_pipeline/share/tracetools_image_pipeline/local_setup.sh\n'}
[3.163794] (tracetools_image_pipeline) StdoutLine: {'line': b'-- Symlinking: /home/bryan/Workspace/ros2_ws/install/tracetools_image_pipeline/share/tracetools_image_pipeline/local_setup.zsh\n'}
[3.179473] (tracetools_image_pipeline) StdoutLine: {'line': b'-- Symlinking: /home/bryan/Workspace/ros2_ws/install/tracetools_image_pipeline/share/tracetools_image_pipeline/local_setup.dsv\n'}
[3.179705] (-) TimerEvent: {}
[3.193919] (tracetools_image_pipeline) StdoutLine: {'line': b'-- Symlinking: /home/bryan/Workspace/ros2_ws/install/tracetools_image_pipeline/share/tracetools_image_pipeline/package.dsv\n'}
[3.219712] (tracetools_image_pipeline) StdoutLine: {'line': b'-- Symlinking: /home/bryan/Workspace/ros2_ws/install/tracetools_image_pipeline/share/ament_index/resource_index/packages/tracetools_image_pipeline\n'}
[3.269567] (tracetools_image_pipeline) StdoutLine: {'line': b'-- Symlinking: /home/bryan/Workspace/ros2_ws/install/tracetools_image_pipeline/share/tracetools_image_pipeline/cmake/ament_cmake_export_targets-extras.cmake\n'}
[3.280134] (-) TimerEvent: {}
[3.303259] (tracetools_image_pipeline) StdoutLine: {'line': b'-- Symlinking: /home/bryan/Workspace/ros2_ws/install/tracetools_image_pipeline/share/tracetools_image_pipeline/cmake/ament_cmake_export_include_directories-extras.cmake\n'}
[3.330123] (tracetools_image_pipeline) StdoutLine: {'line': b'-- Symlinking: /home/bryan/Workspace/ros2_ws/install/tracetools_image_pipeline/share/tracetools_image_pipeline/cmake/ament_cmake_export_libraries-extras.cmake\n'}
[3.346093] (tracetools_image_pipeline) StdoutLine: {'line': b'-- Symlinking: /home/bryan/Workspace/ros2_ws/install/tracetools_image_pipeline/share/tracetools_image_pipeline/cmake/tracetools_image_pipelineConfig.cmake\n'}
[3.367846] (tracetools_image_pipeline) StdoutLine: {'line': b'-- Symlinking: /home/bryan/Workspace/ros2_ws/install/tracetools_image_pipeline/share/tracetools_image_pipeline/cmake/tracetools_image_pipelineConfig-version.cmake\n'}
[3.380746] (-) TimerEvent: {}
[3.405701] (tracetools_image_pipeline) StdoutLine: {'line': b'-- Symlinking: /home/bryan/Workspace/ros2_ws/install/tracetools_image_pipeline/share/tracetools_image_pipeline/package.xml\n'}
[3.427571] (tracetools_image_pipeline) StdoutLine: {'line': b'-- Installing: /home/bryan/Workspace/ros2_ws/install/tracetools_image_pipeline/lib/libtracetools_image_pipeline.so\n'}
[3.428491] (tracetools_image_pipeline) StdoutLine: {'line': b'-- Installing: /home/bryan/Workspace/ros2_ws/install/tracetools_image_pipeline/share/tracetools_image_pipeline/cmake/tracetools_image_pipeline_exportExport.cmake\n'}
[3.428633] (tracetools_image_pipeline) StdoutLine: {'line': b'-- Installing: /home/bryan/Workspace/ros2_ws/install/tracetools_image_pipeline/share/tracetools_image_pipeline/cmake/tracetools_image_pipeline_exportExport-noconfig.cmake\n'}
[3.455094] (tracetools_image_pipeline) CommandEnded: {'returncode': 0}
[3.493858] (cv_bridge) StdoutLine: {'line': b'-- Performing Test COMPILER_HAS_HIDDEN_VISIBILITY - Success\n'}
[3.495873] (-) TimerEvent: {}
[3.496155] (cv_bridge) StdoutLine: {'line': b'-- Performing Test COMPILER_HAS_HIDDEN_INLINE_VISIBILITY\n'}
[3.547690] (tracetools_image_pipeline) JobEnded: {'identifier': 'tracetools_image_pipeline', 'rc': 0}
[3.554234] (examples_rclcpp_async_client) JobStarted: {'identifier': 'examples_rclcpp_async_client'}
[3.611085] (-) TimerEvent: {}
[3.630408] (examples_rclcpp_async_client) JobProgress: {'identifier': 'examples_rclcpp_async_client', 'progress': 'cmake'}
[3.772761] (examples_rclcpp_async_client) Command: {'cmd': ['/usr/bin/cmake', '/home/bryan/Workspace/ros2_ws/src/examples/rclcpp/services/async_client', '-DAMENT_CMAKE_SYMLINK_INSTALL=1', '-DCMAKE_INSTALL_PREFIX=/home/bryan/Workspace/ros2_ws/install/examples_rclcpp_async_client'], 'cwd': '/home/bryan/Workspace/ros2_ws/build/examples_rclcpp_async_client', 'env': OrderedDict([('LESSOPEN', '| /usr/bin/lesspipe %s'), ('USER', 'bryan'), ('XDG_SESSION_TYPE', 'wayland'), ('SHLVL', '1'), ('LD_LIBRARY_PATH', '/opt/ros/humble/opt/rviz_ogre_vendor/lib:/opt/ros/humble/lib/x86_64-linux-gnu:/opt/ros/humble/lib'), ('HOME', '/home/bryan'), ('OLDPWD', '/home/bryan/Workspace/ros2_ws/src/ros2_sumo-main'), ('DESKTOP_SESSION', 'ubuntu'), ('ROS_PYTHON_VERSION', '3'), ('GNOME_SHELL_SESSION_MODE', 'ubuntu'), ('GTK_MODULES', 'gail:atk-bridge'), ('SYSTEMD_EXEC_PID', '1570'), ('DBUS_SESSION_BUS_ADDRESS', 'unix:path=/run/user/1000/bus'), ('COLORTERM', 'truecolor'), ('IM_CONFIG_PHASE', '1'), ('WAYLAND_DISPLAY', 'wayland-0'), ('ROS_DISTRO', 'humble'), ('LOGNAME', 'bryan'), ('SUMO_HOME', '/usr/share/sumo/'), ('_', '/usr/bin/colcon'), ('ROS_VERSION', '2'), ('XDG_SESSION_CLASS', 'user'), ('USERNAME', 'bryan'), ('TERM', 'xterm-256color'), ('GNOME_DESKTOP_SESSION_ID', 'this-is-deprecated'), ('ROS_LOCALHOST_ONLY', '0'), ('PATH', '/opt/ros/humble/bin:/usr/local/sbin:/usr/local/bin:/usr/sbin:/usr/bin:/sbin:/bin:/usr/games:/usr/local/games:/snap/bin:/snap/bin'), ('SESSION_MANAGER', 'local/bryan-VirtualBox:@/tmp/.ICE-unix/1372,unix/bryan-VirtualBox:/tmp/.ICE-unix/1372'), ('XDG_MENU_PREFIX', 'gnome-'), ('GNOME_TERMINAL_SCREEN', '/org/gnome/Terminal/screen/71407a0b_323a_4971_8a7b_4147209295e5'), ('GNOME_SETUP_DISPLAY', ':1'), ('XDG_RUNTIME_DIR', '/run/user/1000'), ('DISPLAY', ':0'), ('LANG', 'en_US.UTF-8'), ('XDG_CURRENT_DESKTOP', 'ubuntu:GNOME'), ('XMODIFIERS', '@im=ibus'), ('XDG_SESSION_DESKTOP', 'ubuntu'), ('XAUTHORITY', '/run/user/1000/.mutter-Xwaylandauth.GH7FP3'), ('LS_COLORS', 'rs=0:di=01;34:ln=01;36:mh=00:pi=40;33:so=01;35:do=01;35:bd=40;33;01:cd=40;33;01:or=40;31;01:mi=00:su=37;41:sg=30;43:ca=30;41:tw=30;42:ow=34;42:st=37;44:ex=01;32:*.tar=01;31:*.tgz=01;31:*.arc=01;31:*.arj=01;31:*.taz=01;31:*.lha=01;31:*.lz4=01;31:*.lzh=01;31:*.lzma=01;31:*.tlz=01;31:*.txz=01;31:*.tzo=01;31:*.t7z=01;31:*.zip=01;31:*.z=01;31:*.dz=01;31:*.gz=01;31:*.lrz=01;31:*.lz=01;31:*.lzo=01;31:*.xz=01;31:*.zst=01;31:*.tzst=01;31:*.bz2=01;31:*.bz=01;31:*.tbz=01;31:*.tbz2=01;31:*.tz=01;31:*.deb=01;31:*.rpm=01;31:*.jar=01;31:*.war=01;31:*.ear=01;31:*.sar=01;31:*.rar=01;31:*.alz=01;31:*.ace=01;31:*.zoo=01;31:*.cpio=01;31:*.7z=01;31:*.rz=01;31:*.cab=01;31:*.wim=01;31:*.swm=01;31:*.dwm=01;31:*.esd=01;31:*.jpg=01;35:*.jpeg=01;35:*.mjpg=01;35:*.mjpeg=01;35:*.gif=01;35:*.bmp=01;35:*.pbm=01;35:*.pgm=01;35:*.ppm=01;35:*.tga=01;35:*.xbm=01;35:*.xpm=01;35:*.tif=01;35:*.tiff=01;35:*.png=01;35:*.svg=01;35:*.svgz=01;35:*.mng=01;35:*.pcx=01;35:*.mov=01;35:*.mpg=01;35:*.mpeg=01;35:*.m2v=01;35:*.mkv=01;35:*.webm=01;35:*.webp=01;35:*.ogm=01;35:*.mp4=01;35:*.m4v=01;35:*.mp4v=01;35:*.vob=01;35:*.qt=01;35:*.nuv=01;35:*.wmv=01;35:*.asf=01;35:*.rm=01;35:*.rmvb=01;35:*.flc=01;35:*.avi=01;35:*.fli=01;35:*.flv=01;35:*.gl=01;35:*.dl=01;35:*.xcf=01;35:*.xwd=01;35:*.yuv=01;35:*.cgm=01;35:*.emf=01;35:*.ogv=01;35:*.ogx=01;35:*.aac=00;36:*.au=00;36:*.flac=00;36:*.m4a=00;36:*.mid=00;36:*.midi=00;36:*.mka=00;36:*.mp3=00;36:*.mpc=00;36:*.ogg=00;36:*.ra=00;36:*.wav=00;36:*.oga=00;36:*.opus=00;36:*.spx=00;36:*.xspf=00;36:'), ('GNOME_TERMINAL_SERVICE', ':1.91'), ('SSH_AGENT_LAUNCHER', 'gnome-keyring'), ('SSH_AUTH_SOCK', '/run/user/1000/keyring/ssh'), ('AMENT_PREFIX_PATH', '/opt/ros/humble'), ('SHELL', '/bin/bash'), ('QT_ACCESSIBILITY', '1'), ('GDMSESSION', 'ubuntu'), ('LESSCLOSE', '/usr/bin/lesspipe %s %s'), ('QT_IM_MODULE', 'ibus'), ('PWD', '/home/bryan/Workspace/ros2_ws/build/examples_rclcpp_async_client'), ('LC_ALL', 'en_US.UTF-8'), ('XDG_CONFIG_DIRS', '/etc/xdg/xdg-ubuntu:/etc/xdg'), ('XDG_DATA_DIRS', '/usr/share/ubuntu:/usr/local/share/:/usr/share/:/var/lib/snapd/desktop'), ('PYTHONPATH', '/opt/ros/humble/lib/python3.10/site-packages:/opt/ros/humble/local/lib/python3.10/dist-packages'), ('COLCON', '1'), ('VTE_VERSION', '6800'), ('CMAKE_PREFIX_PATH', '/opt/ros/humble')]), 'shell': False}
[3.774448] (-) TimerEvent: {}
[3.875907] (-) TimerEvent: {}
[3.997847] (-) TimerEvent: {}
[4.112767] (-) TimerEvent: {}
[4.122277] (examples_rclcpp_async_client) StdoutLine: {'line': b'-- The C compiler identification is GNU 11.4.0\n'}
[4.216044] (-) TimerEvent: {}
[4.306474] (cv_bridge) StdoutLine: {'line': b'-- Performing Test COMPILER_HAS_HIDDEN_INLINE_VISIBILITY - Success\n'}
[4.306655] (cv_bridge) StdoutLine: {'line': b'-- Performing Test COMPILER_HAS_DEPRECATED_ATTR\n'}
[4.320645] (-) TimerEvent: {}
[4.321673] (examples_rclcpp_async_client) StdoutLine: {'line': b'-- The CXX compiler identification is GNU 11.4.0\n'}
[4.485440] (-) TimerEvent: {}
[4.506490] (examples_rclcpp_async_client) StdoutLine: {'line': b'-- Detecting C compiler ABI info\n'}
[4.672242] (-) TimerEvent: {}
[4.773490] (-) TimerEvent: {}
[4.972329] (-) TimerEvent: {}
[5.109463] (-) TimerEvent: {}
[5.214980] (-) TimerEvent: {}
[5.340134] (examples_rclcpp_async_client) StdoutLine: {'line': b'-- Detecting C compiler ABI info - done\n'}
[5.340450] (-) TimerEvent: {}
[5.358796] (examples_rclcpp_async_client) StdoutLine: {'line': b'-- Check for working C compiler: /usr/bin/cc - skipped\n'}
[5.359036] (examples_rclcpp_async_client) StdoutLine: {'line': b'-- Detecting C compile features\n'}
[5.359147] (examples_rclcpp_async_client) StdoutLine: {'line': b'-- Detecting C compile features - done\n'}
[5.359228] (examples_rclcpp_async_client) StdoutLine: {'line': b'-- Detecting CXX compiler ABI info\n'}
[5.444511] (-) TimerEvent: {}
[5.565543] (-) TimerEvent: {}
[5.568946] (examples_rclcpp_async_client) StdoutLine: {'line': b'-- Detecting CXX compiler ABI info - done\n'}
[5.569174] (examples_rclcpp_async_client) StdoutLine: {'line': b'-- Check for working CXX compiler: /usr/bin/c++ - skipped\n'}
[5.569282] (examples_rclcpp_async_client) StdoutLine: {'line': b'-- Detecting CXX compile features\n'}
[5.569383] (examples_rclcpp_async_client) StdoutLine: {'line': b'-- Detecting CXX compile features - done\n'}
[5.569472] (examples_rclcpp_async_client) StdoutLine: {'line': b'-- Found ament_cmake: 1.3.14 (/opt/ros/humble/share/ament_cmake/cmake)\n'}
[5.603931] (cv_bridge) StdoutLine: {'line': b'-- Performing Test COMPILER_HAS_DEPRECATED_ATTR - Success\n'}
[5.632901] (cv_bridge) StdoutLine: {'line': b'-- Found ament_lint_auto: 0.12.15 (/opt/ros/humble/share/ament_lint_auto/cmake)\n'}
[5.665856] (-) TimerEvent: {}
[5.771861] (-) TimerEvent: {}
[5.882806] (-) TimerEvent: {}
[5.889925] (cv_bridge) StdoutLine: {'line': b"-- Found gtest sources under '/opt/ros/humble/src/gtest_vendor': C++ tests using 'Google Test' will be built\n"}
[5.890154] (cv_bridge) StdoutLine: {'line': b'-- Looking for pthread.h\n'}
[5.938534] (image_geometry) StdoutLine: {'line': b'[ 44%] \x1b[32m\x1b[1mLinking CXX static library libgtest_main.a\x1b[0m\n'}
[5.988955] (-) TimerEvent: {}
[6.013186] (examples_rclcpp_async_client) StdoutLine: {'line': b'-- Found Python3: /usr/bin/python3 (found version "3.10.12") found components: Interpreter \n'}
[6.091611] (-) TimerEvent: {}
[6.108753] (image_geometry) StdoutLine: {'line': b'[ 44%] Built target gtest_main\n'}
[6.162503] (cv_bridge) StdoutLine: {'line': b'-- Looking for pthread.h - found\n'}
[6.170598] (cv_bridge) StdoutLine: {'line': b'-- Performing Test CMAKE_HAVE_LIBC_PTHREAD\n'}
[6.192848] (-) TimerEvent: {}
[6.289756] (examples_rclcpp_async_client) StdoutLine: {'line': b'-- Override CMake install command with custom implementation using symlinks instead of copying resources\n'}
[6.290132] (image_geometry) StdoutLine: {'line': b'[ 55%] \x1b[32mBuilding CXX object gtest/CMakeFiles/gtest.dir/src/gtest-all.cc.o\x1b[0m\n'}
[6.308718] (-) TimerEvent: {}
[6.399088] (examples_rclcpp_async_client) StdoutLine: {'line': b'-- Found example_interfaces: 0.9.3 (/opt/ros/humble/share/example_interfaces/cmake)\n'}
[6.409455] (-) TimerEvent: {}
[6.514473] (-) TimerEvent: {}
[6.520472] (cv_bridge) StdoutLine: {'line': b'-- Performing Test CMAKE_HAVE_LIBC_PTHREAD - Success\n'}
[6.520716] (examples_rclcpp_async_client) StdoutLine: {'line': b'-- Found rosidl_generator_c: 3.1.8 (/opt/ros/humble/share/rosidl_generator_c/cmake)\n'}
[6.522192] (cv_bridge) StdoutLine: {'line': b'-- Found Threads: TRUE  \n'}
[6.545583] (examples_rclcpp_async_client) StdoutLine: {'line': b'-- Found rosidl_adapter: 3.1.8 (/opt/ros/humble/share/rosidl_adapter/cmake)\n'}
[6.572845] (examples_rclcpp_async_client) StdoutLine: {'line': b'-- Found rosidl_generator_cpp: 3.1.8 (/opt/ros/humble/share/rosidl_generator_cpp/cmake)\n'}
[6.580159] (examples_rclcpp_async_client) StdoutLine: {'line': b'-- Using all available rosidl_typesupport_c: rosidl_typesupport_fastrtps_c;rosidl_typesupport_introspection_c\n'}
[6.597156] (examples_rclcpp_async_client) StdoutLine: {'line': b'-- Using all available rosidl_typesupport_cpp: rosidl_typesupport_fastrtps_cpp;rosidl_typesupport_introspection_cpp\n'}
[6.619446] (-) TimerEvent: {}
[6.725735] (-) TimerEvent: {}
[6.898785] (-) TimerEvent: {}
[7.078072] (examples_rclcpp_async_client) StdoutLine: {'line': b'-- Found rclcpp: 16.0.18 (/opt/ros/humble/share/rclcpp/cmake)\n'}
[7.078314] (-) TimerEvent: {}
[7.244001] (image_geometry) StdoutLine: {'line': b'[ 66%] \x1b[32m\x1b[1mLinking CXX shared library libimage_geometry.so\x1b[0m\n'}
[7.244652] (-) TimerEvent: {}
[7.425882] (-) TimerEvent: {}
[7.457531] (image_geometry) StdoutLine: {'line': b'[ 66%] Built target image_geometry\n'}
[7.597408] (-) TimerEvent: {}
[7.699691] (-) TimerEvent: {}
[7.760677] (examples_rclcpp_async_client) StdoutLine: {'line': b'-- Found rmw_implementation_cmake: 6.1.2 (/opt/ros/humble/share/rmw_implementation_cmake/cmake)\n'}
[7.934652] (examples_rclcpp_async_client) StdoutLine: {'line': b'-- Found rmw_fastrtps_cpp: 6.2.10 (/opt/ros/humble/share/rmw_fastrtps_cpp/cmake)\n'}
[7.934881] (-) TimerEvent: {}
[7.956205] (image_geometry) StdoutLine: {'line': b'running egg_info\n'}
[7.958814] (image_geometry) StdoutLine: {'line': b'creating image_geometry.egg-info\n'}
[7.959720] (image_geometry) StdoutLine: {'line': b'writing image_geometry.egg-info/PKG-INFO\n'}
[7.960445] (image_geometry) StdoutLine: {'line': b'writing dependency_links to image_geometry.egg-info/dependency_links.txt\n'}
[7.962455] (image_geometry) StdoutLine: {'line': b'writing top-level names to image_geometry.egg-info/top_level.txt\n'}
[7.962614] (image_geometry) StdoutLine: {'line': b"writing manifest file 'image_geometry.egg-info/SOURCES.txt'\n"}
[7.970587] (image_geometry) StdoutLine: {'line': b"reading manifest file 'image_geometry.egg-info/SOURCES.txt'\n"}
[7.970730] (image_geometry) StdoutLine: {'line': b"writing manifest file 'image_geometry.egg-info/SOURCES.txt'\n"}
[8.028503] (image_geometry) StdoutLine: {'line': b'[ 66%] Built target ament_cmake_python_build_image_geometry_egg\n'}
[8.042844] (-) TimerEvent: {}
[8.173939] (-) TimerEvent: {}
[8.235268] (examples_rclcpp_async_client) StdoutLine: {'line': b'-- Found OpenSSL: /usr/lib/x86_64-linux-gnu/libcrypto.so (found version "3.0.2")  \n'}
[8.290998] (-) TimerEvent: {}
[8.300926] (examples_rclcpp_async_client) StdoutLine: {'line': b'-- Found FastRTPS: /opt/ros/humble/include  \n'}
[8.382538] (cv_bridge) StdoutLine: {'line': b'-- Configuring done\n'}
[8.397528] (cv_bridge) StdoutLine: {'line': b'-- Generating done\n'}
[8.397757] (-) TimerEvent: {}
[8.417157] (cv_bridge) StdoutLine: {'line': b'-- Build files have been written to: /home/bryan/Workspace/ros2_ws/build/cv_bridge\n'}
[8.417987] (examples_rclcpp_async_client) StdoutLine: {'line': b"-- Using RMW implementation 'rmw_fastrtps_cpp' as default\n"}
[8.443450] (cv_bridge) CommandEnded: {'returncode': 0}
[8.443987] (cv_bridge) JobProgress: {'identifier': 'cv_bridge', 'progress': 'build'}
[8.444034] (cv_bridge) Command: {'cmd': ['/usr/bin/cmake', '--build', '/home/bryan/Workspace/ros2_ws/build/cv_bridge', '--', '-j3', '-l3'], 'cwd': '/home/bryan/Workspace/ros2_ws/build/cv_bridge', 'env': OrderedDict([('LESSOPEN', '| /usr/bin/lesspipe %s'), ('USER', 'bryan'), ('XDG_SESSION_TYPE', 'wayland'), ('SHLVL', '1'), ('LD_LIBRARY_PATH', '/opt/ros/humble/opt/rviz_ogre_vendor/lib:/opt/ros/humble/lib/x86_64-linux-gnu:/opt/ros/humble/lib'), ('HOME', '/home/bryan'), ('OLDPWD', '/home/bryan/Workspace/ros2_ws/src/ros2_sumo-main'), ('DESKTOP_SESSION', 'ubuntu'), ('ROS_PYTHON_VERSION', '3'), ('GNOME_SHELL_SESSION_MODE', 'ubuntu'), ('GTK_MODULES', 'gail:atk-bridge'), ('SYSTEMD_EXEC_PID', '1570'), ('DBUS_SESSION_BUS_ADDRESS', 'unix:path=/run/user/1000/bus'), ('COLORTERM', 'truecolor'), ('IM_CONFIG_PHASE', '1'), ('WAYLAND_DISPLAY', 'wayland-0'), ('ROS_DISTRO', 'humble'), ('LOGNAME', 'bryan'), ('SUMO_HOME', '/usr/share/sumo/'), ('_', '/usr/bin/colcon'), ('ROS_VERSION', '2'), ('XDG_SESSION_CLASS', 'user'), ('USERNAME', 'bryan'), ('TERM', 'xterm-256color'), ('GNOME_DESKTOP_SESSION_ID', 'this-is-deprecated'), ('ROS_LOCALHOST_ONLY', '0'), ('PATH', '/opt/ros/humble/bin:/usr/local/sbin:/usr/local/bin:/usr/sbin:/usr/bin:/sbin:/bin:/usr/games:/usr/local/games:/snap/bin:/snap/bin'), ('SESSION_MANAGER', 'local/bryan-VirtualBox:@/tmp/.ICE-unix/1372,unix/bryan-VirtualBox:/tmp/.ICE-unix/1372'), ('XDG_MENU_PREFIX', 'gnome-'), ('GNOME_TERMINAL_SCREEN', '/org/gnome/Terminal/screen/71407a0b_323a_4971_8a7b_4147209295e5'), ('GNOME_SETUP_DISPLAY', ':1'), ('XDG_RUNTIME_DIR', '/run/user/1000'), ('DISPLAY', ':0'), ('LANG', 'en_US.UTF-8'), ('XDG_CURRENT_DESKTOP', 'ubuntu:GNOME'), ('XMODIFIERS', '@im=ibus'), ('XDG_SESSION_DESKTOP', 'ubuntu'), ('XAUTHORITY', '/run/user/1000/.mutter-Xwaylandauth.GH7FP3'), ('LS_COLORS', 'rs=0:di=01;34:ln=01;36:mh=00:pi=40;33:so=01;35:do=01;35:bd=40;33;01:cd=40;33;01:or=40;31;01:mi=00:su=37;41:sg=30;43:ca=30;41:tw=30;42:ow=34;42:st=37;44:ex=01;32:*.tar=01;31:*.tgz=01;31:*.arc=01;31:*.arj=01;31:*.taz=01;31:*.lha=01;31:*.lz4=01;31:*.lzh=01;31:*.lzma=01;31:*.tlz=01;31:*.txz=01;31:*.tzo=01;31:*.t7z=01;31:*.zip=01;31:*.z=01;31:*.dz=01;31:*.gz=01;31:*.lrz=01;31:*.lz=01;31:*.lzo=01;31:*.xz=01;31:*.zst=01;31:*.tzst=01;31:*.bz2=01;31:*.bz=01;31:*.tbz=01;31:*.tbz2=01;31:*.tz=01;31:*.deb=01;31:*.rpm=01;31:*.jar=01;31:*.war=01;31:*.ear=01;31:*.sar=01;31:*.rar=01;31:*.alz=01;31:*.ace=01;31:*.zoo=01;31:*.cpio=01;31:*.7z=01;31:*.rz=01;31:*.cab=01;31:*.wim=01;31:*.swm=01;31:*.dwm=01;31:*.esd=01;31:*.jpg=01;35:*.jpeg=01;35:*.mjpg=01;35:*.mjpeg=01;35:*.gif=01;35:*.bmp=01;35:*.pbm=01;35:*.pgm=01;35:*.ppm=01;35:*.tga=01;35:*.xbm=01;35:*.xpm=01;35:*.tif=01;35:*.tiff=01;35:*.png=01;35:*.svg=01;35:*.svgz=01;35:*.mng=01;35:*.pcx=01;35:*.mov=01;35:*.mpg=01;35:*.mpeg=01;35:*.m2v=01;35:*.mkv=01;35:*.webm=01;35:*.webp=01;35:*.ogm=01;35:*.mp4=01;35:*.m4v=01;35:*.mp4v=01;35:*.vob=01;35:*.qt=01;35:*.nuv=01;35:*.wmv=01;35:*.asf=01;35:*.rm=01;35:*.rmvb=01;35:*.flc=01;35:*.avi=01;35:*.fli=01;35:*.flv=01;35:*.gl=01;35:*.dl=01;35:*.xcf=01;35:*.xwd=01;35:*.yuv=01;35:*.cgm=01;35:*.emf=01;35:*.ogv=01;35:*.ogx=01;35:*.aac=00;36:*.au=00;36:*.flac=00;36:*.m4a=00;36:*.mid=00;36:*.midi=00;36:*.mka=00;36:*.mp3=00;36:*.mpc=00;36:*.ogg=00;36:*.ra=00;36:*.wav=00;36:*.oga=00;36:*.opus=00;36:*.spx=00;36:*.xspf=00;36:'), ('GNOME_TERMINAL_SERVICE', ':1.91'), ('SSH_AGENT_LAUNCHER', 'gnome-keyring'), ('SSH_AUTH_SOCK', '/run/user/1000/keyring/ssh'), ('AMENT_PREFIX_PATH', '/opt/ros/humble'), ('SHELL', '/bin/bash'), ('QT_ACCESSIBILITY', '1'), ('GDMSESSION', 'ubuntu'), ('LESSCLOSE', '/usr/bin/lesspipe %s %s'), ('QT_IM_MODULE', 'ibus'), ('PWD', '/home/bryan/Workspace/ros2_ws/build/cv_bridge'), ('LC_ALL', 'en_US.UTF-8'), ('XDG_CONFIG_DIRS', '/etc/xdg/xdg-ubuntu:/etc/xdg'), ('XDG_DATA_DIRS', '/usr/share/ubuntu:/usr/local/share/:/usr/share/:/var/lib/snapd/desktop'), ('PYTHONPATH', '/opt/ros/humble/lib/python3.10/site-packages:/opt/ros/humble/local/lib/python3.10/dist-packages'), ('COLCON', '1'), ('VTE_VERSION', '6800'), ('CMAKE_PREFIX_PATH', '/opt/ros/humble')]), 'shell': False}
[8.466244] (examples_rclcpp_async_client) StdoutLine: {'line': b'-- Looking for pthread.h\n'}
[8.499187] (-) TimerEvent: {}
[8.601716] (-) TimerEvent: {}
[8.616445] (cv_bridge) StdoutLine: {'line': b'[  6%] \x1b[32mBuilding CXX object src/CMakeFiles/cv_bridge.dir/cv_bridge.cpp.o\x1b[0m\n'}
[8.629361] (cv_bridge) StdoutLine: {'line': b'[  6%] Built target ament_cmake_python_symlink_cv_bridge\n'}
[8.654689] (cv_bridge) StdoutLine: {'line': b'[ 12%] \x1b[32mBuilding CXX object gtest/CMakeFiles/gtest_main.dir/src/gtest_main.cc.o\x1b[0m\n'}
[8.691676] (examples_rclcpp_async_client) StdoutLine: {'line': b'-- Looking for pthread.h - found\n'}
[8.691950] (examples_rclcpp_async_client) StdoutLine: {'line': b'-- Performing Test CMAKE_HAVE_LIBC_PTHREAD\n'}
[8.702386] (-) TimerEvent: {}
[8.796934] (cv_bridge) StdoutLine: {'line': b'[ 18%] \x1b[32mBuilding CXX object gtest/CMakeFiles/gtest.dir/src/gtest-all.cc.o\x1b[0m\n'}
[8.809497] (-) TimerEvent: {}
[8.924945] (-) TimerEvent: {}
[9.026428] (-) TimerEvent: {}
[9.152888] (-) TimerEvent: {}
[9.198870] (examples_rclcpp_async_client) StdoutLine: {'line': b'-- Performing Test CMAKE_HAVE_LIBC_PTHREAD - Success\n'}
[9.199147] (examples_rclcpp_async_client) StdoutLine: {'line': b'-- Found Threads: TRUE  \n'}
[9.250645] (-) TimerEvent: {}
[9.963439] (-) TimerEvent: {}
[10.179350] (-) TimerEvent: {}
[10.249108] (cv_bridge) StdoutLine: {'line': b'[ 25%] \x1b[32m\x1b[1mLinking CXX static library libgtest_main.a\x1b[0m\n'}
[10.279500] (-) TimerEvent: {}
[10.459431] (examples_rclcpp_async_client) StdoutLine: {'line': b'-- Found ament_lint_auto: 0.12.15 (/opt/ros/humble/share/ament_lint_auto/cmake)\n'}
[10.459715] (-) TimerEvent: {}
[10.983224] (cv_bridge) StdoutLine: {'line': b'[ 25%] Built target gtest_main\n'}
[10.983991] (-) TimerEvent: {}
[10.990889] (examples_rclcpp_async_client) StdoutLine: {'line': b"-- Added test 'copyright' to check source files copyright and LICENSE\n"}
[10.992262] (examples_rclcpp_async_client) StdoutLine: {'line': b"-- Added test 'cppcheck' to perform static code analysis on C / C++ code\n"}
[10.992492] (examples_rclcpp_async_client) StdoutLine: {'line': b'-- Configured cppcheck include dirs: \n'}
[10.992560] (examples_rclcpp_async_client) StdoutLine: {'line': b'-- Configured cppcheck exclude dirs and/or files: \n'}
[10.993126] (examples_rclcpp_async_client) StdoutLine: {'line': b"-- Added test 'cpplint' to check C / C++ code against the Google style\n"}
[10.993231] (examples_rclcpp_async_client) StdoutLine: {'line': b'-- Configured cpplint exclude dirs and/or files: \n'}
[10.994012] (examples_rclcpp_async_client) StdoutLine: {'line': b"-- Added test 'lint_cmake' to check CMake code style\n"}
[10.994910] (examples_rclcpp_async_client) StdoutLine: {'line': b"-- Added test 'uncrustify' to check C / C++ code style\n"}
[10.995032] (examples_rclcpp_async_client) StdoutLine: {'line': b'-- Configured uncrustify additional arguments: \n'}
[11.033464] (examples_rclcpp_async_client) StdoutLine: {'line': b"-- Added test 'xmllint' to check XML markup files\n"}
[11.033939] (examples_rclcpp_async_client) StdoutLine: {'line': b'-- Configuring done\n'}
[11.034059] (examples_rclcpp_async_client) StdoutLine: {'line': b'-- Generating done\n'}
[11.034164] (examples_rclcpp_async_client) StdoutLine: {'line': b'-- Build files have been written to: /home/bryan/Workspace/ros2_ws/build/examples_rclcpp_async_client\n'}
[11.054467] (examples_rclcpp_async_client) CommandEnded: {'returncode': 0}
[11.060428] (examples_rclcpp_async_client) JobProgress: {'identifier': 'examples_rclcpp_async_client', 'progress': 'build'}
[11.060475] (examples_rclcpp_async_client) Command: {'cmd': ['/usr/bin/cmake', '--build', '/home/bryan/Workspace/ros2_ws/build/examples_rclcpp_async_client', '--', '-j3', '-l3'], 'cwd': '/home/bryan/Workspace/ros2_ws/build/examples_rclcpp_async_client', 'env': OrderedDict([('LESSOPEN', '| /usr/bin/lesspipe %s'), ('USER', 'bryan'), ('XDG_SESSION_TYPE', 'wayland'), ('SHLVL', '1'), ('LD_LIBRARY_PATH', '/opt/ros/humble/opt/rviz_ogre_vendor/lib:/opt/ros/humble/lib/x86_64-linux-gnu:/opt/ros/humble/lib'), ('HOME', '/home/bryan'), ('OLDPWD', '/home/bryan/Workspace/ros2_ws/src/ros2_sumo-main'), ('DESKTOP_SESSION', 'ubuntu'), ('ROS_PYTHON_VERSION', '3'), ('GNOME_SHELL_SESSION_MODE', 'ubuntu'), ('GTK_MODULES', 'gail:atk-bridge'), ('SYSTEMD_EXEC_PID', '1570'), ('DBUS_SESSION_BUS_ADDRESS', 'unix:path=/run/user/1000/bus'), ('COLORTERM', 'truecolor'), ('IM_CONFIG_PHASE', '1'), ('WAYLAND_DISPLAY', 'wayland-0'), ('ROS_DISTRO', 'humble'), ('LOGNAME', 'bryan'), ('SUMO_HOME', '/usr/share/sumo/'), ('_', '/usr/bin/colcon'), ('ROS_VERSION', '2'), ('XDG_SESSION_CLASS', 'user'), ('USERNAME', 'bryan'), ('TERM', 'xterm-256color'), ('GNOME_DESKTOP_SESSION_ID', 'this-is-deprecated'), ('ROS_LOCALHOST_ONLY', '0'), ('PATH', '/opt/ros/humble/bin:/usr/local/sbin:/usr/local/bin:/usr/sbin:/usr/bin:/sbin:/bin:/usr/games:/usr/local/games:/snap/bin:/snap/bin'), ('SESSION_MANAGER', 'local/bryan-VirtualBox:@/tmp/.ICE-unix/1372,unix/bryan-VirtualBox:/tmp/.ICE-unix/1372'), ('XDG_MENU_PREFIX', 'gnome-'), ('GNOME_TERMINAL_SCREEN', '/org/gnome/Terminal/screen/71407a0b_323a_4971_8a7b_4147209295e5'), ('GNOME_SETUP_DISPLAY', ':1'), ('XDG_RUNTIME_DIR', '/run/user/1000'), ('DISPLAY', ':0'), ('LANG', 'en_US.UTF-8'), ('XDG_CURRENT_DESKTOP', 'ubuntu:GNOME'), ('XMODIFIERS', '@im=ibus'), ('XDG_SESSION_DESKTOP', 'ubuntu'), ('XAUTHORITY', '/run/user/1000/.mutter-Xwaylandauth.GH7FP3'), ('LS_COLORS', 'rs=0:di=01;34:ln=01;36:mh=00:pi=40;33:so=01;35:do=01;35:bd=40;33;01:cd=40;33;01:or=40;31;01:mi=00:su=37;41:sg=30;43:ca=30;41:tw=30;42:ow=34;42:st=37;44:ex=01;32:*.tar=01;31:*.tgz=01;31:*.arc=01;31:*.arj=01;31:*.taz=01;31:*.lha=01;31:*.lz4=01;31:*.lzh=01;31:*.lzma=01;31:*.tlz=01;31:*.txz=01;31:*.tzo=01;31:*.t7z=01;31:*.zip=01;31:*.z=01;31:*.dz=01;31:*.gz=01;31:*.lrz=01;31:*.lz=01;31:*.lzo=01;31:*.xz=01;31:*.zst=01;31:*.tzst=01;31:*.bz2=01;31:*.bz=01;31:*.tbz=01;31:*.tbz2=01;31:*.tz=01;31:*.deb=01;31:*.rpm=01;31:*.jar=01;31:*.war=01;31:*.ear=01;31:*.sar=01;31:*.rar=01;31:*.alz=01;31:*.ace=01;31:*.zoo=01;31:*.cpio=01;31:*.7z=01;31:*.rz=01;31:*.cab=01;31:*.wim=01;31:*.swm=01;31:*.dwm=01;31:*.esd=01;31:*.jpg=01;35:*.jpeg=01;35:*.mjpg=01;35:*.mjpeg=01;35:*.gif=01;35:*.bmp=01;35:*.pbm=01;35:*.pgm=01;35:*.ppm=01;35:*.tga=01;35:*.xbm=01;35:*.xpm=01;35:*.tif=01;35:*.tiff=01;35:*.png=01;35:*.svg=01;35:*.svgz=01;35:*.mng=01;35:*.pcx=01;35:*.mov=01;35:*.mpg=01;35:*.mpeg=01;35:*.m2v=01;35:*.mkv=01;35:*.webm=01;35:*.webp=01;35:*.ogm=01;35:*.mp4=01;35:*.m4v=01;35:*.mp4v=01;35:*.vob=01;35:*.qt=01;35:*.nuv=01;35:*.wmv=01;35:*.asf=01;35:*.rm=01;35:*.rmvb=01;35:*.flc=01;35:*.avi=01;35:*.fli=01;35:*.flv=01;35:*.gl=01;35:*.dl=01;35:*.xcf=01;35:*.xwd=01;35:*.yuv=01;35:*.cgm=01;35:*.emf=01;35:*.ogv=01;35:*.ogx=01;35:*.aac=00;36:*.au=00;36:*.flac=00;36:*.m4a=00;36:*.mid=00;36:*.midi=00;36:*.mka=00;36:*.mp3=00;36:*.mpc=00;36:*.ogg=00;36:*.ra=00;36:*.wav=00;36:*.oga=00;36:*.opus=00;36:*.spx=00;36:*.xspf=00;36:'), ('GNOME_TERMINAL_SERVICE', ':1.91'), ('SSH_AGENT_LAUNCHER', 'gnome-keyring'), ('SSH_AUTH_SOCK', '/run/user/1000/keyring/ssh'), ('AMENT_PREFIX_PATH', '/opt/ros/humble'), ('SHELL', '/bin/bash'), ('QT_ACCESSIBILITY', '1'), ('GDMSESSION', 'ubuntu'), ('LESSCLOSE', '/usr/bin/lesspipe %s %s'), ('QT_IM_MODULE', 'ibus'), ('PWD', '/home/bryan/Workspace/ros2_ws/build/examples_rclcpp_async_client'), ('LC_ALL', 'en_US.UTF-8'), ('XDG_CONFIG_DIRS', '/etc/xdg/xdg-ubuntu:/etc/xdg'), ('XDG_DATA_DIRS', '/usr/share/ubuntu:/usr/local/share/:/usr/share/:/var/lib/snapd/desktop'), ('PYTHONPATH', '/opt/ros/humble/lib/python3.10/site-packages:/opt/ros/humble/local/lib/python3.10/dist-packages'), ('COLCON', '1'), ('VTE_VERSION', '6800'), ('CMAKE_PREFIX_PATH', '/opt/ros/humble')]), 'shell': False}
[11.089178] (-) TimerEvent: {}
[11.194599] (-) TimerEvent: {}
[11.473027] (cv_bridge) StdoutLine: {'line': b'running egg_info\n'}
[11.473813] (-) TimerEvent: {}
[11.474188] (examples_rclcpp_async_client) StdoutLine: {'line': b'[ 50%] \x1b[32mBuilding CXX object CMakeFiles/client_main.dir/main.cpp.o\x1b[0m\n'}
[11.475198] (cv_bridge) StdoutLine: {'line': b'creating cv_bridge.egg-info\n'}
[11.475611] (cv_bridge) StdoutLine: {'line': b'writing cv_bridge.egg-info/PKG-INFO\n'}
[11.476478] (cv_bridge) StdoutLine: {'line': b'writing dependency_links to cv_bridge.egg-info/dependency_links.txt\n'}
[11.477015] (cv_bridge) StdoutLine: {'line': b'writing top-level names to cv_bridge.egg-info/top_level.txt\n'}
[11.477735] (cv_bridge) StdoutLine: {'line': b"writing manifest file 'cv_bridge.egg-info/SOURCES.txt'\n"}
[11.482478] (cv_bridge) StdoutLine: {'line': b"reading manifest file 'cv_bridge.egg-info/SOURCES.txt'\n"}
[11.482725] (cv_bridge) StdoutLine: {'line': b"writing manifest file 'cv_bridge.egg-info/SOURCES.txt'\n"}
[11.577728] (-) TimerEvent: {}
[11.595100] (cv_bridge) StdoutLine: {'line': b'[ 25%] Built target ament_cmake_python_build_cv_bridge_egg\n'}
[11.685696] (-) TimerEvent: {}
[11.709172] (cv_bridge) StdoutLine: {'line': b'[ 31%] \x1b[32mBuilding CXX object src/CMakeFiles/cv_bridge.dir/rgb_colors.cpp.o\x1b[0m\n'}
[11.790773] (-) TimerEvent: {}
[11.961231] (-) TimerEvent: {}
[12.532952] (-) TimerEvent: {}
[12.964745] (-) TimerEvent: {}
[13.216900] (-) TimerEvent: {}
[13.830563] (-) TimerEvent: {}
[13.968476] (-) TimerEvent: {}
[14.435023] (-) TimerEvent: {}
[14.631179] (-) TimerEvent: {}
[14.637023] (image_geometry) StdoutLine: {'line': b'[ 77%] \x1b[32m\x1b[1mLinking CXX static library libgtest.a\x1b[0m\n'}
[14.752160] (-) TimerEvent: {}
[14.886959] (image_geometry) StdoutLine: {'line': b'[ 77%] Built target gtest\n'}
[14.887172] (-) TimerEvent: {}
[14.929192] (image_geometry) StdoutLine: {'line': b'[ 88%] \x1b[32mBuilding CXX object CMakeFiles/image_geometry-utest.dir/test/utest.cpp.o\x1b[0m\n'}
[14.989359] (-) TimerEvent: {}
[15.132619] (-) TimerEvent: {}
[15.661539] (-) TimerEvent: {}
[15.953053] (-) TimerEvent: {}
[16.266011] (-) TimerEvent: {}
[16.305924] (cv_bridge) StdoutLine: {'line': b'[ 37%] \x1b[32m\x1b[1mLinking CXX static library libgtest.a\x1b[0m\n'}
[16.418630] (-) TimerEvent: {}
[16.440955] (cv_bridge) StdoutLine: {'line': b'[ 37%] Built target gtest\n'}
[16.771987] (-) TimerEvent: {}
[16.878667] (-) TimerEvent: {}
[16.980787] (-) TimerEvent: {}
[17.086981] (-) TimerEvent: {}
[17.203990] (-) TimerEvent: {}
[17.306516] (-) TimerEvent: {}
[17.480610] (-) TimerEvent: {}
[17.497467] (image_geometry) StdoutLine: {'line': b'[100%] \x1b[32m\x1b[1mLinking CXX executable image_geometry-utest\x1b[0m\n'}
[17.635263] (-) TimerEvent: {}
[17.807678] (-) TimerEvent: {}
[17.829023] (image_geometry) StdoutLine: {'line': b'[100%] Built target image_geometry-utest\n'}
[17.847217] (image_geometry) CommandEnded: {'returncode': 0}
[17.848257] (image_geometry) JobProgress: {'identifier': 'image_geometry', 'progress': 'install'}
[17.848674] (image_geometry) Command: {'cmd': ['/usr/bin/cmake', '--install', '/home/bryan/Workspace/ros2_ws/build/image_geometry'], 'cwd': '/home/bryan/Workspace/ros2_ws/build/image_geometry', 'env': OrderedDict([('LESSOPEN', '| /usr/bin/lesspipe %s'), ('USER', 'bryan'), ('XDG_SESSION_TYPE', 'wayland'), ('SHLVL', '1'), ('LD_LIBRARY_PATH', '/opt/ros/humble/opt/rviz_ogre_vendor/lib:/opt/ros/humble/lib/x86_64-linux-gnu:/opt/ros/humble/lib'), ('HOME', '/home/bryan'), ('OLDPWD', '/home/bryan/Workspace/ros2_ws/src/ros2_sumo-main'), ('DESKTOP_SESSION', 'ubuntu'), ('ROS_PYTHON_VERSION', '3'), ('GNOME_SHELL_SESSION_MODE', 'ubuntu'), ('GTK_MODULES', 'gail:atk-bridge'), ('SYSTEMD_EXEC_PID', '1570'), ('DBUS_SESSION_BUS_ADDRESS', 'unix:path=/run/user/1000/bus'), ('COLORTERM', 'truecolor'), ('IM_CONFIG_PHASE', '1'), ('WAYLAND_DISPLAY', 'wayland-0'), ('ROS_DISTRO', 'humble'), ('LOGNAME', 'bryan'), ('SUMO_HOME', '/usr/share/sumo/'), ('_', '/usr/bin/colcon'), ('ROS_VERSION', '2'), ('XDG_SESSION_CLASS', 'user'), ('USERNAME', 'bryan'), ('TERM', 'xterm-256color'), ('GNOME_DESKTOP_SESSION_ID', 'this-is-deprecated'), ('ROS_LOCALHOST_ONLY', '0'), ('PATH', '/opt/ros/humble/bin:/usr/local/sbin:/usr/local/bin:/usr/sbin:/usr/bin:/sbin:/bin:/usr/games:/usr/local/games:/snap/bin:/snap/bin'), ('SESSION_MANAGER', 'local/bryan-VirtualBox:@/tmp/.ICE-unix/1372,unix/bryan-VirtualBox:/tmp/.ICE-unix/1372'), ('XDG_MENU_PREFIX', 'gnome-'), ('GNOME_TERMINAL_SCREEN', '/org/gnome/Terminal/screen/71407a0b_323a_4971_8a7b_4147209295e5'), ('GNOME_SETUP_DISPLAY', ':1'), ('XDG_RUNTIME_DIR', '/run/user/1000'), ('DISPLAY', ':0'), ('LANG', 'en_US.UTF-8'), ('XDG_CURRENT_DESKTOP', 'ubuntu:GNOME'), ('XMODIFIERS', '@im=ibus'), ('XDG_SESSION_DESKTOP', 'ubuntu'), ('XAUTHORITY', '/run/user/1000/.mutter-Xwaylandauth.GH7FP3'), ('LS_COLORS', 'rs=0:di=01;34:ln=01;36:mh=00:pi=40;33:so=01;35:do=01;35:bd=40;33;01:cd=40;33;01:or=40;31;01:mi=00:su=37;41:sg=30;43:ca=30;41:tw=30;42:ow=34;42:st=37;44:ex=01;32:*.tar=01;31:*.tgz=01;31:*.arc=01;31:*.arj=01;31:*.taz=01;31:*.lha=01;31:*.lz4=01;31:*.lzh=01;31:*.lzma=01;31:*.tlz=01;31:*.txz=01;31:*.tzo=01;31:*.t7z=01;31:*.zip=01;31:*.z=01;31:*.dz=01;31:*.gz=01;31:*.lrz=01;31:*.lz=01;31:*.lzo=01;31:*.xz=01;31:*.zst=01;31:*.tzst=01;31:*.bz2=01;31:*.bz=01;31:*.tbz=01;31:*.tbz2=01;31:*.tz=01;31:*.deb=01;31:*.rpm=01;31:*.jar=01;31:*.war=01;31:*.ear=01;31:*.sar=01;31:*.rar=01;31:*.alz=01;31:*.ace=01;31:*.zoo=01;31:*.cpio=01;31:*.7z=01;31:*.rz=01;31:*.cab=01;31:*.wim=01;31:*.swm=01;31:*.dwm=01;31:*.esd=01;31:*.jpg=01;35:*.jpeg=01;35:*.mjpg=01;35:*.mjpeg=01;35:*.gif=01;35:*.bmp=01;35:*.pbm=01;35:*.pgm=01;35:*.ppm=01;35:*.tga=01;35:*.xbm=01;35:*.xpm=01;35:*.tif=01;35:*.tiff=01;35:*.png=01;35:*.svg=01;35:*.svgz=01;35:*.mng=01;35:*.pcx=01;35:*.mov=01;35:*.mpg=01;35:*.mpeg=01;35:*.m2v=01;35:*.mkv=01;35:*.webm=01;35:*.webp=01;35:*.ogm=01;35:*.mp4=01;35:*.m4v=01;35:*.mp4v=01;35:*.vob=01;35:*.qt=01;35:*.nuv=01;35:*.wmv=01;35:*.asf=01;35:*.rm=01;35:*.rmvb=01;35:*.flc=01;35:*.avi=01;35:*.fli=01;35:*.flv=01;35:*.gl=01;35:*.dl=01;35:*.xcf=01;35:*.xwd=01;35:*.yuv=01;35:*.cgm=01;35:*.emf=01;35:*.ogv=01;35:*.ogx=01;35:*.aac=00;36:*.au=00;36:*.flac=00;36:*.m4a=00;36:*.mid=00;36:*.midi=00;36:*.mka=00;36:*.mp3=00;36:*.mpc=00;36:*.ogg=00;36:*.ra=00;36:*.wav=00;36:*.oga=00;36:*.opus=00;36:*.spx=00;36:*.xspf=00;36:'), ('GNOME_TERMINAL_SERVICE', ':1.91'), ('SSH_AGENT_LAUNCHER', 'gnome-keyring'), ('SSH_AUTH_SOCK', '/run/user/1000/keyring/ssh'), ('AMENT_PREFIX_PATH', '/opt/ros/humble'), ('SHELL', '/bin/bash'), ('QT_ACCESSIBILITY', '1'), ('GDMSESSION', 'ubuntu'), ('LESSCLOSE', '/usr/bin/lesspipe %s %s'), ('QT_IM_MODULE', 'ibus'), ('PWD', '/home/bryan/Workspace/ros2_ws/build/image_geometry'), ('LC_ALL', 'en_US.UTF-8'), ('XDG_CONFIG_DIRS', '/etc/xdg/xdg-ubuntu:/etc/xdg'), ('XDG_DATA_DIRS', '/usr/share/ubuntu:/usr/local/share/:/usr/share/:/var/lib/snapd/desktop'), ('PYTHONPATH', '/opt/ros/humble/lib/python3.10/site-packages:/opt/ros/humble/local/lib/python3.10/dist-packages'), ('COLCON', '1'), ('VTE_VERSION', '6800'), ('CMAKE_PREFIX_PATH', '/opt/ros/humble')]), 'shell': False}
[17.952203] (-) TimerEvent: {}
[17.953788] (image_geometry) StdoutLine: {'line': b'-- Install configuration: ""\n'}
[17.954690] (image_geometry) StdoutLine: {'line': b'-- Execute custom install script\n'}
[17.954852] (image_geometry) StdoutLine: {'line': b'-- Symlinking: /home/bryan/Workspace/ros2_ws/install/image_geometry/share/image_geometry/environment/pythonpath.sh\n'}
[17.954969] (image_geometry) StdoutLine: {'line': b'-- Symlinking: /home/bryan/Workspace/ros2_ws/install/image_geometry/share/image_geometry/environment/pythonpath.dsv\n'}
[17.955065] (image_geometry) StdoutLine: {'line': b'-- Symlinking: /home/bryan/Workspace/ros2_ws/install/image_geometry/local/lib/python3.10/dist-packages/image_geometry-3.2.1-py3.10.egg-info/PKG-INFO\n'}
[17.955165] (image_geometry) StdoutLine: {'line': b'-- Symlinking: /home/bryan/Workspace/ros2_ws/install/image_geometry/local/lib/python3.10/dist-packages/image_geometry-3.2.1-py3.10.egg-info/SOURCES.txt\n'}
[17.955264] (image_geometry) StdoutLine: {'line': b'-- Symlinking: /home/bryan/Workspace/ros2_ws/install/image_geometry/local/lib/python3.10/dist-packages/image_geometry-3.2.1-py3.10.egg-info/dependency_links.txt\n'}
[17.955404] (image_geometry) StdoutLine: {'line': b'-- Symlinking: /home/bryan/Workspace/ros2_ws/install/image_geometry/local/lib/python3.10/dist-packages/image_geometry-3.2.1-py3.10.egg-info/top_level.txt\n'}
[17.969483] (image_geometry) StdoutLine: {'line': b'-- Symlinking: /home/bryan/Workspace/ros2_ws/install/image_geometry/local/lib/python3.10/dist-packages/image_geometry/__init__.py\n'}
[17.982774] (image_geometry) StdoutLine: {'line': b'-- Symlinking: /home/bryan/Workspace/ros2_ws/install/image_geometry/local/lib/python3.10/dist-packages/image_geometry/cameramodels.py\n'}
[17.994854] (image_geometry) StdoutLine: {'line': b'-- Symlinking: /home/bryan/Workspace/ros2_ws/install/image_geometry/include/image_geometry/image_geometry/pinhole_camera_model.h\n'}
[18.007973] (image_geometry) StdoutLine: {'line': b'-- Symlinking: /home/bryan/Workspace/ros2_ws/install/image_geometry/include/image_geometry/image_geometry/stereo_camera_model.h\n'}
[18.022230] (image_geometry) StdoutLine: {'line': b'-- Symlinking: /home/bryan/Workspace/ros2_ws/install/image_geometry/include/image_geometry/image_geometry/visibility_control.hpp\n'}
[18.035488] (image_geometry) StdoutLine: {'line': b'-- Symlinking: /home/bryan/Workspace/ros2_ws/install/image_geometry/share/ament_index/resource_index/package_run_dependencies/image_geometry\n'}
[18.055042] (image_geometry) StdoutLine: {'line': b'-- Symlinking: /home/bryan/Workspace/ros2_ws/install/image_geometry/share/ament_index/resource_index/parent_prefix_path/image_geometry\n'}
[18.055309] (-) TimerEvent: {}
[18.073167] (image_geometry) StdoutLine: {'line': b'-- Symlinking: /home/bryan/Workspace/ros2_ws/install/image_geometry/share/image_geometry/environment/ament_prefix_path.sh\n'}
[18.088888] (image_geometry) StdoutLine: {'line': b'-- Symlinking: /home/bryan/Workspace/ros2_ws/install/image_geometry/share/image_geometry/environment/ament_prefix_path.dsv\n'}
[18.105469] (image_geometry) StdoutLine: {'line': b'-- Symlinking: /home/bryan/Workspace/ros2_ws/install/image_geometry/share/image_geometry/environment/path.sh\n'}
[18.121866] (image_geometry) StdoutLine: {'line': b'-- Symlinking: /home/bryan/Workspace/ros2_ws/install/image_geometry/share/image_geometry/environment/path.dsv\n'}
[18.155205] (image_geometry) StdoutLine: {'line': b'-- Symlinking: /home/bryan/Workspace/ros2_ws/install/image_geometry/share/image_geometry/local_setup.bash\n'}
[18.155433] (-) TimerEvent: {}
[18.157988] (image_geometry) StdoutLine: {'line': b'-- Symlinking: /home/bryan/Workspace/ros2_ws/install/image_geometry/share/image_geometry/local_setup.sh\n'}
[18.196428] (image_geometry) StdoutLine: {'line': b'-- Symlinking: /home/bryan/Workspace/ros2_ws/install/image_geometry/share/image_geometry/local_setup.zsh\n'}
[18.198219] (image_geometry) StdoutLine: {'line': b'-- Symlinking: /home/bryan/Workspace/ros2_ws/install/image_geometry/share/image_geometry/local_setup.dsv\n'}
[18.218279] (image_geometry) StdoutLine: {'line': b'-- Symlinking: /home/bryan/Workspace/ros2_ws/install/image_geometry/share/image_geometry/package.dsv\n'}
[18.234907] (image_geometry) StdoutLine: {'line': b'-- Symlinking: /home/bryan/Workspace/ros2_ws/install/image_geometry/share/ament_index/resource_index/packages/image_geometry\n'}
[18.251930] (image_geometry) StdoutLine: {'line': b'-- Symlinking: /home/bryan/Workspace/ros2_ws/install/image_geometry/share/image_geometry/cmake/ament_cmake_export_targets-extras.cmake\n'}
[18.331125] (image_geometry) StdoutLine: {'line': b'-- Symlinking: /home/bryan/Workspace/ros2_ws/install/image_geometry/share/image_geometry/cmake/ament_cmake_export_dependencies-extras.cmake\n'}
[18.331385] (-) TimerEvent: {}
[18.332137] (image_geometry) StdoutLine: {'line': b'-- Symlinking: /home/bryan/Workspace/ros2_ws/install/image_geometry/share/image_geometry/cmake/image_geometryConfig.cmake\n'}
[18.332310] (image_geometry) StdoutLine: {'line': b'-- Symlinking: /home/bryan/Workspace/ros2_ws/install/image_geometry/share/image_geometry/cmake/image_geometryConfig-version.cmake\n'}
[18.335481] (image_geometry) StdoutLine: {'line': b'-- Symlinking: /home/bryan/Workspace/ros2_ws/install/image_geometry/share/image_geometry/package.xml\n'}
[18.392552] (image_geometry) StdoutLine: {'line': b"Listing '/home/bryan/Workspace/ros2_ws/install/image_geometry/local/lib/python3.10/dist-packages/image_geometry'...\n"}
[18.392756] (image_geometry) StdoutLine: {'line': b"Compiling '/home/bryan/Workspace/ros2_ws/install/image_geometry/local/lib/python3.10/dist-packages/image_geometry/__init__.py'...\n"}
[18.392838] (image_geometry) StdoutLine: {'line': b"Compiling '/home/bryan/Workspace/ros2_ws/install/image_geometry/local/lib/python3.10/dist-packages/image_geometry/cameramodels.py'...\n"}
[18.401115] (image_geometry) StdoutLine: {'line': b'-- Installing: /home/bryan/Workspace/ros2_ws/install/image_geometry/lib/libimage_geometry.so\n'}
[18.401913] (image_geometry) StdoutLine: {'line': b'-- Set runtime path of "/home/bryan/Workspace/ros2_ws/install/image_geometry/lib/libimage_geometry.so" to ""\n'}
[18.402979] (image_geometry) StdoutLine: {'line': b'-- Installing: /home/bryan/Workspace/ros2_ws/install/image_geometry/share/image_geometry/cmake/export_image_geometryExport.cmake\n'}
[18.405585] (image_geometry) StdoutLine: {'line': b'-- Installing: /home/bryan/Workspace/ros2_ws/install/image_geometry/share/image_geometry/cmake/export_image_geometryExport-noconfig.cmake\n'}
[18.407103] (image_geometry) CommandEnded: {'returncode': 0}
[18.877989] (-) TimerEvent: {}
[18.922728] (image_geometry) JobEnded: {'identifier': 'image_geometry', 'rc': 0}
[18.925619] (examples_rclcpp_cbg_executor) JobStarted: {'identifier': 'examples_rclcpp_cbg_executor'}
[18.944293] (examples_rclcpp_cbg_executor) JobProgress: {'identifier': 'examples_rclcpp_cbg_executor', 'progress': 'cmake'}
[18.944863] (examples_rclcpp_cbg_executor) Command: {'cmd': ['/usr/bin/cmake', '/home/bryan/Workspace/ros2_ws/src/examples/rclcpp/executors/cbg_executor', '-DAMENT_CMAKE_SYMLINK_INSTALL=1', '-DCMAKE_INSTALL_PREFIX=/home/bryan/Workspace/ros2_ws/install/examples_rclcpp_cbg_executor'], 'cwd': '/home/bryan/Workspace/ros2_ws/build/examples_rclcpp_cbg_executor', 'env': OrderedDict([('LESSOPEN', '| /usr/bin/lesspipe %s'), ('USER', 'bryan'), ('XDG_SESSION_TYPE', 'wayland'), ('SHLVL', '1'), ('LD_LIBRARY_PATH', '/opt/ros/humble/opt/rviz_ogre_vendor/lib:/opt/ros/humble/lib/x86_64-linux-gnu:/opt/ros/humble/lib'), ('HOME', '/home/bryan'), ('OLDPWD', '/home/bryan/Workspace/ros2_ws/src/ros2_sumo-main'), ('DESKTOP_SESSION', 'ubuntu'), ('ROS_PYTHON_VERSION', '3'), ('GNOME_SHELL_SESSION_MODE', 'ubuntu'), ('GTK_MODULES', 'gail:atk-bridge'), ('SYSTEMD_EXEC_PID', '1570'), ('DBUS_SESSION_BUS_ADDRESS', 'unix:path=/run/user/1000/bus'), ('COLORTERM', 'truecolor'), ('IM_CONFIG_PHASE', '1'), ('WAYLAND_DISPLAY', 'wayland-0'), ('ROS_DISTRO', 'humble'), ('LOGNAME', 'bryan'), ('SUMO_HOME', '/usr/share/sumo/'), ('_', '/usr/bin/colcon'), ('ROS_VERSION', '2'), ('XDG_SESSION_CLASS', 'user'), ('USERNAME', 'bryan'), ('TERM', 'xterm-256color'), ('GNOME_DESKTOP_SESSION_ID', 'this-is-deprecated'), ('ROS_LOCALHOST_ONLY', '0'), ('PATH', '/opt/ros/humble/bin:/usr/local/sbin:/usr/local/bin:/usr/sbin:/usr/bin:/sbin:/bin:/usr/games:/usr/local/games:/snap/bin:/snap/bin'), ('SESSION_MANAGER', 'local/bryan-VirtualBox:@/tmp/.ICE-unix/1372,unix/bryan-VirtualBox:/tmp/.ICE-unix/1372'), ('XDG_MENU_PREFIX', 'gnome-'), ('GNOME_TERMINAL_SCREEN', '/org/gnome/Terminal/screen/71407a0b_323a_4971_8a7b_4147209295e5'), ('GNOME_SETUP_DISPLAY', ':1'), ('XDG_RUNTIME_DIR', '/run/user/1000'), ('DISPLAY', ':0'), ('LANG', 'en_US.UTF-8'), ('XDG_CURRENT_DESKTOP', 'ubuntu:GNOME'), ('XMODIFIERS', '@im=ibus'), ('XDG_SESSION_DESKTOP', 'ubuntu'), ('XAUTHORITY', '/run/user/1000/.mutter-Xwaylandauth.GH7FP3'), ('LS_COLORS', 'rs=0:di=01;34:ln=01;36:mh=00:pi=40;33:so=01;35:do=01;35:bd=40;33;01:cd=40;33;01:or=40;31;01:mi=00:su=37;41:sg=30;43:ca=30;41:tw=30;42:ow=34;42:st=37;44:ex=01;32:*.tar=01;31:*.tgz=01;31:*.arc=01;31:*.arj=01;31:*.taz=01;31:*.lha=01;31:*.lz4=01;31:*.lzh=01;31:*.lzma=01;31:*.tlz=01;31:*.txz=01;31:*.tzo=01;31:*.t7z=01;31:*.zip=01;31:*.z=01;31:*.dz=01;31:*.gz=01;31:*.lrz=01;31:*.lz=01;31:*.lzo=01;31:*.xz=01;31:*.zst=01;31:*.tzst=01;31:*.bz2=01;31:*.bz=01;31:*.tbz=01;31:*.tbz2=01;31:*.tz=01;31:*.deb=01;31:*.rpm=01;31:*.jar=01;31:*.war=01;31:*.ear=01;31:*.sar=01;31:*.rar=01;31:*.alz=01;31:*.ace=01;31:*.zoo=01;31:*.cpio=01;31:*.7z=01;31:*.rz=01;31:*.cab=01;31:*.wim=01;31:*.swm=01;31:*.dwm=01;31:*.esd=01;31:*.jpg=01;35:*.jpeg=01;35:*.mjpg=01;35:*.mjpeg=01;35:*.gif=01;35:*.bmp=01;35:*.pbm=01;35:*.pgm=01;35:*.ppm=01;35:*.tga=01;35:*.xbm=01;35:*.xpm=01;35:*.tif=01;35:*.tiff=01;35:*.png=01;35:*.svg=01;35:*.svgz=01;35:*.mng=01;35:*.pcx=01;35:*.mov=01;35:*.mpg=01;35:*.mpeg=01;35:*.m2v=01;35:*.mkv=01;35:*.webm=01;35:*.webp=01;35:*.ogm=01;35:*.mp4=01;35:*.m4v=01;35:*.mp4v=01;35:*.vob=01;35:*.qt=01;35:*.nuv=01;35:*.wmv=01;35:*.asf=01;35:*.rm=01;35:*.rmvb=01;35:*.flc=01;35:*.avi=01;35:*.fli=01;35:*.flv=01;35:*.gl=01;35:*.dl=01;35:*.xcf=01;35:*.xwd=01;35:*.yuv=01;35:*.cgm=01;35:*.emf=01;35:*.ogv=01;35:*.ogx=01;35:*.aac=00;36:*.au=00;36:*.flac=00;36:*.m4a=00;36:*.mid=00;36:*.midi=00;36:*.mka=00;36:*.mp3=00;36:*.mpc=00;36:*.ogg=00;36:*.ra=00;36:*.wav=00;36:*.oga=00;36:*.opus=00;36:*.spx=00;36:*.xspf=00;36:'), ('GNOME_TERMINAL_SERVICE', ':1.91'), ('SSH_AGENT_LAUNCHER', 'gnome-keyring'), ('SSH_AUTH_SOCK', '/run/user/1000/keyring/ssh'), ('AMENT_PREFIX_PATH', '/opt/ros/humble'), ('SHELL', '/bin/bash'), ('QT_ACCESSIBILITY', '1'), ('GDMSESSION', 'ubuntu'), ('LESSCLOSE', '/usr/bin/lesspipe %s %s'), ('QT_IM_MODULE', 'ibus'), ('PWD', '/home/bryan/Workspace/ros2_ws/build/examples_rclcpp_cbg_executor'), ('LC_ALL', 'en_US.UTF-8'), ('XDG_CONFIG_DIRS', '/etc/xdg/xdg-ubuntu:/etc/xdg'), ('XDG_DATA_DIRS', '/usr/share/ubuntu:/usr/local/share/:/usr/share/:/var/lib/snapd/desktop'), ('PYTHONPATH', '/opt/ros/humble/lib/python3.10/site-packages:/opt/ros/humble/local/lib/python3.10/dist-packages'), ('COLCON', '1'), ('VTE_VERSION', '6800'), ('CMAKE_PREFIX_PATH', '/opt/ros/humble')]), 'shell': False}
[18.983150] (-) TimerEvent: {}
[19.092710] (-) TimerEvent: {}
[19.105500] (examples_rclcpp_cbg_executor) StdoutLine: {'line': b'-- The C compiler identification is GNU 11.4.0\n'}
[19.193027] (-) TimerEvent: {}
[19.253546] (examples_rclcpp_cbg_executor) StdoutLine: {'line': b'-- The CXX compiler identification is GNU 11.4.0\n'}
[19.279881] (examples_rclcpp_cbg_executor) StdoutLine: {'line': b'-- Detecting C compiler ABI info\n'}
[19.286574] (cv_bridge) StdoutLine: {'line': b'[ 43%] \x1b[32m\x1b[1mLinking CXX shared library libcv_bridge.so\x1b[0m\n'}
[19.293452] (-) TimerEvent: {}
[19.573701] (-) TimerEvent: {}
[19.647098] (examples_rclcpp_cbg_executor) StdoutLine: {'line': b'-- Detecting C compiler ABI info - done\n'}
[19.654071] (cv_bridge) StdoutLine: {'line': b'[ 43%] Built target cv_bridge\n'}
[19.670968] (examples_rclcpp_cbg_executor) StdoutLine: {'line': b'-- Check for working C compiler: /usr/bin/cc - skipped\n'}
[19.671140] (examples_rclcpp_cbg_executor) StdoutLine: {'line': b'-- Detecting C compile features\n'}
[19.675894] (examples_rclcpp_cbg_executor) StdoutLine: {'line': b'-- Detecting C compile features - done\n'}
[19.676573] (-) TimerEvent: {}
[19.677229] (examples_rclcpp_cbg_executor) StdoutLine: {'line': b'-- Detecting CXX compiler ABI info\n'}
[19.756896] (cv_bridge) StdoutLine: {'line': b'[ 50%] \x1b[32mBuilding CXX object src/CMakeFiles/cv_bridge_boost.dir/module.cpp.o\x1b[0m\n'}
[19.757163] (cv_bridge) StdoutLine: {'line': b'[ 56%] \x1b[32mBuilding CXX object test/CMakeFiles/cv_bridge-utest.dir/test_endian.cpp.o\x1b[0m\n'}
[19.765527] (cv_bridge) StdoutLine: {'line': b'[ 62%] \x1b[32mBuilding CXX object test/CMakeFiles/cv_bridge-utest.dir/test_compression.cpp.o\x1b[0m\n'}
[19.779653] (-) TimerEvent: {}
[19.885519] (-) TimerEvent: {}
[19.953730] (examples_rclcpp_cbg_executor) StdoutLine: {'line': b'-- Detecting CXX compiler ABI info - done\n'}
[19.969213] (examples_rclcpp_cbg_executor) StdoutLine: {'line': b'-- Check for working CXX compiler: /usr/bin/c++ - skipped\n'}
[19.971240] (examples_rclcpp_cbg_executor) StdoutLine: {'line': b'-- Detecting CXX compile features\n'}
[19.971394] (examples_rclcpp_cbg_executor) StdoutLine: {'line': b'-- Detecting CXX compile features - done\n'}
[19.990619] (-) TimerEvent: {}
[19.994928] (examples_rclcpp_cbg_executor) StdoutLine: {'line': b'-- Found ament_cmake: 1.3.14 (/opt/ros/humble/share/ament_cmake/cmake)\n'}
[20.960393] (-) TimerEvent: {}
[21.512240] (-) TimerEvent: {}
[21.627788] (-) TimerEvent: {}
[21.712078] (cv_bridge) StdoutLine: {'line': b'[ 68%] \x1b[32mBuilding CXX object test/CMakeFiles/cv_bridge-utest.dir/utest.cpp.o\x1b[0m\n'}
[21.725283] (examples_rclcpp_cbg_executor) StdoutLine: {'line': b'-- Found Python3: /usr/bin/python3 (found version "3.10.12") found components: Interpreter \n'}
[21.729551] (-) TimerEvent: {}
[21.825268] (examples_rclcpp_cbg_executor) StdoutLine: {'line': b'-- Override CMake install command with custom implementation using symlinks instead of copying resources\n'}
[21.853512] (examples_rclcpp_cbg_executor) StdoutLine: {'line': b'-- Found rclcpp: 16.0.18 (/opt/ros/humble/share/rclcpp/cmake)\n'}
[21.853663] (-) TimerEvent: {}
[21.917311] (examples_rclcpp_cbg_executor) StdoutLine: {'line': b'-- Found rosidl_generator_c: 3.1.8 (/opt/ros/humble/share/rosidl_generator_c/cmake)\n'}
[21.924350] (examples_rclcpp_cbg_executor) StdoutLine: {'line': b'-- Found rosidl_adapter: 3.1.8 (/opt/ros/humble/share/rosidl_adapter/cmake)\n'}
[21.935947] (examples_rclcpp_cbg_executor) StdoutLine: {'line': b'-- Found rosidl_generator_cpp: 3.1.8 (/opt/ros/humble/share/rosidl_generator_cpp/cmake)\n'}
[21.972724] (-) TimerEvent: {}
[22.004086] (examples_rclcpp_cbg_executor) StdoutLine: {'line': b'-- Using all available rosidl_typesupport_c: rosidl_typesupport_fastrtps_c;rosidl_typesupport_introspection_c\n'}
[22.049941] (examples_rclcpp_cbg_executor) StdoutLine: {'line': b'-- Using all available rosidl_typesupport_cpp: rosidl_typesupport_fastrtps_cpp;rosidl_typesupport_introspection_cpp\n'}
[22.074008] (-) TimerEvent: {}
[22.088822] (cv_bridge) StdoutLine: {'line': b'[ 75%] \x1b[32mBuilding CXX object test/CMakeFiles/cv_bridge-utest.dir/utest2.cpp.o\x1b[0m\n'}
[22.184431] (-) TimerEvent: {}
[22.203138] (examples_rclcpp_cbg_executor) StdoutLine: {'line': b'-- Found rmw_implementation_cmake: 6.1.2 (/opt/ros/humble/share/rmw_implementation_cmake/cmake)\n'}
[22.207525] (examples_rclcpp_cbg_executor) StdoutLine: {'line': b'-- Found rmw_fastrtps_cpp: 6.2.10 (/opt/ros/humble/share/rmw_fastrtps_cpp/cmake)\n'}
[22.305999] (-) TimerEvent: {}
[22.520482] (-) TimerEvent: {}
[22.521340] (examples_rclcpp_cbg_executor) StdoutLine: {'line': b'-- Found OpenSSL: /usr/lib/x86_64-linux-gnu/libcrypto.so (found version "3.0.2")  \n'}
[22.521632] (examples_rclcpp_cbg_executor) StdoutLine: {'line': b'-- Found FastRTPS: /opt/ros/humble/include  \n'}
[22.521775] (examples_rclcpp_cbg_executor) StdoutLine: {'line': b"-- Using RMW implementation 'rmw_fastrtps_cpp' as default\n"}
[22.521836] (examples_rclcpp_cbg_executor) StdoutLine: {'line': b'-- Looking for pthread.h\n'}
[22.620875] (-) TimerEvent: {}
[22.722572] (-) TimerEvent: {}
[22.747725] (examples_rclcpp_cbg_executor) StdoutLine: {'line': b'-- Looking for pthread.h - found\n'}
[22.747988] (examples_rclcpp_cbg_executor) StdoutLine: {'line': b'-- Performing Test CMAKE_HAVE_LIBC_PTHREAD\n'}
[22.970430] (-) TimerEvent: {}
[23.650479] (-) TimerEvent: {}
[23.718842] (examples_rclcpp_async_client) StdoutLine: {'line': b'[100%] \x1b[32m\x1b[1mLinking CXX executable client_main\x1b[0m\n'}
[23.754665] (-) TimerEvent: {}
[23.863254] (-) TimerEvent: {}
[23.971714] (-) TimerEvent: {}
[24.074884] (-) TimerEvent: {}
[24.176636] (-) TimerEvent: {}
[24.194551] (examples_rclcpp_cbg_executor) StdoutLine: {'line': b'-- Performing Test CMAKE_HAVE_LIBC_PTHREAD - Success\n'}
[24.194868] (examples_rclcpp_cbg_executor) StdoutLine: {'line': b'-- Found Threads: TRUE  \n'}
[24.279714] (cv_bridge) StdoutLine: {'line': b'[ 81%] \x1b[32mBuilding CXX object test/CMakeFiles/cv_bridge-utest.dir/test_rgb_colors.cpp.o\x1b[0m\n'}
[24.279950] (-) TimerEvent: {}
[24.336510] (examples_rclcpp_cbg_executor) StdoutLine: {'line': b'-- Found ament_lint_auto: 0.12.15 (/opt/ros/humble/share/ament_lint_auto/cmake)\n'}
[24.394821] (-) TimerEvent: {}
[24.541505] (examples_rclcpp_cbg_executor) StdoutLine: {'line': b"-- Added test 'copyright' to check source files copyright and LICENSE\n"}
[24.541771] (-) TimerEvent: {}
[24.549701] (examples_rclcpp_async_client) StdoutLine: {'line': b'[100%] Built target client_main\n'}
[24.589008] (examples_rclcpp_async_client) CommandEnded: {'returncode': 0}
[24.590192] (examples_rclcpp_async_client) JobProgress: {'identifier': 'examples_rclcpp_async_client', 'progress': 'install'}
[24.590234] (examples_rclcpp_async_client) Command: {'cmd': ['/usr/bin/cmake', '--install', '/home/bryan/Workspace/ros2_ws/build/examples_rclcpp_async_client'], 'cwd': '/home/bryan/Workspace/ros2_ws/build/examples_rclcpp_async_client', 'env': OrderedDict([('LESSOPEN', '| /usr/bin/lesspipe %s'), ('USER', 'bryan'), ('XDG_SESSION_TYPE', 'wayland'), ('SHLVL', '1'), ('LD_LIBRARY_PATH', '/opt/ros/humble/opt/rviz_ogre_vendor/lib:/opt/ros/humble/lib/x86_64-linux-gnu:/opt/ros/humble/lib'), ('HOME', '/home/bryan'), ('OLDPWD', '/home/bryan/Workspace/ros2_ws/src/ros2_sumo-main'), ('DESKTOP_SESSION', 'ubuntu'), ('ROS_PYTHON_VERSION', '3'), ('GNOME_SHELL_SESSION_MODE', 'ubuntu'), ('GTK_MODULES', 'gail:atk-bridge'), ('SYSTEMD_EXEC_PID', '1570'), ('DBUS_SESSION_BUS_ADDRESS', 'unix:path=/run/user/1000/bus'), ('COLORTERM', 'truecolor'), ('IM_CONFIG_PHASE', '1'), ('WAYLAND_DISPLAY', 'wayland-0'), ('ROS_DISTRO', 'humble'), ('LOGNAME', 'bryan'), ('SUMO_HOME', '/usr/share/sumo/'), ('_', '/usr/bin/colcon'), ('ROS_VERSION', '2'), ('XDG_SESSION_CLASS', 'user'), ('USERNAME', 'bryan'), ('TERM', 'xterm-256color'), ('GNOME_DESKTOP_SESSION_ID', 'this-is-deprecated'), ('ROS_LOCALHOST_ONLY', '0'), ('PATH', '/opt/ros/humble/bin:/usr/local/sbin:/usr/local/bin:/usr/sbin:/usr/bin:/sbin:/bin:/usr/games:/usr/local/games:/snap/bin:/snap/bin'), ('SESSION_MANAGER', 'local/bryan-VirtualBox:@/tmp/.ICE-unix/1372,unix/bryan-VirtualBox:/tmp/.ICE-unix/1372'), ('XDG_MENU_PREFIX', 'gnome-'), ('GNOME_TERMINAL_SCREEN', '/org/gnome/Terminal/screen/71407a0b_323a_4971_8a7b_4147209295e5'), ('GNOME_SETUP_DISPLAY', ':1'), ('XDG_RUNTIME_DIR', '/run/user/1000'), ('DISPLAY', ':0'), ('LANG', 'en_US.UTF-8'), ('XDG_CURRENT_DESKTOP', 'ubuntu:GNOME'), ('XMODIFIERS', '@im=ibus'), ('XDG_SESSION_DESKTOP', 'ubuntu'), ('XAUTHORITY', '/run/user/1000/.mutter-Xwaylandauth.GH7FP3'), ('LS_COLORS', 'rs=0:di=01;34:ln=01;36:mh=00:pi=40;33:so=01;35:do=01;35:bd=40;33;01:cd=40;33;01:or=40;31;01:mi=00:su=37;41:sg=30;43:ca=30;41:tw=30;42:ow=34;42:st=37;44:ex=01;32:*.tar=01;31:*.tgz=01;31:*.arc=01;31:*.arj=01;31:*.taz=01;31:*.lha=01;31:*.lz4=01;31:*.lzh=01;31:*.lzma=01;31:*.tlz=01;31:*.txz=01;31:*.tzo=01;31:*.t7z=01;31:*.zip=01;31:*.z=01;31:*.dz=01;31:*.gz=01;31:*.lrz=01;31:*.lz=01;31:*.lzo=01;31:*.xz=01;31:*.zst=01;31:*.tzst=01;31:*.bz2=01;31:*.bz=01;31:*.tbz=01;31:*.tbz2=01;31:*.tz=01;31:*.deb=01;31:*.rpm=01;31:*.jar=01;31:*.war=01;31:*.ear=01;31:*.sar=01;31:*.rar=01;31:*.alz=01;31:*.ace=01;31:*.zoo=01;31:*.cpio=01;31:*.7z=01;31:*.rz=01;31:*.cab=01;31:*.wim=01;31:*.swm=01;31:*.dwm=01;31:*.esd=01;31:*.jpg=01;35:*.jpeg=01;35:*.mjpg=01;35:*.mjpeg=01;35:*.gif=01;35:*.bmp=01;35:*.pbm=01;35:*.pgm=01;35:*.ppm=01;35:*.tga=01;35:*.xbm=01;35:*.xpm=01;35:*.tif=01;35:*.tiff=01;35:*.png=01;35:*.svg=01;35:*.svgz=01;35:*.mng=01;35:*.pcx=01;35:*.mov=01;35:*.mpg=01;35:*.mpeg=01;35:*.m2v=01;35:*.mkv=01;35:*.webm=01;35:*.webp=01;35:*.ogm=01;35:*.mp4=01;35:*.m4v=01;35:*.mp4v=01;35:*.vob=01;35:*.qt=01;35:*.nuv=01;35:*.wmv=01;35:*.asf=01;35:*.rm=01;35:*.rmvb=01;35:*.flc=01;35:*.avi=01;35:*.fli=01;35:*.flv=01;35:*.gl=01;35:*.dl=01;35:*.xcf=01;35:*.xwd=01;35:*.yuv=01;35:*.cgm=01;35:*.emf=01;35:*.ogv=01;35:*.ogx=01;35:*.aac=00;36:*.au=00;36:*.flac=00;36:*.m4a=00;36:*.mid=00;36:*.midi=00;36:*.mka=00;36:*.mp3=00;36:*.mpc=00;36:*.ogg=00;36:*.ra=00;36:*.wav=00;36:*.oga=00;36:*.opus=00;36:*.spx=00;36:*.xspf=00;36:'), ('GNOME_TERMINAL_SERVICE', ':1.91'), ('SSH_AGENT_LAUNCHER', 'gnome-keyring'), ('SSH_AUTH_SOCK', '/run/user/1000/keyring/ssh'), ('AMENT_PREFIX_PATH', '/opt/ros/humble'), ('SHELL', '/bin/bash'), ('QT_ACCESSIBILITY', '1'), ('GDMSESSION', 'ubuntu'), ('LESSCLOSE', '/usr/bin/lesspipe %s %s'), ('QT_IM_MODULE', 'ibus'), ('PWD', '/home/bryan/Workspace/ros2_ws/build/examples_rclcpp_async_client'), ('LC_ALL', 'en_US.UTF-8'), ('XDG_CONFIG_DIRS', '/etc/xdg/xdg-ubuntu:/etc/xdg'), ('XDG_DATA_DIRS', '/usr/share/ubuntu:/usr/local/share/:/usr/share/:/var/lib/snapd/desktop'), ('PYTHONPATH', '/opt/ros/humble/lib/python3.10/site-packages:/opt/ros/humble/local/lib/python3.10/dist-packages'), ('COLCON', '1'), ('VTE_VERSION', '6800'), ('CMAKE_PREFIX_PATH', '/opt/ros/humble')]), 'shell': False}
[24.606522] (examples_rclcpp_cbg_executor) StdoutLine: {'line': b"-- Added test 'cppcheck' to perform static code analysis on C / C++ code\n"}
[24.606774] (examples_rclcpp_cbg_executor) StdoutLine: {'line': b'-- Configured cppcheck include dirs: /home/bryan/Workspace/ros2_ws/src/examples/rclcpp/executors/cbg_executor/include\n'}
[24.606874] (examples_rclcpp_cbg_executor) StdoutLine: {'line': b'-- Configured cppcheck exclude dirs and/or files: \n'}
[24.607027] (examples_rclcpp_cbg_executor) StdoutLine: {'line': b"-- Added test 'cpplint' to check C / C++ code against the Google style\n"}
[24.607226] (examples_rclcpp_cbg_executor) StdoutLine: {'line': b'-- Configured cpplint exclude dirs and/or files: \n'}
[24.616673] (examples_rclcpp_cbg_executor) StdoutLine: {'line': b"-- Added test 'lint_cmake' to check CMake code style\n"}
[24.616935] (examples_rclcpp_cbg_executor) StdoutLine: {'line': b"-- Added test 'uncrustify' to check C / C++ code style\n"}
[24.617140] (examples_rclcpp_cbg_executor) StdoutLine: {'line': b'-- Configured uncrustify additional arguments: \n'}
[24.622764] (examples_rclcpp_cbg_executor) StdoutLine: {'line': b"-- Added test 'xmllint' to check XML markup files\n"}
[24.623383] (examples_rclcpp_cbg_executor) StdoutLine: {'line': b'-- Configuring done\n'}
[24.632037] (examples_rclcpp_async_client) StdoutLine: {'line': b'-- Install configuration: ""\n'}
[24.632232] (examples_rclcpp_async_client) StdoutLine: {'line': b'-- Execute custom install script\n'}
[24.632656] (examples_rclcpp_async_client) StdoutLine: {'line': b'-- Symlinking: /home/bryan/Workspace/ros2_ws/install/examples_rclcpp_async_client/lib/examples_rclcpp_async_client/client_main\n'}
[24.654161] (examples_rclcpp_cbg_executor) StdoutLine: {'line': b'-- Generating done\n'}
[24.654396] (-) TimerEvent: {}
[24.693640] (cv_bridge) StdoutLine: {'line': b'[ 87%] \x1b[32mBuilding CXX object src/CMakeFiles/cv_bridge_boost.dir/module_opencv3.cpp.o\x1b[0m\n'}
[24.693878] (examples_rclcpp_async_client) StdoutLine: {'line': b'-- Symlinking: /home/bryan/Workspace/ros2_ws/install/examples_rclcpp_async_client/share/ament_index/resource_index/package_run_dependencies/examples_rclcpp_async_client\n'}
[24.724516] (examples_rclcpp_cbg_executor) StdoutLine: {'line': b'-- Build files have been written to: /home/bryan/Workspace/ros2_ws/build/examples_rclcpp_cbg_executor\n'}
[24.727512] (examples_rclcpp_cbg_executor) CommandEnded: {'returncode': 0}
[24.952549] (examples_rclcpp_cbg_executor) JobProgress: {'identifier': 'examples_rclcpp_cbg_executor', 'progress': 'build'}
[24.952632] (-) TimerEvent: {}
[24.952903] (examples_rclcpp_cbg_executor) Command: {'cmd': ['/usr/bin/cmake', '--build', '/home/bryan/Workspace/ros2_ws/build/examples_rclcpp_cbg_executor', '--', '-j3', '-l3'], 'cwd': '/home/bryan/Workspace/ros2_ws/build/examples_rclcpp_cbg_executor', 'env': OrderedDict([('LESSOPEN', '| /usr/bin/lesspipe %s'), ('USER', 'bryan'), ('XDG_SESSION_TYPE', 'wayland'), ('SHLVL', '1'), ('LD_LIBRARY_PATH', '/opt/ros/humble/opt/rviz_ogre_vendor/lib:/opt/ros/humble/lib/x86_64-linux-gnu:/opt/ros/humble/lib'), ('HOME', '/home/bryan'), ('OLDPWD', '/home/bryan/Workspace/ros2_ws/src/ros2_sumo-main'), ('DESKTOP_SESSION', 'ubuntu'), ('ROS_PYTHON_VERSION', '3'), ('GNOME_SHELL_SESSION_MODE', 'ubuntu'), ('GTK_MODULES', 'gail:atk-bridge'), ('SYSTEMD_EXEC_PID', '1570'), ('DBUS_SESSION_BUS_ADDRESS', 'unix:path=/run/user/1000/bus'), ('COLORTERM', 'truecolor'), ('IM_CONFIG_PHASE', '1'), ('WAYLAND_DISPLAY', 'wayland-0'), ('ROS_DISTRO', 'humble'), ('LOGNAME', 'bryan'), ('SUMO_HOME', '/usr/share/sumo/'), ('_', '/usr/bin/colcon'), ('ROS_VERSION', '2'), ('XDG_SESSION_CLASS', 'user'), ('USERNAME', 'bryan'), ('TERM', 'xterm-256color'), ('GNOME_DESKTOP_SESSION_ID', 'this-is-deprecated'), ('ROS_LOCALHOST_ONLY', '0'), ('PATH', '/opt/ros/humble/bin:/usr/local/sbin:/usr/local/bin:/usr/sbin:/usr/bin:/sbin:/bin:/usr/games:/usr/local/games:/snap/bin:/snap/bin'), ('SESSION_MANAGER', 'local/bryan-VirtualBox:@/tmp/.ICE-unix/1372,unix/bryan-VirtualBox:/tmp/.ICE-unix/1372'), ('XDG_MENU_PREFIX', 'gnome-'), ('GNOME_TERMINAL_SCREEN', '/org/gnome/Terminal/screen/71407a0b_323a_4971_8a7b_4147209295e5'), ('GNOME_SETUP_DISPLAY', ':1'), ('XDG_RUNTIME_DIR', '/run/user/1000'), ('DISPLAY', ':0'), ('LANG', 'en_US.UTF-8'), ('XDG_CURRENT_DESKTOP', 'ubuntu:GNOME'), ('XMODIFIERS', '@im=ibus'), ('XDG_SESSION_DESKTOP', 'ubuntu'), ('XAUTHORITY', '/run/user/1000/.mutter-Xwaylandauth.GH7FP3'), ('LS_COLORS', 'rs=0:di=01;34:ln=01;36:mh=00:pi=40;33:so=01;35:do=01;35:bd=40;33;01:cd=40;33;01:or=40;31;01:mi=00:su=37;41:sg=30;43:ca=30;41:tw=30;42:ow=34;42:st=37;44:ex=01;32:*.tar=01;31:*.tgz=01;31:*.arc=01;31:*.arj=01;31:*.taz=01;31:*.lha=01;31:*.lz4=01;31:*.lzh=01;31:*.lzma=01;31:*.tlz=01;31:*.txz=01;31:*.tzo=01;31:*.t7z=01;31:*.zip=01;31:*.z=01;31:*.dz=01;31:*.gz=01;31:*.lrz=01;31:*.lz=01;31:*.lzo=01;31:*.xz=01;31:*.zst=01;31:*.tzst=01;31:*.bz2=01;31:*.bz=01;31:*.tbz=01;31:*.tbz2=01;31:*.tz=01;31:*.deb=01;31:*.rpm=01;31:*.jar=01;31:*.war=01;31:*.ear=01;31:*.sar=01;31:*.rar=01;31:*.alz=01;31:*.ace=01;31:*.zoo=01;31:*.cpio=01;31:*.7z=01;31:*.rz=01;31:*.cab=01;31:*.wim=01;31:*.swm=01;31:*.dwm=01;31:*.esd=01;31:*.jpg=01;35:*.jpeg=01;35:*.mjpg=01;35:*.mjpeg=01;35:*.gif=01;35:*.bmp=01;35:*.pbm=01;35:*.pgm=01;35:*.ppm=01;35:*.tga=01;35:*.xbm=01;35:*.xpm=01;35:*.tif=01;35:*.tiff=01;35:*.png=01;35:*.svg=01;35:*.svgz=01;35:*.mng=01;35:*.pcx=01;35:*.mov=01;35:*.mpg=01;35:*.mpeg=01;35:*.m2v=01;35:*.mkv=01;35:*.webm=01;35:*.webp=01;35:*.ogm=01;35:*.mp4=01;35:*.m4v=01;35:*.mp4v=01;35:*.vob=01;35:*.qt=01;35:*.nuv=01;35:*.wmv=01;35:*.asf=01;35:*.rm=01;35:*.rmvb=01;35:*.flc=01;35:*.avi=01;35:*.fli=01;35:*.flv=01;35:*.gl=01;35:*.dl=01;35:*.xcf=01;35:*.xwd=01;35:*.yuv=01;35:*.cgm=01;35:*.emf=01;35:*.ogv=01;35:*.ogx=01;35:*.aac=00;36:*.au=00;36:*.flac=00;36:*.m4a=00;36:*.mid=00;36:*.midi=00;36:*.mka=00;36:*.mp3=00;36:*.mpc=00;36:*.ogg=00;36:*.ra=00;36:*.wav=00;36:*.oga=00;36:*.opus=00;36:*.spx=00;36:*.xspf=00;36:'), ('GNOME_TERMINAL_SERVICE', ':1.91'), ('SSH_AGENT_LAUNCHER', 'gnome-keyring'), ('SSH_AUTH_SOCK', '/run/user/1000/keyring/ssh'), ('AMENT_PREFIX_PATH', '/opt/ros/humble'), ('SHELL', '/bin/bash'), ('QT_ACCESSIBILITY', '1'), ('GDMSESSION', 'ubuntu'), ('LESSCLOSE', '/usr/bin/lesspipe %s %s'), ('QT_IM_MODULE', 'ibus'), ('PWD', '/home/bryan/Workspace/ros2_ws/build/examples_rclcpp_cbg_executor'), ('LC_ALL', 'en_US.UTF-8'), ('XDG_CONFIG_DIRS', '/etc/xdg/xdg-ubuntu:/etc/xdg'), ('XDG_DATA_DIRS', '/usr/share/ubuntu:/usr/local/share/:/usr/share/:/var/lib/snapd/desktop'), ('PYTHONPATH', '/opt/ros/humble/lib/python3.10/site-packages:/opt/ros/humble/local/lib/python3.10/dist-packages'), ('COLCON', '1'), ('VTE_VERSION', '6800'), ('CMAKE_PREFIX_PATH', '/opt/ros/humble')]), 'shell': False}
[24.963092] (examples_rclcpp_async_client) StdoutLine: {'line': b'-- Symlinking: /home/bryan/Workspace/ros2_ws/install/examples_rclcpp_async_client/share/ament_index/resource_index/parent_prefix_path/examples_rclcpp_async_client\n'}
[25.202911] (-) TimerEvent: {}
[25.229092] (examples_rclcpp_async_client) StdoutLine: {'line': b'-- Symlinking: /home/bryan/Workspace/ros2_ws/install/examples_rclcpp_async_client/share/examples_rclcpp_async_client/environment/ament_prefix_path.sh\n'}
[25.229265] (examples_rclcpp_async_client) StdoutLine: {'line': b'-- Symlinking: /home/bryan/Workspace/ros2_ws/install/examples_rclcpp_async_client/share/examples_rclcpp_async_client/environment/ament_prefix_path.dsv\n'}
[25.229325] (examples_rclcpp_async_client) StdoutLine: {'line': b'-- Symlinking: /home/bryan/Workspace/ros2_ws/install/examples_rclcpp_async_client/share/examples_rclcpp_async_client/environment/path.sh\n'}
[25.229374] (examples_rclcpp_async_client) StdoutLine: {'line': b'-- Symlinking: /home/bryan/Workspace/ros2_ws/install/examples_rclcpp_async_client/share/examples_rclcpp_async_client/environment/path.dsv\n'}
[25.229438] (examples_rclcpp_async_client) StdoutLine: {'line': b'-- Symlinking: /home/bryan/Workspace/ros2_ws/install/examples_rclcpp_async_client/share/examples_rclcpp_async_client/local_setup.bash\n'}
[25.229512] (examples_rclcpp_async_client) StdoutLine: {'line': b'-- Symlinking: /home/bryan/Workspace/ros2_ws/install/examples_rclcpp_async_client/share/examples_rclcpp_async_client/local_setup.sh\n'}
[25.229560] (examples_rclcpp_async_client) StdoutLine: {'line': b'-- Symlinking: /home/bryan/Workspace/ros2_ws/install/examples_rclcpp_async_client/share/examples_rclcpp_async_client/local_setup.zsh\n'}
[25.229606] (examples_rclcpp_async_client) StdoutLine: {'line': b'-- Symlinking: /home/bryan/Workspace/ros2_ws/install/examples_rclcpp_async_client/share/examples_rclcpp_async_client/local_setup.dsv\n'}
[25.229652] (examples_rclcpp_async_client) StdoutLine: {'line': b'-- Symlinking: /home/bryan/Workspace/ros2_ws/install/examples_rclcpp_async_client/share/examples_rclcpp_async_client/package.dsv\n'}
[25.229698] (examples_rclcpp_async_client) StdoutLine: {'line': b'-- Symlinking: /home/bryan/Workspace/ros2_ws/install/examples_rclcpp_async_client/share/ament_index/resource_index/packages/examples_rclcpp_async_client\n'}
[25.229756] (examples_rclcpp_async_client) StdoutLine: {'line': b'-- Symlinking: /home/bryan/Workspace/ros2_ws/install/examples_rclcpp_async_client/share/examples_rclcpp_async_client/cmake/examples_rclcpp_async_clientConfig.cmake\n'}
[25.229804] (examples_rclcpp_async_client) StdoutLine: {'line': b'-- Symlinking: /home/bryan/Workspace/ros2_ws/install/examples_rclcpp_async_client/share/examples_rclcpp_async_client/cmake/examples_rclcpp_async_clientConfig-version.cmake\n'}
[25.229850] (examples_rclcpp_async_client) StdoutLine: {'line': b'-- Symlinking: /home/bryan/Workspace/ros2_ws/install/examples_rclcpp_async_client/share/examples_rclcpp_async_client/package.xml\n'}
[25.305492] (examples_rclcpp_async_client) CommandEnded: {'returncode': 0}
[25.306447] (-) TimerEvent: {}
[25.307306] (examples_rclcpp_async_client) JobEnded: {'identifier': 'examples_rclcpp_async_client', 'rc': 0}
[25.307861] (examples_rclcpp_minimal_action_client) JobStarted: {'identifier': 'examples_rclcpp_minimal_action_client'}
[25.345312] (examples_rclcpp_minimal_action_client) JobProgress: {'identifier': 'examples_rclcpp_minimal_action_client', 'progress': 'cmake'}
[25.354818] (examples_rclcpp_minimal_action_client) Command: {'cmd': ['/usr/bin/cmake', '/home/bryan/Workspace/ros2_ws/src/examples/rclcpp/actions/minimal_action_client', '-DAMENT_CMAKE_SYMLINK_INSTALL=1', '-DCMAKE_INSTALL_PREFIX=/home/bryan/Workspace/ros2_ws/install/examples_rclcpp_minimal_action_client'], 'cwd': '/home/bryan/Workspace/ros2_ws/build/examples_rclcpp_minimal_action_client', 'env': OrderedDict([('LESSOPEN', '| /usr/bin/lesspipe %s'), ('USER', 'bryan'), ('XDG_SESSION_TYPE', 'wayland'), ('SHLVL', '1'), ('LD_LIBRARY_PATH', '/opt/ros/humble/opt/rviz_ogre_vendor/lib:/opt/ros/humble/lib/x86_64-linux-gnu:/opt/ros/humble/lib'), ('HOME', '/home/bryan'), ('OLDPWD', '/home/bryan/Workspace/ros2_ws/src/ros2_sumo-main'), ('DESKTOP_SESSION', 'ubuntu'), ('ROS_PYTHON_VERSION', '3'), ('GNOME_SHELL_SESSION_MODE', 'ubuntu'), ('GTK_MODULES', 'gail:atk-bridge'), ('SYSTEMD_EXEC_PID', '1570'), ('DBUS_SESSION_BUS_ADDRESS', 'unix:path=/run/user/1000/bus'), ('COLORTERM', 'truecolor'), ('IM_CONFIG_PHASE', '1'), ('WAYLAND_DISPLAY', 'wayland-0'), ('ROS_DISTRO', 'humble'), ('LOGNAME', 'bryan'), ('SUMO_HOME', '/usr/share/sumo/'), ('_', '/usr/bin/colcon'), ('ROS_VERSION', '2'), ('XDG_SESSION_CLASS', 'user'), ('USERNAME', 'bryan'), ('TERM', 'xterm-256color'), ('GNOME_DESKTOP_SESSION_ID', 'this-is-deprecated'), ('ROS_LOCALHOST_ONLY', '0'), ('PATH', '/opt/ros/humble/bin:/usr/local/sbin:/usr/local/bin:/usr/sbin:/usr/bin:/sbin:/bin:/usr/games:/usr/local/games:/snap/bin:/snap/bin'), ('SESSION_MANAGER', 'local/bryan-VirtualBox:@/tmp/.ICE-unix/1372,unix/bryan-VirtualBox:/tmp/.ICE-unix/1372'), ('XDG_MENU_PREFIX', 'gnome-'), ('GNOME_TERMINAL_SCREEN', '/org/gnome/Terminal/screen/71407a0b_323a_4971_8a7b_4147209295e5'), ('GNOME_SETUP_DISPLAY', ':1'), ('XDG_RUNTIME_DIR', '/run/user/1000'), ('DISPLAY', ':0'), ('LANG', 'en_US.UTF-8'), ('XDG_CURRENT_DESKTOP', 'ubuntu:GNOME'), ('XMODIFIERS', '@im=ibus'), ('XDG_SESSION_DESKTOP', 'ubuntu'), ('XAUTHORITY', '/run/user/1000/.mutter-Xwaylandauth.GH7FP3'), ('LS_COLORS', 'rs=0:di=01;34:ln=01;36:mh=00:pi=40;33:so=01;35:do=01;35:bd=40;33;01:cd=40;33;01:or=40;31;01:mi=00:su=37;41:sg=30;43:ca=30;41:tw=30;42:ow=34;42:st=37;44:ex=01;32:*.tar=01;31:*.tgz=01;31:*.arc=01;31:*.arj=01;31:*.taz=01;31:*.lha=01;31:*.lz4=01;31:*.lzh=01;31:*.lzma=01;31:*.tlz=01;31:*.txz=01;31:*.tzo=01;31:*.t7z=01;31:*.zip=01;31:*.z=01;31:*.dz=01;31:*.gz=01;31:*.lrz=01;31:*.lz=01;31:*.lzo=01;31:*.xz=01;31:*.zst=01;31:*.tzst=01;31:*.bz2=01;31:*.bz=01;31:*.tbz=01;31:*.tbz2=01;31:*.tz=01;31:*.deb=01;31:*.rpm=01;31:*.jar=01;31:*.war=01;31:*.ear=01;31:*.sar=01;31:*.rar=01;31:*.alz=01;31:*.ace=01;31:*.zoo=01;31:*.cpio=01;31:*.7z=01;31:*.rz=01;31:*.cab=01;31:*.wim=01;31:*.swm=01;31:*.dwm=01;31:*.esd=01;31:*.jpg=01;35:*.jpeg=01;35:*.mjpg=01;35:*.mjpeg=01;35:*.gif=01;35:*.bmp=01;35:*.pbm=01;35:*.pgm=01;35:*.ppm=01;35:*.tga=01;35:*.xbm=01;35:*.xpm=01;35:*.tif=01;35:*.tiff=01;35:*.png=01;35:*.svg=01;35:*.svgz=01;35:*.mng=01;35:*.pcx=01;35:*.mov=01;35:*.mpg=01;35:*.mpeg=01;35:*.m2v=01;35:*.mkv=01;35:*.webm=01;35:*.webp=01;35:*.ogm=01;35:*.mp4=01;35:*.m4v=01;35:*.mp4v=01;35:*.vob=01;35:*.qt=01;35:*.nuv=01;35:*.wmv=01;35:*.asf=01;35:*.rm=01;35:*.rmvb=01;35:*.flc=01;35:*.avi=01;35:*.fli=01;35:*.flv=01;35:*.gl=01;35:*.dl=01;35:*.xcf=01;35:*.xwd=01;35:*.yuv=01;35:*.cgm=01;35:*.emf=01;35:*.ogv=01;35:*.ogx=01;35:*.aac=00;36:*.au=00;36:*.flac=00;36:*.m4a=00;36:*.mid=00;36:*.midi=00;36:*.mka=00;36:*.mp3=00;36:*.mpc=00;36:*.ogg=00;36:*.ra=00;36:*.wav=00;36:*.oga=00;36:*.opus=00;36:*.spx=00;36:*.xspf=00;36:'), ('GNOME_TERMINAL_SERVICE', ':1.91'), ('SSH_AGENT_LAUNCHER', 'gnome-keyring'), ('SSH_AUTH_SOCK', '/run/user/1000/keyring/ssh'), ('AMENT_PREFIX_PATH', '/opt/ros/humble'), ('SHELL', '/bin/bash'), ('QT_ACCESSIBILITY', '1'), ('GDMSESSION', 'ubuntu'), ('LESSCLOSE', '/usr/bin/lesspipe %s %s'), ('QT_IM_MODULE', 'ibus'), ('PWD', '/home/bryan/Workspace/ros2_ws/build/examples_rclcpp_minimal_action_client'), ('LC_ALL', 'en_US.UTF-8'), ('XDG_CONFIG_DIRS', '/etc/xdg/xdg-ubuntu:/etc/xdg'), ('XDG_DATA_DIRS', '/usr/share/ubuntu:/usr/local/share/:/usr/share/:/var/lib/snapd/desktop'), ('PYTHONPATH', '/opt/ros/humble/lib/python3.10/site-packages:/opt/ros/humble/local/lib/python3.10/dist-packages'), ('COLCON', '1'), ('VTE_VERSION', '6800'), ('CMAKE_PREFIX_PATH', '/opt/ros/humble')]), 'shell': False}
[25.384237] (examples_rclcpp_cbg_executor) StdoutLine: {'line': b'[ 10%] \x1b[32mBuilding CXX object CMakeFiles/ping.dir/src/ping.cpp.o\x1b[0m\n'}
[25.419938] (examples_rclcpp_cbg_executor) StdoutLine: {'line': b'[ 20%] \x1b[32mBuilding CXX object CMakeFiles/ping_pong.dir/src/ping_pong.cpp.o\x1b[0m\n'}
[25.420148] (-) TimerEvent: {}
[25.442762] (examples_rclcpp_cbg_executor) StdoutLine: {'line': b'[ 30%] \x1b[32mBuilding CXX object CMakeFiles/pong.dir/src/pong.cpp.o\x1b[0m\n'}
[25.576002] (-) TimerEvent: {}
[25.964522] (-) TimerEvent: {}
[26.366490] (-) TimerEvent: {}
[27.949184] (examples_rclcpp_minimal_action_client) StdoutLine: {'line': b'-- The C compiler identification is GNU 11.4.0\n'}
[27.949765] (-) TimerEvent: {}
[28.411205] (-) TimerEvent: {}
[28.535937] (-) TimerEvent: {}
[28.665407] (-) TimerEvent: {}
[28.839721] (examples_rclcpp_minimal_action_client) StdoutLine: {'line': b'-- The CXX compiler identification is GNU 11.4.0\n'}
[28.839894] (-) TimerEvent: {}
[28.862446] (examples_rclcpp_minimal_action_client) StdoutLine: {'line': b'-- Detecting C compiler ABI info\n'}
[28.957107] (-) TimerEvent: {}
[29.059541] (-) TimerEvent: {}
[29.147536] (cv_bridge) StdoutLine: {'line': b'[ 93%] \x1b[32m\x1b[1mLinking CXX executable cv_bridge-utest\x1b[0m\n'}
[29.160689] (-) TimerEvent: {}
[29.290163] (-) TimerEvent: {}
[29.316606] (examples_rclcpp_minimal_action_client) StdoutLine: {'line': b'-- Detecting C compiler ABI info - done\n'}
[29.350627] (examples_rclcpp_minimal_action_client) StdoutLine: {'line': b'-- Check for working C compiler: /usr/bin/cc - skipped\n'}
[29.351649] (examples_rclcpp_minimal_action_client) StdoutLine: {'line': b'-- Detecting C compile features\n'}
[29.352877] (examples_rclcpp_minimal_action_client) StdoutLine: {'line': b'-- Detecting C compile features - done\n'}
[29.358018] (examples_rclcpp_minimal_action_client) StdoutLine: {'line': b'-- Detecting CXX compiler ABI info\n'}
[29.390405] (-) TimerEvent: {}
[29.792777] (-) TimerEvent: {}
[29.957746] (-) TimerEvent: {}
[30.946241] (-) TimerEvent: {}
[31.954882] (-) TimerEvent: {}
[32.060347] (examples_rclcpp_minimal_action_client) StdoutLine: {'line': b'-- Detecting CXX compiler ABI info - done\n'}
[32.060741] (-) TimerEvent: {}
[32.075638] (examples_rclcpp_minimal_action_client) StdoutLine: {'line': b'-- Check for working CXX compiler: /usr/bin/c++ - skipped\n'}
[32.077319] (examples_rclcpp_minimal_action_client) StdoutLine: {'line': b'-- Detecting CXX compile features\n'}
[32.079777] (examples_rclcpp_minimal_action_client) StdoutLine: {'line': b'-- Detecting CXX compile features - done\n'}
[32.088656] (examples_rclcpp_minimal_action_client) StdoutLine: {'line': b'-- Found ament_cmake: 1.3.14 (/opt/ros/humble/share/ament_cmake/cmake)\n'}
[32.206802] (-) TimerEvent: {}
[32.986206] (-) TimerEvent: {}
[33.101347] (-) TimerEvent: {}
[33.191794] (examples_rclcpp_cbg_executor) StdoutLine: {'line': b'[ 40%] \x1b[32mBuilding CXX object CMakeFiles/ping.dir/src/examples_rclcpp_cbg_executor/ping_node.cpp.o\x1b[0m\n'}
[33.202318] (-) TimerEvent: {}
[33.310810] (-) TimerEvent: {}
[33.418576] (-) TimerEvent: {}
[33.513309] (examples_rclcpp_minimal_action_client) StdoutLine: {'line': b'-- Found Python3: /usr/bin/python3 (found version "3.10.12") found components: Interpreter \n'}
[33.520236] (-) TimerEvent: {}
[34.031303] (-) TimerEvent: {}
[34.060559] (examples_rclcpp_minimal_action_client) StdoutLine: {'line': b'-- Override CMake install command with custom implementation using symlinks instead of copying resources\n'}
[34.113345] (examples_rclcpp_minimal_action_client) StdoutLine: {'line': b'-- Found example_interfaces: 0.9.3 (/opt/ros/humble/share/example_interfaces/cmake)\n'}
[34.115214] (examples_rclcpp_minimal_action_client) StdoutLine: {'line': b'-- Found rosidl_generator_c: 3.1.8 (/opt/ros/humble/share/rosidl_generator_c/cmake)\n'}
[34.124107] (examples_rclcpp_minimal_action_client) StdoutLine: {'line': b'-- Found rosidl_adapter: 3.1.8 (/opt/ros/humble/share/rosidl_adapter/cmake)\n'}
[34.133049] (-) TimerEvent: {}
[34.156961] (examples_rclcpp_minimal_action_client) StdoutLine: {'line': b'-- Found rosidl_generator_cpp: 3.1.8 (/opt/ros/humble/share/rosidl_generator_cpp/cmake)\n'}
[34.179992] (examples_rclcpp_minimal_action_client) StdoutLine: {'line': b'-- Using all available rosidl_typesupport_c: rosidl_typesupport_fastrtps_c;rosidl_typesupport_introspection_c\n'}
[34.202631] (examples_rclcpp_minimal_action_client) StdoutLine: {'line': b'-- Using all available rosidl_typesupport_cpp: rosidl_typesupport_fastrtps_cpp;rosidl_typesupport_introspection_cpp\n'}
[34.281479] (examples_rclcpp_minimal_action_client) StdoutLine: {'line': b'-- Found rclcpp: 16.0.18 (/opt/ros/humble/share/rclcpp/cmake)\n'}
[34.281671] (-) TimerEvent: {}
[34.365244] (examples_rclcpp_minimal_action_client) StdoutLine: {'line': b'-- Found rmw_implementation_cmake: 6.1.2 (/opt/ros/humble/share/rmw_implementation_cmake/cmake)\n'}
[34.366077] (examples_rclcpp_minimal_action_client) StdoutLine: {'line': b'-- Found rmw_fastrtps_cpp: 6.2.10 (/opt/ros/humble/share/rmw_fastrtps_cpp/cmake)\n'}
[34.969053] (-) TimerEvent: {}
[35.070410] (-) TimerEvent: {}
[35.352802] (-) TimerEvent: {}
[35.441684] (examples_rclcpp_minimal_action_client) StdoutLine: {'line': b'-- Found OpenSSL: /usr/lib/x86_64-linux-gnu/libcrypto.so (found version "3.0.2")  \n'}
[35.454687] (-) TimerEvent: {}
[35.530337] (examples_rclcpp_minimal_action_client) StdoutLine: {'line': b'-- Found FastRTPS: /opt/ros/humble/include  \n'}
[35.546306] (cv_bridge) StdoutLine: {'line': b'[ 93%] Built target cv_bridge-utest\n'}
[35.554907] (-) TimerEvent: {}
[35.633214] (examples_rclcpp_minimal_action_client) StdoutLine: {'line': b"-- Using RMW implementation 'rmw_fastrtps_cpp' as default\n"}
[35.646608] (examples_rclcpp_minimal_action_client) StdoutLine: {'line': b'-- Looking for pthread.h\n'}
[35.656325] (-) TimerEvent: {}
[35.758536] (-) TimerEvent: {}
[35.826062] (examples_rclcpp_minimal_action_client) StdoutLine: {'line': b'-- Looking for pthread.h - found\n'}
[35.829321] (examples_rclcpp_minimal_action_client) StdoutLine: {'line': b'-- Performing Test CMAKE_HAVE_LIBC_PTHREAD\n'}
[35.858742] (-) TimerEvent: {}
[35.959457] (-) TimerEvent: {}
[35.987221] (examples_rclcpp_minimal_action_client) StdoutLine: {'line': b'-- Performing Test CMAKE_HAVE_LIBC_PTHREAD - Success\n'}
[36.004143] (examples_rclcpp_minimal_action_client) StdoutLine: {'line': b'-- Found Threads: TRUE  \n'}
[36.066782] (-) TimerEvent: {}
[36.093770] (examples_rclcpp_minimal_action_client) StdoutLine: {'line': b'-- Found rclcpp_action: 16.0.18 (/opt/ros/humble/share/rclcpp_action/cmake)\n'}
[37.012633] (-) TimerEvent: {}
[37.292652] (-) TimerEvent: {}
[37.962726] (-) TimerEvent: {}
[38.638034] (examples_rclcpp_minimal_action_client) StdoutLine: {'line': b'-- Found ament_lint_auto: 0.12.15 (/opt/ros/humble/share/ament_lint_auto/cmake)\n'}
[38.638188] (-) TimerEvent: {}
[38.638804] (examples_rclcpp_minimal_action_client) StdoutLine: {'line': b"-- Added test 'copyright' to check source files copyright and LICENSE\n"}
[38.638956] (examples_rclcpp_minimal_action_client) StdoutLine: {'line': b"-- Added test 'cppcheck' to perform static code analysis on C / C++ code\n"}
[38.639010] (examples_rclcpp_minimal_action_client) StdoutLine: {'line': b'-- Configured cppcheck include dirs: \n'}
[38.639058] (examples_rclcpp_minimal_action_client) StdoutLine: {'line': b'-- Configured cppcheck exclude dirs and/or files: \n'}
[38.639104] (examples_rclcpp_minimal_action_client) StdoutLine: {'line': b"-- Added test 'cpplint' to check C / C++ code against the Google style\n"}
[38.639149] (examples_rclcpp_minimal_action_client) StdoutLine: {'line': b'-- Configured cpplint exclude dirs and/or files: \n'}
[38.639195] (examples_rclcpp_minimal_action_client) StdoutLine: {'line': b"-- Added test 'lint_cmake' to check CMake code style\n"}
[38.639239] (examples_rclcpp_minimal_action_client) StdoutLine: {'line': b"-- Added test 'uncrustify' to check C / C++ code style\n"}
[38.639285] (examples_rclcpp_minimal_action_client) StdoutLine: {'line': b'-- Configured uncrustify additional arguments: \n'}
[38.639331] (examples_rclcpp_minimal_action_client) StdoutLine: {'line': b"-- Added test 'xmllint' to check XML markup files\n"}
[38.639376] (examples_rclcpp_minimal_action_client) StdoutLine: {'line': b'-- Configuring done\n'}
[38.639421] (examples_rclcpp_minimal_action_client) StdoutLine: {'line': b'-- Generating done\n'}
[38.639465] (examples_rclcpp_minimal_action_client) StdoutLine: {'line': b'-- Build files have been written to: /home/bryan/Workspace/ros2_ws/build/examples_rclcpp_minimal_action_client\n'}
[38.770049] (examples_rclcpp_minimal_action_client) CommandEnded: {'returncode': 0}
[38.770480] (-) TimerEvent: {}
[38.770649] (examples_rclcpp_minimal_action_client) JobProgress: {'identifier': 'examples_rclcpp_minimal_action_client', 'progress': 'build'}
[38.770686] (examples_rclcpp_minimal_action_client) Command: {'cmd': ['/usr/bin/cmake', '--build', '/home/bryan/Workspace/ros2_ws/build/examples_rclcpp_minimal_action_client', '--', '-j3', '-l3'], 'cwd': '/home/bryan/Workspace/ros2_ws/build/examples_rclcpp_minimal_action_client', 'env': OrderedDict([('LESSOPEN', '| /usr/bin/lesspipe %s'), ('USER', 'bryan'), ('XDG_SESSION_TYPE', 'wayland'), ('SHLVL', '1'), ('LD_LIBRARY_PATH', '/opt/ros/humble/opt/rviz_ogre_vendor/lib:/opt/ros/humble/lib/x86_64-linux-gnu:/opt/ros/humble/lib'), ('HOME', '/home/bryan'), ('OLDPWD', '/home/bryan/Workspace/ros2_ws/src/ros2_sumo-main'), ('DESKTOP_SESSION', 'ubuntu'), ('ROS_PYTHON_VERSION', '3'), ('GNOME_SHELL_SESSION_MODE', 'ubuntu'), ('GTK_MODULES', 'gail:atk-bridge'), ('SYSTEMD_EXEC_PID', '1570'), ('DBUS_SESSION_BUS_ADDRESS', 'unix:path=/run/user/1000/bus'), ('COLORTERM', 'truecolor'), ('IM_CONFIG_PHASE', '1'), ('WAYLAND_DISPLAY', 'wayland-0'), ('ROS_DISTRO', 'humble'), ('LOGNAME', 'bryan'), ('SUMO_HOME', '/usr/share/sumo/'), ('_', '/usr/bin/colcon'), ('ROS_VERSION', '2'), ('XDG_SESSION_CLASS', 'user'), ('USERNAME', 'bryan'), ('TERM', 'xterm-256color'), ('GNOME_DESKTOP_SESSION_ID', 'this-is-deprecated'), ('ROS_LOCALHOST_ONLY', '0'), ('PATH', '/opt/ros/humble/bin:/usr/local/sbin:/usr/local/bin:/usr/sbin:/usr/bin:/sbin:/bin:/usr/games:/usr/local/games:/snap/bin:/snap/bin'), ('SESSION_MANAGER', 'local/bryan-VirtualBox:@/tmp/.ICE-unix/1372,unix/bryan-VirtualBox:/tmp/.ICE-unix/1372'), ('XDG_MENU_PREFIX', 'gnome-'), ('GNOME_TERMINAL_SCREEN', '/org/gnome/Terminal/screen/71407a0b_323a_4971_8a7b_4147209295e5'), ('GNOME_SETUP_DISPLAY', ':1'), ('XDG_RUNTIME_DIR', '/run/user/1000'), ('DISPLAY', ':0'), ('LANG', 'en_US.UTF-8'), ('XDG_CURRENT_DESKTOP', 'ubuntu:GNOME'), ('XMODIFIERS', '@im=ibus'), ('XDG_SESSION_DESKTOP', 'ubuntu'), ('XAUTHORITY', '/run/user/1000/.mutter-Xwaylandauth.GH7FP3'), ('LS_COLORS', 'rs=0:di=01;34:ln=01;36:mh=00:pi=40;33:so=01;35:do=01;35:bd=40;33;01:cd=40;33;01:or=40;31;01:mi=00:su=37;41:sg=30;43:ca=30;41:tw=30;42:ow=34;42:st=37;44:ex=01;32:*.tar=01;31:*.tgz=01;31:*.arc=01;31:*.arj=01;31:*.taz=01;31:*.lha=01;31:*.lz4=01;31:*.lzh=01;31:*.lzma=01;31:*.tlz=01;31:*.txz=01;31:*.tzo=01;31:*.t7z=01;31:*.zip=01;31:*.z=01;31:*.dz=01;31:*.gz=01;31:*.lrz=01;31:*.lz=01;31:*.lzo=01;31:*.xz=01;31:*.zst=01;31:*.tzst=01;31:*.bz2=01;31:*.bz=01;31:*.tbz=01;31:*.tbz2=01;31:*.tz=01;31:*.deb=01;31:*.rpm=01;31:*.jar=01;31:*.war=01;31:*.ear=01;31:*.sar=01;31:*.rar=01;31:*.alz=01;31:*.ace=01;31:*.zoo=01;31:*.cpio=01;31:*.7z=01;31:*.rz=01;31:*.cab=01;31:*.wim=01;31:*.swm=01;31:*.dwm=01;31:*.esd=01;31:*.jpg=01;35:*.jpeg=01;35:*.mjpg=01;35:*.mjpeg=01;35:*.gif=01;35:*.bmp=01;35:*.pbm=01;35:*.pgm=01;35:*.ppm=01;35:*.tga=01;35:*.xbm=01;35:*.xpm=01;35:*.tif=01;35:*.tiff=01;35:*.png=01;35:*.svg=01;35:*.svgz=01;35:*.mng=01;35:*.pcx=01;35:*.mov=01;35:*.mpg=01;35:*.mpeg=01;35:*.m2v=01;35:*.mkv=01;35:*.webm=01;35:*.webp=01;35:*.ogm=01;35:*.mp4=01;35:*.m4v=01;35:*.mp4v=01;35:*.vob=01;35:*.qt=01;35:*.nuv=01;35:*.wmv=01;35:*.asf=01;35:*.rm=01;35:*.rmvb=01;35:*.flc=01;35:*.avi=01;35:*.fli=01;35:*.flv=01;35:*.gl=01;35:*.dl=01;35:*.xcf=01;35:*.xwd=01;35:*.yuv=01;35:*.cgm=01;35:*.emf=01;35:*.ogv=01;35:*.ogx=01;35:*.aac=00;36:*.au=00;36:*.flac=00;36:*.m4a=00;36:*.mid=00;36:*.midi=00;36:*.mka=00;36:*.mp3=00;36:*.mpc=00;36:*.ogg=00;36:*.ra=00;36:*.wav=00;36:*.oga=00;36:*.opus=00;36:*.spx=00;36:*.xspf=00;36:'), ('GNOME_TERMINAL_SERVICE', ':1.91'), ('SSH_AGENT_LAUNCHER', 'gnome-keyring'), ('SSH_AUTH_SOCK', '/run/user/1000/keyring/ssh'), ('AMENT_PREFIX_PATH', '/opt/ros/humble'), ('SHELL', '/bin/bash'), ('QT_ACCESSIBILITY', '1'), ('GDMSESSION', 'ubuntu'), ('LESSCLOSE', '/usr/bin/lesspipe %s %s'), ('QT_IM_MODULE', 'ibus'), ('PWD', '/home/bryan/Workspace/ros2_ws/build/examples_rclcpp_minimal_action_client'), ('LC_ALL', 'en_US.UTF-8'), ('XDG_CONFIG_DIRS', '/etc/xdg/xdg-ubuntu:/etc/xdg'), ('XDG_DATA_DIRS', '/usr/share/ubuntu:/usr/local/share/:/usr/share/:/var/lib/snapd/desktop'), ('PYTHONPATH', '/opt/ros/humble/lib/python3.10/site-packages:/opt/ros/humble/local/lib/python3.10/dist-packages'), ('COLCON', '1'), ('VTE_VERSION', '6800'), ('CMAKE_PREFIX_PATH', '/opt/ros/humble')]), 'shell': False}
[38.771023] (examples_rclcpp_cbg_executor) StdoutLine: {'line': b'[ 50%] \x1b[32mBuilding CXX object CMakeFiles/ping_pong.dir/src/examples_rclcpp_cbg_executor/ping_node.cpp.o\x1b[0m\n'}
[38.895011] (-) TimerEvent: {}
[38.996264] (-) TimerEvent: {}
[39.000304] (examples_rclcpp_minimal_action_client) StdoutLine: {'line': b'[ 12%] \x1b[32mBuilding CXX object CMakeFiles/action_client_member_functions.dir/member_functions.cpp.o\x1b[0m\n'}
[39.233127] (examples_rclcpp_cbg_executor) StdoutLine: {'line': b'[ 60%] \x1b[32mBuilding CXX object CMakeFiles/pong.dir/src/examples_rclcpp_cbg_executor/pong_node.cpp.o\x1b[0m\n'}
[39.233363] (-) TimerEvent: {}
[39.843851] (-) TimerEvent: {}
[39.946934] (-) TimerEvent: {}
[40.048614] (-) TimerEvent: {}
[40.962437] (cv_bridge) StdoutLine: {'line': b'[100%] \x1b[32m\x1b[1mLinking CXX shared module boost/cv_bridge_boost.so\x1b[0m\n'}
[40.962691] (-) TimerEvent: {}
[41.952155] (-) TimerEvent: {}
[42.959825] (-) TimerEvent: {}
[43.111005] (-) TimerEvent: {}
[43.215743] (-) TimerEvent: {}
[43.331091] (-) TimerEvent: {}
[43.337927] (cv_bridge) StdoutLine: {'line': b'[100%] Built target cv_bridge_boost\n'}
[43.958226] (-) TimerEvent: {}
[44.005585] (cv_bridge) CommandEnded: {'returncode': 0}
[44.006000] (cv_bridge) JobProgress: {'identifier': 'cv_bridge', 'progress': 'install'}
[44.006026] (cv_bridge) Command: {'cmd': ['/usr/bin/cmake', '--install', '/home/bryan/Workspace/ros2_ws/build/cv_bridge'], 'cwd': '/home/bryan/Workspace/ros2_ws/build/cv_bridge', 'env': OrderedDict([('LESSOPEN', '| /usr/bin/lesspipe %s'), ('USER', 'bryan'), ('XDG_SESSION_TYPE', 'wayland'), ('SHLVL', '1'), ('LD_LIBRARY_PATH', '/opt/ros/humble/opt/rviz_ogre_vendor/lib:/opt/ros/humble/lib/x86_64-linux-gnu:/opt/ros/humble/lib'), ('HOME', '/home/bryan'), ('OLDPWD', '/home/bryan/Workspace/ros2_ws/src/ros2_sumo-main'), ('DESKTOP_SESSION', 'ubuntu'), ('ROS_PYTHON_VERSION', '3'), ('GNOME_SHELL_SESSION_MODE', 'ubuntu'), ('GTK_MODULES', 'gail:atk-bridge'), ('SYSTEMD_EXEC_PID', '1570'), ('DBUS_SESSION_BUS_ADDRESS', 'unix:path=/run/user/1000/bus'), ('COLORTERM', 'truecolor'), ('IM_CONFIG_PHASE', '1'), ('WAYLAND_DISPLAY', 'wayland-0'), ('ROS_DISTRO', 'humble'), ('LOGNAME', 'bryan'), ('SUMO_HOME', '/usr/share/sumo/'), ('_', '/usr/bin/colcon'), ('ROS_VERSION', '2'), ('XDG_SESSION_CLASS', 'user'), ('USERNAME', 'bryan'), ('TERM', 'xterm-256color'), ('GNOME_DESKTOP_SESSION_ID', 'this-is-deprecated'), ('ROS_LOCALHOST_ONLY', '0'), ('PATH', '/opt/ros/humble/bin:/usr/local/sbin:/usr/local/bin:/usr/sbin:/usr/bin:/sbin:/bin:/usr/games:/usr/local/games:/snap/bin:/snap/bin'), ('SESSION_MANAGER', 'local/bryan-VirtualBox:@/tmp/.ICE-unix/1372,unix/bryan-VirtualBox:/tmp/.ICE-unix/1372'), ('XDG_MENU_PREFIX', 'gnome-'), ('GNOME_TERMINAL_SCREEN', '/org/gnome/Terminal/screen/71407a0b_323a_4971_8a7b_4147209295e5'), ('GNOME_SETUP_DISPLAY', ':1'), ('XDG_RUNTIME_DIR', '/run/user/1000'), ('DISPLAY', ':0'), ('LANG', 'en_US.UTF-8'), ('XDG_CURRENT_DESKTOP', 'ubuntu:GNOME'), ('XMODIFIERS', '@im=ibus'), ('XDG_SESSION_DESKTOP', 'ubuntu'), ('XAUTHORITY', '/run/user/1000/.mutter-Xwaylandauth.GH7FP3'), ('LS_COLORS', 'rs=0:di=01;34:ln=01;36:mh=00:pi=40;33:so=01;35:do=01;35:bd=40;33;01:cd=40;33;01:or=40;31;01:mi=00:su=37;41:sg=30;43:ca=30;41:tw=30;42:ow=34;42:st=37;44:ex=01;32:*.tar=01;31:*.tgz=01;31:*.arc=01;31:*.arj=01;31:*.taz=01;31:*.lha=01;31:*.lz4=01;31:*.lzh=01;31:*.lzma=01;31:*.tlz=01;31:*.txz=01;31:*.tzo=01;31:*.t7z=01;31:*.zip=01;31:*.z=01;31:*.dz=01;31:*.gz=01;31:*.lrz=01;31:*.lz=01;31:*.lzo=01;31:*.xz=01;31:*.zst=01;31:*.tzst=01;31:*.bz2=01;31:*.bz=01;31:*.tbz=01;31:*.tbz2=01;31:*.tz=01;31:*.deb=01;31:*.rpm=01;31:*.jar=01;31:*.war=01;31:*.ear=01;31:*.sar=01;31:*.rar=01;31:*.alz=01;31:*.ace=01;31:*.zoo=01;31:*.cpio=01;31:*.7z=01;31:*.rz=01;31:*.cab=01;31:*.wim=01;31:*.swm=01;31:*.dwm=01;31:*.esd=01;31:*.jpg=01;35:*.jpeg=01;35:*.mjpg=01;35:*.mjpeg=01;35:*.gif=01;35:*.bmp=01;35:*.pbm=01;35:*.pgm=01;35:*.ppm=01;35:*.tga=01;35:*.xbm=01;35:*.xpm=01;35:*.tif=01;35:*.tiff=01;35:*.png=01;35:*.svg=01;35:*.svgz=01;35:*.mng=01;35:*.pcx=01;35:*.mov=01;35:*.mpg=01;35:*.mpeg=01;35:*.m2v=01;35:*.mkv=01;35:*.webm=01;35:*.webp=01;35:*.ogm=01;35:*.mp4=01;35:*.m4v=01;35:*.mp4v=01;35:*.vob=01;35:*.qt=01;35:*.nuv=01;35:*.wmv=01;35:*.asf=01;35:*.rm=01;35:*.rmvb=01;35:*.flc=01;35:*.avi=01;35:*.fli=01;35:*.flv=01;35:*.gl=01;35:*.dl=01;35:*.xcf=01;35:*.xwd=01;35:*.yuv=01;35:*.cgm=01;35:*.emf=01;35:*.ogv=01;35:*.ogx=01;35:*.aac=00;36:*.au=00;36:*.flac=00;36:*.m4a=00;36:*.mid=00;36:*.midi=00;36:*.mka=00;36:*.mp3=00;36:*.mpc=00;36:*.ogg=00;36:*.ra=00;36:*.wav=00;36:*.oga=00;36:*.opus=00;36:*.spx=00;36:*.xspf=00;36:'), ('GNOME_TERMINAL_SERVICE', ':1.91'), ('SSH_AGENT_LAUNCHER', 'gnome-keyring'), ('SSH_AUTH_SOCK', '/run/user/1000/keyring/ssh'), ('AMENT_PREFIX_PATH', '/opt/ros/humble'), ('SHELL', '/bin/bash'), ('QT_ACCESSIBILITY', '1'), ('GDMSESSION', 'ubuntu'), ('LESSCLOSE', '/usr/bin/lesspipe %s %s'), ('QT_IM_MODULE', 'ibus'), ('PWD', '/home/bryan/Workspace/ros2_ws/build/cv_bridge'), ('LC_ALL', 'en_US.UTF-8'), ('XDG_CONFIG_DIRS', '/etc/xdg/xdg-ubuntu:/etc/xdg'), ('XDG_DATA_DIRS', '/usr/share/ubuntu:/usr/local/share/:/usr/share/:/var/lib/snapd/desktop'), ('PYTHONPATH', '/opt/ros/humble/lib/python3.10/site-packages:/opt/ros/humble/local/lib/python3.10/dist-packages'), ('COLCON', '1'), ('VTE_VERSION', '6800'), ('CMAKE_PREFIX_PATH', '/opt/ros/humble')]), 'shell': False}
[44.030584] (cv_bridge) StdoutLine: {'line': b'-- Install configuration: ""\n'}
[44.030816] (cv_bridge) StdoutLine: {'line': b'-- Execute custom install script\n'}
[44.030946] (cv_bridge) StdoutLine: {'line': b'-- Symlinking: /home/bryan/Workspace/ros2_ws/install/cv_bridge/share/cv_bridge/environment/pythonpath.sh\n'}
[44.059704] (-) TimerEvent: {}
[44.064015] (cv_bridge) StdoutLine: {'line': b'-- Symlinking: /home/bryan/Workspace/ros2_ws/install/cv_bridge/share/cv_bridge/environment/pythonpath.dsv\n'}
[44.123288] (cv_bridge) StdoutLine: {'line': b'-- Symlinking: /home/bryan/Workspace/ros2_ws/install/cv_bridge/local/lib/python3.10/dist-packages/cv_bridge-3.2.1-py3.10.egg-info/PKG-INFO\n'}
[44.162815] (-) TimerEvent: {}
[44.163668] (cv_bridge) StdoutLine: {'line': b'-- Symlinking: /home/bryan/Workspace/ros2_ws/install/cv_bridge/local/lib/python3.10/dist-packages/cv_bridge-3.2.1-py3.10.egg-info/SOURCES.txt\n'}
[44.187094] (cv_bridge) StdoutLine: {'line': b'-- Symlinking: /home/bryan/Workspace/ros2_ws/install/cv_bridge/local/lib/python3.10/dist-packages/cv_bridge-3.2.1-py3.10.egg-info/dependency_links.txt\n'}
[44.248254] (cv_bridge) StdoutLine: {'line': b'-- Symlinking: /home/bryan/Workspace/ros2_ws/install/cv_bridge/local/lib/python3.10/dist-packages/cv_bridge-3.2.1-py3.10.egg-info/top_level.txt\n'}
[44.268103] (-) TimerEvent: {}
[44.291403] (cv_bridge) StdoutLine: {'line': b'-- Symlinking: /home/bryan/Workspace/ros2_ws/install/cv_bridge/local/lib/python3.10/dist-packages/cv_bridge/__init__.py\n'}
[44.333713] (cv_bridge) StdoutLine: {'line': b'-- Symlinking: /home/bryan/Workspace/ros2_ws/install/cv_bridge/local/lib/python3.10/dist-packages/cv_bridge/core.py\n'}
[44.351438] (cv_bridge) StdoutLine: {'line': b'-- Symlinking: /home/bryan/Workspace/ros2_ws/install/cv_bridge/include/cv_bridge/cv_bridge/cv_bridge_export.h\n'}
[44.366151] (cv_bridge) StdoutLine: {'line': b'-- Symlinking: /home/bryan/Workspace/ros2_ws/install/cv_bridge/local/lib/python3.10/dist-packages/cv_bridge/boost//cv_bridge_boost.so\n'}
[44.368402] (-) TimerEvent: {}
[44.386774] (cv_bridge) StdoutLine: {'line': b'-- Symlinking: /home/bryan/Workspace/ros2_ws/install/cv_bridge/include/cv_bridge/cv_bridge/cv_bridge.h\n'}
[44.416610] (cv_bridge) StdoutLine: {'line': b'-- Symlinking: /home/bryan/Workspace/ros2_ws/install/cv_bridge/include/cv_bridge/cv_bridge/rgb_colors.h\n'}
[44.438818] (cv_bridge) StdoutLine: {'line': b'-- Symlinking: /home/bryan/Workspace/ros2_ws/install/cv_bridge/lib/libcv_bridge.so\n'}
[44.460574] (cv_bridge) StdoutLine: {'line': b'-- Symlinking: /home/bryan/Workspace/ros2_ws/install/cv_bridge/share/ament_index/resource_index/package_run_dependencies/cv_bridge\n'}
[44.474931] (-) TimerEvent: {}
[44.489897] (cv_bridge) StdoutLine: {'line': b'-- Symlinking: /home/bryan/Workspace/ros2_ws/install/cv_bridge/share/ament_index/resource_index/parent_prefix_path/cv_bridge\n'}
[44.530967] (cv_bridge) StdoutLine: {'line': b'-- Symlinking: /home/bryan/Workspace/ros2_ws/install/cv_bridge/share/cv_bridge/environment/ament_prefix_path.sh\n'}
[44.580593] (-) TimerEvent: {}
[44.584003] (cv_bridge) StdoutLine: {'line': b'-- Symlinking: /home/bryan/Workspace/ros2_ws/install/cv_bridge/share/cv_bridge/environment/ament_prefix_path.dsv\n'}
[44.636099] (cv_bridge) StdoutLine: {'line': b'-- Symlinking: /home/bryan/Workspace/ros2_ws/install/cv_bridge/share/cv_bridge/environment/path.sh\n'}
[44.675952] (cv_bridge) StdoutLine: {'line': b'-- Symlinking: /home/bryan/Workspace/ros2_ws/install/cv_bridge/share/cv_bridge/environment/path.dsv\n'}
[44.684770] (-) TimerEvent: {}
[44.726163] (cv_bridge) StdoutLine: {'line': b'-- Symlinking: /home/bryan/Workspace/ros2_ws/install/cv_bridge/share/cv_bridge/local_setup.bash\n'}
[44.770891] (cv_bridge) StdoutLine: {'line': b'-- Symlinking: /home/bryan/Workspace/ros2_ws/install/cv_bridge/share/cv_bridge/local_setup.sh\n'}
[44.785750] (-) TimerEvent: {}
[44.786871] (cv_bridge) StdoutLine: {'line': b'-- Symlinking: /home/bryan/Workspace/ros2_ws/install/cv_bridge/share/cv_bridge/local_setup.zsh\n'}
[44.801830] (cv_bridge) StdoutLine: {'line': b'-- Symlinking: /home/bryan/Workspace/ros2_ws/install/cv_bridge/share/cv_bridge/local_setup.dsv\n'}
[44.841711] (cv_bridge) StdoutLine: {'line': b'-- Symlinking: /home/bryan/Workspace/ros2_ws/install/cv_bridge/share/cv_bridge/package.dsv\n'}
[44.855995] (cv_bridge) StdoutLine: {'line': b'-- Symlinking: /home/bryan/Workspace/ros2_ws/install/cv_bridge/share/ament_index/resource_index/packages/cv_bridge\n'}
[44.877677] (cv_bridge) StdoutLine: {'line': b'-- Symlinking: /home/bryan/Workspace/ros2_ws/install/cv_bridge/share/cv_bridge/cmake/cv_bridge-extras.cmake\n'}
[44.898708] (-) TimerEvent: {}
[44.917173] (cv_bridge) StdoutLine: {'line': b'-- Symlinking: /home/bryan/Workspace/ros2_ws/install/cv_bridge/share/cv_bridge/cmake/ament_cmake_export_dependencies-extras.cmake\n'}
[44.968174] (cv_bridge) StdoutLine: {'line': b'-- Symlinking: /home/bryan/Workspace/ros2_ws/install/cv_bridge/share/cv_bridge/cmake/ament_cmake_export_targets-extras.cmake\n'}
[45.003126] (-) TimerEvent: {}
[45.008755] (cv_bridge) StdoutLine: {'line': b'-- Symlinking: /home/bryan/Workspace/ros2_ws/install/cv_bridge/share/cv_bridge/cmake/cv_bridgeConfig.cmake\n'}
[45.061890] (cv_bridge) StdoutLine: {'line': b'-- Symlinking: /home/bryan/Workspace/ros2_ws/install/cv_bridge/share/cv_bridge/cmake/cv_bridgeConfig-version.cmake\n'}
[45.103066] (cv_bridge) StdoutLine: {'line': b'-- Symlinking: /home/bryan/Workspace/ros2_ws/install/cv_bridge/share/cv_bridge/package.xml\n'}
[45.103308] (-) TimerEvent: {}
[45.226645] (-) TimerEvent: {}
[45.264782] (cv_bridge) StdoutLine: {'line': b"Listing '/home/bryan/Workspace/ros2_ws/install/cv_bridge/local/lib/python3.10/dist-packages/cv_bridge'...\n"}
[45.265019] (cv_bridge) StdoutLine: {'line': b"Compiling '/home/bryan/Workspace/ros2_ws/install/cv_bridge/local/lib/python3.10/dist-packages/cv_bridge/__init__.py'...\n"}
[45.265164] (cv_bridge) StdoutLine: {'line': b"Listing '/home/bryan/Workspace/ros2_ws/install/cv_bridge/local/lib/python3.10/dist-packages/cv_bridge/boost'...\n"}
[45.265265] (cv_bridge) StdoutLine: {'line': b"Compiling '/home/bryan/Workspace/ros2_ws/install/cv_bridge/local/lib/python3.10/dist-packages/cv_bridge/core.py'...\n"}
[45.286720] (cv_bridge) StdoutLine: {'line': b'-- Installing: /home/bryan/Workspace/ros2_ws/install/cv_bridge/share/cv_bridge/cmake/export_cv_bridgeExport.cmake\n'}
[45.299676] (cv_bridge) StdoutLine: {'line': b'-- Installing: /home/bryan/Workspace/ros2_ws/install/cv_bridge/share/cv_bridge/cmake/export_cv_bridgeExport-noconfig.cmake\n'}
[45.312801] (cv_bridge) CommandEnded: {'returncode': 0}
[45.332546] (-) TimerEvent: {}
[45.946651] (-) TimerEvent: {}
[46.959796] (-) TimerEvent: {}
[46.988039] (cv_bridge) JobEnded: {'identifier': 'cv_bridge', 'rc': 0}
[46.990855] (image_proc) JobStarted: {'identifier': 'image_proc'}
[47.964460] (-) TimerEvent: {}
[48.076731] (-) TimerEvent: {}
[48.957316] (-) TimerEvent: {}
[49.567984] (-) TimerEvent: {}
[49.653865] (image_proc) JobProgress: {'identifier': 'image_proc', 'progress': 'cmake'}
[49.681801] (image_proc) Command: {'cmd': ['/usr/bin/cmake', '/home/bryan/Workspace/ros2_ws/image_pipeline/image_proc', '-DAMENT_CMAKE_SYMLINK_INSTALL=1', '-DCMAKE_INSTALL_PREFIX=/home/bryan/Workspace/ros2_ws/install/image_proc'], 'cwd': '/home/bryan/Workspace/ros2_ws/build/image_proc', 'env': OrderedDict([('LESSOPEN', '| /usr/bin/lesspipe %s'), ('USER', 'bryan'), ('XDG_SESSION_TYPE', 'wayland'), ('SHLVL', '1'), ('LD_LIBRARY_PATH', '/home/bryan/Workspace/ros2_ws/install/tracetools_image_pipeline/lib:/home/bryan/Workspace/ros2_ws/install/image_geometry/lib:/home/bryan/Workspace/ros2_ws/install/cv_bridge/lib:/opt/ros/humble/opt/rviz_ogre_vendor/lib:/opt/ros/humble/lib/x86_64-linux-gnu:/opt/ros/humble/lib'), ('HOME', '/home/bryan'), ('OLDPWD', '/home/bryan/Workspace/ros2_ws/src/ros2_sumo-main'), ('DESKTOP_SESSION', 'ubuntu'), ('ROS_PYTHON_VERSION', '3'), ('GNOME_SHELL_SESSION_MODE', 'ubuntu'), ('GTK_MODULES', 'gail:atk-bridge'), ('SYSTEMD_EXEC_PID', '1570'), ('DBUS_SESSION_BUS_ADDRESS', 'unix:path=/run/user/1000/bus'), ('COLORTERM', 'truecolor'), ('IM_CONFIG_PHASE', '1'), ('WAYLAND_DISPLAY', 'wayland-0'), ('ROS_DISTRO', 'humble'), ('LOGNAME', 'bryan'), ('SUMO_HOME', '/usr/share/sumo/'), ('_', '/usr/bin/colcon'), ('ROS_VERSION', '2'), ('XDG_SESSION_CLASS', 'user'), ('USERNAME', 'bryan'), ('TERM', 'xterm-256color'), ('GNOME_DESKTOP_SESSION_ID', 'this-is-deprecated'), ('ROS_LOCALHOST_ONLY', '0'), ('PATH', '/opt/ros/humble/bin:/usr/local/sbin:/usr/local/bin:/usr/sbin:/usr/bin:/sbin:/bin:/usr/games:/usr/local/games:/snap/bin:/snap/bin'), ('SESSION_MANAGER', 'local/bryan-VirtualBox:@/tmp/.ICE-unix/1372,unix/bryan-VirtualBox:/tmp/.ICE-unix/1372'), ('XDG_MENU_PREFIX', 'gnome-'), ('GNOME_TERMINAL_SCREEN', '/org/gnome/Terminal/screen/71407a0b_323a_4971_8a7b_4147209295e5'), ('GNOME_SETUP_DISPLAY', ':1'), ('XDG_RUNTIME_DIR', '/run/user/1000'), ('DISPLAY', ':0'), ('LANG', 'en_US.UTF-8'), ('XDG_CURRENT_DESKTOP', 'ubuntu:GNOME'), ('XMODIFIERS', '@im=ibus'), ('XDG_SESSION_DESKTOP', 'ubuntu'), ('XAUTHORITY', '/run/user/1000/.mutter-Xwaylandauth.GH7FP3'), ('LS_COLORS', 'rs=0:di=01;34:ln=01;36:mh=00:pi=40;33:so=01;35:do=01;35:bd=40;33;01:cd=40;33;01:or=40;31;01:mi=00:su=37;41:sg=30;43:ca=30;41:tw=30;42:ow=34;42:st=37;44:ex=01;32:*.tar=01;31:*.tgz=01;31:*.arc=01;31:*.arj=01;31:*.taz=01;31:*.lha=01;31:*.lz4=01;31:*.lzh=01;31:*.lzma=01;31:*.tlz=01;31:*.txz=01;31:*.tzo=01;31:*.t7z=01;31:*.zip=01;31:*.z=01;31:*.dz=01;31:*.gz=01;31:*.lrz=01;31:*.lz=01;31:*.lzo=01;31:*.xz=01;31:*.zst=01;31:*.tzst=01;31:*.bz2=01;31:*.bz=01;31:*.tbz=01;31:*.tbz2=01;31:*.tz=01;31:*.deb=01;31:*.rpm=01;31:*.jar=01;31:*.war=01;31:*.ear=01;31:*.sar=01;31:*.rar=01;31:*.alz=01;31:*.ace=01;31:*.zoo=01;31:*.cpio=01;31:*.7z=01;31:*.rz=01;31:*.cab=01;31:*.wim=01;31:*.swm=01;31:*.dwm=01;31:*.esd=01;31:*.jpg=01;35:*.jpeg=01;35:*.mjpg=01;35:*.mjpeg=01;35:*.gif=01;35:*.bmp=01;35:*.pbm=01;35:*.pgm=01;35:*.ppm=01;35:*.tga=01;35:*.xbm=01;35:*.xpm=01;35:*.tif=01;35:*.tiff=01;35:*.png=01;35:*.svg=01;35:*.svgz=01;35:*.mng=01;35:*.pcx=01;35:*.mov=01;35:*.mpg=01;35:*.mpeg=01;35:*.m2v=01;35:*.mkv=01;35:*.webm=01;35:*.webp=01;35:*.ogm=01;35:*.mp4=01;35:*.m4v=01;35:*.mp4v=01;35:*.vob=01;35:*.qt=01;35:*.nuv=01;35:*.wmv=01;35:*.asf=01;35:*.rm=01;35:*.rmvb=01;35:*.flc=01;35:*.avi=01;35:*.fli=01;35:*.flv=01;35:*.gl=01;35:*.dl=01;35:*.xcf=01;35:*.xwd=01;35:*.yuv=01;35:*.cgm=01;35:*.emf=01;35:*.ogv=01;35:*.ogx=01;35:*.aac=00;36:*.au=00;36:*.flac=00;36:*.m4a=00;36:*.mid=00;36:*.midi=00;36:*.mka=00;36:*.mp3=00;36:*.mpc=00;36:*.ogg=00;36:*.ra=00;36:*.wav=00;36:*.oga=00;36:*.opus=00;36:*.spx=00;36:*.xspf=00;36:'), ('GNOME_TERMINAL_SERVICE', ':1.91'), ('SSH_AGENT_LAUNCHER', 'gnome-keyring'), ('SSH_AUTH_SOCK', '/run/user/1000/keyring/ssh'), ('AMENT_PREFIX_PATH', '/home/bryan/Workspace/ros2_ws/install/tracetools_image_pipeline:/home/bryan/Workspace/ros2_ws/install/image_geometry:/home/bryan/Workspace/ros2_ws/install/cv_bridge:/opt/ros/humble'), ('SHELL', '/bin/bash'), ('QT_ACCESSIBILITY', '1'), ('GDMSESSION', 'ubuntu'), ('LESSCLOSE', '/usr/bin/lesspipe %s %s'), ('QT_IM_MODULE', 'ibus'), ('PWD', '/home/bryan/Workspace/ros2_ws/build/image_proc'), ('LC_ALL', 'en_US.UTF-8'), ('XDG_CONFIG_DIRS', '/etc/xdg/xdg-ubuntu:/etc/xdg'), ('XDG_DATA_DIRS', '/usr/share/ubuntu:/usr/local/share/:/usr/share/:/var/lib/snapd/desktop'), ('PYTHONPATH', '/home/bryan/Workspace/ros2_ws/install/image_geometry/local/lib/python3.10/dist-packages:/home/bryan/Workspace/ros2_ws/install/cv_bridge/local/lib/python3.10/dist-packages:/opt/ros/humble/lib/python3.10/site-packages:/opt/ros/humble/local/lib/python3.10/dist-packages'), ('COLCON', '1'), ('VTE_VERSION', '6800'), ('CMAKE_PREFIX_PATH', '/home/bryan/Workspace/ros2_ws/install/tracetools_image_pipeline:/home/bryan/Workspace/ros2_ws/install/image_geometry:/home/bryan/Workspace/ros2_ws/install/cv_bridge:/opt/ros/humble')]), 'shell': False}
[49.684077] (-) TimerEvent: {}
[49.785075] (-) TimerEvent: {}
[49.886509] (-) TimerEvent: {}
[49.991576] (-) TimerEvent: {}
[50.094118] (-) TimerEvent: {}
[50.194941] (-) TimerEvent: {}
[50.299112] (-) TimerEvent: {}
[50.412082] (image_proc) StdoutLine: {'line': b'-- The C compiler identification is GNU 11.4.0\n'}
[50.412637] (-) TimerEvent: {}
[50.515145] (-) TimerEvent: {}
[50.657906] (-) TimerEvent: {}
[50.664441] (image_proc) StdoutLine: {'line': b'-- The CXX compiler identification is GNU 11.4.0\n'}
[50.725493] (image_proc) StdoutLine: {'line': b'-- Detecting C compiler ABI info\n'}
[50.759838] (-) TimerEvent: {}
[50.867386] (-) TimerEvent: {}
[50.968106] (-) TimerEvent: {}
[51.070789] (-) TimerEvent: {}
[51.171927] (-) TimerEvent: {}
[51.265683] (image_proc) StdoutLine: {'line': b'-- Detecting C compiler ABI info - done\n'}
[51.277552] (-) TimerEvent: {}
[51.296662] (image_proc) StdoutLine: {'line': b'-- Check for working C compiler: /usr/bin/cc - skipped\n'}
[51.296927] (image_proc) StdoutLine: {'line': b'-- Detecting C compile features\n'}
[51.296983] (image_proc) StdoutLine: {'line': b'-- Detecting C compile features - done\n'}
[51.299386] (image_proc) StdoutLine: {'line': b'-- Detecting CXX compiler ABI info\n'}
[51.394088] (-) TimerEvent: {}
[51.501163] (-) TimerEvent: {}
[51.646085] (-) TimerEvent: {}
[51.734620] (image_proc) StdoutLine: {'line': b'-- Detecting CXX compiler ABI info - done\n'}
[51.747576] (image_proc) StdoutLine: {'line': b'-- Check for working CXX compiler: /usr/bin/c++ - skipped\n'}
[51.747796] (-) TimerEvent: {}
[51.748058] (image_proc) StdoutLine: {'line': b'-- Detecting CXX compile features\n'}
[51.749399] (image_proc) StdoutLine: {'line': b'-- Detecting CXX compile features - done\n'}
[51.899032] (-) TimerEvent: {}
[51.905782] (image_proc) StdoutLine: {'line': b'-- Found ament_cmake_auto: 1.3.14 (/opt/ros/humble/share/ament_cmake_auto/cmake)\n'}
[51.951753] (examples_rclcpp_minimal_action_client) StdoutLine: {'line': b'[ 25%] \x1b[32m\x1b[1mLinking CXX executable action_client_member_functions\x1b[0m\n'}
[52.035386] (-) TimerEvent: {}
[52.138447] (-) TimerEvent: {}
[52.239992] (-) TimerEvent: {}
[52.340757] (-) TimerEvent: {}
[52.442672] (-) TimerEvent: {}
[52.543508] (-) TimerEvent: {}
[52.558759] (image_proc) StdoutLine: {'line': b'-- Found Python3: /usr/bin/python3 (found version "3.10.12") found components: Interpreter \n'}
[52.702054] (examples_rclcpp_minimal_action_client) StdoutLine: {'line': b'[ 25%] Built target action_client_member_functions\n'}
[52.702239] (-) TimerEvent: {}
[52.751247] (image_proc) StdoutLine: {'line': b'-- Override CMake install command with custom implementation using symlinks instead of copying resources\n'}
[52.808142] (-) TimerEvent: {}
[52.822016] (examples_rclcpp_minimal_action_client) StdoutLine: {'line': b'[ 37%] \x1b[32mBuilding CXX object CMakeFiles/action_client_not_composable_with_cancel.dir/not_composable_with_cancel.cpp.o\x1b[0m\n'}
[52.951535] (-) TimerEvent: {}
[53.962725] (-) TimerEvent: {}
[54.097849] (image_proc) StdoutLine: {'line': b'-- Found rosidl_generator_c: 3.1.8 (/opt/ros/humble/share/rosidl_generator_c/cmake)\n'}
[54.100637] (-) TimerEvent: {}
[54.187362] (image_proc) StdoutLine: {'line': b'-- Found rosidl_adapter: 3.1.8 (/opt/ros/humble/share/rosidl_adapter/cmake)\n'}
[54.197942] (image_proc) StdoutLine: {'line': b'-- Found rosidl_generator_cpp: 3.1.8 (/opt/ros/humble/share/rosidl_generator_cpp/cmake)\n'}
[54.229597] (image_proc) StdoutLine: {'line': b'-- Using all available rosidl_typesupport_c: rosidl_typesupport_fastrtps_c;rosidl_typesupport_introspection_c\n'}
[54.229788] (-) TimerEvent: {}
[54.269214] (image_proc) StdoutLine: {'line': b'-- Using all available rosidl_typesupport_cpp: rosidl_typesupport_fastrtps_cpp;rosidl_typesupport_introspection_cpp\n'}
[54.616044] (image_proc) StdoutLine: {'line': b'-- Found rmw_implementation_cmake: 6.1.2 (/opt/ros/humble/share/rmw_implementation_cmake/cmake)\n'}
[54.616252] (-) TimerEvent: {}
[54.621000] (image_proc) StdoutLine: {'line': b'-- Found rmw_fastrtps_cpp: 6.2.10 (/opt/ros/humble/share/rmw_fastrtps_cpp/cmake)\n'}
[54.791968] (image_proc) StdoutLine: {'line': b'-- Found OpenSSL: /usr/lib/x86_64-linux-gnu/libcrypto.so (found version "3.0.2")  \n'}
[54.792423] (-) TimerEvent: {}
[54.961298] (-) TimerEvent: {}
[54.983169] (image_proc) StdoutLine: {'line': b'-- Found FastRTPS: /opt/ros/humble/include  \n'}
[55.043542] (image_proc) StdoutLine: {'line': b"-- Using RMW implementation 'rmw_fastrtps_cpp' as default\n"}
[55.051878] (image_proc) StdoutLine: {'line': b'-- Looking for pthread.h\n'}
[55.062821] (-) TimerEvent: {}
[55.164969] (-) TimerEvent: {}
[55.266141] (-) TimerEvent: {}
[55.269440] (image_proc) StdoutLine: {'line': b'-- Looking for pthread.h - found\n'}
[55.270406] (image_proc) StdoutLine: {'line': b'-- Performing Test CMAKE_HAVE_LIBC_PTHREAD\n'}
[55.442932] (image_proc) StdoutLine: {'line': b'-- Performing Test CMAKE_HAVE_LIBC_PTHREAD - Success\n'}
[55.443165] (-) TimerEvent: {}
[55.443745] (image_proc) StdoutLine: {'line': b'-- Found Threads: TRUE  \n'}
[55.651430] (image_proc) StdoutLine: {'line': b'-- Found OpenCV: /usr (found version "4.5.4") \n'}
[55.651774] (-) TimerEvent: {}
[55.702924] (image_proc) StdoutLine: {'line': b'-- Found ament_lint_auto: 0.12.15 (/opt/ros/humble/share/ament_lint_auto/cmake)\n'}
[55.743850] (image_proc) StdoutLine: {'line': b"-- Added test 'copyright' to check source files copyright and LICENSE\n"}
[55.751783] (image_proc) StdoutLine: {'line': b"-- Added test 'cppcheck' to perform static code analysis on C / C++ code\n"}
[55.751958] (-) TimerEvent: {}
[55.753573] (image_proc) StdoutLine: {'line': b'-- Configured cppcheck include dirs: /home/bryan/Workspace/ros2_ws/image_pipeline/image_proc/include\n'}
[55.753968] (image_proc) StdoutLine: {'line': b'-- Configured cppcheck exclude dirs and/or files: \n'}
[55.755877] (image_proc) StdoutLine: {'line': b"-- Added test 'cpplint' to check C / C++ code against the Google style\n"}
[55.756079] (image_proc) StdoutLine: {'line': b'-- Configured cpplint exclude dirs and/or files: \n'}
[55.757194] (image_proc) StderrLine: {'line': b'\x1b[0mIn this package, headers install destination is set to `include` by ament_auto_package. It is recommended to install `include/image_proc` instead and will be the default behavior of ament_auto_package from ROS 2 Kilted Kaiju. On distributions before Kilted, ament_auto_package behaves the same way when you use USE_SCOPED_HEADER_INSTALL_DIR option.\x1b[0m\n'}
[55.758766] (image_proc) StdoutLine: {'line': b"-- Added test 'flake8' to check Python code syntax and style conventions\n"}
[55.758946] (image_proc) StdoutLine: {'line': b"-- Added test 'lint_cmake' to check CMake code style\n"}
[55.759244] (image_proc) StdoutLine: {'line': b"-- Added test 'pep257' to check Python code against some of the docstring style conventions in PEP 257\n"}
[55.872020] (-) TimerEvent: {}
[55.958588] (image_proc) StdoutLine: {'line': b"-- Added test 'uncrustify' to check C / C++ code style\n"}
[55.959122] (image_proc) StdoutLine: {'line': b'-- Configured uncrustify additional arguments: \n'}
[55.959516] (image_proc) StdoutLine: {'line': b"-- Added test 'xmllint' to check XML markup files\n"}
[55.960378] (image_proc) StdoutLine: {'line': b'-- Configuring done\n'}
[55.960660] (image_proc) StdoutLine: {'line': b'-- Generating done\n'}
[55.961023] (image_proc) StdoutLine: {'line': b'-- Build files have been written to: /home/bryan/Workspace/ros2_ws/build/image_proc\n'}
[55.974517] (image_proc) CommandEnded: {'returncode': 0}
[55.975420] (-) TimerEvent: {}
[55.975817] (image_proc) JobProgress: {'identifier': 'image_proc', 'progress': 'build'}
[55.975876] (image_proc) Command: {'cmd': ['/usr/bin/cmake', '--build', '/home/bryan/Workspace/ros2_ws/build/image_proc', '--', '-j3', '-l3'], 'cwd': '/home/bryan/Workspace/ros2_ws/build/image_proc', 'env': OrderedDict([('LESSOPEN', '| /usr/bin/lesspipe %s'), ('USER', 'bryan'), ('XDG_SESSION_TYPE', 'wayland'), ('SHLVL', '1'), ('LD_LIBRARY_PATH', '/home/bryan/Workspace/ros2_ws/install/tracetools_image_pipeline/lib:/home/bryan/Workspace/ros2_ws/install/image_geometry/lib:/home/bryan/Workspace/ros2_ws/install/cv_bridge/lib:/opt/ros/humble/opt/rviz_ogre_vendor/lib:/opt/ros/humble/lib/x86_64-linux-gnu:/opt/ros/humble/lib'), ('HOME', '/home/bryan'), ('OLDPWD', '/home/bryan/Workspace/ros2_ws/src/ros2_sumo-main'), ('DESKTOP_SESSION', 'ubuntu'), ('ROS_PYTHON_VERSION', '3'), ('GNOME_SHELL_SESSION_MODE', 'ubuntu'), ('GTK_MODULES', 'gail:atk-bridge'), ('SYSTEMD_EXEC_PID', '1570'), ('DBUS_SESSION_BUS_ADDRESS', 'unix:path=/run/user/1000/bus'), ('COLORTERM', 'truecolor'), ('IM_CONFIG_PHASE', '1'), ('WAYLAND_DISPLAY', 'wayland-0'), ('ROS_DISTRO', 'humble'), ('LOGNAME', 'bryan'), ('SUMO_HOME', '/usr/share/sumo/'), ('_', '/usr/bin/colcon'), ('ROS_VERSION', '2'), ('XDG_SESSION_CLASS', 'user'), ('USERNAME', 'bryan'), ('TERM', 'xterm-256color'), ('GNOME_DESKTOP_SESSION_ID', 'this-is-deprecated'), ('ROS_LOCALHOST_ONLY', '0'), ('PATH', '/opt/ros/humble/bin:/usr/local/sbin:/usr/local/bin:/usr/sbin:/usr/bin:/sbin:/bin:/usr/games:/usr/local/games:/snap/bin:/snap/bin'), ('SESSION_MANAGER', 'local/bryan-VirtualBox:@/tmp/.ICE-unix/1372,unix/bryan-VirtualBox:/tmp/.ICE-unix/1372'), ('XDG_MENU_PREFIX', 'gnome-'), ('GNOME_TERMINAL_SCREEN', '/org/gnome/Terminal/screen/71407a0b_323a_4971_8a7b_4147209295e5'), ('GNOME_SETUP_DISPLAY', ':1'), ('XDG_RUNTIME_DIR', '/run/user/1000'), ('DISPLAY', ':0'), ('LANG', 'en_US.UTF-8'), ('XDG_CURRENT_DESKTOP', 'ubuntu:GNOME'), ('XMODIFIERS', '@im=ibus'), ('XDG_SESSION_DESKTOP', 'ubuntu'), ('XAUTHORITY', '/run/user/1000/.mutter-Xwaylandauth.GH7FP3'), ('LS_COLORS', 'rs=0:di=01;34:ln=01;36:mh=00:pi=40;33:so=01;35:do=01;35:bd=40;33;01:cd=40;33;01:or=40;31;01:mi=00:su=37;41:sg=30;43:ca=30;41:tw=30;42:ow=34;42:st=37;44:ex=01;32:*.tar=01;31:*.tgz=01;31:*.arc=01;31:*.arj=01;31:*.taz=01;31:*.lha=01;31:*.lz4=01;31:*.lzh=01;31:*.lzma=01;31:*.tlz=01;31:*.txz=01;31:*.tzo=01;31:*.t7z=01;31:*.zip=01;31:*.z=01;31:*.dz=01;31:*.gz=01;31:*.lrz=01;31:*.lz=01;31:*.lzo=01;31:*.xz=01;31:*.zst=01;31:*.tzst=01;31:*.bz2=01;31:*.bz=01;31:*.tbz=01;31:*.tbz2=01;31:*.tz=01;31:*.deb=01;31:*.rpm=01;31:*.jar=01;31:*.war=01;31:*.ear=01;31:*.sar=01;31:*.rar=01;31:*.alz=01;31:*.ace=01;31:*.zoo=01;31:*.cpio=01;31:*.7z=01;31:*.rz=01;31:*.cab=01;31:*.wim=01;31:*.swm=01;31:*.dwm=01;31:*.esd=01;31:*.jpg=01;35:*.jpeg=01;35:*.mjpg=01;35:*.mjpeg=01;35:*.gif=01;35:*.bmp=01;35:*.pbm=01;35:*.pgm=01;35:*.ppm=01;35:*.tga=01;35:*.xbm=01;35:*.xpm=01;35:*.tif=01;35:*.tiff=01;35:*.png=01;35:*.svg=01;35:*.svgz=01;35:*.mng=01;35:*.pcx=01;35:*.mov=01;35:*.mpg=01;35:*.mpeg=01;35:*.m2v=01;35:*.mkv=01;35:*.webm=01;35:*.webp=01;35:*.ogm=01;35:*.mp4=01;35:*.m4v=01;35:*.mp4v=01;35:*.vob=01;35:*.qt=01;35:*.nuv=01;35:*.wmv=01;35:*.asf=01;35:*.rm=01;35:*.rmvb=01;35:*.flc=01;35:*.avi=01;35:*.fli=01;35:*.flv=01;35:*.gl=01;35:*.dl=01;35:*.xcf=01;35:*.xwd=01;35:*.yuv=01;35:*.cgm=01;35:*.emf=01;35:*.ogv=01;35:*.ogx=01;35:*.aac=00;36:*.au=00;36:*.flac=00;36:*.m4a=00;36:*.mid=00;36:*.midi=00;36:*.mka=00;36:*.mp3=00;36:*.mpc=00;36:*.ogg=00;36:*.ra=00;36:*.wav=00;36:*.oga=00;36:*.opus=00;36:*.spx=00;36:*.xspf=00;36:'), ('GNOME_TERMINAL_SERVICE', ':1.91'), ('SSH_AGENT_LAUNCHER', 'gnome-keyring'), ('SSH_AUTH_SOCK', '/run/user/1000/keyring/ssh'), ('AMENT_PREFIX_PATH', '/home/bryan/Workspace/ros2_ws/install/tracetools_image_pipeline:/home/bryan/Workspace/ros2_ws/install/image_geometry:/home/bryan/Workspace/ros2_ws/install/cv_bridge:/opt/ros/humble'), ('SHELL', '/bin/bash'), ('QT_ACCESSIBILITY', '1'), ('GDMSESSION', 'ubuntu'), ('LESSCLOSE', '/usr/bin/lesspipe %s %s'), ('QT_IM_MODULE', 'ibus'), ('PWD', '/home/bryan/Workspace/ros2_ws/build/image_proc'), ('LC_ALL', 'en_US.UTF-8'), ('XDG_CONFIG_DIRS', '/etc/xdg/xdg-ubuntu:/etc/xdg'), ('XDG_DATA_DIRS', '/usr/share/ubuntu:/usr/local/share/:/usr/share/:/var/lib/snapd/desktop'), ('PYTHONPATH', '/home/bryan/Workspace/ros2_ws/install/image_geometry/local/lib/python3.10/dist-packages:/home/bryan/Workspace/ros2_ws/install/cv_bridge/local/lib/python3.10/dist-packages:/opt/ros/humble/lib/python3.10/site-packages:/opt/ros/humble/local/lib/python3.10/dist-packages'), ('COLCON', '1'), ('VTE_VERSION', '6800'), ('CMAKE_PREFIX_PATH', '/home/bryan/Workspace/ros2_ws/install/tracetools_image_pipeline:/home/bryan/Workspace/ros2_ws/install/image_geometry:/home/bryan/Workspace/ros2_ws/install/cv_bridge:/opt/ros/humble')]), 'shell': False}
[56.053449] (examples_rclcpp_cbg_executor) StdoutLine: {'line': b'[ 70%] \x1b[32m\x1b[1mLinking CXX executable ping\x1b[0m\n'}
[56.076824] (-) TimerEvent: {}
[56.647056] (-) TimerEvent: {}
[56.751315] (-) TimerEvent: {}
[56.760606] (examples_rclcpp_cbg_executor) StdoutLine: {'line': b'[ 70%] Built target ping\n'}
[56.807731] (image_proc) StdoutLine: {'line': b'[  4%] \x1b[32mBuilding CXX object CMakeFiles/image_proc.dir/src/image_proc/processor.cpp.o\x1b[0m\n'}
[56.957827] (-) TimerEvent: {}
[57.491327] (-) TimerEvent: {}
[57.535096] (examples_rclcpp_cbg_executor) StdoutLine: {'line': b'[ 80%] \x1b[32m\x1b[1mLinking CXX executable pong\x1b[0m\n'}
[57.597896] (-) TimerEvent: {}
[58.387829] (-) TimerEvent: {}
[58.623834] (-) TimerEvent: {}
[58.729550] (-) TimerEvent: {}
[58.793189] (examples_rclcpp_cbg_executor) StdoutLine: {'line': b'[ 80%] Built target pong\n'}
[58.946225] (-) TimerEvent: {}
[59.032571] (image_proc) StdoutLine: {'line': b'[  8%] \x1b[32m\x1b[1mLinking CXX shared library libimage_proc.so\x1b[0m\n'}
[59.048662] (-) TimerEvent: {}
[59.422579] (-) TimerEvent: {}
[59.545654] (image_proc) StdoutLine: {'line': b'[  8%] Built target image_proc\n'}
[59.545892] (-) TimerEvent: {}
[59.562729] (examples_rclcpp_cbg_executor) StdoutLine: {'line': b'[ 90%] \x1b[32mBuilding CXX object CMakeFiles/ping_pong.dir/src/examples_rclcpp_cbg_executor/pong_node.cpp.o\x1b[0m\n'}
[59.595885] (image_proc) StdoutLine: {'line': b'[ 12%] \x1b[32mBuilding CXX object CMakeFiles/debayer_node.dir/rclcpp_components/node_main_debayer_node.cpp.o\x1b[0m\n'}
[59.695988] (-) TimerEvent: {}
[59.938013] (-) TimerEvent: {}
[60.040974] (-) TimerEvent: {}
[60.953595] (-) TimerEvent: {}
[61.521460] (-) TimerEvent: {}
[61.705556] (-) TimerEvent: {}
[61.740878] (examples_rclcpp_minimal_action_client) StdoutLine: {'line': b'[ 50%] \x1b[32m\x1b[1mLinking CXX executable action_client_not_composable_with_cancel\x1b[0m\n'}
[61.961058] (-) TimerEvent: {}
[62.063191] (examples_rclcpp_minimal_action_client) StdoutLine: {'line': b'[ 50%] Built target action_client_not_composable_with_cancel\n'}
[62.063485] (-) TimerEvent: {}
[62.955467] (-) TimerEvent: {}
[62.961368] (examples_rclcpp_minimal_action_client) StdoutLine: {'line': b'[ 62%] \x1b[32mBuilding CXX object CMakeFiles/action_client_not_composable_with_feedback.dir/not_composable_with_feedback.cpp.o\x1b[0m\n'}
[63.968120] (-) TimerEvent: {}
[64.296570] (-) TimerEvent: {}
[64.593811] (-) TimerEvent: {}
[64.691560] (image_proc) StdoutLine: {'line': b'[ 16%] \x1b[32m\x1b[1mLinking CXX executable debayer_node\x1b[0m\n'}
[64.694135] (-) TimerEvent: {}
[64.882803] (-) TimerEvent: {}
[64.906908] (image_proc) StdoutLine: {'line': b'[ 16%] Built target debayer_node\n'}
[64.977069] (image_proc) StdoutLine: {'line': b'[ 20%] \x1b[32mBuilding CXX object CMakeFiles/resize_node.dir/rclcpp_components/node_main_resize_node.cpp.o\x1b[0m\n'}
[64.983058] (-) TimerEvent: {}
[65.947208] (-) TimerEvent: {}
[66.968859] (-) TimerEvent: {}
[67.556997] (-) TimerEvent: {}
[67.960821] (-) TimerEvent: {}
[68.959855] (-) TimerEvent: {}
[69.071652] (-) TimerEvent: {}
[69.114647] (examples_rclcpp_minimal_action_client) StdoutLine: {'line': b'[ 75%] \x1b[32m\x1b[1mLinking CXX executable action_client_not_composable_with_feedback\x1b[0m\n'}
[69.179782] (-) TimerEvent: {}
[69.396218] (-) TimerEvent: {}
[69.426537] (examples_rclcpp_minimal_action_client) StdoutLine: {'line': b'[ 75%] Built target action_client_not_composable_with_feedback\n'}
[69.481811] (examples_rclcpp_minimal_action_client) StdoutLine: {'line': b'[ 87%] \x1b[32mBuilding CXX object CMakeFiles/action_client_not_composable.dir/not_composable.cpp.o\x1b[0m\n'}
[69.739270] (-) TimerEvent: {}
[69.803720] (image_proc) StdoutLine: {'line': b'[ 24%] \x1b[32m\x1b[1mLinking CXX executable resize_node\x1b[0m\n'}
[69.952593] (-) TimerEvent: {}
[70.011944] (image_proc) StdoutLine: {'line': b'[ 24%] Built target resize_node\n'}
[70.053894] (-) TimerEvent: {}
[70.113568] (image_proc) StdoutLine: {'line': b'[ 28%] \x1b[32mBuilding CXX object CMakeFiles/crop_decimate_node.dir/rclcpp_components/node_main_crop_decimate_node.cpp.o\x1b[0m\n'}
[70.949287] (-) TimerEvent: {}
[71.959776] (-) TimerEvent: {}
[72.603896] (-) TimerEvent: {}
[72.634379] (examples_rclcpp_cbg_executor) StdoutLine: {'line': b'[100%] \x1b[32m\x1b[1mLinking CXX executable ping_pong\x1b[0m\n'}
[72.966520] (-) TimerEvent: {}
[73.083680] (-) TimerEvent: {}
[73.188011] (-) TimerEvent: {}
[73.293329] (-) TimerEvent: {}
[73.397175] (-) TimerEvent: {}
[73.583888] (-) TimerEvent: {}
[73.604097] (examples_rclcpp_cbg_executor) StdoutLine: {'line': b'[100%] Built target ping_pong\n'}
[73.623270] (examples_rclcpp_cbg_executor) CommandEnded: {'returncode': 0}
[73.624859] (examples_rclcpp_cbg_executor) JobProgress: {'identifier': 'examples_rclcpp_cbg_executor', 'progress': 'install'}
[73.625206] (examples_rclcpp_cbg_executor) Command: {'cmd': ['/usr/bin/cmake', '--install', '/home/bryan/Workspace/ros2_ws/build/examples_rclcpp_cbg_executor'], 'cwd': '/home/bryan/Workspace/ros2_ws/build/examples_rclcpp_cbg_executor', 'env': OrderedDict([('LESSOPEN', '| /usr/bin/lesspipe %s'), ('USER', 'bryan'), ('XDG_SESSION_TYPE', 'wayland'), ('SHLVL', '1'), ('LD_LIBRARY_PATH', '/opt/ros/humble/opt/rviz_ogre_vendor/lib:/opt/ros/humble/lib/x86_64-linux-gnu:/opt/ros/humble/lib'), ('HOME', '/home/bryan'), ('OLDPWD', '/home/bryan/Workspace/ros2_ws/src/ros2_sumo-main'), ('DESKTOP_SESSION', 'ubuntu'), ('ROS_PYTHON_VERSION', '3'), ('GNOME_SHELL_SESSION_MODE', 'ubuntu'), ('GTK_MODULES', 'gail:atk-bridge'), ('SYSTEMD_EXEC_PID', '1570'), ('DBUS_SESSION_BUS_ADDRESS', 'unix:path=/run/user/1000/bus'), ('COLORTERM', 'truecolor'), ('IM_CONFIG_PHASE', '1'), ('WAYLAND_DISPLAY', 'wayland-0'), ('ROS_DISTRO', 'humble'), ('LOGNAME', 'bryan'), ('SUMO_HOME', '/usr/share/sumo/'), ('_', '/usr/bin/colcon'), ('ROS_VERSION', '2'), ('XDG_SESSION_CLASS', 'user'), ('USERNAME', 'bryan'), ('TERM', 'xterm-256color'), ('GNOME_DESKTOP_SESSION_ID', 'this-is-deprecated'), ('ROS_LOCALHOST_ONLY', '0'), ('PATH', '/opt/ros/humble/bin:/usr/local/sbin:/usr/local/bin:/usr/sbin:/usr/bin:/sbin:/bin:/usr/games:/usr/local/games:/snap/bin:/snap/bin'), ('SESSION_MANAGER', 'local/bryan-VirtualBox:@/tmp/.ICE-unix/1372,unix/bryan-VirtualBox:/tmp/.ICE-unix/1372'), ('XDG_MENU_PREFIX', 'gnome-'), ('GNOME_TERMINAL_SCREEN', '/org/gnome/Terminal/screen/71407a0b_323a_4971_8a7b_4147209295e5'), ('GNOME_SETUP_DISPLAY', ':1'), ('XDG_RUNTIME_DIR', '/run/user/1000'), ('DISPLAY', ':0'), ('LANG', 'en_US.UTF-8'), ('XDG_CURRENT_DESKTOP', 'ubuntu:GNOME'), ('XMODIFIERS', '@im=ibus'), ('XDG_SESSION_DESKTOP', 'ubuntu'), ('XAUTHORITY', '/run/user/1000/.mutter-Xwaylandauth.GH7FP3'), ('LS_COLORS', 'rs=0:di=01;34:ln=01;36:mh=00:pi=40;33:so=01;35:do=01;35:bd=40;33;01:cd=40;33;01:or=40;31;01:mi=00:su=37;41:sg=30;43:ca=30;41:tw=30;42:ow=34;42:st=37;44:ex=01;32:*.tar=01;31:*.tgz=01;31:*.arc=01;31:*.arj=01;31:*.taz=01;31:*.lha=01;31:*.lz4=01;31:*.lzh=01;31:*.lzma=01;31:*.tlz=01;31:*.txz=01;31:*.tzo=01;31:*.t7z=01;31:*.zip=01;31:*.z=01;31:*.dz=01;31:*.gz=01;31:*.lrz=01;31:*.lz=01;31:*.lzo=01;31:*.xz=01;31:*.zst=01;31:*.tzst=01;31:*.bz2=01;31:*.bz=01;31:*.tbz=01;31:*.tbz2=01;31:*.tz=01;31:*.deb=01;31:*.rpm=01;31:*.jar=01;31:*.war=01;31:*.ear=01;31:*.sar=01;31:*.rar=01;31:*.alz=01;31:*.ace=01;31:*.zoo=01;31:*.cpio=01;31:*.7z=01;31:*.rz=01;31:*.cab=01;31:*.wim=01;31:*.swm=01;31:*.dwm=01;31:*.esd=01;31:*.jpg=01;35:*.jpeg=01;35:*.mjpg=01;35:*.mjpeg=01;35:*.gif=01;35:*.bmp=01;35:*.pbm=01;35:*.pgm=01;35:*.ppm=01;35:*.tga=01;35:*.xbm=01;35:*.xpm=01;35:*.tif=01;35:*.tiff=01;35:*.png=01;35:*.svg=01;35:*.svgz=01;35:*.mng=01;35:*.pcx=01;35:*.mov=01;35:*.mpg=01;35:*.mpeg=01;35:*.m2v=01;35:*.mkv=01;35:*.webm=01;35:*.webp=01;35:*.ogm=01;35:*.mp4=01;35:*.m4v=01;35:*.mp4v=01;35:*.vob=01;35:*.qt=01;35:*.nuv=01;35:*.wmv=01;35:*.asf=01;35:*.rm=01;35:*.rmvb=01;35:*.flc=01;35:*.avi=01;35:*.fli=01;35:*.flv=01;35:*.gl=01;35:*.dl=01;35:*.xcf=01;35:*.xwd=01;35:*.yuv=01;35:*.cgm=01;35:*.emf=01;35:*.ogv=01;35:*.ogx=01;35:*.aac=00;36:*.au=00;36:*.flac=00;36:*.m4a=00;36:*.mid=00;36:*.midi=00;36:*.mka=00;36:*.mp3=00;36:*.mpc=00;36:*.ogg=00;36:*.ra=00;36:*.wav=00;36:*.oga=00;36:*.opus=00;36:*.spx=00;36:*.xspf=00;36:'), ('GNOME_TERMINAL_SERVICE', ':1.91'), ('SSH_AGENT_LAUNCHER', 'gnome-keyring'), ('SSH_AUTH_SOCK', '/run/user/1000/keyring/ssh'), ('AMENT_PREFIX_PATH', '/opt/ros/humble'), ('SHELL', '/bin/bash'), ('QT_ACCESSIBILITY', '1'), ('GDMSESSION', 'ubuntu'), ('LESSCLOSE', '/usr/bin/lesspipe %s %s'), ('QT_IM_MODULE', 'ibus'), ('PWD', '/home/bryan/Workspace/ros2_ws/build/examples_rclcpp_cbg_executor'), ('LC_ALL', 'en_US.UTF-8'), ('XDG_CONFIG_DIRS', '/etc/xdg/xdg-ubuntu:/etc/xdg'), ('XDG_DATA_DIRS', '/usr/share/ubuntu:/usr/local/share/:/usr/share/:/var/lib/snapd/desktop'), ('PYTHONPATH', '/opt/ros/humble/lib/python3.10/site-packages:/opt/ros/humble/local/lib/python3.10/dist-packages'), ('COLCON', '1'), ('VTE_VERSION', '6800'), ('CMAKE_PREFIX_PATH', '/opt/ros/humble')]), 'shell': False}
[73.639129] (examples_rclcpp_cbg_executor) StdoutLine: {'line': b'-- Install configuration: ""\n'}
[73.640179] (examples_rclcpp_cbg_executor) StdoutLine: {'line': b'-- Execute custom install script\n'}
[73.641031] (examples_rclcpp_cbg_executor) StdoutLine: {'line': b'-- Symlinking: /home/bryan/Workspace/ros2_ws/install/examples_rclcpp_cbg_executor/lib/examples_rclcpp_cbg_executor/ping\n'}
[73.653697] (examples_rclcpp_cbg_executor) StdoutLine: {'line': b'-- Symlinking: /home/bryan/Workspace/ros2_ws/install/examples_rclcpp_cbg_executor/lib/examples_rclcpp_cbg_executor/pong\n'}
[73.668430] (examples_rclcpp_cbg_executor) StdoutLine: {'line': b'-- Symlinking: /home/bryan/Workspace/ros2_ws/install/examples_rclcpp_cbg_executor/lib/examples_rclcpp_cbg_executor/ping_pong\n'}
[73.685946] (examples_rclcpp_cbg_executor) StdoutLine: {'line': b'-- Symlinking: /home/bryan/Workspace/ros2_ws/install/examples_rclcpp_cbg_executor/include/examples_rclcpp_cbg_executor/ping_node.hpp\n'}
[73.686171] (-) TimerEvent: {}
[73.702231] (examples_rclcpp_cbg_executor) StdoutLine: {'line': b'-- Symlinking: /home/bryan/Workspace/ros2_ws/install/examples_rclcpp_cbg_executor/include/examples_rclcpp_cbg_executor/pong_node.hpp\n'}
[73.719657] (examples_rclcpp_cbg_executor) StdoutLine: {'line': b'-- Symlinking: /home/bryan/Workspace/ros2_ws/install/examples_rclcpp_cbg_executor/share/ament_index/resource_index/package_run_dependencies/examples_rclcpp_cbg_executor\n'}
[73.732938] (examples_rclcpp_cbg_executor) StdoutLine: {'line': b'-- Symlinking: /home/bryan/Workspace/ros2_ws/install/examples_rclcpp_cbg_executor/share/ament_index/resource_index/parent_prefix_path/examples_rclcpp_cbg_executor\n'}
[73.747349] (examples_rclcpp_cbg_executor) StdoutLine: {'line': b'-- Symlinking: /home/bryan/Workspace/ros2_ws/install/examples_rclcpp_cbg_executor/share/examples_rclcpp_cbg_executor/environment/ament_prefix_path.sh\n'}
[73.758118] (examples_rclcpp_cbg_executor) StdoutLine: {'line': b'-- Symlinking: /home/bryan/Workspace/ros2_ws/install/examples_rclcpp_cbg_executor/share/examples_rclcpp_cbg_executor/environment/ament_prefix_path.dsv\n'}
[73.785231] (examples_rclcpp_cbg_executor) StdoutLine: {'line': b'-- Symlinking: /home/bryan/Workspace/ros2_ws/install/examples_rclcpp_cbg_executor/share/examples_rclcpp_cbg_executor/environment/path.sh\n'}
[73.785936] (examples_rclcpp_cbg_executor) StdoutLine: {'line': b'-- Symlinking: /home/bryan/Workspace/ros2_ws/install/examples_rclcpp_cbg_executor/share/examples_rclcpp_cbg_executor/environment/path.dsv\n'}
[73.798695] (examples_rclcpp_cbg_executor) StdoutLine: {'line': b'-- Symlinking: /home/bryan/Workspace/ros2_ws/install/examples_rclcpp_cbg_executor/share/examples_rclcpp_cbg_executor/local_setup.bash\n'}
[73.798901] (-) TimerEvent: {}
[73.816025] (examples_rclcpp_cbg_executor) StdoutLine: {'line': b'-- Symlinking: /home/bryan/Workspace/ros2_ws/install/examples_rclcpp_cbg_executor/share/examples_rclcpp_cbg_executor/local_setup.sh\n'}
[73.845013] (examples_rclcpp_cbg_executor) StdoutLine: {'line': b'-- Symlinking: /home/bryan/Workspace/ros2_ws/install/examples_rclcpp_cbg_executor/share/examples_rclcpp_cbg_executor/local_setup.zsh\n'}
[73.864531] (examples_rclcpp_cbg_executor) StdoutLine: {'line': b'-- Symlinking: /home/bryan/Workspace/ros2_ws/install/examples_rclcpp_cbg_executor/share/examples_rclcpp_cbg_executor/local_setup.dsv\n'}
[73.876733] (examples_rclcpp_cbg_executor) StdoutLine: {'line': b'-- Symlinking: /home/bryan/Workspace/ros2_ws/install/examples_rclcpp_cbg_executor/share/examples_rclcpp_cbg_executor/package.dsv\n'}
[73.900050] (examples_rclcpp_cbg_executor) StdoutLine: {'line': b'-- Symlinking: /home/bryan/Workspace/ros2_ws/install/examples_rclcpp_cbg_executor/share/ament_index/resource_index/packages/examples_rclcpp_cbg_executor\n'}
[73.900297] (-) TimerEvent: {}
[73.913458] (examples_rclcpp_cbg_executor) StdoutLine: {'line': b'-- Symlinking: /home/bryan/Workspace/ros2_ws/install/examples_rclcpp_cbg_executor/share/examples_rclcpp_cbg_executor/cmake/ament_cmake_export_dependencies-extras.cmake\n'}
[73.928231] (examples_rclcpp_cbg_executor) StdoutLine: {'line': b'-- Symlinking: /home/bryan/Workspace/ros2_ws/install/examples_rclcpp_cbg_executor/share/examples_rclcpp_cbg_executor/cmake/examples_rclcpp_cbg_executorConfig.cmake\n'}
[73.968990] (examples_rclcpp_cbg_executor) StdoutLine: {'line': b'-- Symlinking: /home/bryan/Workspace/ros2_ws/install/examples_rclcpp_cbg_executor/share/examples_rclcpp_cbg_executor/cmake/examples_rclcpp_cbg_executorConfig-version.cmake\n'}
[73.975883] (examples_rclcpp_cbg_executor) StdoutLine: {'line': b'-- Symlinking: /home/bryan/Workspace/ros2_ws/install/examples_rclcpp_cbg_executor/share/examples_rclcpp_cbg_executor/package.xml\n'}
[74.587630] (examples_rclcpp_cbg_executor) CommandEnded: {'returncode': 0}
[74.591584] (-) TimerEvent: {}
[74.605764] (examples_rclcpp_cbg_executor) JobEnded: {'identifier': 'examples_rclcpp_cbg_executor', 'rc': 0}
[74.608632] (camera_calibration) JobStarted: {'identifier': 'camera_calibration'}
[74.701570] (-) TimerEvent: {}
[74.728840] (image_proc) StdoutLine: {'line': b'[ 32%] \x1b[32m\x1b[1mLinking CXX executable crop_decimate_node\x1b[0m\n'}
[74.935821] (-) TimerEvent: {}
[74.957404] (image_proc) StdoutLine: {'line': b'[ 32%] Built target crop_decimate_node\n'}
[75.047872] (-) TimerEvent: {}
[75.050636] (image_proc) StdoutLine: {'line': b'[ 36%] \x1b[32mBuilding CXX object CMakeFiles/crop_non_zero_node.dir/rclcpp_components/node_main_crop_non_zero_node.cpp.o\x1b[0m\n'}
[75.155237] (-) TimerEvent: {}
[75.353512] (-) TimerEvent: {}
[75.499614] (-) TimerEvent: {}
[75.602493] (-) TimerEvent: {}
[75.705597] (-) TimerEvent: {}
[75.807778] (-) TimerEvent: {}
[75.901866] (camera_calibration) Command: {'cmd': ['/usr/bin/python3', '-W', 'ignore:setup.py install is deprecated', '-W', 'ignore:easy_install command is deprecated', 'setup.py', 'develop', '--editable', '--build-directory', '/home/bryan/Workspace/ros2_ws/build/camera_calibration/build', '--no-deps', 'symlink_data'], 'cwd': '/home/bryan/Workspace/ros2_ws/build/camera_calibration', 'env': {'LESSOPEN': '| /usr/bin/lesspipe %s', 'USER': 'bryan', 'XDG_SESSION_TYPE': 'wayland', 'SHLVL': '1', 'LD_LIBRARY_PATH': '/home/bryan/Workspace/ros2_ws/install/image_geometry/lib:/home/bryan/Workspace/ros2_ws/install/cv_bridge/lib:/opt/ros/humble/opt/rviz_ogre_vendor/lib:/opt/ros/humble/lib/x86_64-linux-gnu:/opt/ros/humble/lib', 'HOME': '/home/bryan', 'OLDPWD': '/home/bryan/Workspace/ros2_ws/src/ros2_sumo-main', 'DESKTOP_SESSION': 'ubuntu', 'ROS_PYTHON_VERSION': '3', 'GNOME_SHELL_SESSION_MODE': 'ubuntu', 'GTK_MODULES': 'gail:atk-bridge', 'SYSTEMD_EXEC_PID': '1570', 'DBUS_SESSION_BUS_ADDRESS': 'unix:path=/run/user/1000/bus', 'COLORTERM': 'truecolor', 'IM_CONFIG_PHASE': '1', 'WAYLAND_DISPLAY': 'wayland-0', 'ROS_DISTRO': 'humble', 'LOGNAME': 'bryan', 'SUMO_HOME': '/usr/share/sumo/', '_': '/usr/bin/colcon', 'ROS_VERSION': '2', 'XDG_SESSION_CLASS': 'user', 'USERNAME': 'bryan', 'TERM': 'xterm-256color', 'GNOME_DESKTOP_SESSION_ID': 'this-is-deprecated', 'ROS_LOCALHOST_ONLY': '0', 'PATH': '/opt/ros/humble/bin:/usr/local/sbin:/usr/local/bin:/usr/sbin:/usr/bin:/sbin:/bin:/usr/games:/usr/local/games:/snap/bin:/snap/bin', 'SESSION_MANAGER': 'local/bryan-VirtualBox:@/tmp/.ICE-unix/1372,unix/bryan-VirtualBox:/tmp/.ICE-unix/1372', 'XDG_MENU_PREFIX': 'gnome-', 'GNOME_TERMINAL_SCREEN': '/org/gnome/Terminal/screen/71407a0b_323a_4971_8a7b_4147209295e5', 'GNOME_SETUP_DISPLAY': ':1', 'XDG_RUNTIME_DIR': '/run/user/1000', 'DISPLAY': ':0', 'LANG': 'en_US.UTF-8', 'XDG_CURRENT_DESKTOP': 'ubuntu:GNOME', 'XMODIFIERS': '@im=ibus', 'XDG_SESSION_DESKTOP': 'ubuntu', 'XAUTHORITY': '/run/user/1000/.mutter-Xwaylandauth.GH7FP3', 'LS_COLORS': 'rs=0:di=01;34:ln=01;36:mh=00:pi=40;33:so=01;35:do=01;35:bd=40;33;01:cd=40;33;01:or=40;31;01:mi=00:su=37;41:sg=30;43:ca=30;41:tw=30;42:ow=34;42:st=37;44:ex=01;32:*.tar=01;31:*.tgz=01;31:*.arc=01;31:*.arj=01;31:*.taz=01;31:*.lha=01;31:*.lz4=01;31:*.lzh=01;31:*.lzma=01;31:*.tlz=01;31:*.txz=01;31:*.tzo=01;31:*.t7z=01;31:*.zip=01;31:*.z=01;31:*.dz=01;31:*.gz=01;31:*.lrz=01;31:*.lz=01;31:*.lzo=01;31:*.xz=01;31:*.zst=01;31:*.tzst=01;31:*.bz2=01;31:*.bz=01;31:*.tbz=01;31:*.tbz2=01;31:*.tz=01;31:*.deb=01;31:*.rpm=01;31:*.jar=01;31:*.war=01;31:*.ear=01;31:*.sar=01;31:*.rar=01;31:*.alz=01;31:*.ace=01;31:*.zoo=01;31:*.cpio=01;31:*.7z=01;31:*.rz=01;31:*.cab=01;31:*.wim=01;31:*.swm=01;31:*.dwm=01;31:*.esd=01;31:*.jpg=01;35:*.jpeg=01;35:*.mjpg=01;35:*.mjpeg=01;35:*.gif=01;35:*.bmp=01;35:*.pbm=01;35:*.pgm=01;35:*.ppm=01;35:*.tga=01;35:*.xbm=01;35:*.xpm=01;35:*.tif=01;35:*.tiff=01;35:*.png=01;35:*.svg=01;35:*.svgz=01;35:*.mng=01;35:*.pcx=01;35:*.mov=01;35:*.mpg=01;35:*.mpeg=01;35:*.m2v=01;35:*.mkv=01;35:*.webm=01;35:*.webp=01;35:*.ogm=01;35:*.mp4=01;35:*.m4v=01;35:*.mp4v=01;35:*.vob=01;35:*.qt=01;35:*.nuv=01;35:*.wmv=01;35:*.asf=01;35:*.rm=01;35:*.rmvb=01;35:*.flc=01;35:*.avi=01;35:*.fli=01;35:*.flv=01;35:*.gl=01;35:*.dl=01;35:*.xcf=01;35:*.xwd=01;35:*.yuv=01;35:*.cgm=01;35:*.emf=01;35:*.ogv=01;35:*.ogx=01;35:*.aac=00;36:*.au=00;36:*.flac=00;36:*.m4a=00;36:*.mid=00;36:*.midi=00;36:*.mka=00;36:*.mp3=00;36:*.mpc=00;36:*.ogg=00;36:*.ra=00;36:*.wav=00;36:*.oga=00;36:*.opus=00;36:*.spx=00;36:*.xspf=00;36:', 'GNOME_TERMINAL_SERVICE': ':1.91', 'SSH_AGENT_LAUNCHER': 'gnome-keyring', 'SSH_AUTH_SOCK': '/run/user/1000/keyring/ssh', 'AMENT_PREFIX_PATH': '/home/bryan/Workspace/ros2_ws/install/image_geometry:/home/bryan/Workspace/ros2_ws/install/cv_bridge:/opt/ros/humble', 'SHELL': '/bin/bash', 'QT_ACCESSIBILITY': '1', 'GDMSESSION': 'ubuntu', 'LESSCLOSE': '/usr/bin/lesspipe %s %s', 'QT_IM_MODULE': 'ibus', 'PWD': '/home/bryan/Workspace/ros2_ws/build/camera_calibration', 'LC_ALL': 'en_US.UTF-8', 'XDG_CONFIG_DIRS': '/etc/xdg/xdg-ubuntu:/etc/xdg', 'XDG_DATA_DIRS': '/usr/share/ubuntu:/usr/local/share/:/usr/share/:/var/lib/snapd/desktop', 'PYTHONPATH': '/home/bryan/Workspace/ros2_ws/build/camera_calibration/prefix_override:/usr/lib/python3/dist-packages/colcon_core/task/python/colcon_distutils_commands:/home/bryan/Workspace/ros2_ws/install/camera_calibration/lib/python3.10/site-packages:/home/bryan/Workspace/ros2_ws/install/image_geometry/local/lib/python3.10/dist-packages:/home/bryan/Workspace/ros2_ws/install/cv_bridge/local/lib/python3.10/dist-packages:/opt/ros/humble/lib/python3.10/site-packages:/opt/ros/humble/local/lib/python3.10/dist-packages', 'COLCON': '1', 'VTE_VERSION': '6800', 'CMAKE_PREFIX_PATH': '/home/bryan/Workspace/ros2_ws/install/image_geometry:/home/bryan/Workspace/ros2_ws/install/cv_bridge'}, 'shell': False}
[75.925249] (-) TimerEvent: {}
[76.262685] (-) TimerEvent: {}
[76.311159] (camera_calibration) StdoutLine: {'line': b'running develop\n'}
[76.468837] (examples_rclcpp_minimal_action_client) StdoutLine: {'line': b'[100%] \x1b[32m\x1b[1mLinking CXX executable action_client_not_composable\x1b[0m\n'}
[76.469004] (-) TimerEvent: {}
[76.745356] (-) TimerEvent: {}
[76.781951] (examples_rclcpp_minimal_action_client) StdoutLine: {'line': b'[100%] Built target action_client_not_composable\n'}
[76.799424] (examples_rclcpp_minimal_action_client) CommandEnded: {'returncode': 0}
[76.819742] (examples_rclcpp_minimal_action_client) JobProgress: {'identifier': 'examples_rclcpp_minimal_action_client', 'progress': 'install'}
[76.819839] (examples_rclcpp_minimal_action_client) Command: {'cmd': ['/usr/bin/cmake', '--install', '/home/bryan/Workspace/ros2_ws/build/examples_rclcpp_minimal_action_client'], 'cwd': '/home/bryan/Workspace/ros2_ws/build/examples_rclcpp_minimal_action_client', 'env': OrderedDict([('LESSOPEN', '| /usr/bin/lesspipe %s'), ('USER', 'bryan'), ('XDG_SESSION_TYPE', 'wayland'), ('SHLVL', '1'), ('LD_LIBRARY_PATH', '/opt/ros/humble/opt/rviz_ogre_vendor/lib:/opt/ros/humble/lib/x86_64-linux-gnu:/opt/ros/humble/lib'), ('HOME', '/home/bryan'), ('OLDPWD', '/home/bryan/Workspace/ros2_ws/src/ros2_sumo-main'), ('DESKTOP_SESSION', 'ubuntu'), ('ROS_PYTHON_VERSION', '3'), ('GNOME_SHELL_SESSION_MODE', 'ubuntu'), ('GTK_MODULES', 'gail:atk-bridge'), ('SYSTEMD_EXEC_PID', '1570'), ('DBUS_SESSION_BUS_ADDRESS', 'unix:path=/run/user/1000/bus'), ('COLORTERM', 'truecolor'), ('IM_CONFIG_PHASE', '1'), ('WAYLAND_DISPLAY', 'wayland-0'), ('ROS_DISTRO', 'humble'), ('LOGNAME', 'bryan'), ('SUMO_HOME', '/usr/share/sumo/'), ('_', '/usr/bin/colcon'), ('ROS_VERSION', '2'), ('XDG_SESSION_CLASS', 'user'), ('USERNAME', 'bryan'), ('TERM', 'xterm-256color'), ('GNOME_DESKTOP_SESSION_ID', 'this-is-deprecated'), ('ROS_LOCALHOST_ONLY', '0'), ('PATH', '/opt/ros/humble/bin:/usr/local/sbin:/usr/local/bin:/usr/sbin:/usr/bin:/sbin:/bin:/usr/games:/usr/local/games:/snap/bin:/snap/bin'), ('SESSION_MANAGER', 'local/bryan-VirtualBox:@/tmp/.ICE-unix/1372,unix/bryan-VirtualBox:/tmp/.ICE-unix/1372'), ('XDG_MENU_PREFIX', 'gnome-'), ('GNOME_TERMINAL_SCREEN', '/org/gnome/Terminal/screen/71407a0b_323a_4971_8a7b_4147209295e5'), ('GNOME_SETUP_DISPLAY', ':1'), ('XDG_RUNTIME_DIR', '/run/user/1000'), ('DISPLAY', ':0'), ('LANG', 'en_US.UTF-8'), ('XDG_CURRENT_DESKTOP', 'ubuntu:GNOME'), ('XMODIFIERS', '@im=ibus'), ('XDG_SESSION_DESKTOP', 'ubuntu'), ('XAUTHORITY', '/run/user/1000/.mutter-Xwaylandauth.GH7FP3'), ('LS_COLORS', 'rs=0:di=01;34:ln=01;36:mh=00:pi=40;33:so=01;35:do=01;35:bd=40;33;01:cd=40;33;01:or=40;31;01:mi=00:su=37;41:sg=30;43:ca=30;41:tw=30;42:ow=34;42:st=37;44:ex=01;32:*.tar=01;31:*.tgz=01;31:*.arc=01;31:*.arj=01;31:*.taz=01;31:*.lha=01;31:*.lz4=01;31:*.lzh=01;31:*.lzma=01;31:*.tlz=01;31:*.txz=01;31:*.tzo=01;31:*.t7z=01;31:*.zip=01;31:*.z=01;31:*.dz=01;31:*.gz=01;31:*.lrz=01;31:*.lz=01;31:*.lzo=01;31:*.xz=01;31:*.zst=01;31:*.tzst=01;31:*.bz2=01;31:*.bz=01;31:*.tbz=01;31:*.tbz2=01;31:*.tz=01;31:*.deb=01;31:*.rpm=01;31:*.jar=01;31:*.war=01;31:*.ear=01;31:*.sar=01;31:*.rar=01;31:*.alz=01;31:*.ace=01;31:*.zoo=01;31:*.cpio=01;31:*.7z=01;31:*.rz=01;31:*.cab=01;31:*.wim=01;31:*.swm=01;31:*.dwm=01;31:*.esd=01;31:*.jpg=01;35:*.jpeg=01;35:*.mjpg=01;35:*.mjpeg=01;35:*.gif=01;35:*.bmp=01;35:*.pbm=01;35:*.pgm=01;35:*.ppm=01;35:*.tga=01;35:*.xbm=01;35:*.xpm=01;35:*.tif=01;35:*.tiff=01;35:*.png=01;35:*.svg=01;35:*.svgz=01;35:*.mng=01;35:*.pcx=01;35:*.mov=01;35:*.mpg=01;35:*.mpeg=01;35:*.m2v=01;35:*.mkv=01;35:*.webm=01;35:*.webp=01;35:*.ogm=01;35:*.mp4=01;35:*.m4v=01;35:*.mp4v=01;35:*.vob=01;35:*.qt=01;35:*.nuv=01;35:*.wmv=01;35:*.asf=01;35:*.rm=01;35:*.rmvb=01;35:*.flc=01;35:*.avi=01;35:*.fli=01;35:*.flv=01;35:*.gl=01;35:*.dl=01;35:*.xcf=01;35:*.xwd=01;35:*.yuv=01;35:*.cgm=01;35:*.emf=01;35:*.ogv=01;35:*.ogx=01;35:*.aac=00;36:*.au=00;36:*.flac=00;36:*.m4a=00;36:*.mid=00;36:*.midi=00;36:*.mka=00;36:*.mp3=00;36:*.mpc=00;36:*.ogg=00;36:*.ra=00;36:*.wav=00;36:*.oga=00;36:*.opus=00;36:*.spx=00;36:*.xspf=00;36:'), ('GNOME_TERMINAL_SERVICE', ':1.91'), ('SSH_AGENT_LAUNCHER', 'gnome-keyring'), ('SSH_AUTH_SOCK', '/run/user/1000/keyring/ssh'), ('AMENT_PREFIX_PATH', '/opt/ros/humble'), ('SHELL', '/bin/bash'), ('QT_ACCESSIBILITY', '1'), ('GDMSESSION', 'ubuntu'), ('LESSCLOSE', '/usr/bin/lesspipe %s %s'), ('QT_IM_MODULE', 'ibus'), ('PWD', '/home/bryan/Workspace/ros2_ws/build/examples_rclcpp_minimal_action_client'), ('LC_ALL', 'en_US.UTF-8'), ('XDG_CONFIG_DIRS', '/etc/xdg/xdg-ubuntu:/etc/xdg'), ('XDG_DATA_DIRS', '/usr/share/ubuntu:/usr/local/share/:/usr/share/:/var/lib/snapd/desktop'), ('PYTHONPATH', '/opt/ros/humble/lib/python3.10/site-packages:/opt/ros/humble/local/lib/python3.10/dist-packages'), ('COLCON', '1'), ('VTE_VERSION', '6800'), ('CMAKE_PREFIX_PATH', '/opt/ros/humble')]), 'shell': False}
[76.821634] (examples_rclcpp_minimal_action_client) StdoutLine: {'line': b'-- Install configuration: ""\n'}
[76.821819] (examples_rclcpp_minimal_action_client) StdoutLine: {'line': b'-- Execute custom install script\n'}
[76.822310] (examples_rclcpp_minimal_action_client) StdoutLine: {'line': b'-- Symlinking: /home/bryan/Workspace/ros2_ws/install/examples_rclcpp_minimal_action_client/lib/examples_rclcpp_minimal_action_client/action_client_member_functions\n'}
[76.835585] (examples_rclcpp_minimal_action_client) StdoutLine: {'line': b'-- Symlinking: /home/bryan/Workspace/ros2_ws/install/examples_rclcpp_minimal_action_client/lib/examples_rclcpp_minimal_action_client/action_client_not_composable\n'}
[76.839416] (camera_calibration) StdoutLine: {'line': b'running egg_info\n'}
[76.839597] (camera_calibration) StdoutLine: {'line': b'creating src/camera_calibration.egg-info\n'}
[76.839688] (camera_calibration) StdoutLine: {'line': b'writing src/camera_calibration.egg-info/PKG-INFO\n'}
[76.839768] (camera_calibration) StdoutLine: {'line': b'writing dependency_links to src/camera_calibration.egg-info/dependency_links.txt\n'}
[76.839865] (camera_calibration) StdoutLine: {'line': b'writing entry points to src/camera_calibration.egg-info/entry_points.txt\n'}
[76.840040] (camera_calibration) StdoutLine: {'line': b'writing requirements to src/camera_calibration.egg-info/requires.txt\n'}
[76.840109] (camera_calibration) StdoutLine: {'line': b'writing top-level names to src/camera_calibration.egg-info/top_level.txt\n'}
[76.840163] (camera_calibration) StdoutLine: {'line': b"writing manifest file 'src/camera_calibration.egg-info/SOURCES.txt'\n"}
[76.845620] (-) TimerEvent: {}
[76.848620] (camera_calibration) StdoutLine: {'line': b"reading manifest file 'src/camera_calibration.egg-info/SOURCES.txt'\n"}
[76.848843] (camera_calibration) StdoutLine: {'line': b"writing manifest file 'src/camera_calibration.egg-info/SOURCES.txt'\n"}
[76.852334] (camera_calibration) StdoutLine: {'line': b'running build_ext\n'}
[76.852529] (camera_calibration) StdoutLine: {'line': b'Creating /home/bryan/Workspace/ros2_ws/install/camera_calibration/lib/python3.10/site-packages/camera-calibration.egg-link (link to src)\n'}
[76.853944] (camera_calibration) StdoutLine: {'line': b'Installing cameracalibrator script to /home/bryan/Workspace/ros2_ws/install/camera_calibration/lib/camera_calibration\n'}
[76.854618] (camera_calibration) StdoutLine: {'line': b'Installing cameracheck script to /home/bryan/Workspace/ros2_ws/install/camera_calibration/lib/camera_calibration\n'}
[76.854717] (camera_calibration) StdoutLine: {'line': b'\n'}
[76.854811] (camera_calibration) StdoutLine: {'line': b'Installed /home/bryan/Workspace/ros2_ws/build/camera_calibration/src\n'}
[76.855015] (camera_calibration) StdoutLine: {'line': b'running symlink_data\n'}
[76.855382] (camera_calibration) StdoutLine: {'line': b'creating /home/bryan/Workspace/ros2_ws/install/camera_calibration/share/ament_index\n'}
[76.855644] (camera_calibration) StdoutLine: {'line': b'creating /home/bryan/Workspace/ros2_ws/install/camera_calibration/share/ament_index/resource_index\n'}
[76.856158] (camera_calibration) StdoutLine: {'line': b'creating /home/bryan/Workspace/ros2_ws/install/camera_calibration/share/ament_index/resource_index/packages\n'}
[76.856395] (camera_calibration) StdoutLine: {'line': b'symbolically linking /home/bryan/Workspace/ros2_ws/build/camera_calibration/resource/camera_calibration -> /home/bryan/Workspace/ros2_ws/install/camera_calibration/share/ament_index/resource_index/packages\n'}
[76.860811] (camera_calibration) StdoutLine: {'line': b'symbolically linking /home/bryan/Workspace/ros2_ws/build/camera_calibration/package.xml -> /home/bryan/Workspace/ros2_ws/install/camera_calibration/share/camera_calibration\n'}
[76.863120] (examples_rclcpp_minimal_action_client) StdoutLine: {'line': b'-- Symlinking: /home/bryan/Workspace/ros2_ws/install/examples_rclcpp_minimal_action_client/lib/examples_rclcpp_minimal_action_client/action_client_not_composable_with_cancel\n'}
[76.903691] (examples_rclcpp_minimal_action_client) StdoutLine: {'line': b'-- Symlinking: /home/bryan/Workspace/ros2_ws/install/examples_rclcpp_minimal_action_client/lib/examples_rclcpp_minimal_action_client/action_client_not_composable_with_feedback\n'}
[76.913143] (examples_rclcpp_minimal_action_client) StdoutLine: {'line': b'-- Symlinking: /home/bryan/Workspace/ros2_ws/install/examples_rclcpp_minimal_action_client/share/ament_index/resource_index/package_run_dependencies/examples_rclcpp_minimal_action_client\n'}
[76.928104] (camera_calibration) CommandEnded: {'returncode': 0}
[76.939452] (examples_rclcpp_minimal_action_client) StdoutLine: {'line': b'-- Symlinking: /home/bryan/Workspace/ros2_ws/install/examples_rclcpp_minimal_action_client/share/ament_index/resource_index/parent_prefix_path/examples_rclcpp_minimal_action_client\n'}
[76.945640] (camera_calibration) JobEnded: {'identifier': 'camera_calibration', 'rc': 0}
[76.957232] (-) TimerEvent: {}
[76.960712] (depth_image_proc) JobStarted: {'identifier': 'depth_image_proc'}
[76.975081] (examples_rclcpp_minimal_action_client) StdoutLine: {'line': b'-- Symlinking: /home/bryan/Workspace/ros2_ws/install/examples_rclcpp_minimal_action_client/share/examples_rclcpp_minimal_action_client/environment/ament_prefix_path.sh\n'}
[76.998651] (depth_image_proc) JobProgress: {'identifier': 'depth_image_proc', 'progress': 'cmake'}
[77.005598] (depth_image_proc) Command: {'cmd': ['/usr/bin/cmake', '/home/bryan/Workspace/ros2_ws/image_pipeline/depth_image_proc', '-DAMENT_CMAKE_SYMLINK_INSTALL=1', '-DCMAKE_INSTALL_PREFIX=/home/bryan/Workspace/ros2_ws/install/depth_image_proc'], 'cwd': '/home/bryan/Workspace/ros2_ws/build/depth_image_proc', 'env': OrderedDict([('LESSOPEN', '| /usr/bin/lesspipe %s'), ('USER', 'bryan'), ('XDG_SESSION_TYPE', 'wayland'), ('SHLVL', '1'), ('LD_LIBRARY_PATH', '/home/bryan/Workspace/ros2_ws/install/image_geometry/lib:/home/bryan/Workspace/ros2_ws/install/cv_bridge/lib:/opt/ros/humble/opt/rviz_ogre_vendor/lib:/opt/ros/humble/lib/x86_64-linux-gnu:/opt/ros/humble/lib'), ('HOME', '/home/bryan'), ('OLDPWD', '/home/bryan/Workspace/ros2_ws/src/ros2_sumo-main'), ('DESKTOP_SESSION', 'ubuntu'), ('ROS_PYTHON_VERSION', '3'), ('GNOME_SHELL_SESSION_MODE', 'ubuntu'), ('GTK_MODULES', 'gail:atk-bridge'), ('SYSTEMD_EXEC_PID', '1570'), ('DBUS_SESSION_BUS_ADDRESS', 'unix:path=/run/user/1000/bus'), ('COLORTERM', 'truecolor'), ('IM_CONFIG_PHASE', '1'), ('WAYLAND_DISPLAY', 'wayland-0'), ('ROS_DISTRO', 'humble'), ('LOGNAME', 'bryan'), ('SUMO_HOME', '/usr/share/sumo/'), ('_', '/usr/bin/colcon'), ('ROS_VERSION', '2'), ('XDG_SESSION_CLASS', 'user'), ('USERNAME', 'bryan'), ('TERM', 'xterm-256color'), ('GNOME_DESKTOP_SESSION_ID', 'this-is-deprecated'), ('ROS_LOCALHOST_ONLY', '0'), ('PATH', '/opt/ros/humble/bin:/usr/local/sbin:/usr/local/bin:/usr/sbin:/usr/bin:/sbin:/bin:/usr/games:/usr/local/games:/snap/bin:/snap/bin'), ('SESSION_MANAGER', 'local/bryan-VirtualBox:@/tmp/.ICE-unix/1372,unix/bryan-VirtualBox:/tmp/.ICE-unix/1372'), ('XDG_MENU_PREFIX', 'gnome-'), ('GNOME_TERMINAL_SCREEN', '/org/gnome/Terminal/screen/71407a0b_323a_4971_8a7b_4147209295e5'), ('GNOME_SETUP_DISPLAY', ':1'), ('XDG_RUNTIME_DIR', '/run/user/1000'), ('DISPLAY', ':0'), ('LANG', 'en_US.UTF-8'), ('XDG_CURRENT_DESKTOP', 'ubuntu:GNOME'), ('XMODIFIERS', '@im=ibus'), ('XDG_SESSION_DESKTOP', 'ubuntu'), ('XAUTHORITY', '/run/user/1000/.mutter-Xwaylandauth.GH7FP3'), ('LS_COLORS', 'rs=0:di=01;34:ln=01;36:mh=00:pi=40;33:so=01;35:do=01;35:bd=40;33;01:cd=40;33;01:or=40;31;01:mi=00:su=37;41:sg=30;43:ca=30;41:tw=30;42:ow=34;42:st=37;44:ex=01;32:*.tar=01;31:*.tgz=01;31:*.arc=01;31:*.arj=01;31:*.taz=01;31:*.lha=01;31:*.lz4=01;31:*.lzh=01;31:*.lzma=01;31:*.tlz=01;31:*.txz=01;31:*.tzo=01;31:*.t7z=01;31:*.zip=01;31:*.z=01;31:*.dz=01;31:*.gz=01;31:*.lrz=01;31:*.lz=01;31:*.lzo=01;31:*.xz=01;31:*.zst=01;31:*.tzst=01;31:*.bz2=01;31:*.bz=01;31:*.tbz=01;31:*.tbz2=01;31:*.tz=01;31:*.deb=01;31:*.rpm=01;31:*.jar=01;31:*.war=01;31:*.ear=01;31:*.sar=01;31:*.rar=01;31:*.alz=01;31:*.ace=01;31:*.zoo=01;31:*.cpio=01;31:*.7z=01;31:*.rz=01;31:*.cab=01;31:*.wim=01;31:*.swm=01;31:*.dwm=01;31:*.esd=01;31:*.jpg=01;35:*.jpeg=01;35:*.mjpg=01;35:*.mjpeg=01;35:*.gif=01;35:*.bmp=01;35:*.pbm=01;35:*.pgm=01;35:*.ppm=01;35:*.tga=01;35:*.xbm=01;35:*.xpm=01;35:*.tif=01;35:*.tiff=01;35:*.png=01;35:*.svg=01;35:*.svgz=01;35:*.mng=01;35:*.pcx=01;35:*.mov=01;35:*.mpg=01;35:*.mpeg=01;35:*.m2v=01;35:*.mkv=01;35:*.webm=01;35:*.webp=01;35:*.ogm=01;35:*.mp4=01;35:*.m4v=01;35:*.mp4v=01;35:*.vob=01;35:*.qt=01;35:*.nuv=01;35:*.wmv=01;35:*.asf=01;35:*.rm=01;35:*.rmvb=01;35:*.flc=01;35:*.avi=01;35:*.fli=01;35:*.flv=01;35:*.gl=01;35:*.dl=01;35:*.xcf=01;35:*.xwd=01;35:*.yuv=01;35:*.cgm=01;35:*.emf=01;35:*.ogv=01;35:*.ogx=01;35:*.aac=00;36:*.au=00;36:*.flac=00;36:*.m4a=00;36:*.mid=00;36:*.midi=00;36:*.mka=00;36:*.mp3=00;36:*.mpc=00;36:*.ogg=00;36:*.ra=00;36:*.wav=00;36:*.oga=00;36:*.opus=00;36:*.spx=00;36:*.xspf=00;36:'), ('GNOME_TERMINAL_SERVICE', ':1.91'), ('SSH_AGENT_LAUNCHER', 'gnome-keyring'), ('SSH_AUTH_SOCK', '/run/user/1000/keyring/ssh'), ('AMENT_PREFIX_PATH', '/home/bryan/Workspace/ros2_ws/install/image_geometry:/home/bryan/Workspace/ros2_ws/install/cv_bridge:/opt/ros/humble'), ('SHELL', '/bin/bash'), ('QT_ACCESSIBILITY', '1'), ('GDMSESSION', 'ubuntu'), ('LESSCLOSE', '/usr/bin/lesspipe %s %s'), ('QT_IM_MODULE', 'ibus'), ('PWD', '/home/bryan/Workspace/ros2_ws/build/depth_image_proc'), ('LC_ALL', 'en_US.UTF-8'), ('XDG_CONFIG_DIRS', '/etc/xdg/xdg-ubuntu:/etc/xdg'), ('XDG_DATA_DIRS', '/usr/share/ubuntu:/usr/local/share/:/usr/share/:/var/lib/snapd/desktop'), ('PYTHONPATH', '/home/bryan/Workspace/ros2_ws/install/image_geometry/local/lib/python3.10/dist-packages:/home/bryan/Workspace/ros2_ws/install/cv_bridge/local/lib/python3.10/dist-packages:/opt/ros/humble/lib/python3.10/site-packages:/opt/ros/humble/local/lib/python3.10/dist-packages'), ('COLCON', '1'), ('VTE_VERSION', '6800'), ('CMAKE_PREFIX_PATH', '/home/bryan/Workspace/ros2_ws/install/image_geometry:/home/bryan/Workspace/ros2_ws/install/cv_bridge:/opt/ros/humble')]), 'shell': False}
[77.017650] (examples_rclcpp_minimal_action_client) StdoutLine: {'line': b'-- Symlinking: /home/bryan/Workspace/ros2_ws/install/examples_rclcpp_minimal_action_client/share/examples_rclcpp_minimal_action_client/environment/ament_prefix_path.dsv\n'}
[77.038023] (examples_rclcpp_minimal_action_client) StdoutLine: {'line': b'-- Symlinking: /home/bryan/Workspace/ros2_ws/install/examples_rclcpp_minimal_action_client/share/examples_rclcpp_minimal_action_client/environment/path.sh\n'}
[77.057514] (-) TimerEvent: {}
[77.058743] (examples_rclcpp_minimal_action_client) StdoutLine: {'line': b'-- Symlinking: /home/bryan/Workspace/ros2_ws/install/examples_rclcpp_minimal_action_client/share/examples_rclcpp_minimal_action_client/environment/path.dsv\n'}
[77.079470] (examples_rclcpp_minimal_action_client) StdoutLine: {'line': b'-- Symlinking: /home/bryan/Workspace/ros2_ws/install/examples_rclcpp_minimal_action_client/share/examples_rclcpp_minimal_action_client/local_setup.bash\n'}
[77.101061] (examples_rclcpp_minimal_action_client) StdoutLine: {'line': b'-- Symlinking: /home/bryan/Workspace/ros2_ws/install/examples_rclcpp_minimal_action_client/share/examples_rclcpp_minimal_action_client/local_setup.sh\n'}
[77.120013] (examples_rclcpp_minimal_action_client) StdoutLine: {'line': b'-- Symlinking: /home/bryan/Workspace/ros2_ws/install/examples_rclcpp_minimal_action_client/share/examples_rclcpp_minimal_action_client/local_setup.zsh\n'}
[77.134179] (depth_image_proc) StdoutLine: {'line': b'-- The C compiler identification is GNU 11.4.0\n'}
[77.142016] (examples_rclcpp_minimal_action_client) StdoutLine: {'line': b'-- Symlinking: /home/bryan/Workspace/ros2_ws/install/examples_rclcpp_minimal_action_client/share/examples_rclcpp_minimal_action_client/local_setup.dsv\n'}
[77.156194] (examples_rclcpp_minimal_action_client) StdoutLine: {'line': b'-- Symlinking: /home/bryan/Workspace/ros2_ws/install/examples_rclcpp_minimal_action_client/share/examples_rclcpp_minimal_action_client/package.dsv\n'}
[77.157816] (-) TimerEvent: {}
[77.170677] (examples_rclcpp_minimal_action_client) StdoutLine: {'line': b'-- Symlinking: /home/bryan/Workspace/ros2_ws/install/examples_rclcpp_minimal_action_client/share/ament_index/resource_index/packages/examples_rclcpp_minimal_action_client\n'}
[77.188064] (examples_rclcpp_minimal_action_client) StdoutLine: {'line': b'-- Symlinking: /home/bryan/Workspace/ros2_ws/install/examples_rclcpp_minimal_action_client/share/examples_rclcpp_minimal_action_client/cmake/examples_rclcpp_minimal_action_clientConfig.cmake\n'}
[77.206865] (examples_rclcpp_minimal_action_client) StdoutLine: {'line': b'-- Symlinking: /home/bryan/Workspace/ros2_ws/install/examples_rclcpp_minimal_action_client/share/examples_rclcpp_minimal_action_client/cmake/examples_rclcpp_minimal_action_clientConfig-version.cmake\n'}
[77.229211] (examples_rclcpp_minimal_action_client) StdoutLine: {'line': b'-- Symlinking: /home/bryan/Workspace/ros2_ws/install/examples_rclcpp_minimal_action_client/share/examples_rclcpp_minimal_action_client/package.xml\n'}
[77.244784] (depth_image_proc) StdoutLine: {'line': b'-- The CXX compiler identification is GNU 11.4.0\n'}
[77.253455] (depth_image_proc) StdoutLine: {'line': b'-- Detecting C compiler ABI info\n'}
[77.255695] (examples_rclcpp_minimal_action_client) CommandEnded: {'returncode': 0}
[77.258024] (-) TimerEvent: {}
[77.301216] (examples_rclcpp_minimal_action_client) JobEnded: {'identifier': 'examples_rclcpp_minimal_action_client', 'rc': 0}
[77.312345] (image_publisher) JobStarted: {'identifier': 'image_publisher'}
[77.347492] (image_publisher) JobProgress: {'identifier': 'image_publisher', 'progress': 'cmake'}
[77.347676] (image_publisher) Command: {'cmd': ['/usr/bin/cmake', '/home/bryan/Workspace/ros2_ws/image_pipeline/image_publisher', '-DAMENT_CMAKE_SYMLINK_INSTALL=1', '-DCMAKE_INSTALL_PREFIX=/home/bryan/Workspace/ros2_ws/install/image_publisher'], 'cwd': '/home/bryan/Workspace/ros2_ws/build/image_publisher', 'env': OrderedDict([('LESSOPEN', '| /usr/bin/lesspipe %s'), ('USER', 'bryan'), ('XDG_SESSION_TYPE', 'wayland'), ('SHLVL', '1'), ('LD_LIBRARY_PATH', '/home/bryan/Workspace/ros2_ws/install/cv_bridge/lib:/opt/ros/humble/opt/rviz_ogre_vendor/lib:/opt/ros/humble/lib/x86_64-linux-gnu:/opt/ros/humble/lib'), ('HOME', '/home/bryan'), ('OLDPWD', '/home/bryan/Workspace/ros2_ws/src/ros2_sumo-main'), ('DESKTOP_SESSION', 'ubuntu'), ('ROS_PYTHON_VERSION', '3'), ('GNOME_SHELL_SESSION_MODE', 'ubuntu'), ('GTK_MODULES', 'gail:atk-bridge'), ('SYSTEMD_EXEC_PID', '1570'), ('DBUS_SESSION_BUS_ADDRESS', 'unix:path=/run/user/1000/bus'), ('COLORTERM', 'truecolor'), ('IM_CONFIG_PHASE', '1'), ('WAYLAND_DISPLAY', 'wayland-0'), ('ROS_DISTRO', 'humble'), ('LOGNAME', 'bryan'), ('SUMO_HOME', '/usr/share/sumo/'), ('_', '/usr/bin/colcon'), ('ROS_VERSION', '2'), ('XDG_SESSION_CLASS', 'user'), ('USERNAME', 'bryan'), ('TERM', 'xterm-256color'), ('GNOME_DESKTOP_SESSION_ID', 'this-is-deprecated'), ('ROS_LOCALHOST_ONLY', '0'), ('PATH', '/opt/ros/humble/bin:/usr/local/sbin:/usr/local/bin:/usr/sbin:/usr/bin:/sbin:/bin:/usr/games:/usr/local/games:/snap/bin:/snap/bin'), ('SESSION_MANAGER', 'local/bryan-VirtualBox:@/tmp/.ICE-unix/1372,unix/bryan-VirtualBox:/tmp/.ICE-unix/1372'), ('XDG_MENU_PREFIX', 'gnome-'), ('GNOME_TERMINAL_SCREEN', '/org/gnome/Terminal/screen/71407a0b_323a_4971_8a7b_4147209295e5'), ('GNOME_SETUP_DISPLAY', ':1'), ('XDG_RUNTIME_DIR', '/run/user/1000'), ('DISPLAY', ':0'), ('LANG', 'en_US.UTF-8'), ('XDG_CURRENT_DESKTOP', 'ubuntu:GNOME'), ('XMODIFIERS', '@im=ibus'), ('XDG_SESSION_DESKTOP', 'ubuntu'), ('XAUTHORITY', '/run/user/1000/.mutter-Xwaylandauth.GH7FP3'), ('LS_COLORS', 'rs=0:di=01;34:ln=01;36:mh=00:pi=40;33:so=01;35:do=01;35:bd=40;33;01:cd=40;33;01:or=40;31;01:mi=00:su=37;41:sg=30;43:ca=30;41:tw=30;42:ow=34;42:st=37;44:ex=01;32:*.tar=01;31:*.tgz=01;31:*.arc=01;31:*.arj=01;31:*.taz=01;31:*.lha=01;31:*.lz4=01;31:*.lzh=01;31:*.lzma=01;31:*.tlz=01;31:*.txz=01;31:*.tzo=01;31:*.t7z=01;31:*.zip=01;31:*.z=01;31:*.dz=01;31:*.gz=01;31:*.lrz=01;31:*.lz=01;31:*.lzo=01;31:*.xz=01;31:*.zst=01;31:*.tzst=01;31:*.bz2=01;31:*.bz=01;31:*.tbz=01;31:*.tbz2=01;31:*.tz=01;31:*.deb=01;31:*.rpm=01;31:*.jar=01;31:*.war=01;31:*.ear=01;31:*.sar=01;31:*.rar=01;31:*.alz=01;31:*.ace=01;31:*.zoo=01;31:*.cpio=01;31:*.7z=01;31:*.rz=01;31:*.cab=01;31:*.wim=01;31:*.swm=01;31:*.dwm=01;31:*.esd=01;31:*.jpg=01;35:*.jpeg=01;35:*.mjpg=01;35:*.mjpeg=01;35:*.gif=01;35:*.bmp=01;35:*.pbm=01;35:*.pgm=01;35:*.ppm=01;35:*.tga=01;35:*.xbm=01;35:*.xpm=01;35:*.tif=01;35:*.tiff=01;35:*.png=01;35:*.svg=01;35:*.svgz=01;35:*.mng=01;35:*.pcx=01;35:*.mov=01;35:*.mpg=01;35:*.mpeg=01;35:*.m2v=01;35:*.mkv=01;35:*.webm=01;35:*.webp=01;35:*.ogm=01;35:*.mp4=01;35:*.m4v=01;35:*.mp4v=01;35:*.vob=01;35:*.qt=01;35:*.nuv=01;35:*.wmv=01;35:*.asf=01;35:*.rm=01;35:*.rmvb=01;35:*.flc=01;35:*.avi=01;35:*.fli=01;35:*.flv=01;35:*.gl=01;35:*.dl=01;35:*.xcf=01;35:*.xwd=01;35:*.yuv=01;35:*.cgm=01;35:*.emf=01;35:*.ogv=01;35:*.ogx=01;35:*.aac=00;36:*.au=00;36:*.flac=00;36:*.m4a=00;36:*.mid=00;36:*.midi=00;36:*.mka=00;36:*.mp3=00;36:*.mpc=00;36:*.ogg=00;36:*.ra=00;36:*.wav=00;36:*.oga=00;36:*.opus=00;36:*.spx=00;36:*.xspf=00;36:'), ('GNOME_TERMINAL_SERVICE', ':1.91'), ('SSH_AGENT_LAUNCHER', 'gnome-keyring'), ('SSH_AUTH_SOCK', '/run/user/1000/keyring/ssh'), ('AMENT_PREFIX_PATH', '/home/bryan/Workspace/ros2_ws/install/cv_bridge:/opt/ros/humble'), ('SHELL', '/bin/bash'), ('QT_ACCESSIBILITY', '1'), ('GDMSESSION', 'ubuntu'), ('LESSCLOSE', '/usr/bin/lesspipe %s %s'), ('QT_IM_MODULE', 'ibus'), ('PWD', '/home/bryan/Workspace/ros2_ws/build/image_publisher'), ('LC_ALL', 'en_US.UTF-8'), ('XDG_CONFIG_DIRS', '/etc/xdg/xdg-ubuntu:/etc/xdg'), ('XDG_DATA_DIRS', '/usr/share/ubuntu:/usr/local/share/:/usr/share/:/var/lib/snapd/desktop'), ('PYTHONPATH', '/home/bryan/Workspace/ros2_ws/install/cv_bridge/local/lib/python3.10/dist-packages:/opt/ros/humble/lib/python3.10/site-packages:/opt/ros/humble/local/lib/python3.10/dist-packages'), ('COLCON', '1'), ('VTE_VERSION', '6800'), ('CMAKE_PREFIX_PATH', '/home/bryan/Workspace/ros2_ws/install/cv_bridge:/opt/ros/humble')]), 'shell': False}
[77.367794] (-) TimerEvent: {}
[77.459896] (depth_image_proc) StdoutLine: {'line': b'-- Detecting C compiler ABI info - done\n'}
[77.466948] (image_publisher) StdoutLine: {'line': b'-- The C compiler identification is GNU 11.4.0\n'}
[77.471795] (depth_image_proc) StdoutLine: {'line': b'-- Check for working C compiler: /usr/bin/cc - skipped\n'}
[77.471958] (-) TimerEvent: {}
[77.476856] (depth_image_proc) StdoutLine: {'line': b'-- Detecting C compile features\n'}
[77.477943] (depth_image_proc) StdoutLine: {'line': b'-- Detecting C compile features - done\n'}
[77.479450] (depth_image_proc) StdoutLine: {'line': b'-- Detecting CXX compiler ABI info\n'}
[77.573933] (-) TimerEvent: {}
[77.614313] (image_publisher) StdoutLine: {'line': b'-- The CXX compiler identification is GNU 11.4.0\n'}
[77.633246] (image_publisher) StdoutLine: {'line': b'-- Detecting C compiler ABI info\n'}
[77.676463] (-) TimerEvent: {}
[77.677062] (depth_image_proc) StdoutLine: {'line': b'-- Detecting CXX compiler ABI info - done\n'}
[77.688769] (depth_image_proc) StdoutLine: {'line': b'-- Check for working CXX compiler: /usr/bin/c++ - skipped\n'}
[77.688962] (depth_image_proc) StdoutLine: {'line': b'-- Detecting CXX compile features\n'}
[77.689783] (depth_image_proc) StdoutLine: {'line': b'-- Detecting CXX compile features - done\n'}
[77.692812] (depth_image_proc) StdoutLine: {'line': b'-- Found ament_cmake_auto: 1.3.14 (/opt/ros/humble/share/ament_cmake_auto/cmake)\n'}
[77.769891] (image_publisher) StdoutLine: {'line': b'-- Detecting C compiler ABI info - done\n'}
[77.781771] (-) TimerEvent: {}
[77.809003] (image_publisher) StdoutLine: {'line': b'-- Check for working C compiler: /usr/bin/cc - skipped\n'}
[77.809298] (image_publisher) StdoutLine: {'line': b'-- Detecting C compile features\n'}
[77.809440] (image_publisher) StdoutLine: {'line': b'-- Detecting C compile features - done\n'}
[77.828909] (image_publisher) StdoutLine: {'line': b'-- Detecting CXX compiler ABI info\n'}
[77.882814] (-) TimerEvent: {}
[78.018860] (depth_image_proc) StdoutLine: {'line': b'-- Found Python3: /usr/bin/python3 (found version "3.10.12") found components: Interpreter \n'}
[78.019033] (-) TimerEvent: {}
[78.160244] (depth_image_proc) StdoutLine: {'line': b'-- Override CMake install command with custom implementation using symlinks instead of copying resources\n'}
[78.160424] (-) TimerEvent: {}
[78.162393] (image_publisher) StdoutLine: {'line': b'-- Detecting CXX compiler ABI info - done\n'}
[78.174674] (image_publisher) StdoutLine: {'line': b'-- Check for working CXX compiler: /usr/bin/c++ - skipped\n'}
[78.175269] (image_publisher) StdoutLine: {'line': b'-- Detecting CXX compile features\n'}
[78.176077] (image_publisher) StdoutLine: {'line': b'-- Detecting CXX compile features - done\n'}
[78.178919] (image_publisher) StdoutLine: {'line': b'-- Found ament_cmake_auto: 1.3.14 (/opt/ros/humble/share/ament_cmake_auto/cmake)\n'}
[78.276423] (-) TimerEvent: {}
[78.384862] (-) TimerEvent: {}
[78.398183] (depth_image_proc) StdoutLine: {'line': b'-- Found rosidl_generator_c: 3.1.8 (/opt/ros/humble/share/rosidl_generator_c/cmake)\n'}
[78.433301] (depth_image_proc) StdoutLine: {'line': b'-- Found rosidl_adapter: 3.1.8 (/opt/ros/humble/share/rosidl_adapter/cmake)\n'}
[78.433466] (depth_image_proc) StdoutLine: {'line': b'-- Found rosidl_generator_cpp: 3.1.8 (/opt/ros/humble/share/rosidl_generator_cpp/cmake)\n'}
[78.433529] (depth_image_proc) StdoutLine: {'line': b'-- Using all available rosidl_typesupport_c: rosidl_typesupport_fastrtps_c;rosidl_typesupport_introspection_c\n'}
[78.434149] (image_publisher) StdoutLine: {'line': b'-- Found Python3: /usr/bin/python3 (found version "3.10.12") found components: Interpreter \n'}
[78.453663] (depth_image_proc) StdoutLine: {'line': b'-- Using all available rosidl_typesupport_cpp: rosidl_typesupport_fastrtps_cpp;rosidl_typesupport_introspection_cpp\n'}
[78.531572] (-) TimerEvent: {}
[78.542668] (image_publisher) StdoutLine: {'line': b'-- Override CMake install command with custom implementation using symlinks instead of copying resources\n'}
[78.614025] (depth_image_proc) StdoutLine: {'line': b'-- Found rmw_implementation_cmake: 6.1.2 (/opt/ros/humble/share/rmw_implementation_cmake/cmake)\n'}
[78.615400] (image_publisher) StdoutLine: {'line': b'-- Found camera_info_manager: 3.1.12 (/opt/ros/humble/share/camera_info_manager/cmake)\n'}
[78.619601] (depth_image_proc) StdoutLine: {'line': b'-- Found rmw_fastrtps_cpp: 6.2.10 (/opt/ros/humble/share/rmw_fastrtps_cpp/cmake)\n'}
[78.666756] (-) TimerEvent: {}
[78.728231] (image_publisher) StdoutLine: {'line': b'-- Found rosidl_generator_c: 3.1.8 (/opt/ros/humble/share/rosidl_generator_c/cmake)\n'}
[78.751781] (image_publisher) StdoutLine: {'line': b'-- Found rosidl_adapter: 3.1.8 (/opt/ros/humble/share/rosidl_adapter/cmake)\n'}
[78.767809] (-) TimerEvent: {}
[78.769036] (image_publisher) StdoutLine: {'line': b'-- Found rosidl_generator_cpp: 3.1.8 (/opt/ros/humble/share/rosidl_generator_cpp/cmake)\n'}
[78.792413] (image_publisher) StdoutLine: {'line': b'-- Using all available rosidl_typesupport_c: rosidl_typesupport_fastrtps_c;rosidl_typesupport_introspection_c\n'}
[78.820424] (image_publisher) StdoutLine: {'line': b'-- Using all available rosidl_typesupport_cpp: rosidl_typesupport_fastrtps_cpp;rosidl_typesupport_introspection_cpp\n'}
[78.889490] (-) TimerEvent: {}
[78.889941] (depth_image_proc) StdoutLine: {'line': b'-- Found OpenSSL: /usr/lib/x86_64-linux-gnu/libcrypto.so (found version "3.0.2")  \n'}
[78.890716] (depth_image_proc) StdoutLine: {'line': b'-- Found FastRTPS: /opt/ros/humble/include  \n'}
[78.890862] (image_publisher) StdoutLine: {'line': b'-- Found rmw_implementation_cmake: 6.1.2 (/opt/ros/humble/share/rmw_implementation_cmake/cmake)\n'}
[78.893614] (image_publisher) StdoutLine: {'line': b'-- Found rmw_fastrtps_cpp: 6.2.10 (/opt/ros/humble/share/rmw_fastrtps_cpp/cmake)\n'}
[78.917229] (depth_image_proc) StdoutLine: {'line': b"-- Using RMW implementation 'rmw_fastrtps_cpp' as default\n"}
[78.927471] (depth_image_proc) StdoutLine: {'line': b'-- Looking for pthread.h\n'}
[79.002324] (-) TimerEvent: {}
[79.075646] (depth_image_proc) StdoutLine: {'line': b'-- Looking for pthread.h - found\n'}
[79.076197] (depth_image_proc) StdoutLine: {'line': b'-- Performing Test CMAKE_HAVE_LIBC_PTHREAD\n'}
[79.102875] (-) TimerEvent: {}
[79.137444] (image_publisher) StdoutLine: {'line': b'-- Found OpenSSL: /usr/lib/x86_64-linux-gnu/libcrypto.so (found version "3.0.2")  \n'}
[79.207874] (-) TimerEvent: {}
[79.209070] (image_publisher) StdoutLine: {'line': b'-- Found FastRTPS: /opt/ros/humble/include  \n'}
[79.265655] (depth_image_proc) StdoutLine: {'line': b'-- Performing Test CMAKE_HAVE_LIBC_PTHREAD - Success\n'}
[79.271221] (depth_image_proc) StdoutLine: {'line': b'-- Found Threads: TRUE  \n'}
[79.299859] (image_publisher) StdoutLine: {'line': b"-- Using RMW implementation 'rmw_fastrtps_cpp' as default\n"}
[79.312624] (-) TimerEvent: {}
[79.314150] (image_publisher) StdoutLine: {'line': b'-- Looking for pthread.h\n'}
[79.413722] (-) TimerEvent: {}
[79.511770] (image_publisher) StdoutLine: {'line': b'-- Looking for pthread.h - found\n'}
[79.512893] (image_publisher) StdoutLine: {'line': b'-- Performing Test CMAKE_HAVE_LIBC_PTHREAD\n'}
[79.520012] (-) TimerEvent: {}
[79.623388] (-) TimerEvent: {}
[79.692060] (image_publisher) StdoutLine: {'line': b'-- Performing Test CMAKE_HAVE_LIBC_PTHREAD - Success\n'}
[79.744754] (image_publisher) StdoutLine: {'line': b'-- Found Threads: TRUE  \n'}
[79.744928] (-) TimerEvent: {}
[79.745862] (depth_image_proc) StdoutLine: {'line': b'-- Found OpenCV: /usr (found version "4.5.4") \n'}
[79.772790] (depth_image_proc) StdoutLine: {'line': b'-- Found ament_lint_auto: 0.12.15 (/opt/ros/humble/share/ament_lint_auto/cmake)\n'}
[79.804369] (depth_image_proc) StderrLine: {'line': b'\x1b[0mIn this package, headers install destination is set to `include` by ament_auto_package. It is recommended to install `include/depth_image_proc` instead and will be the default behavior of ament_auto_package from ROS 2 Kilted Kaiju. On distributions before Kilted, ament_auto_package behaves the same way when you use USE_SCOPED_HEADER_INSTALL_DIR option.\x1b[0m\n'}
[79.813968] (depth_image_proc) StdoutLine: {'line': b"-- Added test 'copyright' to check source files copyright and LICENSE\n"}
[79.820206] (depth_image_proc) StdoutLine: {'line': b"-- Added test 'cppcheck' to perform static code analysis on C / C++ code\n"}
[79.821683] (depth_image_proc) StdoutLine: {'line': b'-- Configured cppcheck include dirs: /home/bryan/Workspace/ros2_ws/image_pipeline/depth_image_proc/include\n'}
[79.821992] (depth_image_proc) StdoutLine: {'line': b'-- Configured cppcheck exclude dirs and/or files: \n'}
[79.825785] (depth_image_proc) StdoutLine: {'line': b"-- Added test 'cpplint' to check C / C++ code against the Google style\n"}
[79.825951] (depth_image_proc) StdoutLine: {'line': b'-- Configured cpplint exclude dirs and/or files: \n'}
[79.827228] (depth_image_proc) StdoutLine: {'line': b"-- Added test 'flake8' to check Python code syntax and style conventions\n"}
[79.828742] (depth_image_proc) StdoutLine: {'line': b"-- Added test 'lint_cmake' to check CMake code style\n"}
[79.830058] (depth_image_proc) StdoutLine: {'line': b"-- Added test 'pep257' to check Python code against some of the docstring style conventions in PEP 257\n"}
[79.832834] (depth_image_proc) StdoutLine: {'line': b"-- Added test 'uncrustify' to check C / C++ code style\n"}
[79.833022] (depth_image_proc) StdoutLine: {'line': b'-- Configured uncrustify additional arguments: \n'}
[79.833800] (depth_image_proc) StdoutLine: {'line': b"-- Added test 'xmllint' to check XML markup files\n"}
[79.839477] (depth_image_proc) StdoutLine: {'line': b'-- Configuring done\n'}
[79.846136] (-) TimerEvent: {}
[79.934089] (depth_image_proc) StdoutLine: {'line': b'-- Generating done\n'}
[79.952344] (-) TimerEvent: {}
[79.977279] (depth_image_proc) StdoutLine: {'line': b'-- Build files have been written to: /home/bryan/Workspace/ros2_ws/build/depth_image_proc\n'}
[79.996485] (depth_image_proc) CommandEnded: {'returncode': 0}
[79.997081] (depth_image_proc) JobProgress: {'identifier': 'depth_image_proc', 'progress': 'build'}
[80.002076] (depth_image_proc) Command: {'cmd': ['/usr/bin/cmake', '--build', '/home/bryan/Workspace/ros2_ws/build/depth_image_proc', '--', '-j3', '-l3'], 'cwd': '/home/bryan/Workspace/ros2_ws/build/depth_image_proc', 'env': OrderedDict([('LESSOPEN', '| /usr/bin/lesspipe %s'), ('USER', 'bryan'), ('XDG_SESSION_TYPE', 'wayland'), ('SHLVL', '1'), ('LD_LIBRARY_PATH', '/home/bryan/Workspace/ros2_ws/install/image_geometry/lib:/home/bryan/Workspace/ros2_ws/install/cv_bridge/lib:/opt/ros/humble/opt/rviz_ogre_vendor/lib:/opt/ros/humble/lib/x86_64-linux-gnu:/opt/ros/humble/lib'), ('HOME', '/home/bryan'), ('OLDPWD', '/home/bryan/Workspace/ros2_ws/src/ros2_sumo-main'), ('DESKTOP_SESSION', 'ubuntu'), ('ROS_PYTHON_VERSION', '3'), ('GNOME_SHELL_SESSION_MODE', 'ubuntu'), ('GTK_MODULES', 'gail:atk-bridge'), ('SYSTEMD_EXEC_PID', '1570'), ('DBUS_SESSION_BUS_ADDRESS', 'unix:path=/run/user/1000/bus'), ('COLORTERM', 'truecolor'), ('IM_CONFIG_PHASE', '1'), ('WAYLAND_DISPLAY', 'wayland-0'), ('ROS_DISTRO', 'humble'), ('LOGNAME', 'bryan'), ('SUMO_HOME', '/usr/share/sumo/'), ('_', '/usr/bin/colcon'), ('ROS_VERSION', '2'), ('XDG_SESSION_CLASS', 'user'), ('USERNAME', 'bryan'), ('TERM', 'xterm-256color'), ('GNOME_DESKTOP_SESSION_ID', 'this-is-deprecated'), ('ROS_LOCALHOST_ONLY', '0'), ('PATH', '/opt/ros/humble/bin:/usr/local/sbin:/usr/local/bin:/usr/sbin:/usr/bin:/sbin:/bin:/usr/games:/usr/local/games:/snap/bin:/snap/bin'), ('SESSION_MANAGER', 'local/bryan-VirtualBox:@/tmp/.ICE-unix/1372,unix/bryan-VirtualBox:/tmp/.ICE-unix/1372'), ('XDG_MENU_PREFIX', 'gnome-'), ('GNOME_TERMINAL_SCREEN', '/org/gnome/Terminal/screen/71407a0b_323a_4971_8a7b_4147209295e5'), ('GNOME_SETUP_DISPLAY', ':1'), ('XDG_RUNTIME_DIR', '/run/user/1000'), ('DISPLAY', ':0'), ('LANG', 'en_US.UTF-8'), ('XDG_CURRENT_DESKTOP', 'ubuntu:GNOME'), ('XMODIFIERS', '@im=ibus'), ('XDG_SESSION_DESKTOP', 'ubuntu'), ('XAUTHORITY', '/run/user/1000/.mutter-Xwaylandauth.GH7FP3'), ('LS_COLORS', 'rs=0:di=01;34:ln=01;36:mh=00:pi=40;33:so=01;35:do=01;35:bd=40;33;01:cd=40;33;01:or=40;31;01:mi=00:su=37;41:sg=30;43:ca=30;41:tw=30;42:ow=34;42:st=37;44:ex=01;32:*.tar=01;31:*.tgz=01;31:*.arc=01;31:*.arj=01;31:*.taz=01;31:*.lha=01;31:*.lz4=01;31:*.lzh=01;31:*.lzma=01;31:*.tlz=01;31:*.txz=01;31:*.tzo=01;31:*.t7z=01;31:*.zip=01;31:*.z=01;31:*.dz=01;31:*.gz=01;31:*.lrz=01;31:*.lz=01;31:*.lzo=01;31:*.xz=01;31:*.zst=01;31:*.tzst=01;31:*.bz2=01;31:*.bz=01;31:*.tbz=01;31:*.tbz2=01;31:*.tz=01;31:*.deb=01;31:*.rpm=01;31:*.jar=01;31:*.war=01;31:*.ear=01;31:*.sar=01;31:*.rar=01;31:*.alz=01;31:*.ace=01;31:*.zoo=01;31:*.cpio=01;31:*.7z=01;31:*.rz=01;31:*.cab=01;31:*.wim=01;31:*.swm=01;31:*.dwm=01;31:*.esd=01;31:*.jpg=01;35:*.jpeg=01;35:*.mjpg=01;35:*.mjpeg=01;35:*.gif=01;35:*.bmp=01;35:*.pbm=01;35:*.pgm=01;35:*.ppm=01;35:*.tga=01;35:*.xbm=01;35:*.xpm=01;35:*.tif=01;35:*.tiff=01;35:*.png=01;35:*.svg=01;35:*.svgz=01;35:*.mng=01;35:*.pcx=01;35:*.mov=01;35:*.mpg=01;35:*.mpeg=01;35:*.m2v=01;35:*.mkv=01;35:*.webm=01;35:*.webp=01;35:*.ogm=01;35:*.mp4=01;35:*.m4v=01;35:*.mp4v=01;35:*.vob=01;35:*.qt=01;35:*.nuv=01;35:*.wmv=01;35:*.asf=01;35:*.rm=01;35:*.rmvb=01;35:*.flc=01;35:*.avi=01;35:*.fli=01;35:*.flv=01;35:*.gl=01;35:*.dl=01;35:*.xcf=01;35:*.xwd=01;35:*.yuv=01;35:*.cgm=01;35:*.emf=01;35:*.ogv=01;35:*.ogx=01;35:*.aac=00;36:*.au=00;36:*.flac=00;36:*.m4a=00;36:*.mid=00;36:*.midi=00;36:*.mka=00;36:*.mp3=00;36:*.mpc=00;36:*.ogg=00;36:*.ra=00;36:*.wav=00;36:*.oga=00;36:*.opus=00;36:*.spx=00;36:*.xspf=00;36:'), ('GNOME_TERMINAL_SERVICE', ':1.91'), ('SSH_AGENT_LAUNCHER', 'gnome-keyring'), ('SSH_AUTH_SOCK', '/run/user/1000/keyring/ssh'), ('AMENT_PREFIX_PATH', '/home/bryan/Workspace/ros2_ws/install/image_geometry:/home/bryan/Workspace/ros2_ws/install/cv_bridge:/opt/ros/humble'), ('SHELL', '/bin/bash'), ('QT_ACCESSIBILITY', '1'), ('GDMSESSION', 'ubuntu'), ('LESSCLOSE', '/usr/bin/lesspipe %s %s'), ('QT_IM_MODULE', 'ibus'), ('PWD', '/home/bryan/Workspace/ros2_ws/build/depth_image_proc'), ('LC_ALL', 'en_US.UTF-8'), ('XDG_CONFIG_DIRS', '/etc/xdg/xdg-ubuntu:/etc/xdg'), ('XDG_DATA_DIRS', '/usr/share/ubuntu:/usr/local/share/:/usr/share/:/var/lib/snapd/desktop'), ('PYTHONPATH', '/home/bryan/Workspace/ros2_ws/install/image_geometry/local/lib/python3.10/dist-packages:/home/bryan/Workspace/ros2_ws/install/cv_bridge/local/lib/python3.10/dist-packages:/opt/ros/humble/lib/python3.10/site-packages:/opt/ros/humble/local/lib/python3.10/dist-packages'), ('COLCON', '1'), ('VTE_VERSION', '6800'), ('CMAKE_PREFIX_PATH', '/home/bryan/Workspace/ros2_ws/install/image_geometry:/home/bryan/Workspace/ros2_ws/install/cv_bridge:/opt/ros/humble')]), 'shell': False}
[80.066628] (-) TimerEvent: {}
[80.137930] (image_publisher) StdoutLine: {'line': b'-- Found OpenCV: /usr (found version "4.5.4") found components: core imgcodecs videoio \n'}
[80.138227] (image_publisher) StdoutLine: {'line': b'-- opencv version 4.5.4\n'}
[80.144459] (depth_image_proc) StdoutLine: {'line': b'[  3%] \x1b[32mBuilding CXX object CMakeFiles/depth_image_proc.dir/src/conversions.cpp.o\x1b[0m\n'}
[80.150568] (image_publisher) StdoutLine: {'line': b'-- Found ament_lint_auto: 0.12.15 (/opt/ros/humble/share/ament_lint_auto/cmake)\n'}
[80.178028] (-) TimerEvent: {}
[80.178727] (image_publisher) StderrLine: {'line': b'\x1b[0mIn this package, headers install destination is set to `include` by ament_auto_package. It is recommended to install `include/image_publisher` instead and will be the default behavior of ament_auto_package from ROS 2 Kilted Kaiju. On distributions before Kilted, ament_auto_package behaves the same way when you use USE_SCOPED_HEADER_INSTALL_DIR option.\x1b[0m\n'}
[80.189779] (image_publisher) StdoutLine: {'line': b"-- Added test 'copyright' to check source files copyright and LICENSE\n"}
[80.270639] (image_publisher) StdoutLine: {'line': b"-- Added test 'cppcheck' to perform static code analysis on C / C++ code\n"}
[80.270825] (image_publisher) StdoutLine: {'line': b'-- Configured cppcheck include dirs: /home/bryan/Workspace/ros2_ws/image_pipeline/image_publisher/include\n'}
[80.278984] (-) TimerEvent: {}
[80.281681] (image_publisher) StdoutLine: {'line': b'-- Configured cppcheck exclude dirs and/or files: \n'}
[80.289383] (image_publisher) StdoutLine: {'line': b"-- Added test 'cpplint' to check C / C++ code against the Google style\n"}
[80.332145] (image_publisher) StdoutLine: {'line': b'-- Configured cpplint exclude dirs and/or files: \n'}
[80.333068] (image_publisher) StdoutLine: {'line': b"-- Added test 'flake8' to check Python code syntax and style conventions\n"}
[80.333149] (image_publisher) StdoutLine: {'line': b"-- Added test 'lint_cmake' to check CMake code style\n"}
[80.333204] (image_publisher) StdoutLine: {'line': b"-- Added test 'pep257' to check Python code against some of the docstring style conventions in PEP 257\n"}
[80.333271] (image_publisher) StdoutLine: {'line': b"-- Added test 'uncrustify' to check C / C++ code style\n"}
[80.333324] (image_publisher) StdoutLine: {'line': b'-- Configured uncrustify additional arguments: \n'}
[80.333375] (image_publisher) StdoutLine: {'line': b"-- Added test 'xmllint' to check XML markup files\n"}
[80.334710] (image_publisher) StdoutLine: {'line': b'-- Configuring done\n'}
[80.378625] (image_publisher) StdoutLine: {'line': b'-- Generating done\n'}
[80.379245] (-) TimerEvent: {}
[80.388789] (image_publisher) StdoutLine: {'line': b'-- Build files have been written to: /home/bryan/Workspace/ros2_ws/build/image_publisher\n'}
[80.401918] (image_publisher) CommandEnded: {'returncode': 0}
[80.402930] (image_publisher) JobProgress: {'identifier': 'image_publisher', 'progress': 'build'}
[80.426513] (image_publisher) Command: {'cmd': ['/usr/bin/cmake', '--build', '/home/bryan/Workspace/ros2_ws/build/image_publisher', '--', '-j3', '-l3'], 'cwd': '/home/bryan/Workspace/ros2_ws/build/image_publisher', 'env': OrderedDict([('LESSOPEN', '| /usr/bin/lesspipe %s'), ('USER', 'bryan'), ('XDG_SESSION_TYPE', 'wayland'), ('SHLVL', '1'), ('LD_LIBRARY_PATH', '/home/bryan/Workspace/ros2_ws/install/cv_bridge/lib:/opt/ros/humble/opt/rviz_ogre_vendor/lib:/opt/ros/humble/lib/x86_64-linux-gnu:/opt/ros/humble/lib'), ('HOME', '/home/bryan'), ('OLDPWD', '/home/bryan/Workspace/ros2_ws/src/ros2_sumo-main'), ('DESKTOP_SESSION', 'ubuntu'), ('ROS_PYTHON_VERSION', '3'), ('GNOME_SHELL_SESSION_MODE', 'ubuntu'), ('GTK_MODULES', 'gail:atk-bridge'), ('SYSTEMD_EXEC_PID', '1570'), ('DBUS_SESSION_BUS_ADDRESS', 'unix:path=/run/user/1000/bus'), ('COLORTERM', 'truecolor'), ('IM_CONFIG_PHASE', '1'), ('WAYLAND_DISPLAY', 'wayland-0'), ('ROS_DISTRO', 'humble'), ('LOGNAME', 'bryan'), ('SUMO_HOME', '/usr/share/sumo/'), ('_', '/usr/bin/colcon'), ('ROS_VERSION', '2'), ('XDG_SESSION_CLASS', 'user'), ('USERNAME', 'bryan'), ('TERM', 'xterm-256color'), ('GNOME_DESKTOP_SESSION_ID', 'this-is-deprecated'), ('ROS_LOCALHOST_ONLY', '0'), ('PATH', '/opt/ros/humble/bin:/usr/local/sbin:/usr/local/bin:/usr/sbin:/usr/bin:/sbin:/bin:/usr/games:/usr/local/games:/snap/bin:/snap/bin'), ('SESSION_MANAGER', 'local/bryan-VirtualBox:@/tmp/.ICE-unix/1372,unix/bryan-VirtualBox:/tmp/.ICE-unix/1372'), ('XDG_MENU_PREFIX', 'gnome-'), ('GNOME_TERMINAL_SCREEN', '/org/gnome/Terminal/screen/71407a0b_323a_4971_8a7b_4147209295e5'), ('GNOME_SETUP_DISPLAY', ':1'), ('XDG_RUNTIME_DIR', '/run/user/1000'), ('DISPLAY', ':0'), ('LANG', 'en_US.UTF-8'), ('XDG_CURRENT_DESKTOP', 'ubuntu:GNOME'), ('XMODIFIERS', '@im=ibus'), ('XDG_SESSION_DESKTOP', 'ubuntu'), ('XAUTHORITY', '/run/user/1000/.mutter-Xwaylandauth.GH7FP3'), ('LS_COLORS', 'rs=0:di=01;34:ln=01;36:mh=00:pi=40;33:so=01;35:do=01;35:bd=40;33;01:cd=40;33;01:or=40;31;01:mi=00:su=37;41:sg=30;43:ca=30;41:tw=30;42:ow=34;42:st=37;44:ex=01;32:*.tar=01;31:*.tgz=01;31:*.arc=01;31:*.arj=01;31:*.taz=01;31:*.lha=01;31:*.lz4=01;31:*.lzh=01;31:*.lzma=01;31:*.tlz=01;31:*.txz=01;31:*.tzo=01;31:*.t7z=01;31:*.zip=01;31:*.z=01;31:*.dz=01;31:*.gz=01;31:*.lrz=01;31:*.lz=01;31:*.lzo=01;31:*.xz=01;31:*.zst=01;31:*.tzst=01;31:*.bz2=01;31:*.bz=01;31:*.tbz=01;31:*.tbz2=01;31:*.tz=01;31:*.deb=01;31:*.rpm=01;31:*.jar=01;31:*.war=01;31:*.ear=01;31:*.sar=01;31:*.rar=01;31:*.alz=01;31:*.ace=01;31:*.zoo=01;31:*.cpio=01;31:*.7z=01;31:*.rz=01;31:*.cab=01;31:*.wim=01;31:*.swm=01;31:*.dwm=01;31:*.esd=01;31:*.jpg=01;35:*.jpeg=01;35:*.mjpg=01;35:*.mjpeg=01;35:*.gif=01;35:*.bmp=01;35:*.pbm=01;35:*.pgm=01;35:*.ppm=01;35:*.tga=01;35:*.xbm=01;35:*.xpm=01;35:*.tif=01;35:*.tiff=01;35:*.png=01;35:*.svg=01;35:*.svgz=01;35:*.mng=01;35:*.pcx=01;35:*.mov=01;35:*.mpg=01;35:*.mpeg=01;35:*.m2v=01;35:*.mkv=01;35:*.webm=01;35:*.webp=01;35:*.ogm=01;35:*.mp4=01;35:*.m4v=01;35:*.mp4v=01;35:*.vob=01;35:*.qt=01;35:*.nuv=01;35:*.wmv=01;35:*.asf=01;35:*.rm=01;35:*.rmvb=01;35:*.flc=01;35:*.avi=01;35:*.fli=01;35:*.flv=01;35:*.gl=01;35:*.dl=01;35:*.xcf=01;35:*.xwd=01;35:*.yuv=01;35:*.cgm=01;35:*.emf=01;35:*.ogv=01;35:*.ogx=01;35:*.aac=00;36:*.au=00;36:*.flac=00;36:*.m4a=00;36:*.mid=00;36:*.midi=00;36:*.mka=00;36:*.mp3=00;36:*.mpc=00;36:*.ogg=00;36:*.ra=00;36:*.wav=00;36:*.oga=00;36:*.opus=00;36:*.spx=00;36:*.xspf=00;36:'), ('GNOME_TERMINAL_SERVICE', ':1.91'), ('SSH_AGENT_LAUNCHER', 'gnome-keyring'), ('SSH_AUTH_SOCK', '/run/user/1000/keyring/ssh'), ('AMENT_PREFIX_PATH', '/home/bryan/Workspace/ros2_ws/install/cv_bridge:/opt/ros/humble'), ('SHELL', '/bin/bash'), ('QT_ACCESSIBILITY', '1'), ('GDMSESSION', 'ubuntu'), ('LESSCLOSE', '/usr/bin/lesspipe %s %s'), ('QT_IM_MODULE', 'ibus'), ('PWD', '/home/bryan/Workspace/ros2_ws/build/image_publisher'), ('LC_ALL', 'en_US.UTF-8'), ('XDG_CONFIG_DIRS', '/etc/xdg/xdg-ubuntu:/etc/xdg'), ('XDG_DATA_DIRS', '/usr/share/ubuntu:/usr/local/share/:/usr/share/:/var/lib/snapd/desktop'), ('PYTHONPATH', '/home/bryan/Workspace/ros2_ws/install/cv_bridge/local/lib/python3.10/dist-packages:/opt/ros/humble/lib/python3.10/site-packages:/opt/ros/humble/local/lib/python3.10/dist-packages'), ('COLCON', '1'), ('VTE_VERSION', '6800'), ('CMAKE_PREFIX_PATH', '/home/bryan/Workspace/ros2_ws/install/cv_bridge:/opt/ros/humble')]), 'shell': False}
[80.503536] (-) TimerEvent: {}
[80.590667] (image_publisher) StdoutLine: {'line': b'[ 25%] \x1b[32mBuilding CXX object CMakeFiles/image_publisher.dir/src/image_publisher.cpp.o\x1b[0m\n'}
[80.608629] (-) TimerEvent: {}
[80.743918] (-) TimerEvent: {}
[80.764685] (image_proc) StdoutLine: {'line': b'[ 40%] \x1b[32m\x1b[1mLinking CXX executable crop_non_zero_node\x1b[0m\n'}
[80.856723] (-) TimerEvent: {}
[80.966276] (-) TimerEvent: {}
[81.039711] (image_proc) StdoutLine: {'line': b'[ 40%] Built target crop_non_zero_node\n'}
[81.068707] (-) TimerEvent: {}
[81.087574] (image_proc) StdoutLine: {'line': b'[ 44%] \x1b[32mBuilding CXX object CMakeFiles/rectify.dir/src/rectify.cpp.o\x1b[0m\n'}
[81.358561] (-) TimerEvent: {}
[81.477938] (-) TimerEvent: {}
[81.580006] (-) TimerEvent: {}
[81.947880] (-) TimerEvent: {}
[82.051694] (-) TimerEvent: {}
[82.165345] (-) TimerEvent: {}
[82.280786] (-) TimerEvent: {}
[82.957832] (-) TimerEvent: {}
[82.980682] (depth_image_proc) StdoutLine: {'line': b'[  6%] \x1b[32mBuilding CXX object CMakeFiles/depth_image_proc.dir/src/convert_metric.cpp.o\x1b[0m\n'}
[83.068641] (-) TimerEvent: {}
[83.950906] (-) TimerEvent: {}
[84.956078] (-) TimerEvent: {}
[85.970779] (-) TimerEvent: {}
[86.090799] (-) TimerEvent: {}
[86.699545] (-) TimerEvent: {}
[86.801490] (-) TimerEvent: {}
[86.949776] (-) TimerEvent: {}
[87.068471] (-) TimerEvent: {}
[87.160885] (image_proc) StdoutLine: {'line': b'[ 48%] \x1b[32m\x1b[1mLinking CXX shared library librectify.so\x1b[0m\n'}
[87.186135] (-) TimerEvent: {}
[87.290020] (-) TimerEvent: {}
[87.310846] (image_publisher) StdoutLine: {'line': b'[ 50%] \x1b[32m\x1b[1mLinking CXX shared library libimage_publisher.so\x1b[0m\n'}
[87.390707] (-) TimerEvent: {}
[87.505474] (-) TimerEvent: {}
[87.615153] (image_proc) StdoutLine: {'line': b'[ 48%] Built target rectify\n'}
[87.615600] (-) TimerEvent: {}
[87.658745] (image_proc) StdoutLine: {'line': b'[ 52%] \x1b[32mBuilding CXX object CMakeFiles/rectify_node.dir/rclcpp_components/node_main_rectify_node.cpp.o\x1b[0m\n'}
[87.773378] (-) TimerEvent: {}
[87.801060] (image_publisher) StdoutLine: {'line': b'[ 50%] Built target image_publisher\n'}
[87.946953] (-) TimerEvent: {}
[87.951688] (image_publisher) StdoutLine: {'line': b'[ 75%] \x1b[32mBuilding CXX object CMakeFiles/image_publisher_node.dir/src/image_publisher_node.cpp.o\x1b[0m\n'}
[88.110046] (-) TimerEvent: {}
[88.354712] (depth_image_proc) StdoutLine: {'line': b'[  9%] \x1b[32mBuilding CXX object CMakeFiles/depth_image_proc.dir/src/crop_foremost.cpp.o\x1b[0m\n'}
[88.354885] (-) TimerEvent: {}
[88.970858] (-) TimerEvent: {}
[89.076458] (-) TimerEvent: {}
[89.190720] (-) TimerEvent: {}
[89.295125] (-) TimerEvent: {}
[89.399409] (-) TimerEvent: {}
[89.503304] (-) TimerEvent: {}
[89.606802] (-) TimerEvent: {}
[89.711629] (-) TimerEvent: {}
[89.815306] (-) TimerEvent: {}
[89.957693] (-) TimerEvent: {}
[90.951630] (-) TimerEvent: {}
[91.945801] (-) TimerEvent: {}
[92.231965] (-) TimerEvent: {}
[92.344967] (-) TimerEvent: {}
[92.576864] (-) TimerEvent: {}
[92.706376] (-) TimerEvent: {}
[92.707257] (image_proc) StdoutLine: {'line': b'[ 56%] \x1b[32m\x1b[1mLinking CXX executable rectify_node\x1b[0m\n'}
[92.905352] (image_proc) StdoutLine: {'line': b'[ 56%] Built target rectify_node\n'}
[92.905579] (-) TimerEvent: {}
[92.948594] (image_proc) StdoutLine: {'line': b'[ 60%] \x1b[32mBuilding CXX object CMakeFiles/debayer.dir/src/debayer.cpp.o\x1b[0m\n'}
[93.087882] (-) TimerEvent: {}
[93.193119] (-) TimerEvent: {}
[93.301822] (-) TimerEvent: {}
[93.369273] (image_publisher) StdoutLine: {'line': b'[100%] \x1b[32m\x1b[1mLinking CXX executable image_publisher_node\x1b[0m\n'}
[93.402464] (-) TimerEvent: {}
[93.579139] (-) TimerEvent: {}
[93.683876] (-) TimerEvent: {}
[93.799201] (-) TimerEvent: {}
[93.916177] (-) TimerEvent: {}
[94.017413] (-) TimerEvent: {}
[94.124750] (-) TimerEvent: {}
[94.229656] (-) TimerEvent: {}
[94.442195] (-) TimerEvent: {}
[94.474141] (image_publisher) StdoutLine: {'line': b'[100%] Built target image_publisher_node\n'}
[94.500067] (image_publisher) CommandEnded: {'returncode': 0}
[94.500806] (image_publisher) JobProgress: {'identifier': 'image_publisher', 'progress': 'install'}
[94.503573] (image_publisher) Command: {'cmd': ['/usr/bin/cmake', '--install', '/home/bryan/Workspace/ros2_ws/build/image_publisher'], 'cwd': '/home/bryan/Workspace/ros2_ws/build/image_publisher', 'env': OrderedDict([('LESSOPEN', '| /usr/bin/lesspipe %s'), ('USER', 'bryan'), ('XDG_SESSION_TYPE', 'wayland'), ('SHLVL', '1'), ('LD_LIBRARY_PATH', '/home/bryan/Workspace/ros2_ws/install/cv_bridge/lib:/opt/ros/humble/opt/rviz_ogre_vendor/lib:/opt/ros/humble/lib/x86_64-linux-gnu:/opt/ros/humble/lib'), ('HOME', '/home/bryan'), ('OLDPWD', '/home/bryan/Workspace/ros2_ws/src/ros2_sumo-main'), ('DESKTOP_SESSION', 'ubuntu'), ('ROS_PYTHON_VERSION', '3'), ('GNOME_SHELL_SESSION_MODE', 'ubuntu'), ('GTK_MODULES', 'gail:atk-bridge'), ('SYSTEMD_EXEC_PID', '1570'), ('DBUS_SESSION_BUS_ADDRESS', 'unix:path=/run/user/1000/bus'), ('COLORTERM', 'truecolor'), ('IM_CONFIG_PHASE', '1'), ('WAYLAND_DISPLAY', 'wayland-0'), ('ROS_DISTRO', 'humble'), ('LOGNAME', 'bryan'), ('SUMO_HOME', '/usr/share/sumo/'), ('_', '/usr/bin/colcon'), ('ROS_VERSION', '2'), ('XDG_SESSION_CLASS', 'user'), ('USERNAME', 'bryan'), ('TERM', 'xterm-256color'), ('GNOME_DESKTOP_SESSION_ID', 'this-is-deprecated'), ('ROS_LOCALHOST_ONLY', '0'), ('PATH', '/opt/ros/humble/bin:/usr/local/sbin:/usr/local/bin:/usr/sbin:/usr/bin:/sbin:/bin:/usr/games:/usr/local/games:/snap/bin:/snap/bin'), ('SESSION_MANAGER', 'local/bryan-VirtualBox:@/tmp/.ICE-unix/1372,unix/bryan-VirtualBox:/tmp/.ICE-unix/1372'), ('XDG_MENU_PREFIX', 'gnome-'), ('GNOME_TERMINAL_SCREEN', '/org/gnome/Terminal/screen/71407a0b_323a_4971_8a7b_4147209295e5'), ('GNOME_SETUP_DISPLAY', ':1'), ('XDG_RUNTIME_DIR', '/run/user/1000'), ('DISPLAY', ':0'), ('LANG', 'en_US.UTF-8'), ('XDG_CURRENT_DESKTOP', 'ubuntu:GNOME'), ('XMODIFIERS', '@im=ibus'), ('XDG_SESSION_DESKTOP', 'ubuntu'), ('XAUTHORITY', '/run/user/1000/.mutter-Xwaylandauth.GH7FP3'), ('LS_COLORS', 'rs=0:di=01;34:ln=01;36:mh=00:pi=40;33:so=01;35:do=01;35:bd=40;33;01:cd=40;33;01:or=40;31;01:mi=00:su=37;41:sg=30;43:ca=30;41:tw=30;42:ow=34;42:st=37;44:ex=01;32:*.tar=01;31:*.tgz=01;31:*.arc=01;31:*.arj=01;31:*.taz=01;31:*.lha=01;31:*.lz4=01;31:*.lzh=01;31:*.lzma=01;31:*.tlz=01;31:*.txz=01;31:*.tzo=01;31:*.t7z=01;31:*.zip=01;31:*.z=01;31:*.dz=01;31:*.gz=01;31:*.lrz=01;31:*.lz=01;31:*.lzo=01;31:*.xz=01;31:*.zst=01;31:*.tzst=01;31:*.bz2=01;31:*.bz=01;31:*.tbz=01;31:*.tbz2=01;31:*.tz=01;31:*.deb=01;31:*.rpm=01;31:*.jar=01;31:*.war=01;31:*.ear=01;31:*.sar=01;31:*.rar=01;31:*.alz=01;31:*.ace=01;31:*.zoo=01;31:*.cpio=01;31:*.7z=01;31:*.rz=01;31:*.cab=01;31:*.wim=01;31:*.swm=01;31:*.dwm=01;31:*.esd=01;31:*.jpg=01;35:*.jpeg=01;35:*.mjpg=01;35:*.mjpeg=01;35:*.gif=01;35:*.bmp=01;35:*.pbm=01;35:*.pgm=01;35:*.ppm=01;35:*.tga=01;35:*.xbm=01;35:*.xpm=01;35:*.tif=01;35:*.tiff=01;35:*.png=01;35:*.svg=01;35:*.svgz=01;35:*.mng=01;35:*.pcx=01;35:*.mov=01;35:*.mpg=01;35:*.mpeg=01;35:*.m2v=01;35:*.mkv=01;35:*.webm=01;35:*.webp=01;35:*.ogm=01;35:*.mp4=01;35:*.m4v=01;35:*.mp4v=01;35:*.vob=01;35:*.qt=01;35:*.nuv=01;35:*.wmv=01;35:*.asf=01;35:*.rm=01;35:*.rmvb=01;35:*.flc=01;35:*.avi=01;35:*.fli=01;35:*.flv=01;35:*.gl=01;35:*.dl=01;35:*.xcf=01;35:*.xwd=01;35:*.yuv=01;35:*.cgm=01;35:*.emf=01;35:*.ogv=01;35:*.ogx=01;35:*.aac=00;36:*.au=00;36:*.flac=00;36:*.m4a=00;36:*.mid=00;36:*.midi=00;36:*.mka=00;36:*.mp3=00;36:*.mpc=00;36:*.ogg=00;36:*.ra=00;36:*.wav=00;36:*.oga=00;36:*.opus=00;36:*.spx=00;36:*.xspf=00;36:'), ('GNOME_TERMINAL_SERVICE', ':1.91'), ('SSH_AGENT_LAUNCHER', 'gnome-keyring'), ('SSH_AUTH_SOCK', '/run/user/1000/keyring/ssh'), ('AMENT_PREFIX_PATH', '/home/bryan/Workspace/ros2_ws/install/cv_bridge:/opt/ros/humble'), ('SHELL', '/bin/bash'), ('QT_ACCESSIBILITY', '1'), ('GDMSESSION', 'ubuntu'), ('LESSCLOSE', '/usr/bin/lesspipe %s %s'), ('QT_IM_MODULE', 'ibus'), ('PWD', '/home/bryan/Workspace/ros2_ws/build/image_publisher'), ('LC_ALL', 'en_US.UTF-8'), ('XDG_CONFIG_DIRS', '/etc/xdg/xdg-ubuntu:/etc/xdg'), ('XDG_DATA_DIRS', '/usr/share/ubuntu:/usr/local/share/:/usr/share/:/var/lib/snapd/desktop'), ('PYTHONPATH', '/home/bryan/Workspace/ros2_ws/install/cv_bridge/local/lib/python3.10/dist-packages:/opt/ros/humble/lib/python3.10/site-packages:/opt/ros/humble/local/lib/python3.10/dist-packages'), ('COLCON', '1'), ('VTE_VERSION', '6800'), ('CMAKE_PREFIX_PATH', '/home/bryan/Workspace/ros2_ws/install/cv_bridge:/opt/ros/humble')]), 'shell': False}
[94.514637] (image_publisher) StdoutLine: {'line': b'-- Install configuration: ""\n'}
[94.515415] (image_publisher) StdoutLine: {'line': b'-- Execute custom install script\n'}
[94.516164] (image_publisher) StdoutLine: {'line': b'-- Symlinking: /home/bryan/Workspace/ros2_ws/install/image_publisher/include/image_publisher/image_publisher.hpp\n'}
[94.532021] (image_publisher) StdoutLine: {'line': b'-- Symlinking: /home/bryan/Workspace/ros2_ws/install/image_publisher/include/image_publisher/visibility.h\n'}
[94.545401] (-) TimerEvent: {}
[94.551794] (image_publisher) StdoutLine: {'line': b'-- Symlinking: /home/bryan/Workspace/ros2_ws/install/image_publisher/share/image_publisher/environment/library_path.sh\n'}
[94.572169] (image_publisher) StdoutLine: {'line': b'-- Symlinking: /home/bryan/Workspace/ros2_ws/install/image_publisher/share/image_publisher/environment/library_path.dsv\n'}
[94.603760] (image_publisher) StdoutLine: {'line': b'-- Symlinking: /home/bryan/Workspace/ros2_ws/install/image_publisher/lib/libimage_publisher.so\n'}
[94.622816] (image_publisher) StdoutLine: {'line': b'-- Symlinking: /home/bryan/Workspace/ros2_ws/install/image_publisher/lib/image_publisher/image_publisher_node\n'}
[94.635093] (depth_image_proc) StdoutLine: {'line': b'[ 12%] \x1b[32mBuilding CXX object CMakeFiles/depth_image_proc.dir/src/disparity.cpp.o\x1b[0m\n'}
[94.644849] (image_publisher) StdoutLine: {'line': b'-- Symlinking: /home/bryan/Workspace/ros2_ws/install/image_publisher/share/image_publisher/launch/image_publisher_file.launch.py\n'}
[94.647429] (-) TimerEvent: {}
[94.661552] (image_publisher) StdoutLine: {'line': b'-- Symlinking: /home/bryan/Workspace/ros2_ws/install/image_publisher/share/image_publisher/launch/image_publisher_mono.launch.py\n'}
[94.688394] (image_publisher) StdoutLine: {'line': b'-- Symlinking: /home/bryan/Workspace/ros2_ws/install/image_publisher/share/image_publisher/launch/image_publisher_stereo.launch.py\n'}
[94.707269] (image_publisher) StdoutLine: {'line': b'-- Symlinking: /home/bryan/Workspace/ros2_ws/install/image_publisher/share/image_publisher/launch/splash.png\n'}
[94.727506] (image_publisher) StdoutLine: {'line': b'-- Symlinking: /home/bryan/Workspace/ros2_ws/install/image_publisher/share/ament_index/resource_index/package_run_dependencies/image_publisher\n'}
[94.742302] (image_publisher) StdoutLine: {'line': b'-- Symlinking: /home/bryan/Workspace/ros2_ws/install/image_publisher/share/ament_index/resource_index/parent_prefix_path/image_publisher\n'}
[94.747801] (-) TimerEvent: {}
[94.763057] (image_publisher) StdoutLine: {'line': b'-- Symlinking: /home/bryan/Workspace/ros2_ws/install/image_publisher/share/image_publisher/environment/ament_prefix_path.sh\n'}
[94.797501] (image_publisher) StdoutLine: {'line': b'-- Symlinking: /home/bryan/Workspace/ros2_ws/install/image_publisher/share/image_publisher/environment/ament_prefix_path.dsv\n'}
[94.814657] (image_publisher) StdoutLine: {'line': b'-- Symlinking: /home/bryan/Workspace/ros2_ws/install/image_publisher/share/image_publisher/environment/path.sh\n'}
[94.833032] (image_publisher) StdoutLine: {'line': b'-- Symlinking: /home/bryan/Workspace/ros2_ws/install/image_publisher/share/image_publisher/environment/path.dsv\n'}
[94.850521] (image_publisher) StdoutLine: {'line': b'-- Symlinking: /home/bryan/Workspace/ros2_ws/install/image_publisher/share/image_publisher/local_setup.bash\n'}
[94.850754] (-) TimerEvent: {}
[94.869197] (image_publisher) StdoutLine: {'line': b'-- Symlinking: /home/bryan/Workspace/ros2_ws/install/image_publisher/share/image_publisher/local_setup.sh\n'}
[94.898926] (image_publisher) StdoutLine: {'line': b'-- Symlinking: /home/bryan/Workspace/ros2_ws/install/image_publisher/share/image_publisher/local_setup.zsh\n'}
[94.919541] (image_publisher) StdoutLine: {'line': b'-- Symlinking: /home/bryan/Workspace/ros2_ws/install/image_publisher/share/image_publisher/local_setup.dsv\n'}
[94.933487] (image_publisher) StdoutLine: {'line': b'-- Symlinking: /home/bryan/Workspace/ros2_ws/install/image_publisher/share/image_publisher/package.dsv\n'}
[94.951590] (image_publisher) StdoutLine: {'line': b'-- Symlinking: /home/bryan/Workspace/ros2_ws/install/image_publisher/share/ament_index/resource_index/packages/image_publisher\n'}
[94.951794] (-) TimerEvent: {}
[94.972831] (image_publisher) StdoutLine: {'line': b'-- Symlinking: /home/bryan/Workspace/ros2_ws/install/image_publisher/share/ament_index/resource_index/rclcpp_components/image_publisher\n'}
[95.000890] (image_publisher) StdoutLine: {'line': b'-- Symlinking: /home/bryan/Workspace/ros2_ws/install/image_publisher/share/image_publisher/cmake/ament_cmake_export_dependencies-extras.cmake\n'}
[95.019370] (image_publisher) StdoutLine: {'line': b'-- Symlinking: /home/bryan/Workspace/ros2_ws/install/image_publisher/share/image_publisher/cmake/ament_cmake_export_include_directories-extras.cmake\n'}
[95.038419] (image_publisher) StdoutLine: {'line': b'-- Symlinking: /home/bryan/Workspace/ros2_ws/install/image_publisher/share/image_publisher/cmake/ament_cmake_export_libraries-extras.cmake\n'}
[95.060236] (-) TimerEvent: {}
[95.065486] (image_publisher) StdoutLine: {'line': b'-- Symlinking: /home/bryan/Workspace/ros2_ws/install/image_publisher/share/image_publisher/cmake/image_publisherConfig.cmake\n'}
[95.087788] (image_publisher) StdoutLine: {'line': b'-- Symlinking: /home/bryan/Workspace/ros2_ws/install/image_publisher/share/image_publisher/cmake/image_publisherConfig-version.cmake\n'}
[95.113415] (image_publisher) StdoutLine: {'line': b'-- Symlinking: /home/bryan/Workspace/ros2_ws/install/image_publisher/share/image_publisher/package.xml\n'}
[95.135912] (image_publisher) CommandEnded: {'returncode': 0}
[95.161517] (-) TimerEvent: {}
[95.167670] (image_publisher) JobEnded: {'identifier': 'image_publisher', 'rc': 0}
[95.185228] (image_rotate) JobStarted: {'identifier': 'image_rotate'}
[95.205025] (image_rotate) JobProgress: {'identifier': 'image_rotate', 'progress': 'cmake'}
[95.217827] (image_rotate) Command: {'cmd': ['/usr/bin/cmake', '/home/bryan/Workspace/ros2_ws/image_pipeline/image_rotate', '-DAMENT_CMAKE_SYMLINK_INSTALL=1', '-DCMAKE_INSTALL_PREFIX=/home/bryan/Workspace/ros2_ws/install/image_rotate'], 'cwd': '/home/bryan/Workspace/ros2_ws/build/image_rotate', 'env': OrderedDict([('LESSOPEN', '| /usr/bin/lesspipe %s'), ('USER', 'bryan'), ('XDG_SESSION_TYPE', 'wayland'), ('SHLVL', '1'), ('LD_LIBRARY_PATH', '/home/bryan/Workspace/ros2_ws/install/cv_bridge/lib:/opt/ros/humble/opt/rviz_ogre_vendor/lib:/opt/ros/humble/lib/x86_64-linux-gnu:/opt/ros/humble/lib'), ('HOME', '/home/bryan'), ('OLDPWD', '/home/bryan/Workspace/ros2_ws/src/ros2_sumo-main'), ('DESKTOP_SESSION', 'ubuntu'), ('ROS_PYTHON_VERSION', '3'), ('GNOME_SHELL_SESSION_MODE', 'ubuntu'), ('GTK_MODULES', 'gail:atk-bridge'), ('SYSTEMD_EXEC_PID', '1570'), ('DBUS_SESSION_BUS_ADDRESS', 'unix:path=/run/user/1000/bus'), ('COLORTERM', 'truecolor'), ('IM_CONFIG_PHASE', '1'), ('WAYLAND_DISPLAY', 'wayland-0'), ('ROS_DISTRO', 'humble'), ('LOGNAME', 'bryan'), ('SUMO_HOME', '/usr/share/sumo/'), ('_', '/usr/bin/colcon'), ('ROS_VERSION', '2'), ('XDG_SESSION_CLASS', 'user'), ('USERNAME', 'bryan'), ('TERM', 'xterm-256color'), ('GNOME_DESKTOP_SESSION_ID', 'this-is-deprecated'), ('ROS_LOCALHOST_ONLY', '0'), ('PATH', '/opt/ros/humble/bin:/usr/local/sbin:/usr/local/bin:/usr/sbin:/usr/bin:/sbin:/bin:/usr/games:/usr/local/games:/snap/bin:/snap/bin'), ('SESSION_MANAGER', 'local/bryan-VirtualBox:@/tmp/.ICE-unix/1372,unix/bryan-VirtualBox:/tmp/.ICE-unix/1372'), ('XDG_MENU_PREFIX', 'gnome-'), ('GNOME_TERMINAL_SCREEN', '/org/gnome/Terminal/screen/71407a0b_323a_4971_8a7b_4147209295e5'), ('GNOME_SETUP_DISPLAY', ':1'), ('XDG_RUNTIME_DIR', '/run/user/1000'), ('DISPLAY', ':0'), ('LANG', 'en_US.UTF-8'), ('XDG_CURRENT_DESKTOP', 'ubuntu:GNOME'), ('XMODIFIERS', '@im=ibus'), ('XDG_SESSION_DESKTOP', 'ubuntu'), ('XAUTHORITY', '/run/user/1000/.mutter-Xwaylandauth.GH7FP3'), ('LS_COLORS', 'rs=0:di=01;34:ln=01;36:mh=00:pi=40;33:so=01;35:do=01;35:bd=40;33;01:cd=40;33;01:or=40;31;01:mi=00:su=37;41:sg=30;43:ca=30;41:tw=30;42:ow=34;42:st=37;44:ex=01;32:*.tar=01;31:*.tgz=01;31:*.arc=01;31:*.arj=01;31:*.taz=01;31:*.lha=01;31:*.lz4=01;31:*.lzh=01;31:*.lzma=01;31:*.tlz=01;31:*.txz=01;31:*.tzo=01;31:*.t7z=01;31:*.zip=01;31:*.z=01;31:*.dz=01;31:*.gz=01;31:*.lrz=01;31:*.lz=01;31:*.lzo=01;31:*.xz=01;31:*.zst=01;31:*.tzst=01;31:*.bz2=01;31:*.bz=01;31:*.tbz=01;31:*.tbz2=01;31:*.tz=01;31:*.deb=01;31:*.rpm=01;31:*.jar=01;31:*.war=01;31:*.ear=01;31:*.sar=01;31:*.rar=01;31:*.alz=01;31:*.ace=01;31:*.zoo=01;31:*.cpio=01;31:*.7z=01;31:*.rz=01;31:*.cab=01;31:*.wim=01;31:*.swm=01;31:*.dwm=01;31:*.esd=01;31:*.jpg=01;35:*.jpeg=01;35:*.mjpg=01;35:*.mjpeg=01;35:*.gif=01;35:*.bmp=01;35:*.pbm=01;35:*.pgm=01;35:*.ppm=01;35:*.tga=01;35:*.xbm=01;35:*.xpm=01;35:*.tif=01;35:*.tiff=01;35:*.png=01;35:*.svg=01;35:*.svgz=01;35:*.mng=01;35:*.pcx=01;35:*.mov=01;35:*.mpg=01;35:*.mpeg=01;35:*.m2v=01;35:*.mkv=01;35:*.webm=01;35:*.webp=01;35:*.ogm=01;35:*.mp4=01;35:*.m4v=01;35:*.mp4v=01;35:*.vob=01;35:*.qt=01;35:*.nuv=01;35:*.wmv=01;35:*.asf=01;35:*.rm=01;35:*.rmvb=01;35:*.flc=01;35:*.avi=01;35:*.fli=01;35:*.flv=01;35:*.gl=01;35:*.dl=01;35:*.xcf=01;35:*.xwd=01;35:*.yuv=01;35:*.cgm=01;35:*.emf=01;35:*.ogv=01;35:*.ogx=01;35:*.aac=00;36:*.au=00;36:*.flac=00;36:*.m4a=00;36:*.mid=00;36:*.midi=00;36:*.mka=00;36:*.mp3=00;36:*.mpc=00;36:*.ogg=00;36:*.ra=00;36:*.wav=00;36:*.oga=00;36:*.opus=00;36:*.spx=00;36:*.xspf=00;36:'), ('GNOME_TERMINAL_SERVICE', ':1.91'), ('SSH_AGENT_LAUNCHER', 'gnome-keyring'), ('SSH_AUTH_SOCK', '/run/user/1000/keyring/ssh'), ('AMENT_PREFIX_PATH', '/home/bryan/Workspace/ros2_ws/install/cv_bridge:/opt/ros/humble'), ('SHELL', '/bin/bash'), ('QT_ACCESSIBILITY', '1'), ('GDMSESSION', 'ubuntu'), ('LESSCLOSE', '/usr/bin/lesspipe %s %s'), ('QT_IM_MODULE', 'ibus'), ('PWD', '/home/bryan/Workspace/ros2_ws/build/image_rotate'), ('LC_ALL', 'en_US.UTF-8'), ('XDG_CONFIG_DIRS', '/etc/xdg/xdg-ubuntu:/etc/xdg'), ('XDG_DATA_DIRS', '/usr/share/ubuntu:/usr/local/share/:/usr/share/:/var/lib/snapd/desktop'), ('PYTHONPATH', '/home/bryan/Workspace/ros2_ws/install/cv_bridge/local/lib/python3.10/dist-packages:/opt/ros/humble/lib/python3.10/site-packages:/opt/ros/humble/local/lib/python3.10/dist-packages'), ('COLCON', '1'), ('VTE_VERSION', '6800'), ('CMAKE_PREFIX_PATH', '/home/bryan/Workspace/ros2_ws/install/cv_bridge:/opt/ros/humble')]), 'shell': False}
[95.960740] (-) TimerEvent: {}
[96.063304] (-) TimerEvent: {}
[96.965041] (-) TimerEvent: {}
[96.993834] (image_rotate) StdoutLine: {'line': b'-- The C compiler identification is GNU 11.4.0\n'}
[97.090356] (image_rotate) StdoutLine: {'line': b'-- The CXX compiler identification is GNU 11.4.0\n'}
[97.090520] (-) TimerEvent: {}
[97.097880] (image_rotate) StdoutLine: {'line': b'-- Detecting C compiler ABI info\n'}
[97.194144] (-) TimerEvent: {}
[97.261175] (image_rotate) StdoutLine: {'line': b'-- Detecting C compiler ABI info - done\n'}
[97.273104] (image_rotate) StdoutLine: {'line': b'-- Check for working C compiler: /usr/bin/cc - skipped\n'}
[97.273655] (image_rotate) StdoutLine: {'line': b'-- Detecting C compile features\n'}
[97.277515] (image_rotate) StdoutLine: {'line': b'-- Detecting C compile features - done\n'}
[97.280671] (image_rotate) StdoutLine: {'line': b'-- Detecting CXX compiler ABI info\n'}
[97.294883] (-) TimerEvent: {}
[97.950066] (-) TimerEvent: {}
[98.627493] (-) TimerEvent: {}
[98.717726] (image_rotate) StdoutLine: {'line': b'-- Detecting CXX compiler ABI info - done\n'}
[98.738584] (image_rotate) StdoutLine: {'line': b'-- Check for working CXX compiler: /usr/bin/c++ - skipped\n'}
[98.738849] (-) TimerEvent: {}
[98.739133] (image_rotate) StdoutLine: {'line': b'-- Detecting CXX compile features\n'}
[98.739259] (image_rotate) StdoutLine: {'line': b'-- Detecting CXX compile features - done\n'}
[98.739440] (image_rotate) StdoutLine: {'line': b'-- Found ament_cmake_auto: 1.3.14 (/opt/ros/humble/share/ament_cmake_auto/cmake)\n'}
[98.949952] (-) TimerEvent: {}
[98.970867] (image_rotate) StdoutLine: {'line': b'-- Found Python3: /usr/bin/python3 (found version "3.10.12") found components: Interpreter \n'}
[99.084555] (-) TimerEvent: {}
[99.088894] (image_rotate) StdoutLine: {'line': b'-- Override CMake install command with custom implementation using symlinks instead of copying resources\n'}
[99.175949] (image_proc) StdoutLine: {'line': b'[ 64%] \x1b[32mBuilding CXX object CMakeFiles/debayer.dir/src/edge_aware.cpp.o\x1b[0m\n'}
[99.294026] (-) TimerEvent: {}
[99.297339] (image_rotate) StdoutLine: {'line': b'-- Found rosidl_generator_c: 3.1.8 (/opt/ros/humble/share/rosidl_generator_c/cmake)\n'}
[99.312572] (image_rotate) StdoutLine: {'line': b'-- Found rosidl_adapter: 3.1.8 (/opt/ros/humble/share/rosidl_adapter/cmake)\n'}
[99.328657] (image_rotate) StdoutLine: {'line': b'-- Found rosidl_generator_cpp: 3.1.8 (/opt/ros/humble/share/rosidl_generator_cpp/cmake)\n'}
[99.584992] (-) TimerEvent: {}
[99.585911] (image_rotate) StdoutLine: {'line': b'-- Using all available rosidl_typesupport_c: rosidl_typesupport_fastrtps_c;rosidl_typesupport_introspection_c\n'}
[99.586156] (image_rotate) StdoutLine: {'line': b'-- Using all available rosidl_typesupport_cpp: rosidl_typesupport_fastrtps_cpp;rosidl_typesupport_introspection_cpp\n'}
[99.586330] (image_rotate) StdoutLine: {'line': b'-- Found rmw_implementation_cmake: 6.1.2 (/opt/ros/humble/share/rmw_implementation_cmake/cmake)\n'}
[99.586546] (image_rotate) StdoutLine: {'line': b'-- Found rmw_fastrtps_cpp: 6.2.10 (/opt/ros/humble/share/rmw_fastrtps_cpp/cmake)\n'}
[99.961397] (-) TimerEvent: {}
[100.416182] (-) TimerEvent: {}
[100.463379] (image_rotate) StdoutLine: {'line': b'-- Found OpenSSL: /usr/lib/x86_64-linux-gnu/libcrypto.so (found version "3.0.2")  \n'}
[100.504845] (image_rotate) StdoutLine: {'line': b'-- Found FastRTPS: /opt/ros/humble/include  \n'}
[100.526611] (image_proc) StdoutLine: {'line': b'[ 68%] \x1b[32m\x1b[1mLinking CXX shared library libdebayer.so\x1b[0m\n'}
[100.526829] (-) TimerEvent: {}
[100.583809] (image_rotate) StdoutLine: {'line': b"-- Using RMW implementation 'rmw_fastrtps_cpp' as default\n"}
[100.594906] (image_rotate) StdoutLine: {'line': b'-- Looking for pthread.h\n'}
[100.628647] (-) TimerEvent: {}
[100.732312] (image_rotate) StdoutLine: {'line': b'-- Looking for pthread.h - found\n'}
[100.732606] (-) TimerEvent: {}
[100.732857] (image_rotate) StdoutLine: {'line': b'-- Performing Test CMAKE_HAVE_LIBC_PTHREAD\n'}
[100.875681] (image_rotate) StdoutLine: {'line': b'-- Performing Test CMAKE_HAVE_LIBC_PTHREAD - Success\n'}
[100.875966] (-) TimerEvent: {}
[100.908954] (image_rotate) StdoutLine: {'line': b'-- Found Threads: TRUE  \n'}
[100.926398] (image_proc) StdoutLine: {'line': b'[ 68%] Built target debayer\n'}
[100.987245] (image_proc) StdoutLine: {'line': b'[ 72%] \x1b[32mBuilding CXX object CMakeFiles/resize.dir/src/resize.cpp.o\x1b[0m\n'}
[100.987457] (-) TimerEvent: {}
[101.056792] (image_rotate) StdoutLine: {'line': b'-- Found eigen3_cmake_module: 0.1.1 (/opt/ros/humble/share/eigen3_cmake_module/cmake)\n'}
[101.061672] (image_rotate) StdoutLine: {'line': b'-- Found Eigen3: TRUE (found version "3.4.0") \n'}
[101.062156] (image_rotate) StdoutLine: {'line': b'-- Ensuring Eigen3 include directory is part of orocos-kdl CMake target\n'}
[101.170795] (image_rotate) StdoutLine: {'line': b'-- Found OpenCV: /usr (found version "4.5.4") found components: core imgproc \n'}
[101.171010] (-) TimerEvent: {}
[101.184122] (image_rotate) StdoutLine: {'line': b'-- Found ament_lint_auto: 0.12.15 (/opt/ros/humble/share/ament_lint_auto/cmake)\n'}
[101.208193] (image_rotate) StderrLine: {'line': b'\x1b[0mIn this package, headers install destination is set to `include` by ament_auto_package. It is recommended to install `include/image_rotate` instead and will be the default behavior of ament_auto_package from ROS 2 Kilted Kaiju. On distributions before Kilted, ament_auto_package behaves the same way when you use USE_SCOPED_HEADER_INSTALL_DIR option.\x1b[0m\n'}
[101.216489] (image_rotate) StdoutLine: {'line': b"-- Added test 'copyright' to check source files copyright and LICENSE\n"}
[101.223627] (image_rotate) StdoutLine: {'line': b"-- Added test 'cppcheck' to perform static code analysis on C / C++ code\n"}
[101.224449] (image_rotate) StdoutLine: {'line': b'-- Configured cppcheck include dirs: /home/bryan/Workspace/ros2_ws/image_pipeline/image_rotate/include\n'}
[101.224550] (image_rotate) StdoutLine: {'line': b'-- Configured cppcheck exclude dirs and/or files: \n'}
[101.226255] (image_rotate) StdoutLine: {'line': b"-- Added test 'cpplint' to check C / C++ code against the Google style\n"}
[101.226646] (image_rotate) StdoutLine: {'line': b'-- Configured cpplint exclude dirs and/or files: \n'}
[101.227539] (image_rotate) StdoutLine: {'line': b"-- Added test 'flake8' to check Python code syntax and style conventions\n"}
[101.228766] (image_rotate) StdoutLine: {'line': b"-- Added test 'lint_cmake' to check CMake code style\n"}
[101.229845] (image_rotate) StdoutLine: {'line': b"-- Added test 'pep257' to check Python code against some of the docstring style conventions in PEP 257\n"}
[101.231550] (image_rotate) StdoutLine: {'line': b"-- Added test 'uncrustify' to check C / C++ code style\n"}
[101.231918] (image_rotate) StdoutLine: {'line': b'-- Configured uncrustify additional arguments: \n'}
[101.232986] (image_rotate) StdoutLine: {'line': b"-- Added test 'xmllint' to check XML markup files\n"}
[101.238954] (image_rotate) StdoutLine: {'line': b'-- Configuring done\n'}
[101.281488] (image_rotate) StdoutLine: {'line': b'-- Generating done\n'}
[101.281708] (-) TimerEvent: {}
[101.294458] (image_rotate) StdoutLine: {'line': b'-- Build files have been written to: /home/bryan/Workspace/ros2_ws/build/image_rotate\n'}
[101.307695] (image_rotate) CommandEnded: {'returncode': 0}
[101.325090] (image_rotate) JobProgress: {'identifier': 'image_rotate', 'progress': 'build'}
[101.325202] (image_rotate) Command: {'cmd': ['/usr/bin/cmake', '--build', '/home/bryan/Workspace/ros2_ws/build/image_rotate', '--', '-j3', '-l3'], 'cwd': '/home/bryan/Workspace/ros2_ws/build/image_rotate', 'env': OrderedDict([('LESSOPEN', '| /usr/bin/lesspipe %s'), ('USER', 'bryan'), ('XDG_SESSION_TYPE', 'wayland'), ('SHLVL', '1'), ('LD_LIBRARY_PATH', '/home/bryan/Workspace/ros2_ws/install/cv_bridge/lib:/opt/ros/humble/opt/rviz_ogre_vendor/lib:/opt/ros/humble/lib/x86_64-linux-gnu:/opt/ros/humble/lib'), ('HOME', '/home/bryan'), ('OLDPWD', '/home/bryan/Workspace/ros2_ws/src/ros2_sumo-main'), ('DESKTOP_SESSION', 'ubuntu'), ('ROS_PYTHON_VERSION', '3'), ('GNOME_SHELL_SESSION_MODE', 'ubuntu'), ('GTK_MODULES', 'gail:atk-bridge'), ('SYSTEMD_EXEC_PID', '1570'), ('DBUS_SESSION_BUS_ADDRESS', 'unix:path=/run/user/1000/bus'), ('COLORTERM', 'truecolor'), ('IM_CONFIG_PHASE', '1'), ('WAYLAND_DISPLAY', 'wayland-0'), ('ROS_DISTRO', 'humble'), ('LOGNAME', 'bryan'), ('SUMO_HOME', '/usr/share/sumo/'), ('_', '/usr/bin/colcon'), ('ROS_VERSION', '2'), ('XDG_SESSION_CLASS', 'user'), ('USERNAME', 'bryan'), ('TERM', 'xterm-256color'), ('GNOME_DESKTOP_SESSION_ID', 'this-is-deprecated'), ('ROS_LOCALHOST_ONLY', '0'), ('PATH', '/opt/ros/humble/bin:/usr/local/sbin:/usr/local/bin:/usr/sbin:/usr/bin:/sbin:/bin:/usr/games:/usr/local/games:/snap/bin:/snap/bin'), ('SESSION_MANAGER', 'local/bryan-VirtualBox:@/tmp/.ICE-unix/1372,unix/bryan-VirtualBox:/tmp/.ICE-unix/1372'), ('XDG_MENU_PREFIX', 'gnome-'), ('GNOME_TERMINAL_SCREEN', '/org/gnome/Terminal/screen/71407a0b_323a_4971_8a7b_4147209295e5'), ('GNOME_SETUP_DISPLAY', ':1'), ('XDG_RUNTIME_DIR', '/run/user/1000'), ('DISPLAY', ':0'), ('LANG', 'en_US.UTF-8'), ('XDG_CURRENT_DESKTOP', 'ubuntu:GNOME'), ('XMODIFIERS', '@im=ibus'), ('XDG_SESSION_DESKTOP', 'ubuntu'), ('XAUTHORITY', '/run/user/1000/.mutter-Xwaylandauth.GH7FP3'), ('LS_COLORS', 'rs=0:di=01;34:ln=01;36:mh=00:pi=40;33:so=01;35:do=01;35:bd=40;33;01:cd=40;33;01:or=40;31;01:mi=00:su=37;41:sg=30;43:ca=30;41:tw=30;42:ow=34;42:st=37;44:ex=01;32:*.tar=01;31:*.tgz=01;31:*.arc=01;31:*.arj=01;31:*.taz=01;31:*.lha=01;31:*.lz4=01;31:*.lzh=01;31:*.lzma=01;31:*.tlz=01;31:*.txz=01;31:*.tzo=01;31:*.t7z=01;31:*.zip=01;31:*.z=01;31:*.dz=01;31:*.gz=01;31:*.lrz=01;31:*.lz=01;31:*.lzo=01;31:*.xz=01;31:*.zst=01;31:*.tzst=01;31:*.bz2=01;31:*.bz=01;31:*.tbz=01;31:*.tbz2=01;31:*.tz=01;31:*.deb=01;31:*.rpm=01;31:*.jar=01;31:*.war=01;31:*.ear=01;31:*.sar=01;31:*.rar=01;31:*.alz=01;31:*.ace=01;31:*.zoo=01;31:*.cpio=01;31:*.7z=01;31:*.rz=01;31:*.cab=01;31:*.wim=01;31:*.swm=01;31:*.dwm=01;31:*.esd=01;31:*.jpg=01;35:*.jpeg=01;35:*.mjpg=01;35:*.mjpeg=01;35:*.gif=01;35:*.bmp=01;35:*.pbm=01;35:*.pgm=01;35:*.ppm=01;35:*.tga=01;35:*.xbm=01;35:*.xpm=01;35:*.tif=01;35:*.tiff=01;35:*.png=01;35:*.svg=01;35:*.svgz=01;35:*.mng=01;35:*.pcx=01;35:*.mov=01;35:*.mpg=01;35:*.mpeg=01;35:*.m2v=01;35:*.mkv=01;35:*.webm=01;35:*.webp=01;35:*.ogm=01;35:*.mp4=01;35:*.m4v=01;35:*.mp4v=01;35:*.vob=01;35:*.qt=01;35:*.nuv=01;35:*.wmv=01;35:*.asf=01;35:*.rm=01;35:*.rmvb=01;35:*.flc=01;35:*.avi=01;35:*.fli=01;35:*.flv=01;35:*.gl=01;35:*.dl=01;35:*.xcf=01;35:*.xwd=01;35:*.yuv=01;35:*.cgm=01;35:*.emf=01;35:*.ogv=01;35:*.ogx=01;35:*.aac=00;36:*.au=00;36:*.flac=00;36:*.m4a=00;36:*.mid=00;36:*.midi=00;36:*.mka=00;36:*.mp3=00;36:*.mpc=00;36:*.ogg=00;36:*.ra=00;36:*.wav=00;36:*.oga=00;36:*.opus=00;36:*.spx=00;36:*.xspf=00;36:'), ('GNOME_TERMINAL_SERVICE', ':1.91'), ('SSH_AGENT_LAUNCHER', 'gnome-keyring'), ('SSH_AUTH_SOCK', '/run/user/1000/keyring/ssh'), ('AMENT_PREFIX_PATH', '/home/bryan/Workspace/ros2_ws/install/cv_bridge:/opt/ros/humble'), ('SHELL', '/bin/bash'), ('QT_ACCESSIBILITY', '1'), ('GDMSESSION', 'ubuntu'), ('LESSCLOSE', '/usr/bin/lesspipe %s %s'), ('QT_IM_MODULE', 'ibus'), ('PWD', '/home/bryan/Workspace/ros2_ws/build/image_rotate'), ('LC_ALL', 'en_US.UTF-8'), ('XDG_CONFIG_DIRS', '/etc/xdg/xdg-ubuntu:/etc/xdg'), ('XDG_DATA_DIRS', '/usr/share/ubuntu:/usr/local/share/:/usr/share/:/var/lib/snapd/desktop'), ('PYTHONPATH', '/home/bryan/Workspace/ros2_ws/install/cv_bridge/local/lib/python3.10/dist-packages:/opt/ros/humble/lib/python3.10/site-packages:/opt/ros/humble/local/lib/python3.10/dist-packages'), ('COLCON', '1'), ('VTE_VERSION', '6800'), ('CMAKE_PREFIX_PATH', '/home/bryan/Workspace/ros2_ws/install/cv_bridge:/opt/ros/humble')]), 'shell': False}
[101.382639] (-) TimerEvent: {}
[101.444233] (image_rotate) StdoutLine: {'line': b'[ 25%] \x1b[32mBuilding CXX object CMakeFiles/image_rotate.dir/src/image_rotate_node.cpp.o\x1b[0m\n'}
[101.492156] (-) TimerEvent: {}
[101.595712] (-) TimerEvent: {}
[101.700538] (-) TimerEvent: {}
[101.958832] (-) TimerEvent: {}
[102.974637] (-) TimerEvent: {}
[103.859733] (-) TimerEvent: {}
[103.961923] (-) TimerEvent: {}
[104.951848] (-) TimerEvent: {}
[105.947561] (-) TimerEvent: {}
[106.701875] (-) TimerEvent: {}
[106.959041] (-) TimerEvent: {}
[107.074374] (-) TimerEvent: {}
[107.192880] (-) TimerEvent: {}
[107.222234] (image_proc) StdoutLine: {'line': b'[ 76%] \x1b[32m\x1b[1mLinking CXX shared library libresize.so\x1b[0m\n'}
[107.948612] (-) TimerEvent: {}
[108.101443] (-) TimerEvent: {}
[108.203029] (-) TimerEvent: {}
[108.305666] (-) TimerEvent: {}
[108.406645] (-) TimerEvent: {}
[108.421683] (image_proc) StdoutLine: {'line': b'[ 76%] Built target resize\n'}
[108.508536] (-) TimerEvent: {}
[108.514966] (image_proc) StdoutLine: {'line': b'[ 80%] \x1b[32mBuilding CXX object CMakeFiles/crop_decimate.dir/src/crop_decimate.cpp.o\x1b[0m\n'}
[108.609693] (-) TimerEvent: {}
[108.711261] (-) TimerEvent: {}
[108.815454] (-) TimerEvent: {}
[108.920380] (-) TimerEvent: {}
[109.814382] (-) TimerEvent: {}
[109.846239] (depth_image_proc) StdoutLine: {'line': b'[ 15%] \x1b[32mBuilding CXX object CMakeFiles/depth_image_proc.dir/src/point_cloud_xyz.cpp.o\x1b[0m\n'}
[109.918541] (-) TimerEvent: {}
[110.022414] (-) TimerEvent: {}
[110.126960] (-) TimerEvent: {}
[110.376855] (-) TimerEvent: {}
[110.481334] (-) TimerEvent: {}
[110.585670] (-) TimerEvent: {}
[110.690313] (-) TimerEvent: {}
[110.732731] (image_rotate) StdoutLine: {'line': b'[ 50%] \x1b[32m\x1b[1mLinking CXX shared library libimage_rotate.so\x1b[0m\n'}
[110.794881] (-) TimerEvent: {}
[110.934708] (-) TimerEvent: {}
[111.041610] (-) TimerEvent: {}
[111.157950] (-) TimerEvent: {}
[111.262476] (-) TimerEvent: {}
[111.399528] (-) TimerEvent: {}
[111.442116] (image_rotate) StdoutLine: {'line': b'[ 50%] Built target image_rotate\n'}
[111.494512] (image_rotate) StdoutLine: {'line': b'[ 75%] \x1b[32mBuilding CXX object CMakeFiles/image_rotate_bin.dir/src/image_rotate.cpp.o\x1b[0m\n'}
[111.501387] (-) TimerEvent: {}
[111.951739] (-) TimerEvent: {}
[112.948294] (-) TimerEvent: {}
[113.957220] (-) TimerEvent: {}
[114.963119] (-) TimerEvent: {}
[115.495729] (-) TimerEvent: {}
[115.596666] (-) TimerEvent: {}
[115.699846] (-) TimerEvent: {}
[115.803978] (-) TimerEvent: {}
[115.908263] (-) TimerEvent: {}
[116.024478] (-) TimerEvent: {}
[116.131072] (-) TimerEvent: {}
[116.149284] (image_proc) StdoutLine: {'line': b'[ 84%] \x1b[32m\x1b[1mLinking CXX shared library libcrop_decimate.so\x1b[0m\n'}
[116.500643] (image_proc) StdoutLine: {'line': b'[ 84%] Built target crop_decimate\n'}
[116.500858] (-) TimerEvent: {}
[116.536705] (image_proc) StdoutLine: {'line': b'[ 88%] \x1b[32mBuilding CXX object CMakeFiles/crop_non_zero.dir/src/crop_non_zero.cpp.o\x1b[0m\n'}
[116.601486] (-) TimerEvent: {}
[116.618607] (image_rotate) StdoutLine: {'line': b'[100%] \x1b[32m\x1b[1mLinking CXX executable image_rotate\x1b[0m\n'}
[116.709132] (-) TimerEvent: {}
[116.913884] (-) TimerEvent: {}
[117.279249] (-) TimerEvent: {}
[117.300377] (image_rotate) StdoutLine: {'line': b'[100%] Built target image_rotate_bin\n'}
[117.355125] (image_rotate) CommandEnded: {'returncode': 0}
[117.355731] (image_rotate) JobProgress: {'identifier': 'image_rotate', 'progress': 'install'}
[117.355765] (image_rotate) Command: {'cmd': ['/usr/bin/cmake', '--install', '/home/bryan/Workspace/ros2_ws/build/image_rotate'], 'cwd': '/home/bryan/Workspace/ros2_ws/build/image_rotate', 'env': OrderedDict([('LESSOPEN', '| /usr/bin/lesspipe %s'), ('USER', 'bryan'), ('XDG_SESSION_TYPE', 'wayland'), ('SHLVL', '1'), ('LD_LIBRARY_PATH', '/home/bryan/Workspace/ros2_ws/install/cv_bridge/lib:/opt/ros/humble/opt/rviz_ogre_vendor/lib:/opt/ros/humble/lib/x86_64-linux-gnu:/opt/ros/humble/lib'), ('HOME', '/home/bryan'), ('OLDPWD', '/home/bryan/Workspace/ros2_ws/src/ros2_sumo-main'), ('DESKTOP_SESSION', 'ubuntu'), ('ROS_PYTHON_VERSION', '3'), ('GNOME_SHELL_SESSION_MODE', 'ubuntu'), ('GTK_MODULES', 'gail:atk-bridge'), ('SYSTEMD_EXEC_PID', '1570'), ('DBUS_SESSION_BUS_ADDRESS', 'unix:path=/run/user/1000/bus'), ('COLORTERM', 'truecolor'), ('IM_CONFIG_PHASE', '1'), ('WAYLAND_DISPLAY', 'wayland-0'), ('ROS_DISTRO', 'humble'), ('LOGNAME', 'bryan'), ('SUMO_HOME', '/usr/share/sumo/'), ('_', '/usr/bin/colcon'), ('ROS_VERSION', '2'), ('XDG_SESSION_CLASS', 'user'), ('USERNAME', 'bryan'), ('TERM', 'xterm-256color'), ('GNOME_DESKTOP_SESSION_ID', 'this-is-deprecated'), ('ROS_LOCALHOST_ONLY', '0'), ('PATH', '/opt/ros/humble/bin:/usr/local/sbin:/usr/local/bin:/usr/sbin:/usr/bin:/sbin:/bin:/usr/games:/usr/local/games:/snap/bin:/snap/bin'), ('SESSION_MANAGER', 'local/bryan-VirtualBox:@/tmp/.ICE-unix/1372,unix/bryan-VirtualBox:/tmp/.ICE-unix/1372'), ('XDG_MENU_PREFIX', 'gnome-'), ('GNOME_TERMINAL_SCREEN', '/org/gnome/Terminal/screen/71407a0b_323a_4971_8a7b_4147209295e5'), ('GNOME_SETUP_DISPLAY', ':1'), ('XDG_RUNTIME_DIR', '/run/user/1000'), ('DISPLAY', ':0'), ('LANG', 'en_US.UTF-8'), ('XDG_CURRENT_DESKTOP', 'ubuntu:GNOME'), ('XMODIFIERS', '@im=ibus'), ('XDG_SESSION_DESKTOP', 'ubuntu'), ('XAUTHORITY', '/run/user/1000/.mutter-Xwaylandauth.GH7FP3'), ('LS_COLORS', 'rs=0:di=01;34:ln=01;36:mh=00:pi=40;33:so=01;35:do=01;35:bd=40;33;01:cd=40;33;01:or=40;31;01:mi=00:su=37;41:sg=30;43:ca=30;41:tw=30;42:ow=34;42:st=37;44:ex=01;32:*.tar=01;31:*.tgz=01;31:*.arc=01;31:*.arj=01;31:*.taz=01;31:*.lha=01;31:*.lz4=01;31:*.lzh=01;31:*.lzma=01;31:*.tlz=01;31:*.txz=01;31:*.tzo=01;31:*.t7z=01;31:*.zip=01;31:*.z=01;31:*.dz=01;31:*.gz=01;31:*.lrz=01;31:*.lz=01;31:*.lzo=01;31:*.xz=01;31:*.zst=01;31:*.tzst=01;31:*.bz2=01;31:*.bz=01;31:*.tbz=01;31:*.tbz2=01;31:*.tz=01;31:*.deb=01;31:*.rpm=01;31:*.jar=01;31:*.war=01;31:*.ear=01;31:*.sar=01;31:*.rar=01;31:*.alz=01;31:*.ace=01;31:*.zoo=01;31:*.cpio=01;31:*.7z=01;31:*.rz=01;31:*.cab=01;31:*.wim=01;31:*.swm=01;31:*.dwm=01;31:*.esd=01;31:*.jpg=01;35:*.jpeg=01;35:*.mjpg=01;35:*.mjpeg=01;35:*.gif=01;35:*.bmp=01;35:*.pbm=01;35:*.pgm=01;35:*.ppm=01;35:*.tga=01;35:*.xbm=01;35:*.xpm=01;35:*.tif=01;35:*.tiff=01;35:*.png=01;35:*.svg=01;35:*.svgz=01;35:*.mng=01;35:*.pcx=01;35:*.mov=01;35:*.mpg=01;35:*.mpeg=01;35:*.m2v=01;35:*.mkv=01;35:*.webm=01;35:*.webp=01;35:*.ogm=01;35:*.mp4=01;35:*.m4v=01;35:*.mp4v=01;35:*.vob=01;35:*.qt=01;35:*.nuv=01;35:*.wmv=01;35:*.asf=01;35:*.rm=01;35:*.rmvb=01;35:*.flc=01;35:*.avi=01;35:*.fli=01;35:*.flv=01;35:*.gl=01;35:*.dl=01;35:*.xcf=01;35:*.xwd=01;35:*.yuv=01;35:*.cgm=01;35:*.emf=01;35:*.ogv=01;35:*.ogx=01;35:*.aac=00;36:*.au=00;36:*.flac=00;36:*.m4a=00;36:*.mid=00;36:*.midi=00;36:*.mka=00;36:*.mp3=00;36:*.mpc=00;36:*.ogg=00;36:*.ra=00;36:*.wav=00;36:*.oga=00;36:*.opus=00;36:*.spx=00;36:*.xspf=00;36:'), ('GNOME_TERMINAL_SERVICE', ':1.91'), ('SSH_AGENT_LAUNCHER', 'gnome-keyring'), ('SSH_AUTH_SOCK', '/run/user/1000/keyring/ssh'), ('AMENT_PREFIX_PATH', '/home/bryan/Workspace/ros2_ws/install/cv_bridge:/opt/ros/humble'), ('SHELL', '/bin/bash'), ('QT_ACCESSIBILITY', '1'), ('GDMSESSION', 'ubuntu'), ('LESSCLOSE', '/usr/bin/lesspipe %s %s'), ('QT_IM_MODULE', 'ibus'), ('PWD', '/home/bryan/Workspace/ros2_ws/build/image_rotate'), ('LC_ALL', 'en_US.UTF-8'), ('XDG_CONFIG_DIRS', '/etc/xdg/xdg-ubuntu:/etc/xdg'), ('XDG_DATA_DIRS', '/usr/share/ubuntu:/usr/local/share/:/usr/share/:/var/lib/snapd/desktop'), ('PYTHONPATH', '/home/bryan/Workspace/ros2_ws/install/cv_bridge/local/lib/python3.10/dist-packages:/opt/ros/humble/lib/python3.10/site-packages:/opt/ros/humble/local/lib/python3.10/dist-packages'), ('COLCON', '1'), ('VTE_VERSION', '6800'), ('CMAKE_PREFIX_PATH', '/home/bryan/Workspace/ros2_ws/install/cv_bridge:/opt/ros/humble')]), 'shell': False}
[117.361060] (image_rotate) StdoutLine: {'line': b'-- Install configuration: ""\n'}
[117.361454] (image_rotate) StdoutLine: {'line': b'-- Execute custom install script\n'}
[117.363046] (image_rotate) StdoutLine: {'line': b'-- Symlinking: /home/bryan/Workspace/ros2_ws/install/image_rotate/include/image_rotate/image_rotate_node.hpp\n'}
[117.979749] (image_rotate) StdoutLine: {'line': b'-- Symlinking: /home/bryan/Workspace/ros2_ws/install/image_rotate/include/image_rotate/visibility.h\n'}
[117.981000] (-) TimerEvent: {}
[118.001179] (image_rotate) StdoutLine: {'line': b'-- Symlinking: /home/bryan/Workspace/ros2_ws/install/image_rotate/share/image_rotate/environment/library_path.sh\n'}
[118.018917] (image_rotate) StdoutLine: {'line': b'-- Symlinking: /home/bryan/Workspace/ros2_ws/install/image_rotate/share/image_rotate/environment/library_path.dsv\n'}
[118.032699] (image_rotate) StdoutLine: {'line': b'-- Symlinking: /home/bryan/Workspace/ros2_ws/install/image_rotate/lib/libimage_rotate.so\n'}
[118.055879] (image_rotate) StdoutLine: {'line': b'-- Symlinking: /home/bryan/Workspace/ros2_ws/install/image_rotate/lib/image_rotate/image_rotate\n'}
[118.057949] (image_rotate) StdoutLine: {'line': b'-- Symlinking: /home/bryan/Workspace/ros2_ws/install/image_rotate/share/image_rotate/launch/image_rotate.launch.py\n'}
[118.072990] (image_rotate) StdoutLine: {'line': b'-- Symlinking: /home/bryan/Workspace/ros2_ws/install/image_rotate/share/ament_index/resource_index/package_run_dependencies/image_rotate\n'}
[118.083000] (-) TimerEvent: {}
[118.099297] (image_rotate) StdoutLine: {'line': b'-- Symlinking: /home/bryan/Workspace/ros2_ws/install/image_rotate/share/ament_index/resource_index/parent_prefix_path/image_rotate\n'}
[118.138459] (image_rotate) StdoutLine: {'line': b'-- Symlinking: /home/bryan/Workspace/ros2_ws/install/image_rotate/share/image_rotate/environment/ament_prefix_path.sh\n'}
[118.160972] (image_rotate) StdoutLine: {'line': b'-- Symlinking: /home/bryan/Workspace/ros2_ws/install/image_rotate/share/image_rotate/environment/ament_prefix_path.dsv\n'}
[118.184763] (-) TimerEvent: {}
[118.188381] (image_rotate) StdoutLine: {'line': b'-- Symlinking: /home/bryan/Workspace/ros2_ws/install/image_rotate/share/image_rotate/environment/path.sh\n'}
[118.204809] (image_rotate) StdoutLine: {'line': b'-- Symlinking: /home/bryan/Workspace/ros2_ws/install/image_rotate/share/image_rotate/environment/path.dsv\n'}
[118.262912] (image_rotate) StdoutLine: {'line': b'-- Symlinking: /home/bryan/Workspace/ros2_ws/install/image_rotate/share/image_rotate/local_setup.bash\n'}
[118.294633] (-) TimerEvent: {}
[118.296020] (image_rotate) StdoutLine: {'line': b'-- Symlinking: /home/bryan/Workspace/ros2_ws/install/image_rotate/share/image_rotate/local_setup.sh\n'}
[118.309259] (image_rotate) StdoutLine: {'line': b'-- Symlinking: /home/bryan/Workspace/ros2_ws/install/image_rotate/share/image_rotate/local_setup.zsh\n'}
[118.323156] (image_rotate) StdoutLine: {'line': b'-- Symlinking: /home/bryan/Workspace/ros2_ws/install/image_rotate/share/image_rotate/local_setup.dsv\n'}
[118.353886] (image_rotate) StdoutLine: {'line': b'-- Symlinking: /home/bryan/Workspace/ros2_ws/install/image_rotate/share/image_rotate/package.dsv\n'}
[118.372874] (image_rotate) StdoutLine: {'line': b'-- Symlinking: /home/bryan/Workspace/ros2_ws/install/image_rotate/share/ament_index/resource_index/packages/image_rotate\n'}
[118.486682] (image_rotate) StdoutLine: {'line': b'-- Symlinking: /home/bryan/Workspace/ros2_ws/install/image_rotate/share/ament_index/resource_index/rclcpp_components/image_rotate\n'}
[118.488266] (-) TimerEvent: {}
[118.519100] (image_rotate) StdoutLine: {'line': b'-- Symlinking: /home/bryan/Workspace/ros2_ws/install/image_rotate/share/image_rotate/cmake/ament_cmake_export_dependencies-extras.cmake\n'}
[118.519439] (image_rotate) StdoutLine: {'line': b'-- Symlinking: /home/bryan/Workspace/ros2_ws/install/image_rotate/share/image_rotate/cmake/ament_cmake_export_include_directories-extras.cmake\n'}
[118.519534] (image_rotate) StdoutLine: {'line': b'-- Symlinking: /home/bryan/Workspace/ros2_ws/install/image_rotate/share/image_rotate/cmake/ament_cmake_export_libraries-extras.cmake\n'}
[118.519593] (image_rotate) StdoutLine: {'line': b'-- Symlinking: /home/bryan/Workspace/ros2_ws/install/image_rotate/share/image_rotate/cmake/image_rotateConfig.cmake\n'}
[118.519653] (image_rotate) StdoutLine: {'line': b'-- Symlinking: /home/bryan/Workspace/ros2_ws/install/image_rotate/share/image_rotate/cmake/image_rotateConfig-version.cmake\n'}
[118.519707] (image_rotate) StdoutLine: {'line': b'-- Symlinking: /home/bryan/Workspace/ros2_ws/install/image_rotate/share/image_rotate/package.xml\n'}
[118.519777] (image_rotate) CommandEnded: {'returncode': 0}
[118.520133] (image_rotate) JobEnded: {'identifier': 'image_rotate', 'rc': 0}
[118.522615] (image_view) JobStarted: {'identifier': 'image_view'}
[118.528918] (image_view) JobProgress: {'identifier': 'image_view', 'progress': 'cmake'}
[118.529759] (image_view) Command: {'cmd': ['/usr/bin/cmake', '/home/bryan/Workspace/ros2_ws/image_pipeline/image_view', '-DAMENT_CMAKE_SYMLINK_INSTALL=1', '-DCMAKE_INSTALL_PREFIX=/home/bryan/Workspace/ros2_ws/install/image_view'], 'cwd': '/home/bryan/Workspace/ros2_ws/build/image_view', 'env': OrderedDict([('LESSOPEN', '| /usr/bin/lesspipe %s'), ('USER', 'bryan'), ('XDG_SESSION_TYPE', 'wayland'), ('SHLVL', '1'), ('LD_LIBRARY_PATH', '/home/bryan/Workspace/ros2_ws/install/cv_bridge/lib:/opt/ros/humble/opt/rviz_ogre_vendor/lib:/opt/ros/humble/lib/x86_64-linux-gnu:/opt/ros/humble/lib'), ('HOME', '/home/bryan'), ('OLDPWD', '/home/bryan/Workspace/ros2_ws/src/ros2_sumo-main'), ('DESKTOP_SESSION', 'ubuntu'), ('ROS_PYTHON_VERSION', '3'), ('GNOME_SHELL_SESSION_MODE', 'ubuntu'), ('GTK_MODULES', 'gail:atk-bridge'), ('SYSTEMD_EXEC_PID', '1570'), ('DBUS_SESSION_BUS_ADDRESS', 'unix:path=/run/user/1000/bus'), ('COLORTERM', 'truecolor'), ('IM_CONFIG_PHASE', '1'), ('WAYLAND_DISPLAY', 'wayland-0'), ('ROS_DISTRO', 'humble'), ('LOGNAME', 'bryan'), ('SUMO_HOME', '/usr/share/sumo/'), ('_', '/usr/bin/colcon'), ('ROS_VERSION', '2'), ('XDG_SESSION_CLASS', 'user'), ('USERNAME', 'bryan'), ('TERM', 'xterm-256color'), ('GNOME_DESKTOP_SESSION_ID', 'this-is-deprecated'), ('ROS_LOCALHOST_ONLY', '0'), ('PATH', '/opt/ros/humble/bin:/usr/local/sbin:/usr/local/bin:/usr/sbin:/usr/bin:/sbin:/bin:/usr/games:/usr/local/games:/snap/bin:/snap/bin'), ('SESSION_MANAGER', 'local/bryan-VirtualBox:@/tmp/.ICE-unix/1372,unix/bryan-VirtualBox:/tmp/.ICE-unix/1372'), ('XDG_MENU_PREFIX', 'gnome-'), ('GNOME_TERMINAL_SCREEN', '/org/gnome/Terminal/screen/71407a0b_323a_4971_8a7b_4147209295e5'), ('GNOME_SETUP_DISPLAY', ':1'), ('XDG_RUNTIME_DIR', '/run/user/1000'), ('DISPLAY', ':0'), ('LANG', 'en_US.UTF-8'), ('XDG_CURRENT_DESKTOP', 'ubuntu:GNOME'), ('XMODIFIERS', '@im=ibus'), ('XDG_SESSION_DESKTOP', 'ubuntu'), ('XAUTHORITY', '/run/user/1000/.mutter-Xwaylandauth.GH7FP3'), ('LS_COLORS', 'rs=0:di=01;34:ln=01;36:mh=00:pi=40;33:so=01;35:do=01;35:bd=40;33;01:cd=40;33;01:or=40;31;01:mi=00:su=37;41:sg=30;43:ca=30;41:tw=30;42:ow=34;42:st=37;44:ex=01;32:*.tar=01;31:*.tgz=01;31:*.arc=01;31:*.arj=01;31:*.taz=01;31:*.lha=01;31:*.lz4=01;31:*.lzh=01;31:*.lzma=01;31:*.tlz=01;31:*.txz=01;31:*.tzo=01;31:*.t7z=01;31:*.zip=01;31:*.z=01;31:*.dz=01;31:*.gz=01;31:*.lrz=01;31:*.lz=01;31:*.lzo=01;31:*.xz=01;31:*.zst=01;31:*.tzst=01;31:*.bz2=01;31:*.bz=01;31:*.tbz=01;31:*.tbz2=01;31:*.tz=01;31:*.deb=01;31:*.rpm=01;31:*.jar=01;31:*.war=01;31:*.ear=01;31:*.sar=01;31:*.rar=01;31:*.alz=01;31:*.ace=01;31:*.zoo=01;31:*.cpio=01;31:*.7z=01;31:*.rz=01;31:*.cab=01;31:*.wim=01;31:*.swm=01;31:*.dwm=01;31:*.esd=01;31:*.jpg=01;35:*.jpeg=01;35:*.mjpg=01;35:*.mjpeg=01;35:*.gif=01;35:*.bmp=01;35:*.pbm=01;35:*.pgm=01;35:*.ppm=01;35:*.tga=01;35:*.xbm=01;35:*.xpm=01;35:*.tif=01;35:*.tiff=01;35:*.png=01;35:*.svg=01;35:*.svgz=01;35:*.mng=01;35:*.pcx=01;35:*.mov=01;35:*.mpg=01;35:*.mpeg=01;35:*.m2v=01;35:*.mkv=01;35:*.webm=01;35:*.webp=01;35:*.ogm=01;35:*.mp4=01;35:*.m4v=01;35:*.mp4v=01;35:*.vob=01;35:*.qt=01;35:*.nuv=01;35:*.wmv=01;35:*.asf=01;35:*.rm=01;35:*.rmvb=01;35:*.flc=01;35:*.avi=01;35:*.fli=01;35:*.flv=01;35:*.gl=01;35:*.dl=01;35:*.xcf=01;35:*.xwd=01;35:*.yuv=01;35:*.cgm=01;35:*.emf=01;35:*.ogv=01;35:*.ogx=01;35:*.aac=00;36:*.au=00;36:*.flac=00;36:*.m4a=00;36:*.mid=00;36:*.midi=00;36:*.mka=00;36:*.mp3=00;36:*.mpc=00;36:*.ogg=00;36:*.ra=00;36:*.wav=00;36:*.oga=00;36:*.opus=00;36:*.spx=00;36:*.xspf=00;36:'), ('GNOME_TERMINAL_SERVICE', ':1.91'), ('SSH_AGENT_LAUNCHER', 'gnome-keyring'), ('SSH_AUTH_SOCK', '/run/user/1000/keyring/ssh'), ('AMENT_PREFIX_PATH', '/home/bryan/Workspace/ros2_ws/install/cv_bridge:/opt/ros/humble'), ('SHELL', '/bin/bash'), ('QT_ACCESSIBILITY', '1'), ('GDMSESSION', 'ubuntu'), ('LESSCLOSE', '/usr/bin/lesspipe %s %s'), ('QT_IM_MODULE', 'ibus'), ('PWD', '/home/bryan/Workspace/ros2_ws/build/image_view'), ('LC_ALL', 'en_US.UTF-8'), ('XDG_CONFIG_DIRS', '/etc/xdg/xdg-ubuntu:/etc/xdg'), ('XDG_DATA_DIRS', '/usr/share/ubuntu:/usr/local/share/:/usr/share/:/var/lib/snapd/desktop'), ('PYTHONPATH', '/home/bryan/Workspace/ros2_ws/install/cv_bridge/local/lib/python3.10/dist-packages:/opt/ros/humble/lib/python3.10/site-packages:/opt/ros/humble/local/lib/python3.10/dist-packages'), ('COLCON', '1'), ('VTE_VERSION', '6800'), ('CMAKE_PREFIX_PATH', '/home/bryan/Workspace/ros2_ws/install/cv_bridge:/opt/ros/humble')]), 'shell': False}
[118.602505] (-) TimerEvent: {}
[118.625060] (depth_image_proc) StdoutLine: {'line': b'[ 18%] \x1b[32mBuilding CXX object CMakeFiles/depth_image_proc.dir/src/point_cloud_xyzrgb.cpp.o\x1b[0m\n'}
[118.706379] (image_view) StdoutLine: {'line': b'-- The C compiler identification is GNU 11.4.0\n'}
[118.706682] (-) TimerEvent: {}
[118.806871] (image_view) StdoutLine: {'line': b'-- The CXX compiler identification is GNU 11.4.0\n'}
[118.807075] (-) TimerEvent: {}
[118.820397] (image_view) StdoutLine: {'line': b'-- Detecting C compiler ABI info\n'}
[118.949965] (image_view) StdoutLine: {'line': b'-- Detecting C compiler ABI info - done\n'}
[118.950237] (-) TimerEvent: {}
[118.970952] (image_view) StdoutLine: {'line': b'-- Check for working C compiler: /usr/bin/cc - skipped\n'}
[118.985527] (image_view) StdoutLine: {'line': b'-- Detecting C compile features\n'}
[118.985824] (image_view) StdoutLine: {'line': b'-- Detecting C compile features - done\n'}
[118.985918] (image_view) StdoutLine: {'line': b'-- Detecting CXX compiler ABI info\n'}
[119.050522] (-) TimerEvent: {}
[119.156097] (image_view) StdoutLine: {'line': b'-- Detecting CXX compiler ABI info - done\n'}
[119.156339] (-) TimerEvent: {}
[119.166654] (image_view) StdoutLine: {'line': b'-- Check for working CXX compiler: /usr/bin/c++ - skipped\n'}
[119.166885] (image_view) StdoutLine: {'line': b'-- Detecting CXX compile features\n'}
[119.167010] (image_view) StdoutLine: {'line': b'-- Detecting CXX compile features - done\n'}
[119.171559] (image_view) StdoutLine: {'line': b'-- Found ament_cmake_auto: 1.3.14 (/opt/ros/humble/share/ament_cmake_auto/cmake)\n'}
[119.275010] (-) TimerEvent: {}
[119.408486] (-) TimerEvent: {}
[119.454850] (image_view) StdoutLine: {'line': b'-- Found Python3: /usr/bin/python3 (found version "3.10.12") found components: Interpreter \n'}
[119.573158] (-) TimerEvent: {}
[119.574006] (image_view) StdoutLine: {'line': b'-- Override CMake install command with custom implementation using symlinks instead of copying resources\n'}
[119.701775] (-) TimerEvent: {}
[119.713153] (image_view) StdoutLine: {'line': b'-- Found rosidl_generator_c: 3.1.8 (/opt/ros/humble/share/rosidl_generator_c/cmake)\n'}
[119.718819] (image_view) StdoutLine: {'line': b'-- Found rosidl_adapter: 3.1.8 (/opt/ros/humble/share/rosidl_adapter/cmake)\n'}
[119.732769] (image_view) StdoutLine: {'line': b'-- Found rosidl_generator_cpp: 3.1.8 (/opt/ros/humble/share/rosidl_generator_cpp/cmake)\n'}
[119.750809] (image_view) StdoutLine: {'line': b'-- Using all available rosidl_typesupport_c: rosidl_typesupport_fastrtps_c;rosidl_typesupport_introspection_c\n'}
[119.787700] (image_view) StdoutLine: {'line': b'-- Using all available rosidl_typesupport_cpp: rosidl_typesupport_fastrtps_cpp;rosidl_typesupport_introspection_cpp\n'}
[119.809878] (-) TimerEvent: {}
[119.854584] (image_view) StdoutLine: {'line': b'-- Found rmw_implementation_cmake: 6.1.2 (/opt/ros/humble/share/rmw_implementation_cmake/cmake)\n'}
[119.857731] (image_view) StdoutLine: {'line': b'-- Found rmw_fastrtps_cpp: 6.2.10 (/opt/ros/humble/share/rmw_fastrtps_cpp/cmake)\n'}
[119.914000] (-) TimerEvent: {}
[120.043001] (-) TimerEvent: {}
[120.050097] (image_view) StdoutLine: {'line': b'-- Found OpenSSL: /usr/lib/x86_64-linux-gnu/libcrypto.so (found version "3.0.2")  \n'}
[120.082994] (image_view) StdoutLine: {'line': b'-- Found FastRTPS: /opt/ros/humble/include  \n'}
[120.140209] (image_view) StdoutLine: {'line': b"-- Using RMW implementation 'rmw_fastrtps_cpp' as default\n"}
[120.158607] (image_view) StdoutLine: {'line': b'-- Looking for pthread.h\n'}
[120.158817] (-) TimerEvent: {}
[120.265596] (-) TimerEvent: {}
[120.320964] (image_view) StdoutLine: {'line': b'-- Looking for pthread.h - found\n'}
[120.324749] (image_view) StdoutLine: {'line': b'-- Performing Test CMAKE_HAVE_LIBC_PTHREAD\n'}
[120.365937] (-) TimerEvent: {}
[120.467605] (-) TimerEvent: {}
[120.504871] (image_view) StdoutLine: {'line': b'-- Performing Test CMAKE_HAVE_LIBC_PTHREAD - Success\n'}
[120.518537] (image_view) StdoutLine: {'line': b'-- Found Threads: TRUE  \n'}
[120.731824] (-) TimerEvent: {}
[120.825677] (image_view) StdoutLine: {'line': b'-- Found Boost: /usr/lib/x86_64-linux-gnu/cmake/Boost-1.74.0/BoostConfig.cmake (found version "1.74.0")  \n'}
[120.832595] (image_view) StdoutLine: {'line': b'-- Found OpenCV: /usr (found version "4.5.4") \n'}
[120.832810] (-) TimerEvent: {}
[120.862957] (image_view) StdoutLine: {'line': b'-- Found ament_lint_auto: 0.12.15 (/opt/ros/humble/share/ament_lint_auto/cmake)\n'}
[120.902470] (image_view) StderrLine: {'line': b'\x1b[0mIn this package, headers install destination is set to `include` by ament_auto_package. It is recommended to install `include/image_view` instead and will be the default behavior of ament_auto_package from ROS 2 Kilted Kaiju. On distributions before Kilted, ament_auto_package behaves the same way when you use USE_SCOPED_HEADER_INSTALL_DIR option.\x1b[0m\n'}
[120.903974] (image_view) StdoutLine: {'line': b"-- Added test 'copyright' to check source files copyright and LICENSE\n"}
[120.914894] (image_view) StdoutLine: {'line': b"-- Added test 'cppcheck' to perform static code analysis on C / C++ code\n"}
[120.916596] (image_view) StdoutLine: {'line': b'-- Configured cppcheck include dirs: /home/bryan/Workspace/ros2_ws/image_pipeline/image_view/include\n'}
[120.916825] (image_view) StdoutLine: {'line': b'-- Configured cppcheck exclude dirs and/or files: \n'}
[120.919997] (image_view) StdoutLine: {'line': b"-- Added test 'cpplint' to check C / C++ code against the Google style\n"}
[120.920225] (image_view) StdoutLine: {'line': b'-- Configured cpplint exclude dirs and/or files: \n'}
[120.924208] (image_view) StdoutLine: {'line': b"-- Added test 'lint_cmake' to check CMake code style\n"}
[120.924400] (image_view) StdoutLine: {'line': b"-- Added test 'uncrustify' to check C / C++ code style\n"}
[120.924499] (image_view) StdoutLine: {'line': b'-- Configured uncrustify additional arguments: \n'}
[120.925117] (image_view) StdoutLine: {'line': b"-- Added test 'xmllint' to check XML markup files\n"}
[120.930659] (image_view) StdoutLine: {'line': b'-- Configuring done\n'}
[120.935512] (-) TimerEvent: {}
[121.025483] (image_view) StdoutLine: {'line': b'-- Generating done\n'}
[121.039358] (-) TimerEvent: {}
[121.089421] (image_view) StdoutLine: {'line': b'-- Build files have been written to: /home/bryan/Workspace/ros2_ws/build/image_view\n'}
[121.113795] (image_view) CommandEnded: {'returncode': 0}
[121.115004] (image_view) JobProgress: {'identifier': 'image_view', 'progress': 'build'}
[121.115505] (image_view) Command: {'cmd': ['/usr/bin/cmake', '--build', '/home/bryan/Workspace/ros2_ws/build/image_view', '--', '-j3', '-l3'], 'cwd': '/home/bryan/Workspace/ros2_ws/build/image_view', 'env': OrderedDict([('LESSOPEN', '| /usr/bin/lesspipe %s'), ('USER', 'bryan'), ('XDG_SESSION_TYPE', 'wayland'), ('SHLVL', '1'), ('LD_LIBRARY_PATH', '/home/bryan/Workspace/ros2_ws/install/cv_bridge/lib:/opt/ros/humble/opt/rviz_ogre_vendor/lib:/opt/ros/humble/lib/x86_64-linux-gnu:/opt/ros/humble/lib'), ('HOME', '/home/bryan'), ('OLDPWD', '/home/bryan/Workspace/ros2_ws/src/ros2_sumo-main'), ('DESKTOP_SESSION', 'ubuntu'), ('ROS_PYTHON_VERSION', '3'), ('GNOME_SHELL_SESSION_MODE', 'ubuntu'), ('GTK_MODULES', 'gail:atk-bridge'), ('SYSTEMD_EXEC_PID', '1570'), ('DBUS_SESSION_BUS_ADDRESS', 'unix:path=/run/user/1000/bus'), ('COLORTERM', 'truecolor'), ('IM_CONFIG_PHASE', '1'), ('WAYLAND_DISPLAY', 'wayland-0'), ('ROS_DISTRO', 'humble'), ('LOGNAME', 'bryan'), ('SUMO_HOME', '/usr/share/sumo/'), ('_', '/usr/bin/colcon'), ('ROS_VERSION', '2'), ('XDG_SESSION_CLASS', 'user'), ('USERNAME', 'bryan'), ('TERM', 'xterm-256color'), ('GNOME_DESKTOP_SESSION_ID', 'this-is-deprecated'), ('ROS_LOCALHOST_ONLY', '0'), ('PATH', '/opt/ros/humble/bin:/usr/local/sbin:/usr/local/bin:/usr/sbin:/usr/bin:/sbin:/bin:/usr/games:/usr/local/games:/snap/bin:/snap/bin'), ('SESSION_MANAGER', 'local/bryan-VirtualBox:@/tmp/.ICE-unix/1372,unix/bryan-VirtualBox:/tmp/.ICE-unix/1372'), ('XDG_MENU_PREFIX', 'gnome-'), ('GNOME_TERMINAL_SCREEN', '/org/gnome/Terminal/screen/71407a0b_323a_4971_8a7b_4147209295e5'), ('GNOME_SETUP_DISPLAY', ':1'), ('XDG_RUNTIME_DIR', '/run/user/1000'), ('DISPLAY', ':0'), ('LANG', 'en_US.UTF-8'), ('XDG_CURRENT_DESKTOP', 'ubuntu:GNOME'), ('XMODIFIERS', '@im=ibus'), ('XDG_SESSION_DESKTOP', 'ubuntu'), ('XAUTHORITY', '/run/user/1000/.mutter-Xwaylandauth.GH7FP3'), ('LS_COLORS', 'rs=0:di=01;34:ln=01;36:mh=00:pi=40;33:so=01;35:do=01;35:bd=40;33;01:cd=40;33;01:or=40;31;01:mi=00:su=37;41:sg=30;43:ca=30;41:tw=30;42:ow=34;42:st=37;44:ex=01;32:*.tar=01;31:*.tgz=01;31:*.arc=01;31:*.arj=01;31:*.taz=01;31:*.lha=01;31:*.lz4=01;31:*.lzh=01;31:*.lzma=01;31:*.tlz=01;31:*.txz=01;31:*.tzo=01;31:*.t7z=01;31:*.zip=01;31:*.z=01;31:*.dz=01;31:*.gz=01;31:*.lrz=01;31:*.lz=01;31:*.lzo=01;31:*.xz=01;31:*.zst=01;31:*.tzst=01;31:*.bz2=01;31:*.bz=01;31:*.tbz=01;31:*.tbz2=01;31:*.tz=01;31:*.deb=01;31:*.rpm=01;31:*.jar=01;31:*.war=01;31:*.ear=01;31:*.sar=01;31:*.rar=01;31:*.alz=01;31:*.ace=01;31:*.zoo=01;31:*.cpio=01;31:*.7z=01;31:*.rz=01;31:*.cab=01;31:*.wim=01;31:*.swm=01;31:*.dwm=01;31:*.esd=01;31:*.jpg=01;35:*.jpeg=01;35:*.mjpg=01;35:*.mjpeg=01;35:*.gif=01;35:*.bmp=01;35:*.pbm=01;35:*.pgm=01;35:*.ppm=01;35:*.tga=01;35:*.xbm=01;35:*.xpm=01;35:*.tif=01;35:*.tiff=01;35:*.png=01;35:*.svg=01;35:*.svgz=01;35:*.mng=01;35:*.pcx=01;35:*.mov=01;35:*.mpg=01;35:*.mpeg=01;35:*.m2v=01;35:*.mkv=01;35:*.webm=01;35:*.webp=01;35:*.ogm=01;35:*.mp4=01;35:*.m4v=01;35:*.mp4v=01;35:*.vob=01;35:*.qt=01;35:*.nuv=01;35:*.wmv=01;35:*.asf=01;35:*.rm=01;35:*.rmvb=01;35:*.flc=01;35:*.avi=01;35:*.fli=01;35:*.flv=01;35:*.gl=01;35:*.dl=01;35:*.xcf=01;35:*.xwd=01;35:*.yuv=01;35:*.cgm=01;35:*.emf=01;35:*.ogv=01;35:*.ogx=01;35:*.aac=00;36:*.au=00;36:*.flac=00;36:*.m4a=00;36:*.mid=00;36:*.midi=00;36:*.mka=00;36:*.mp3=00;36:*.mpc=00;36:*.ogg=00;36:*.ra=00;36:*.wav=00;36:*.oga=00;36:*.opus=00;36:*.spx=00;36:*.xspf=00;36:'), ('GNOME_TERMINAL_SERVICE', ':1.91'), ('SSH_AGENT_LAUNCHER', 'gnome-keyring'), ('SSH_AUTH_SOCK', '/run/user/1000/keyring/ssh'), ('AMENT_PREFIX_PATH', '/home/bryan/Workspace/ros2_ws/install/cv_bridge:/opt/ros/humble'), ('SHELL', '/bin/bash'), ('QT_ACCESSIBILITY', '1'), ('GDMSESSION', 'ubuntu'), ('LESSCLOSE', '/usr/bin/lesspipe %s %s'), ('QT_IM_MODULE', 'ibus'), ('PWD', '/home/bryan/Workspace/ros2_ws/build/image_view'), ('LC_ALL', 'en_US.UTF-8'), ('XDG_CONFIG_DIRS', '/etc/xdg/xdg-ubuntu:/etc/xdg'), ('XDG_DATA_DIRS', '/usr/share/ubuntu:/usr/local/share/:/usr/share/:/var/lib/snapd/desktop'), ('PYTHONPATH', '/home/bryan/Workspace/ros2_ws/install/cv_bridge/local/lib/python3.10/dist-packages:/opt/ros/humble/lib/python3.10/site-packages:/opt/ros/humble/local/lib/python3.10/dist-packages'), ('COLCON', '1'), ('VTE_VERSION', '6800'), ('CMAKE_PREFIX_PATH', '/home/bryan/Workspace/ros2_ws/install/cv_bridge:/opt/ros/humble')]), 'shell': False}
[121.139544] (-) TimerEvent: {}
[121.240415] (-) TimerEvent: {}
[121.255516] (image_view) StdoutLine: {'line': b'[  5%] \x1b[32mBuilding CXX object CMakeFiles/image_view_nodes.dir/src/disparity_view_node.cpp.o\x1b[0m\n'}
[121.340761] (-) TimerEvent: {}
[121.947612] (-) TimerEvent: {}
[122.956910] (-) TimerEvent: {}
[123.948975] (-) TimerEvent: {}
[124.013863] (image_proc) StdoutLine: {'line': b'[ 92%] \x1b[32m\x1b[1mLinking CXX shared library libcrop_non_zero.so\x1b[0m\n'}
[124.050692] (-) TimerEvent: {}
[124.412637] (image_proc) StdoutLine: {'line': b'[ 92%] Built target crop_non_zero\n'}
[124.412914] (-) TimerEvent: {}
[124.515553] (image_proc) StdoutLine: {'line': b'[ 96%] \x1b[32mBuilding CXX object CMakeFiles/image_proc_exe.dir/src/image_proc.cpp.o\x1b[0m\n'}
[124.515782] (-) TimerEvent: {}
[124.961957] (-) TimerEvent: {}
[125.969669] (-) TimerEvent: {}
[126.954146] (-) TimerEvent: {}
[127.956511] (-) TimerEvent: {}
[128.963641] (-) TimerEvent: {}
[129.404464] (-) TimerEvent: {}
[129.568512] (-) TimerEvent: {}
[129.634511] (image_proc) StdoutLine: {'line': b'[100%] \x1b[32m\x1b[1mLinking CXX executable image_proc\x1b[0m\n'}
[129.948568] (-) TimerEvent: {}
[130.222515] (-) TimerEvent: {}
[130.251508] (image_proc) StdoutLine: {'line': b'[100%] Built target image_proc_exe\n'}
[130.288502] (image_proc) CommandEnded: {'returncode': 0}
[130.289696] (image_proc) JobProgress: {'identifier': 'image_proc', 'progress': 'install'}
[130.290136] (image_proc) Command: {'cmd': ['/usr/bin/cmake', '--install', '/home/bryan/Workspace/ros2_ws/build/image_proc'], 'cwd': '/home/bryan/Workspace/ros2_ws/build/image_proc', 'env': OrderedDict([('LESSOPEN', '| /usr/bin/lesspipe %s'), ('USER', 'bryan'), ('XDG_SESSION_TYPE', 'wayland'), ('SHLVL', '1'), ('LD_LIBRARY_PATH', '/home/bryan/Workspace/ros2_ws/install/tracetools_image_pipeline/lib:/home/bryan/Workspace/ros2_ws/install/image_geometry/lib:/home/bryan/Workspace/ros2_ws/install/cv_bridge/lib:/opt/ros/humble/opt/rviz_ogre_vendor/lib:/opt/ros/humble/lib/x86_64-linux-gnu:/opt/ros/humble/lib'), ('HOME', '/home/bryan'), ('OLDPWD', '/home/bryan/Workspace/ros2_ws/src/ros2_sumo-main'), ('DESKTOP_SESSION', 'ubuntu'), ('ROS_PYTHON_VERSION', '3'), ('GNOME_SHELL_SESSION_MODE', 'ubuntu'), ('GTK_MODULES', 'gail:atk-bridge'), ('SYSTEMD_EXEC_PID', '1570'), ('DBUS_SESSION_BUS_ADDRESS', 'unix:path=/run/user/1000/bus'), ('COLORTERM', 'truecolor'), ('IM_CONFIG_PHASE', '1'), ('WAYLAND_DISPLAY', 'wayland-0'), ('ROS_DISTRO', 'humble'), ('LOGNAME', 'bryan'), ('SUMO_HOME', '/usr/share/sumo/'), ('_', '/usr/bin/colcon'), ('ROS_VERSION', '2'), ('XDG_SESSION_CLASS', 'user'), ('USERNAME', 'bryan'), ('TERM', 'xterm-256color'), ('GNOME_DESKTOP_SESSION_ID', 'this-is-deprecated'), ('ROS_LOCALHOST_ONLY', '0'), ('PATH', '/opt/ros/humble/bin:/usr/local/sbin:/usr/local/bin:/usr/sbin:/usr/bin:/sbin:/bin:/usr/games:/usr/local/games:/snap/bin:/snap/bin'), ('SESSION_MANAGER', 'local/bryan-VirtualBox:@/tmp/.ICE-unix/1372,unix/bryan-VirtualBox:/tmp/.ICE-unix/1372'), ('XDG_MENU_PREFIX', 'gnome-'), ('GNOME_TERMINAL_SCREEN', '/org/gnome/Terminal/screen/71407a0b_323a_4971_8a7b_4147209295e5'), ('GNOME_SETUP_DISPLAY', ':1'), ('XDG_RUNTIME_DIR', '/run/user/1000'), ('DISPLAY', ':0'), ('LANG', 'en_US.UTF-8'), ('XDG_CURRENT_DESKTOP', 'ubuntu:GNOME'), ('XMODIFIERS', '@im=ibus'), ('XDG_SESSION_DESKTOP', 'ubuntu'), ('XAUTHORITY', '/run/user/1000/.mutter-Xwaylandauth.GH7FP3'), ('LS_COLORS', 'rs=0:di=01;34:ln=01;36:mh=00:pi=40;33:so=01;35:do=01;35:bd=40;33;01:cd=40;33;01:or=40;31;01:mi=00:su=37;41:sg=30;43:ca=30;41:tw=30;42:ow=34;42:st=37;44:ex=01;32:*.tar=01;31:*.tgz=01;31:*.arc=01;31:*.arj=01;31:*.taz=01;31:*.lha=01;31:*.lz4=01;31:*.lzh=01;31:*.lzma=01;31:*.tlz=01;31:*.txz=01;31:*.tzo=01;31:*.t7z=01;31:*.zip=01;31:*.z=01;31:*.dz=01;31:*.gz=01;31:*.lrz=01;31:*.lz=01;31:*.lzo=01;31:*.xz=01;31:*.zst=01;31:*.tzst=01;31:*.bz2=01;31:*.bz=01;31:*.tbz=01;31:*.tbz2=01;31:*.tz=01;31:*.deb=01;31:*.rpm=01;31:*.jar=01;31:*.war=01;31:*.ear=01;31:*.sar=01;31:*.rar=01;31:*.alz=01;31:*.ace=01;31:*.zoo=01;31:*.cpio=01;31:*.7z=01;31:*.rz=01;31:*.cab=01;31:*.wim=01;31:*.swm=01;31:*.dwm=01;31:*.esd=01;31:*.jpg=01;35:*.jpeg=01;35:*.mjpg=01;35:*.mjpeg=01;35:*.gif=01;35:*.bmp=01;35:*.pbm=01;35:*.pgm=01;35:*.ppm=01;35:*.tga=01;35:*.xbm=01;35:*.xpm=01;35:*.tif=01;35:*.tiff=01;35:*.png=01;35:*.svg=01;35:*.svgz=01;35:*.mng=01;35:*.pcx=01;35:*.mov=01;35:*.mpg=01;35:*.mpeg=01;35:*.m2v=01;35:*.mkv=01;35:*.webm=01;35:*.webp=01;35:*.ogm=01;35:*.mp4=01;35:*.m4v=01;35:*.mp4v=01;35:*.vob=01;35:*.qt=01;35:*.nuv=01;35:*.wmv=01;35:*.asf=01;35:*.rm=01;35:*.rmvb=01;35:*.flc=01;35:*.avi=01;35:*.fli=01;35:*.flv=01;35:*.gl=01;35:*.dl=01;35:*.xcf=01;35:*.xwd=01;35:*.yuv=01;35:*.cgm=01;35:*.emf=01;35:*.ogv=01;35:*.ogx=01;35:*.aac=00;36:*.au=00;36:*.flac=00;36:*.m4a=00;36:*.mid=00;36:*.midi=00;36:*.mka=00;36:*.mp3=00;36:*.mpc=00;36:*.ogg=00;36:*.ra=00;36:*.wav=00;36:*.oga=00;36:*.opus=00;36:*.spx=00;36:*.xspf=00;36:'), ('GNOME_TERMINAL_SERVICE', ':1.91'), ('SSH_AGENT_LAUNCHER', 'gnome-keyring'), ('SSH_AUTH_SOCK', '/run/user/1000/keyring/ssh'), ('AMENT_PREFIX_PATH', '/home/bryan/Workspace/ros2_ws/install/tracetools_image_pipeline:/home/bryan/Workspace/ros2_ws/install/image_geometry:/home/bryan/Workspace/ros2_ws/install/cv_bridge:/opt/ros/humble'), ('SHELL', '/bin/bash'), ('QT_ACCESSIBILITY', '1'), ('GDMSESSION', 'ubuntu'), ('LESSCLOSE', '/usr/bin/lesspipe %s %s'), ('QT_IM_MODULE', 'ibus'), ('PWD', '/home/bryan/Workspace/ros2_ws/build/image_proc'), ('LC_ALL', 'en_US.UTF-8'), ('XDG_CONFIG_DIRS', '/etc/xdg/xdg-ubuntu:/etc/xdg'), ('XDG_DATA_DIRS', '/usr/share/ubuntu:/usr/local/share/:/usr/share/:/var/lib/snapd/desktop'), ('PYTHONPATH', '/home/bryan/Workspace/ros2_ws/install/image_geometry/local/lib/python3.10/dist-packages:/home/bryan/Workspace/ros2_ws/install/cv_bridge/local/lib/python3.10/dist-packages:/opt/ros/humble/lib/python3.10/site-packages:/opt/ros/humble/local/lib/python3.10/dist-packages'), ('COLCON', '1'), ('VTE_VERSION', '6800'), ('CMAKE_PREFIX_PATH', '/home/bryan/Workspace/ros2_ws/install/tracetools_image_pipeline:/home/bryan/Workspace/ros2_ws/install/image_geometry:/home/bryan/Workspace/ros2_ws/install/cv_bridge:/opt/ros/humble')]), 'shell': False}
[130.309174] (image_proc) StdoutLine: {'line': b'-- Install configuration: ""\n'}
[130.311218] (image_proc) StdoutLine: {'line': b'-- Execute custom install script\n'}
[130.312757] (image_proc) StdoutLine: {'line': b'-- Symlinking: /home/bryan/Workspace/ros2_ws/install/image_proc/lib/image_proc/rectify_node\n'}
[130.331557] (image_proc) StdoutLine: {'line': b'-- Symlinking: /home/bryan/Workspace/ros2_ws/install/image_proc/lib/image_proc/debayer_node\n'}
[130.331792] (-) TimerEvent: {}
[130.349726] (image_proc) StdoutLine: {'line': b'-- Symlinking: /home/bryan/Workspace/ros2_ws/install/image_proc/lib/image_proc/resize_node\n'}
[130.381785] (image_proc) StdoutLine: {'line': b'-- Symlinking: /home/bryan/Workspace/ros2_ws/install/image_proc/lib/image_proc/crop_decimate_node\n'}
[130.403967] (image_proc) StdoutLine: {'line': b'-- Symlinking: /home/bryan/Workspace/ros2_ws/install/image_proc/lib/image_proc/crop_non_zero_node\n'}
[130.420698] (image_proc) StdoutLine: {'line': b'-- Symlinking: /home/bryan/Workspace/ros2_ws/install/image_proc/bin/image_proc\n'}
[130.432594] (-) TimerEvent: {}
[130.439826] (image_proc) StdoutLine: {'line': b'-- Symlinking: /home/bryan/Workspace/ros2_ws/install/image_proc/include/image_proc/crop_decimate.hpp\n'}
[130.460278] (image_proc) StdoutLine: {'line': b'-- Symlinking: /home/bryan/Workspace/ros2_ws/install/image_proc/include/image_proc/crop_non_zero.hpp\n'}
[130.477669] (image_proc) StdoutLine: {'line': b'-- Symlinking: /home/bryan/Workspace/ros2_ws/install/image_proc/include/image_proc/debayer.hpp\n'}
[130.496121] (image_proc) StdoutLine: {'line': b'-- Symlinking: /home/bryan/Workspace/ros2_ws/install/image_proc/include/image_proc/edge_aware.hpp\n'}
[130.514007] (image_proc) StdoutLine: {'line': b'-- Symlinking: /home/bryan/Workspace/ros2_ws/install/image_proc/include/image_proc/processor.hpp\n'}
[130.532020] (image_proc) StdoutLine: {'line': b'-- Symlinking: /home/bryan/Workspace/ros2_ws/install/image_proc/include/image_proc/rectify.hpp\n'}
[130.535489] (-) TimerEvent: {}
[130.552646] (image_proc) StdoutLine: {'line': b'-- Symlinking: /home/bryan/Workspace/ros2_ws/install/image_proc/include/image_proc/resize.hpp\n'}
[130.575170] (image_proc) StdoutLine: {'line': b'-- Symlinking: /home/bryan/Workspace/ros2_ws/install/image_proc/include/image_proc/utils.hpp\n'}
[130.590035] (image_proc) StdoutLine: {'line': b'-- Symlinking: /home/bryan/Workspace/ros2_ws/install/image_proc/share/image_proc/environment/library_path.sh\n'}
[130.607431] (image_proc) StdoutLine: {'line': b'-- Symlinking: /home/bryan/Workspace/ros2_ws/install/image_proc/share/image_proc/environment/library_path.dsv\n'}
[130.624600] (image_proc) StdoutLine: {'line': b'-- Symlinking: /home/bryan/Workspace/ros2_ws/install/image_proc/lib/libimage_proc.so\n'}
[130.636679] (-) TimerEvent: {}
[130.641759] (image_proc) StdoutLine: {'line': b'-- Symlinking: /home/bryan/Workspace/ros2_ws/install/image_proc/lib/librectify.so\n'}
[130.657943] (image_proc) StdoutLine: {'line': b'-- Symlinking: /home/bryan/Workspace/ros2_ws/install/image_proc/lib/libdebayer.so\n'}
[130.674843] (image_proc) StdoutLine: {'line': b'-- Symlinking: /home/bryan/Workspace/ros2_ws/install/image_proc/lib/libresize.so\n'}
[130.695614] (image_proc) StdoutLine: {'line': b'-- Symlinking: /home/bryan/Workspace/ros2_ws/install/image_proc/lib/libcrop_decimate.so\n'}
[130.712814] (image_proc) StdoutLine: {'line': b'-- Symlinking: /home/bryan/Workspace/ros2_ws/install/image_proc/lib/libcrop_non_zero.so\n'}
[130.728982] (image_proc) StdoutLine: {'line': b'-- Symlinking: /home/bryan/Workspace/ros2_ws/install/image_proc/lib/image_proc/image_proc\n'}
[130.739398] (-) TimerEvent: {}
[130.746153] (image_proc) StdoutLine: {'line': b'-- Symlinking: /home/bryan/Workspace/ros2_ws/install/image_proc/share/image_proc/launch/image_proc.launch.py\n'}
[130.763643] (image_proc) StdoutLine: {'line': b'-- Symlinking: /home/bryan/Workspace/ros2_ws/install/image_proc/share/ament_index/resource_index/package_run_dependencies/image_proc\n'}
[130.779865] (image_proc) StdoutLine: {'line': b'-- Symlinking: /home/bryan/Workspace/ros2_ws/install/image_proc/share/ament_index/resource_index/parent_prefix_path/image_proc\n'}
[130.810096] (image_proc) StdoutLine: {'line': b'-- Symlinking: /home/bryan/Workspace/ros2_ws/install/image_proc/share/image_proc/environment/ament_prefix_path.sh\n'}
[130.810291] (image_proc) StdoutLine: {'line': b'-- Symlinking: /home/bryan/Workspace/ros2_ws/install/image_proc/share/image_proc/environment/ament_prefix_path.dsv\n'}
[130.825724] (image_proc) StdoutLine: {'line': b'-- Symlinking: /home/bryan/Workspace/ros2_ws/install/image_proc/share/image_proc/environment/path.sh\n'}
[130.841045] (image_proc) StdoutLine: {'line': b'-- Symlinking: /home/bryan/Workspace/ros2_ws/install/image_proc/share/image_proc/environment/path.dsv\n'}
[130.841279] (-) TimerEvent: {}
[130.859146] (image_proc) StdoutLine: {'line': b'-- Symlinking: /home/bryan/Workspace/ros2_ws/install/image_proc/share/image_proc/local_setup.bash\n'}
[130.881604] (image_proc) StdoutLine: {'line': b'-- Symlinking: /home/bryan/Workspace/ros2_ws/install/image_proc/share/image_proc/local_setup.sh\n'}
[130.895122] (image_proc) StdoutLine: {'line': b'-- Symlinking: /home/bryan/Workspace/ros2_ws/install/image_proc/share/image_proc/local_setup.zsh\n'}
[130.914312] (image_proc) StdoutLine: {'line': b'-- Symlinking: /home/bryan/Workspace/ros2_ws/install/image_proc/share/image_proc/local_setup.dsv\n'}
[130.928415] (image_proc) StdoutLine: {'line': b'-- Symlinking: /home/bryan/Workspace/ros2_ws/install/image_proc/share/image_proc/package.dsv\n'}
[130.942146] (image_proc) StdoutLine: {'line': b'-- Symlinking: /home/bryan/Workspace/ros2_ws/install/image_proc/share/ament_index/resource_index/packages/image_proc\n'}
[130.942602] (-) TimerEvent: {}
[130.963596] (image_proc) StdoutLine: {'line': b'-- Symlinking: /home/bryan/Workspace/ros2_ws/install/image_proc/share/ament_index/resource_index/rclcpp_components/image_proc\n'}
[130.994699] (image_proc) StdoutLine: {'line': b'-- Symlinking: /home/bryan/Workspace/ros2_ws/install/image_proc/share/image_proc/cmake/ament_cmake_export_dependencies-extras.cmake\n'}
[131.008440] (image_proc) StdoutLine: {'line': b'-- Symlinking: /home/bryan/Workspace/ros2_ws/install/image_proc/share/image_proc/cmake/ament_cmake_export_include_directories-extras.cmake\n'}
[131.033133] (image_proc) StdoutLine: {'line': b'-- Symlinking: /home/bryan/Workspace/ros2_ws/install/image_proc/share/image_proc/cmake/ament_cmake_export_libraries-extras.cmake\n'}
[131.046936] (-) TimerEvent: {}
[131.051253] (image_proc) StdoutLine: {'line': b'-- Symlinking: /home/bryan/Workspace/ros2_ws/install/image_proc/share/image_proc/cmake/image_procConfig.cmake\n'}
[131.067467] (image_proc) StdoutLine: {'line': b'-- Symlinking: /home/bryan/Workspace/ros2_ws/install/image_proc/share/image_proc/cmake/image_procConfig-version.cmake\n'}
[131.092162] (image_proc) StdoutLine: {'line': b'-- Symlinking: /home/bryan/Workspace/ros2_ws/install/image_proc/share/image_proc/package.xml\n'}
[131.111163] (image_proc) CommandEnded: {'returncode': 0}
[131.148729] (-) TimerEvent: {}
[131.178065] (image_proc) JobEnded: {'identifier': 'image_proc', 'rc': 0}
[131.187003] (stereo_image_proc) JobStarted: {'identifier': 'stereo_image_proc'}
[131.251606] (-) TimerEvent: {}
[131.255531] (stereo_image_proc) JobProgress: {'identifier': 'stereo_image_proc', 'progress': 'cmake'}
[131.255989] (stereo_image_proc) Command: {'cmd': ['/usr/bin/cmake', '/home/bryan/Workspace/ros2_ws/image_pipeline/stereo_image_proc', '-DAMENT_CMAKE_SYMLINK_INSTALL=1', '-DCMAKE_INSTALL_PREFIX=/home/bryan/Workspace/ros2_ws/install/stereo_image_proc'], 'cwd': '/home/bryan/Workspace/ros2_ws/build/stereo_image_proc', 'env': OrderedDict([('LESSOPEN', '| /usr/bin/lesspipe %s'), ('USER', 'bryan'), ('XDG_SESSION_TYPE', 'wayland'), ('SHLVL', '1'), ('LD_LIBRARY_PATH', '/home/bryan/Workspace/ros2_ws/install/image_proc/lib:/home/bryan/Workspace/ros2_ws/install/tracetools_image_pipeline/lib:/home/bryan/Workspace/ros2_ws/install/image_geometry/lib:/home/bryan/Workspace/ros2_ws/install/cv_bridge/lib:/opt/ros/humble/opt/rviz_ogre_vendor/lib:/opt/ros/humble/lib/x86_64-linux-gnu:/opt/ros/humble/lib'), ('HOME', '/home/bryan'), ('OLDPWD', '/home/bryan/Workspace/ros2_ws/src/ros2_sumo-main'), ('DESKTOP_SESSION', 'ubuntu'), ('ROS_PYTHON_VERSION', '3'), ('GNOME_SHELL_SESSION_MODE', 'ubuntu'), ('GTK_MODULES', 'gail:atk-bridge'), ('SYSTEMD_EXEC_PID', '1570'), ('DBUS_SESSION_BUS_ADDRESS', 'unix:path=/run/user/1000/bus'), ('COLORTERM', 'truecolor'), ('IM_CONFIG_PHASE', '1'), ('WAYLAND_DISPLAY', 'wayland-0'), ('ROS_DISTRO', 'humble'), ('LOGNAME', 'bryan'), ('SUMO_HOME', '/usr/share/sumo/'), ('_', '/usr/bin/colcon'), ('ROS_VERSION', '2'), ('XDG_SESSION_CLASS', 'user'), ('USERNAME', 'bryan'), ('TERM', 'xterm-256color'), ('GNOME_DESKTOP_SESSION_ID', 'this-is-deprecated'), ('ROS_LOCALHOST_ONLY', '0'), ('PATH', '/home/bryan/Workspace/ros2_ws/install/image_proc/bin:/opt/ros/humble/bin:/usr/local/sbin:/usr/local/bin:/usr/sbin:/usr/bin:/sbin:/bin:/usr/games:/usr/local/games:/snap/bin:/snap/bin'), ('SESSION_MANAGER', 'local/bryan-VirtualBox:@/tmp/.ICE-unix/1372,unix/bryan-VirtualBox:/tmp/.ICE-unix/1372'), ('XDG_MENU_PREFIX', 'gnome-'), ('GNOME_TERMINAL_SCREEN', '/org/gnome/Terminal/screen/71407a0b_323a_4971_8a7b_4147209295e5'), ('GNOME_SETUP_DISPLAY', ':1'), ('XDG_RUNTIME_DIR', '/run/user/1000'), ('DISPLAY', ':0'), ('LANG', 'en_US.UTF-8'), ('XDG_CURRENT_DESKTOP', 'ubuntu:GNOME'), ('XMODIFIERS', '@im=ibus'), ('XDG_SESSION_DESKTOP', 'ubuntu'), ('XAUTHORITY', '/run/user/1000/.mutter-Xwaylandauth.GH7FP3'), ('LS_COLORS', 'rs=0:di=01;34:ln=01;36:mh=00:pi=40;33:so=01;35:do=01;35:bd=40;33;01:cd=40;33;01:or=40;31;01:mi=00:su=37;41:sg=30;43:ca=30;41:tw=30;42:ow=34;42:st=37;44:ex=01;32:*.tar=01;31:*.tgz=01;31:*.arc=01;31:*.arj=01;31:*.taz=01;31:*.lha=01;31:*.lz4=01;31:*.lzh=01;31:*.lzma=01;31:*.tlz=01;31:*.txz=01;31:*.tzo=01;31:*.t7z=01;31:*.zip=01;31:*.z=01;31:*.dz=01;31:*.gz=01;31:*.lrz=01;31:*.lz=01;31:*.lzo=01;31:*.xz=01;31:*.zst=01;31:*.tzst=01;31:*.bz2=01;31:*.bz=01;31:*.tbz=01;31:*.tbz2=01;31:*.tz=01;31:*.deb=01;31:*.rpm=01;31:*.jar=01;31:*.war=01;31:*.ear=01;31:*.sar=01;31:*.rar=01;31:*.alz=01;31:*.ace=01;31:*.zoo=01;31:*.cpio=01;31:*.7z=01;31:*.rz=01;31:*.cab=01;31:*.wim=01;31:*.swm=01;31:*.dwm=01;31:*.esd=01;31:*.jpg=01;35:*.jpeg=01;35:*.mjpg=01;35:*.mjpeg=01;35:*.gif=01;35:*.bmp=01;35:*.pbm=01;35:*.pgm=01;35:*.ppm=01;35:*.tga=01;35:*.xbm=01;35:*.xpm=01;35:*.tif=01;35:*.tiff=01;35:*.png=01;35:*.svg=01;35:*.svgz=01;35:*.mng=01;35:*.pcx=01;35:*.mov=01;35:*.mpg=01;35:*.mpeg=01;35:*.m2v=01;35:*.mkv=01;35:*.webm=01;35:*.webp=01;35:*.ogm=01;35:*.mp4=01;35:*.m4v=01;35:*.mp4v=01;35:*.vob=01;35:*.qt=01;35:*.nuv=01;35:*.wmv=01;35:*.asf=01;35:*.rm=01;35:*.rmvb=01;35:*.flc=01;35:*.avi=01;35:*.fli=01;35:*.flv=01;35:*.gl=01;35:*.dl=01;35:*.xcf=01;35:*.xwd=01;35:*.yuv=01;35:*.cgm=01;35:*.emf=01;35:*.ogv=01;35:*.ogx=01;35:*.aac=00;36:*.au=00;36:*.flac=00;36:*.m4a=00;36:*.mid=00;36:*.midi=00;36:*.mka=00;36:*.mp3=00;36:*.mpc=00;36:*.ogg=00;36:*.ra=00;36:*.wav=00;36:*.oga=00;36:*.opus=00;36:*.spx=00;36:*.xspf=00;36:'), ('GNOME_TERMINAL_SERVICE', ':1.91'), ('SSH_AGENT_LAUNCHER', 'gnome-keyring'), ('SSH_AUTH_SOCK', '/run/user/1000/keyring/ssh'), ('AMENT_PREFIX_PATH', '/home/bryan/Workspace/ros2_ws/install/image_proc:/home/bryan/Workspace/ros2_ws/install/tracetools_image_pipeline:/home/bryan/Workspace/ros2_ws/install/image_geometry:/home/bryan/Workspace/ros2_ws/install/cv_bridge:/opt/ros/humble'), ('SHELL', '/bin/bash'), ('QT_ACCESSIBILITY', '1'), ('GDMSESSION', 'ubuntu'), ('LESSCLOSE', '/usr/bin/lesspipe %s %s'), ('QT_IM_MODULE', 'ibus'), ('PWD', '/home/bryan/Workspace/ros2_ws/build/stereo_image_proc'), ('LC_ALL', 'en_US.UTF-8'), ('XDG_CONFIG_DIRS', '/etc/xdg/xdg-ubuntu:/etc/xdg'), ('XDG_DATA_DIRS', '/usr/share/ubuntu:/usr/local/share/:/usr/share/:/var/lib/snapd/desktop'), ('PYTHONPATH', '/home/bryan/Workspace/ros2_ws/install/image_geometry/local/lib/python3.10/dist-packages:/home/bryan/Workspace/ros2_ws/install/cv_bridge/local/lib/python3.10/dist-packages:/opt/ros/humble/lib/python3.10/site-packages:/opt/ros/humble/local/lib/python3.10/dist-packages'), ('COLCON', '1'), ('VTE_VERSION', '6800'), ('CMAKE_PREFIX_PATH', '/home/bryan/Workspace/ros2_ws/install/image_proc:/home/bryan/Workspace/ros2_ws/install/tracetools_image_pipeline:/home/bryan/Workspace/ros2_ws/install/image_geometry:/home/bryan/Workspace/ros2_ws/install/cv_bridge:/opt/ros/humble')]), 'shell': False}
[131.352007] (-) TimerEvent: {}
[131.447311] (stereo_image_proc) StdoutLine: {'line': b'-- The C compiler identification is GNU 11.4.0\n'}
[131.454511] (-) TimerEvent: {}
[131.557566] (-) TimerEvent: {}
[131.604687] (stereo_image_proc) StdoutLine: {'line': b'-- The CXX compiler identification is GNU 11.4.0\n'}
[131.626543] (stereo_image_proc) StdoutLine: {'line': b'-- Detecting C compiler ABI info\n'}
[131.658731] (-) TimerEvent: {}
[131.760767] (-) TimerEvent: {}
[131.826517] (stereo_image_proc) StdoutLine: {'line': b'-- Detecting C compiler ABI info - done\n'}
[131.845693] (stereo_image_proc) StdoutLine: {'line': b'-- Check for working C compiler: /usr/bin/cc - skipped\n'}
[131.845843] (stereo_image_proc) StdoutLine: {'line': b'-- Detecting C compile features\n'}
[131.845899] (stereo_image_proc) StdoutLine: {'line': b'-- Detecting C compile features - done\n'}
[131.848746] (stereo_image_proc) StdoutLine: {'line': b'-- Detecting CXX compiler ABI info\n'}
[131.861478] (-) TimerEvent: {}
[131.962425] (-) TimerEvent: {}
[132.063470] (-) TimerEvent: {}
[132.071397] (stereo_image_proc) StdoutLine: {'line': b'-- Detecting CXX compiler ABI info - done\n'}
[132.099690] (stereo_image_proc) StdoutLine: {'line': b'-- Check for working CXX compiler: /usr/bin/c++ - skipped\n'}
[132.099895] (stereo_image_proc) StdoutLine: {'line': b'-- Detecting CXX compile features\n'}
[132.099957] (stereo_image_proc) StdoutLine: {'line': b'-- Detecting CXX compile features - done\n'}
[132.100010] (stereo_image_proc) StdoutLine: {'line': b'-- Found ament_cmake_auto: 1.3.14 (/opt/ros/humble/share/ament_cmake_auto/cmake)\n'}
[132.170316] (-) TimerEvent: {}
[132.271724] (-) TimerEvent: {}
[132.376093] (-) TimerEvent: {}
[132.467031] (stereo_image_proc) StdoutLine: {'line': b'-- Found Python3: /usr/bin/python3 (found version "3.10.12") found components: Interpreter \n'}
[132.476685] (-) TimerEvent: {}
[132.578107] (-) TimerEvent: {}
[132.639422] (stereo_image_proc) StdoutLine: {'line': b'-- Override CMake install command with custom implementation using symlinks instead of copying resources\n'}
[132.678856] (-) TimerEvent: {}
[132.794730] (-) TimerEvent: {}
[132.895572] (-) TimerEvent: {}
[132.910838] (stereo_image_proc) StdoutLine: {'line': b'-- Found rosidl_generator_c: 3.1.8 (/opt/ros/humble/share/rosidl_generator_c/cmake)\n'}
[132.918834] (stereo_image_proc) StdoutLine: {'line': b'-- Found rosidl_adapter: 3.1.8 (/opt/ros/humble/share/rosidl_adapter/cmake)\n'}
[132.945957] (stereo_image_proc) StdoutLine: {'line': b'-- Found rosidl_generator_cpp: 3.1.8 (/opt/ros/humble/share/rosidl_generator_cpp/cmake)\n'}
[132.978824] (stereo_image_proc) StdoutLine: {'line': b'-- Using all available rosidl_typesupport_c: rosidl_typesupport_fastrtps_c;rosidl_typesupport_introspection_c\n'}
[132.996401] (-) TimerEvent: {}
[133.016119] (stereo_image_proc) StdoutLine: {'line': b'-- Using all available rosidl_typesupport_cpp: rosidl_typesupport_fastrtps_cpp;rosidl_typesupport_introspection_cpp\n'}
[133.097398] (-) TimerEvent: {}
[133.202599] (-) TimerEvent: {}
[133.263918] (stereo_image_proc) StdoutLine: {'line': b'-- Found rmw_implementation_cmake: 6.1.2 (/opt/ros/humble/share/rmw_implementation_cmake/cmake)\n'}
[133.276137] (stereo_image_proc) StdoutLine: {'line': b'-- Found rmw_fastrtps_cpp: 6.2.10 (/opt/ros/humble/share/rmw_fastrtps_cpp/cmake)\n'}
[133.302814] (-) TimerEvent: {}
[133.405411] (-) TimerEvent: {}
[133.506272] (-) TimerEvent: {}
[133.561090] (stereo_image_proc) StdoutLine: {'line': b'-- Found OpenSSL: /usr/lib/x86_64-linux-gnu/libcrypto.so (found version "3.0.2")  \n'}
[133.609509] (-) TimerEvent: {}
[133.616530] (stereo_image_proc) StdoutLine: {'line': b'-- Found FastRTPS: /opt/ros/humble/include  \n'}
[133.710854] (-) TimerEvent: {}
[133.721920] (stereo_image_proc) StdoutLine: {'line': b"-- Using RMW implementation 'rmw_fastrtps_cpp' as default\n"}
[133.737450] (stereo_image_proc) StdoutLine: {'line': b'-- Looking for pthread.h\n'}
[133.815055] (-) TimerEvent: {}
[133.916382] (-) TimerEvent: {}
[133.933691] (stereo_image_proc) StdoutLine: {'line': b'-- Looking for pthread.h - found\n'}
[133.933846] (stereo_image_proc) StdoutLine: {'line': b'-- Performing Test CMAKE_HAVE_LIBC_PTHREAD\n'}
[134.016865] (-) TimerEvent: {}
[134.118000] (-) TimerEvent: {}
[134.174823] (stereo_image_proc) StdoutLine: {'line': b'-- Performing Test CMAKE_HAVE_LIBC_PTHREAD - Success\n'}
[134.176429] (stereo_image_proc) StdoutLine: {'line': b'-- Found Threads: TRUE  \n'}
[134.262964] (-) TimerEvent: {}
[134.352604] (stereo_image_proc) StdoutLine: {'line': b'-- Found OpenCV: /usr (found version "4.5.4") \n'}
[134.352899] (stereo_image_proc) StdoutLine: {'line': b'-- Found ament_lint_auto: 0.12.15 (/opt/ros/humble/share/ament_lint_auto/cmake)\n'}
[134.433523] (stereo_image_proc) StdoutLine: {'line': b'-- Found python_cmake_module: 0.10.0 (/opt/ros/humble/share/python_cmake_module/cmake)\n'}
[134.433692] (-) TimerEvent: {}
[134.465961] (stereo_image_proc) StdoutLine: {'line': b'-- Found PythonInterp: /usr/bin/python3 (found suitable version "3.10.12", minimum required is "3.6") \n'}
[134.476333] (stereo_image_proc) StdoutLine: {'line': b'-- Found PythonLibs: /usr/lib/x86_64-linux-gnu/libpython3.10.so (found suitable version "3.10.12", minimum required is "3.5") \n'}
[134.476829] (stereo_image_proc) StdoutLine: {'line': b'-- Using PYTHON_EXECUTABLE: /usr/bin/python3\n'}
[134.480540] (stereo_image_proc) StdoutLine: {'line': b'-- Using PYTHON_INCLUDE_DIRS: /usr/include/python3.10\n'}
[134.480840] (stereo_image_proc) StdoutLine: {'line': b'-- Using PYTHON_LIBRARIES: /usr/lib/x86_64-linux-gnu/libpython3.10.so\n'}
[134.534515] (-) TimerEvent: {}
[134.535758] (stereo_image_proc) StdoutLine: {'line': b'-- Found PythonExtra: .so  \n'}
[134.962177] (-) TimerEvent: {}
[135.007851] (image_view) StdoutLine: {'line': b'[ 10%] \x1b[32mBuilding CXX object CMakeFiles/image_view_nodes.dir/src/image_view_node.cpp.o\x1b[0m\n'}
[135.289831] (-) TimerEvent: {}
[135.455582] (-) TimerEvent: {}
[135.603919] (-) TimerEvent: {}
[135.606766] (stereo_image_proc) StderrLine: {'line': b'\x1b[0mIn this package, headers install destination is set to `include` by ament_auto_package. It is recommended to install `include/stereo_image_proc` instead and will be the default behavior of ament_auto_package from ROS 2 Kilted Kaiju. On distributions before Kilted, ament_auto_package behaves the same way when you use USE_SCOPED_HEADER_INSTALL_DIR option.\x1b[0m\n'}
[135.619107] (stereo_image_proc) StdoutLine: {'line': b"-- Added test 'copyright' to check source files copyright and LICENSE\n"}
[135.627744] (stereo_image_proc) StdoutLine: {'line': b"-- Added test 'cppcheck' to perform static code analysis on C / C++ code\n"}
[135.628182] (stereo_image_proc) StdoutLine: {'line': b'-- Configured cppcheck include dirs: /home/bryan/Workspace/ros2_ws/image_pipeline/stereo_image_proc/include\n'}
[135.628340] (stereo_image_proc) StdoutLine: {'line': b'-- Configured cppcheck exclude dirs and/or files: \n'}
[135.667126] (stereo_image_proc) StdoutLine: {'line': b"-- Added test 'cpplint' to check C / C++ code against the Google style\n"}
[135.667330] (stereo_image_proc) StdoutLine: {'line': b'-- Configured cpplint exclude dirs and/or files: \n'}
[135.667399] (stereo_image_proc) StdoutLine: {'line': b"-- Added test 'flake8' to check Python code syntax and style conventions\n"}
[135.667454] (stereo_image_proc) StdoutLine: {'line': b"-- Added test 'lint_cmake' to check CMake code style\n"}
[135.667508] (stereo_image_proc) StdoutLine: {'line': b"-- Added test 'pep257' to check Python code against some of the docstring style conventions in PEP 257\n"}
[135.667564] (stereo_image_proc) StdoutLine: {'line': b"-- Added test 'uncrustify' to check C / C++ code style\n"}
[135.667620] (stereo_image_proc) StdoutLine: {'line': b'-- Configured uncrustify additional arguments: \n'}
[135.667695] (stereo_image_proc) StdoutLine: {'line': b"-- Added test 'xmllint' to check XML markup files\n"}
[135.667747] (stereo_image_proc) StdoutLine: {'line': b'-- Configuring done\n'}
[135.706246] (stereo_image_proc) StdoutLine: {'line': b'-- Generating done\n'}
[135.706715] (-) TimerEvent: {}
[135.721161] (stereo_image_proc) StdoutLine: {'line': b'-- Build files have been written to: /home/bryan/Workspace/ros2_ws/build/stereo_image_proc\n'}
[135.739694] (stereo_image_proc) CommandEnded: {'returncode': 0}
[135.750020] (stereo_image_proc) JobProgress: {'identifier': 'stereo_image_proc', 'progress': 'build'}
[135.750101] (stereo_image_proc) Command: {'cmd': ['/usr/bin/cmake', '--build', '/home/bryan/Workspace/ros2_ws/build/stereo_image_proc', '--', '-j3', '-l3'], 'cwd': '/home/bryan/Workspace/ros2_ws/build/stereo_image_proc', 'env': OrderedDict([('LESSOPEN', '| /usr/bin/lesspipe %s'), ('USER', 'bryan'), ('XDG_SESSION_TYPE', 'wayland'), ('SHLVL', '1'), ('LD_LIBRARY_PATH', '/home/bryan/Workspace/ros2_ws/install/image_proc/lib:/home/bryan/Workspace/ros2_ws/install/tracetools_image_pipeline/lib:/home/bryan/Workspace/ros2_ws/install/image_geometry/lib:/home/bryan/Workspace/ros2_ws/install/cv_bridge/lib:/opt/ros/humble/opt/rviz_ogre_vendor/lib:/opt/ros/humble/lib/x86_64-linux-gnu:/opt/ros/humble/lib'), ('HOME', '/home/bryan'), ('OLDPWD', '/home/bryan/Workspace/ros2_ws/src/ros2_sumo-main'), ('DESKTOP_SESSION', 'ubuntu'), ('ROS_PYTHON_VERSION', '3'), ('GNOME_SHELL_SESSION_MODE', 'ubuntu'), ('GTK_MODULES', 'gail:atk-bridge'), ('SYSTEMD_EXEC_PID', '1570'), ('DBUS_SESSION_BUS_ADDRESS', 'unix:path=/run/user/1000/bus'), ('COLORTERM', 'truecolor'), ('IM_CONFIG_PHASE', '1'), ('WAYLAND_DISPLAY', 'wayland-0'), ('ROS_DISTRO', 'humble'), ('LOGNAME', 'bryan'), ('SUMO_HOME', '/usr/share/sumo/'), ('_', '/usr/bin/colcon'), ('ROS_VERSION', '2'), ('XDG_SESSION_CLASS', 'user'), ('USERNAME', 'bryan'), ('TERM', 'xterm-256color'), ('GNOME_DESKTOP_SESSION_ID', 'this-is-deprecated'), ('ROS_LOCALHOST_ONLY', '0'), ('PATH', '/home/bryan/Workspace/ros2_ws/install/image_proc/bin:/opt/ros/humble/bin:/usr/local/sbin:/usr/local/bin:/usr/sbin:/usr/bin:/sbin:/bin:/usr/games:/usr/local/games:/snap/bin:/snap/bin'), ('SESSION_MANAGER', 'local/bryan-VirtualBox:@/tmp/.ICE-unix/1372,unix/bryan-VirtualBox:/tmp/.ICE-unix/1372'), ('XDG_MENU_PREFIX', 'gnome-'), ('GNOME_TERMINAL_SCREEN', '/org/gnome/Terminal/screen/71407a0b_323a_4971_8a7b_4147209295e5'), ('GNOME_SETUP_DISPLAY', ':1'), ('XDG_RUNTIME_DIR', '/run/user/1000'), ('DISPLAY', ':0'), ('LANG', 'en_US.UTF-8'), ('XDG_CURRENT_DESKTOP', 'ubuntu:GNOME'), ('XMODIFIERS', '@im=ibus'), ('XDG_SESSION_DESKTOP', 'ubuntu'), ('XAUTHORITY', '/run/user/1000/.mutter-Xwaylandauth.GH7FP3'), ('LS_COLORS', 'rs=0:di=01;34:ln=01;36:mh=00:pi=40;33:so=01;35:do=01;35:bd=40;33;01:cd=40;33;01:or=40;31;01:mi=00:su=37;41:sg=30;43:ca=30;41:tw=30;42:ow=34;42:st=37;44:ex=01;32:*.tar=01;31:*.tgz=01;31:*.arc=01;31:*.arj=01;31:*.taz=01;31:*.lha=01;31:*.lz4=01;31:*.lzh=01;31:*.lzma=01;31:*.tlz=01;31:*.txz=01;31:*.tzo=01;31:*.t7z=01;31:*.zip=01;31:*.z=01;31:*.dz=01;31:*.gz=01;31:*.lrz=01;31:*.lz=01;31:*.lzo=01;31:*.xz=01;31:*.zst=01;31:*.tzst=01;31:*.bz2=01;31:*.bz=01;31:*.tbz=01;31:*.tbz2=01;31:*.tz=01;31:*.deb=01;31:*.rpm=01;31:*.jar=01;31:*.war=01;31:*.ear=01;31:*.sar=01;31:*.rar=01;31:*.alz=01;31:*.ace=01;31:*.zoo=01;31:*.cpio=01;31:*.7z=01;31:*.rz=01;31:*.cab=01;31:*.wim=01;31:*.swm=01;31:*.dwm=01;31:*.esd=01;31:*.jpg=01;35:*.jpeg=01;35:*.mjpg=01;35:*.mjpeg=01;35:*.gif=01;35:*.bmp=01;35:*.pbm=01;35:*.pgm=01;35:*.ppm=01;35:*.tga=01;35:*.xbm=01;35:*.xpm=01;35:*.tif=01;35:*.tiff=01;35:*.png=01;35:*.svg=01;35:*.svgz=01;35:*.mng=01;35:*.pcx=01;35:*.mov=01;35:*.mpg=01;35:*.mpeg=01;35:*.m2v=01;35:*.mkv=01;35:*.webm=01;35:*.webp=01;35:*.ogm=01;35:*.mp4=01;35:*.m4v=01;35:*.mp4v=01;35:*.vob=01;35:*.qt=01;35:*.nuv=01;35:*.wmv=01;35:*.asf=01;35:*.rm=01;35:*.rmvb=01;35:*.flc=01;35:*.avi=01;35:*.fli=01;35:*.flv=01;35:*.gl=01;35:*.dl=01;35:*.xcf=01;35:*.xwd=01;35:*.yuv=01;35:*.cgm=01;35:*.emf=01;35:*.ogv=01;35:*.ogx=01;35:*.aac=00;36:*.au=00;36:*.flac=00;36:*.m4a=00;36:*.mid=00;36:*.midi=00;36:*.mka=00;36:*.mp3=00;36:*.mpc=00;36:*.ogg=00;36:*.ra=00;36:*.wav=00;36:*.oga=00;36:*.opus=00;36:*.spx=00;36:*.xspf=00;36:'), ('GNOME_TERMINAL_SERVICE', ':1.91'), ('SSH_AGENT_LAUNCHER', 'gnome-keyring'), ('SSH_AUTH_SOCK', '/run/user/1000/keyring/ssh'), ('AMENT_PREFIX_PATH', '/home/bryan/Workspace/ros2_ws/install/image_proc:/home/bryan/Workspace/ros2_ws/install/tracetools_image_pipeline:/home/bryan/Workspace/ros2_ws/install/image_geometry:/home/bryan/Workspace/ros2_ws/install/cv_bridge:/opt/ros/humble'), ('SHELL', '/bin/bash'), ('QT_ACCESSIBILITY', '1'), ('GDMSESSION', 'ubuntu'), ('LESSCLOSE', '/usr/bin/lesspipe %s %s'), ('QT_IM_MODULE', 'ibus'), ('PWD', '/home/bryan/Workspace/ros2_ws/build/stereo_image_proc'), ('LC_ALL', 'en_US.UTF-8'), ('XDG_CONFIG_DIRS', '/etc/xdg/xdg-ubuntu:/etc/xdg'), ('XDG_DATA_DIRS', '/usr/share/ubuntu:/usr/local/share/:/usr/share/:/var/lib/snapd/desktop'), ('PYTHONPATH', '/home/bryan/Workspace/ros2_ws/install/image_geometry/local/lib/python3.10/dist-packages:/home/bryan/Workspace/ros2_ws/install/cv_bridge/local/lib/python3.10/dist-packages:/opt/ros/humble/lib/python3.10/site-packages:/opt/ros/humble/local/lib/python3.10/dist-packages'), ('COLCON', '1'), ('VTE_VERSION', '6800'), ('CMAKE_PREFIX_PATH', '/home/bryan/Workspace/ros2_ws/install/image_proc:/home/bryan/Workspace/ros2_ws/install/tracetools_image_pipeline:/home/bryan/Workspace/ros2_ws/install/image_geometry:/home/bryan/Workspace/ros2_ws/install/cv_bridge:/opt/ros/humble')]), 'shell': False}
[135.810943] (-) TimerEvent: {}
[135.886755] (stereo_image_proc) StdoutLine: {'line': b'[ 12%] \x1b[32mBuilding CXX object CMakeFiles/stereo_image_proc.dir/src/stereo_image_proc/stereo_processor.cpp.o\x1b[0m\n'}
[135.912616] (-) TimerEvent: {}
[136.054500] (-) TimerEvent: {}
[136.204172] (-) TimerEvent: {}
[136.948610] (-) TimerEvent: {}
[137.742645] (-) TimerEvent: {}
[137.854358] (-) TimerEvent: {}
[137.957130] (-) TimerEvent: {}
[138.065486] (-) TimerEvent: {}
[138.081092] (stereo_image_proc) StdoutLine: {'line': b'[ 25%] \x1b[32mBuilding CXX object CMakeFiles/stereo_image_proc.dir/src/stereo_image_proc/disparity_node.cpp.o\x1b[0m\n'}
[138.958249] (-) TimerEvent: {}
[139.120780] (-) TimerEvent: {}
[139.143540] (depth_image_proc) StdoutLine: {'line': b'[ 21%] \x1b[32mBuilding CXX object CMakeFiles/depth_image_proc.dir/src/point_cloud_xyzi.cpp.o\x1b[0m\n'}
[139.579184] (-) TimerEvent: {}
[139.947631] (-) TimerEvent: {}
[140.956104] (-) TimerEvent: {}
[141.944995] (-) TimerEvent: {}
[142.235490] (-) TimerEvent: {}
[142.347472] (-) TimerEvent: {}
[142.973213] (-) TimerEvent: {}
[143.075065] (-) TimerEvent: {}
[143.951093] (-) TimerEvent: {}
[144.148316] (-) TimerEvent: {}
[144.507765] (image_view) StdoutLine: {'line': b'[ 15%] \x1b[32mBuilding CXX object CMakeFiles/image_view_nodes.dir/src/image_saver_node.cpp.o\x1b[0m\n'}
[144.508062] (-) TimerEvent: {}
[144.949034] (-) TimerEvent: {}
[145.956263] (-) TimerEvent: {}
[146.960832] (-) TimerEvent: {}
[147.945026] (-) TimerEvent: {}
[148.963913] (-) TimerEvent: {}
[149.065178] (-) TimerEvent: {}
[149.738686] (-) TimerEvent: {}
[149.952533] (-) TimerEvent: {}
[150.460065] (-) TimerEvent: {}
[150.561872] (-) TimerEvent: {}
[150.665450] (-) TimerEvent: {}
[150.769080] (-) TimerEvent: {}
[150.871922] (-) TimerEvent: {}
[150.975948] (-) TimerEvent: {}
[151.078411] (-) TimerEvent: {}
[151.180676] (-) TimerEvent: {}
[151.282603] (-) TimerEvent: {}
[151.383805] (-) TimerEvent: {}
[151.496763] (-) TimerEvent: {}
[151.598532] (-) TimerEvent: {}
[151.699238] (-) TimerEvent: {}
[151.801127] (-) TimerEvent: {}
[151.902512] (-) TimerEvent: {}
[152.003108] (-) TimerEvent: {}
[152.104979] (-) TimerEvent: {}
[152.205527] (-) TimerEvent: {}
[152.307556] (-) TimerEvent: {}
[152.408940] (-) TimerEvent: {}
[152.510449] (-) TimerEvent: {}
[152.611928] (-) TimerEvent: {}
[152.715615] (-) TimerEvent: {}
[152.819522] (-) TimerEvent: {}
[152.922992] (-) TimerEvent: {}
[153.025553] (-) TimerEvent: {}
[153.129009] (-) TimerEvent: {}
[153.232291] (-) TimerEvent: {}
[153.336437] (-) TimerEvent: {}
[153.440080] (-) TimerEvent: {}
[153.541563] (-) TimerEvent: {}
[153.643928] (-) TimerEvent: {}
[153.745767] (-) TimerEvent: {}
[153.849079] (-) TimerEvent: {}
[153.951406] (-) TimerEvent: {}
[154.054605] (-) TimerEvent: {}
[154.157123] (-) TimerEvent: {}
[154.261561] (-) TimerEvent: {}
[154.363127] (-) TimerEvent: {}
[154.472799] (-) TimerEvent: {}
[154.573387] (-) TimerEvent: {}
[154.674185] (-) TimerEvent: {}
[154.778819] (-) TimerEvent: {}
[154.879901] (-) TimerEvent: {}
[154.943998] (image_view) StdoutLine: {'line': b'[ 21%] \x1b[32mBuilding CXX object CMakeFiles/image_view_nodes.dir/src/stereo_view_node.cpp.o\x1b[0m\n'}
[154.981623] (-) TimerEvent: {}
[155.362544] (-) TimerEvent: {}
[155.946510] (-) TimerEvent: {}
[156.950739] (-) TimerEvent: {}
[157.051293] (-) TimerEvent: {}
[157.152927] (-) TimerEvent: {}
[157.254762] (-) TimerEvent: {}
[157.355589] (-) TimerEvent: {}
[157.456840] (-) TimerEvent: {}
[157.557761] (-) TimerEvent: {}
[157.946851] (-) TimerEvent: {}
[158.600913] (-) TimerEvent: {}
[158.797294] (-) TimerEvent: {}
[158.959398] (-) TimerEvent: {}
[159.768444] (stereo_image_proc) StdoutLine: {'line': b'[ 37%] \x1b[32mBuilding CXX object CMakeFiles/stereo_image_proc.dir/src/stereo_image_proc/point_cloud_node.cpp.o\x1b[0m\n'}
[159.769185] (-) TimerEvent: {}
[159.791666] (depth_image_proc) StdoutLine: {'line': b'[ 25%] \x1b[32mBuilding CXX object CMakeFiles/depth_image_proc.dir/src/point_cloud_xyz_radial.cpp.o\x1b[0m\n'}
[159.957705] (-) TimerEvent: {}
[160.949211] (-) TimerEvent: {}
[161.055976] (-) TimerEvent: {}
[161.954865] (-) TimerEvent: {}
[162.946810] (-) TimerEvent: {}
[163.055981] (-) TimerEvent: {}
[163.960102] (-) TimerEvent: {}
[164.960088] (-) TimerEvent: {}
[165.067017] (-) TimerEvent: {}
[165.170671] (-) TimerEvent: {}
[165.271454] (-) TimerEvent: {}
[165.378757] (-) TimerEvent: {}
[165.482509] (-) TimerEvent: {}
[165.956831] (-) TimerEvent: {}
[166.412914] (-) TimerEvent: {}
[166.514715] (-) TimerEvent: {}
[166.686391] (-) TimerEvent: {}
[166.789933] (-) TimerEvent: {}
[166.890960] (-) TimerEvent: {}
[166.992357] (-) TimerEvent: {}
[167.093794] (-) TimerEvent: {}
[167.201513] (-) TimerEvent: {}
[167.302799] (-) TimerEvent: {}
[167.405638] (-) TimerEvent: {}
[167.508126] (-) TimerEvent: {}
[167.610556] (-) TimerEvent: {}
[167.711471] (-) TimerEvent: {}
[167.815788] (-) TimerEvent: {}
[167.917131] (-) TimerEvent: {}
[168.018729] (-) TimerEvent: {}
[168.120899] (-) TimerEvent: {}
[168.221852] (-) TimerEvent: {}
[168.326935] (-) TimerEvent: {}
[168.658819] (-) TimerEvent: {}
[168.685287] (depth_image_proc) StdoutLine: {'line': b'[ 28%] \x1b[32mBuilding CXX object CMakeFiles/depth_image_proc.dir/src/point_cloud_xyzi_radial.cpp.o\x1b[0m\n'}
[168.755136] (-) TimerEvent: {}
[168.949560] (-) TimerEvent: {}
[169.059706] (-) TimerEvent: {}
[169.946547] (-) TimerEvent: {}
[170.947661] (-) TimerEvent: {}
[171.975439] (-) TimerEvent: {}
[172.077198] (-) TimerEvent: {}
[172.944958] (-) TimerEvent: {}
[173.953994] (-) TimerEvent: {}
[174.055591] (-) TimerEvent: {}
[174.707495] (image_view) StdoutLine: {'line': b'[ 26%] \x1b[32mBuilding CXX object CMakeFiles/image_view_nodes.dir/src/video_recorder_node.cpp.o\x1b[0m\n'}
[174.707796] (-) TimerEvent: {}
[174.957740] (-) TimerEvent: {}
[175.960459] (-) TimerEvent: {}
[177.961033] (-) TimerEvent: {}
[178.722416] (-) TimerEvent: {}
[178.825323] (-) TimerEvent: {}
[178.926434] (-) TimerEvent: {}
[179.028426] (-) TimerEvent: {}
[179.130433] (-) TimerEvent: {}
[179.232013] (-) TimerEvent: {}
[179.334508] (-) TimerEvent: {}
[179.436484] (-) TimerEvent: {}
[179.538450] (-) TimerEvent: {}
[179.640170] (-) TimerEvent: {}
[179.742308] (-) TimerEvent: {}
[179.843100] (-) TimerEvent: {}
[179.951097] (-) TimerEvent: {}
[180.063997] (-) TimerEvent: {}
[180.170337] (-) TimerEvent: {}
[180.272514] (-) TimerEvent: {}
[180.373544] (-) TimerEvent: {}
[180.474257] (-) TimerEvent: {}
[180.575386] (-) TimerEvent: {}
[180.677266] (-) TimerEvent: {}
[180.779266] (-) TimerEvent: {}
[180.880357] (-) TimerEvent: {}
[180.983469] (-) TimerEvent: {}
[181.085156] (-) TimerEvent: {}
[181.188658] (-) TimerEvent: {}
[181.289272] (-) TimerEvent: {}
[181.391205] (-) TimerEvent: {}
[181.493570] (-) TimerEvent: {}
[181.500892] (image_view) StdoutLine: {'line': b'[ 31%] \x1b[32mBuilding CXX object CMakeFiles/image_view_nodes.dir/src/extract_images_node.cpp.o\x1b[0m\n'}
[181.594505] (-) TimerEvent: {}
[181.695791] (-) TimerEvent: {}
[181.797502] (-) TimerEvent: {}
[181.903485] (-) TimerEvent: {}
[182.004284] (-) TimerEvent: {}
[182.285878] (-) TimerEvent: {}
[182.405863] (-) TimerEvent: {}
[182.506958] (-) TimerEvent: {}
[182.608695] (-) TimerEvent: {}
[182.710880] (-) TimerEvent: {}
[182.813495] (-) TimerEvent: {}
[182.914480] (-) TimerEvent: {}
[183.052097] (-) TimerEvent: {}
[183.961042] (-) TimerEvent: {}
[184.547754] (-) TimerEvent: {}
[184.575307] (stereo_image_proc) StdoutLine: {'line': b'[ 50%] \x1b[32m\x1b[1mLinking CXX shared library libstereo_image_proc.so\x1b[0m\n'}
[184.834847] (-) TimerEvent: {}
[184.952048] (-) TimerEvent: {}
[185.141566] (-) TimerEvent: {}
[185.314416] (-) TimerEvent: {}
[185.944562] (-) TimerEvent: {}
[186.426476] (depth_image_proc) StdoutLine: {'line': b'[ 31%] \x1b[32mBuilding CXX object CMakeFiles/depth_image_proc.dir/src/point_cloud_xyzrgb_radial.cpp.o\x1b[0m\n'}
[186.426690] (-) TimerEvent: {}
[186.947695] (-) TimerEvent: {}
[187.377787] (-) TimerEvent: {}
[187.955216] (stereo_image_proc) StdoutLine: {'line': b'[ 50%] Built target stereo_image_proc\n'}
[187.955530] (-) TimerEvent: {}
[187.955841] (stereo_image_proc) StdoutLine: {'line': b'[ 62%] \x1b[32mBuilding CXX object CMakeFiles/point_cloud_node.dir/rclcpp_components/node_main_point_cloud_node.cpp.o\x1b[0m\n'}
[188.061005] (-) TimerEvent: {}
[188.661870] (-) TimerEvent: {}
[188.951213] (-) TimerEvent: {}
[189.305619] (-) TimerEvent: {}
[189.408592] (-) TimerEvent: {}
[189.592667] (-) TimerEvent: {}
[189.698023] (-) TimerEvent: {}
[189.716452] (image_view) StdoutLine: {'line': b'[ 36%] \x1b[32m\x1b[1mLinking CXX shared library libimage_view_nodes.so\x1b[0m\n'}
[189.957781] (-) TimerEvent: {}
[190.959893] (-) TimerEvent: {}
[191.983666] (-) TimerEvent: {}
[192.087580] (-) TimerEvent: {}
[192.191710] (-) TimerEvent: {}
[192.218524] (image_view) StdoutLine: {'line': b'[ 36%] Built target image_view_nodes\n'}
[192.258783] (image_view) StdoutLine: {'line': b'[ 42%] \x1b[32mBuilding CXX object CMakeFiles/disparity_view.dir/src/disparity_view.cpp.o\x1b[0m\n'}
[192.295519] (-) TimerEvent: {}
[192.596457] (-) TimerEvent: {}
[192.702130] (-) TimerEvent: {}
[192.721021] (stereo_image_proc) StdoutLine: {'line': b'[ 75%] \x1b[32m\x1b[1mLinking CXX executable point_cloud_node\x1b[0m\n'}
[192.914791] (-) TimerEvent: {}
[192.939078] (stereo_image_proc) StdoutLine: {'line': b'[ 75%] Built target point_cloud_node\n'}
[193.011779] (stereo_image_proc) StdoutLine: {'line': b'[ 87%] \x1b[32mBuilding CXX object CMakeFiles/disparity_node.dir/rclcpp_components/node_main_disparity_node.cpp.o\x1b[0m\n'}
[193.016588] (-) TimerEvent: {}
[193.955577] (-) TimerEvent: {}
[194.959965] (-) TimerEvent: {}
[195.949760] (-) TimerEvent: {}
[196.960665] (-) TimerEvent: {}
[197.076194] (-) TimerEvent: {}
[197.182998] (-) TimerEvent: {}
[197.244380] (image_view) StdoutLine: {'line': b'[ 47%] \x1b[32m\x1b[1mLinking CXX executable disparity_view\x1b[0m\n'}
[197.597580] (-) TimerEvent: {}
[197.702440] (-) TimerEvent: {}
[197.819684] (-) TimerEvent: {}
[197.950906] (-) TimerEvent: {}
[198.060211] (-) TimerEvent: {}
[198.151247] (stereo_image_proc) StdoutLine: {'line': b'[100%] \x1b[32m\x1b[1mLinking CXX executable disparity_node\x1b[0m\n'}
[198.163113] (-) TimerEvent: {}
[198.358522] (-) TimerEvent: {}
[198.405147] (stereo_image_proc) StdoutLine: {'line': b'[100%] Built target disparity_node\n'}
[198.444966] (stereo_image_proc) CommandEnded: {'returncode': 0}
[198.453509] (stereo_image_proc) JobProgress: {'identifier': 'stereo_image_proc', 'progress': 'install'}
[198.453633] (stereo_image_proc) Command: {'cmd': ['/usr/bin/cmake', '--install', '/home/bryan/Workspace/ros2_ws/build/stereo_image_proc'], 'cwd': '/home/bryan/Workspace/ros2_ws/build/stereo_image_proc', 'env': OrderedDict([('LESSOPEN', '| /usr/bin/lesspipe %s'), ('USER', 'bryan'), ('XDG_SESSION_TYPE', 'wayland'), ('SHLVL', '1'), ('LD_LIBRARY_PATH', '/home/bryan/Workspace/ros2_ws/install/image_proc/lib:/home/bryan/Workspace/ros2_ws/install/tracetools_image_pipeline/lib:/home/bryan/Workspace/ros2_ws/install/image_geometry/lib:/home/bryan/Workspace/ros2_ws/install/cv_bridge/lib:/opt/ros/humble/opt/rviz_ogre_vendor/lib:/opt/ros/humble/lib/x86_64-linux-gnu:/opt/ros/humble/lib'), ('HOME', '/home/bryan'), ('OLDPWD', '/home/bryan/Workspace/ros2_ws/src/ros2_sumo-main'), ('DESKTOP_SESSION', 'ubuntu'), ('ROS_PYTHON_VERSION', '3'), ('GNOME_SHELL_SESSION_MODE', 'ubuntu'), ('GTK_MODULES', 'gail:atk-bridge'), ('SYSTEMD_EXEC_PID', '1570'), ('DBUS_SESSION_BUS_ADDRESS', 'unix:path=/run/user/1000/bus'), ('COLORTERM', 'truecolor'), ('IM_CONFIG_PHASE', '1'), ('WAYLAND_DISPLAY', 'wayland-0'), ('ROS_DISTRO', 'humble'), ('LOGNAME', 'bryan'), ('SUMO_HOME', '/usr/share/sumo/'), ('_', '/usr/bin/colcon'), ('ROS_VERSION', '2'), ('XDG_SESSION_CLASS', 'user'), ('USERNAME', 'bryan'), ('TERM', 'xterm-256color'), ('GNOME_DESKTOP_SESSION_ID', 'this-is-deprecated'), ('ROS_LOCALHOST_ONLY', '0'), ('PATH', '/home/bryan/Workspace/ros2_ws/install/image_proc/bin:/opt/ros/humble/bin:/usr/local/sbin:/usr/local/bin:/usr/sbin:/usr/bin:/sbin:/bin:/usr/games:/usr/local/games:/snap/bin:/snap/bin'), ('SESSION_MANAGER', 'local/bryan-VirtualBox:@/tmp/.ICE-unix/1372,unix/bryan-VirtualBox:/tmp/.ICE-unix/1372'), ('XDG_MENU_PREFIX', 'gnome-'), ('GNOME_TERMINAL_SCREEN', '/org/gnome/Terminal/screen/71407a0b_323a_4971_8a7b_4147209295e5'), ('GNOME_SETUP_DISPLAY', ':1'), ('XDG_RUNTIME_DIR', '/run/user/1000'), ('DISPLAY', ':0'), ('LANG', 'en_US.UTF-8'), ('XDG_CURRENT_DESKTOP', 'ubuntu:GNOME'), ('XMODIFIERS', '@im=ibus'), ('XDG_SESSION_DESKTOP', 'ubuntu'), ('XAUTHORITY', '/run/user/1000/.mutter-Xwaylandauth.GH7FP3'), ('LS_COLORS', 'rs=0:di=01;34:ln=01;36:mh=00:pi=40;33:so=01;35:do=01;35:bd=40;33;01:cd=40;33;01:or=40;31;01:mi=00:su=37;41:sg=30;43:ca=30;41:tw=30;42:ow=34;42:st=37;44:ex=01;32:*.tar=01;31:*.tgz=01;31:*.arc=01;31:*.arj=01;31:*.taz=01;31:*.lha=01;31:*.lz4=01;31:*.lzh=01;31:*.lzma=01;31:*.tlz=01;31:*.txz=01;31:*.tzo=01;31:*.t7z=01;31:*.zip=01;31:*.z=01;31:*.dz=01;31:*.gz=01;31:*.lrz=01;31:*.lz=01;31:*.lzo=01;31:*.xz=01;31:*.zst=01;31:*.tzst=01;31:*.bz2=01;31:*.bz=01;31:*.tbz=01;31:*.tbz2=01;31:*.tz=01;31:*.deb=01;31:*.rpm=01;31:*.jar=01;31:*.war=01;31:*.ear=01;31:*.sar=01;31:*.rar=01;31:*.alz=01;31:*.ace=01;31:*.zoo=01;31:*.cpio=01;31:*.7z=01;31:*.rz=01;31:*.cab=01;31:*.wim=01;31:*.swm=01;31:*.dwm=01;31:*.esd=01;31:*.jpg=01;35:*.jpeg=01;35:*.mjpg=01;35:*.mjpeg=01;35:*.gif=01;35:*.bmp=01;35:*.pbm=01;35:*.pgm=01;35:*.ppm=01;35:*.tga=01;35:*.xbm=01;35:*.xpm=01;35:*.tif=01;35:*.tiff=01;35:*.png=01;35:*.svg=01;35:*.svgz=01;35:*.mng=01;35:*.pcx=01;35:*.mov=01;35:*.mpg=01;35:*.mpeg=01;35:*.m2v=01;35:*.mkv=01;35:*.webm=01;35:*.webp=01;35:*.ogm=01;35:*.mp4=01;35:*.m4v=01;35:*.mp4v=01;35:*.vob=01;35:*.qt=01;35:*.nuv=01;35:*.wmv=01;35:*.asf=01;35:*.rm=01;35:*.rmvb=01;35:*.flc=01;35:*.avi=01;35:*.fli=01;35:*.flv=01;35:*.gl=01;35:*.dl=01;35:*.xcf=01;35:*.xwd=01;35:*.yuv=01;35:*.cgm=01;35:*.emf=01;35:*.ogv=01;35:*.ogx=01;35:*.aac=00;36:*.au=00;36:*.flac=00;36:*.m4a=00;36:*.mid=00;36:*.midi=00;36:*.mka=00;36:*.mp3=00;36:*.mpc=00;36:*.ogg=00;36:*.ra=00;36:*.wav=00;36:*.oga=00;36:*.opus=00;36:*.spx=00;36:*.xspf=00;36:'), ('GNOME_TERMINAL_SERVICE', ':1.91'), ('SSH_AGENT_LAUNCHER', 'gnome-keyring'), ('SSH_AUTH_SOCK', '/run/user/1000/keyring/ssh'), ('AMENT_PREFIX_PATH', '/home/bryan/Workspace/ros2_ws/install/image_proc:/home/bryan/Workspace/ros2_ws/install/tracetools_image_pipeline:/home/bryan/Workspace/ros2_ws/install/image_geometry:/home/bryan/Workspace/ros2_ws/install/cv_bridge:/opt/ros/humble'), ('SHELL', '/bin/bash'), ('QT_ACCESSIBILITY', '1'), ('GDMSESSION', 'ubuntu'), ('LESSCLOSE', '/usr/bin/lesspipe %s %s'), ('QT_IM_MODULE', 'ibus'), ('PWD', '/home/bryan/Workspace/ros2_ws/build/stereo_image_proc'), ('LC_ALL', 'en_US.UTF-8'), ('XDG_CONFIG_DIRS', '/etc/xdg/xdg-ubuntu:/etc/xdg'), ('XDG_DATA_DIRS', '/usr/share/ubuntu:/usr/local/share/:/usr/share/:/var/lib/snapd/desktop'), ('PYTHONPATH', '/home/bryan/Workspace/ros2_ws/install/image_geometry/local/lib/python3.10/dist-packages:/home/bryan/Workspace/ros2_ws/install/cv_bridge/local/lib/python3.10/dist-packages:/opt/ros/humble/lib/python3.10/site-packages:/opt/ros/humble/local/lib/python3.10/dist-packages'), ('COLCON', '1'), ('VTE_VERSION', '6800'), ('CMAKE_PREFIX_PATH', '/home/bryan/Workspace/ros2_ws/install/image_proc:/home/bryan/Workspace/ros2_ws/install/tracetools_image_pipeline:/home/bryan/Workspace/ros2_ws/install/image_geometry:/home/bryan/Workspace/ros2_ws/install/cv_bridge:/opt/ros/humble')]), 'shell': False}
[198.462553] (-) TimerEvent: {}
[198.466038] (stereo_image_proc) StdoutLine: {'line': b'-- Install configuration: ""\n'}
[198.467942] (stereo_image_proc) StdoutLine: {'line': b'-- Execute custom install script\n'}
[198.469392] (stereo_image_proc) StdoutLine: {'line': b'-- Symlinking: /home/bryan/Workspace/ros2_ws/install/stereo_image_proc/lib/stereo_image_proc/disparity_node\n'}
[198.494086] (stereo_image_proc) StdoutLine: {'line': b'-- Symlinking: /home/bryan/Workspace/ros2_ws/install/stereo_image_proc/lib/stereo_image_proc/point_cloud_node\n'}
[198.510602] (stereo_image_proc) StdoutLine: {'line': b'-- Symlinking: /home/bryan/Workspace/ros2_ws/install/stereo_image_proc/include/stereo_image_proc/stereo_processor.hpp\n'}
[198.531524] (stereo_image_proc) StdoutLine: {'line': b'-- Symlinking: /home/bryan/Workspace/ros2_ws/install/stereo_image_proc/share/stereo_image_proc/environment/library_path.sh\n'}
[198.548977] (stereo_image_proc) StdoutLine: {'line': b'-- Symlinking: /home/bryan/Workspace/ros2_ws/install/stereo_image_proc/share/stereo_image_proc/environment/library_path.dsv\n'}
[198.564173] (-) TimerEvent: {}
[198.571301] (stereo_image_proc) StdoutLine: {'line': b'-- Symlinking: /home/bryan/Workspace/ros2_ws/install/stereo_image_proc/lib/libstereo_image_proc.so\n'}
[198.588531] (stereo_image_proc) StdoutLine: {'line': b'-- Symlinking: /home/bryan/Workspace/ros2_ws/install/stereo_image_proc/share/stereo_image_proc/launch/stereo_image_proc.launch.py\n'}
[198.613107] (stereo_image_proc) StdoutLine: {'line': b'-- Symlinking: /home/bryan/Workspace/ros2_ws/install/stereo_image_proc/share/ament_index/resource_index/package_run_dependencies/stereo_image_proc\n'}
[198.635045] (stereo_image_proc) StdoutLine: {'line': b'-- Symlinking: /home/bryan/Workspace/ros2_ws/install/stereo_image_proc/share/ament_index/resource_index/parent_prefix_path/stereo_image_proc\n'}
[198.652779] (stereo_image_proc) StdoutLine: {'line': b'-- Symlinking: /home/bryan/Workspace/ros2_ws/install/stereo_image_proc/share/stereo_image_proc/environment/ament_prefix_path.sh\n'}
[198.667860] (-) TimerEvent: {}
[198.675098] (stereo_image_proc) StdoutLine: {'line': b'-- Symlinking: /home/bryan/Workspace/ros2_ws/install/stereo_image_proc/share/stereo_image_proc/environment/ament_prefix_path.dsv\n'}
[198.694546] (stereo_image_proc) StdoutLine: {'line': b'-- Symlinking: /home/bryan/Workspace/ros2_ws/install/stereo_image_proc/share/stereo_image_proc/environment/path.sh\n'}
[198.730793] (stereo_image_proc) StdoutLine: {'line': b'-- Symlinking: /home/bryan/Workspace/ros2_ws/install/stereo_image_proc/share/stereo_image_proc/environment/path.dsv\n'}
[198.746041] (stereo_image_proc) StdoutLine: {'line': b'-- Symlinking: /home/bryan/Workspace/ros2_ws/install/stereo_image_proc/share/stereo_image_proc/local_setup.bash\n'}
[198.761103] (stereo_image_proc) StdoutLine: {'line': b'-- Symlinking: /home/bryan/Workspace/ros2_ws/install/stereo_image_proc/share/stereo_image_proc/local_setup.sh\n'}
[198.773191] (-) TimerEvent: {}
[198.782802] (stereo_image_proc) StdoutLine: {'line': b'-- Symlinking: /home/bryan/Workspace/ros2_ws/install/stereo_image_proc/share/stereo_image_proc/local_setup.zsh\n'}
[198.800142] (stereo_image_proc) StdoutLine: {'line': b'-- Symlinking: /home/bryan/Workspace/ros2_ws/install/stereo_image_proc/share/stereo_image_proc/local_setup.dsv\n'}
[198.842169] (stereo_image_proc) StdoutLine: {'line': b'-- Symlinking: /home/bryan/Workspace/ros2_ws/install/stereo_image_proc/share/stereo_image_proc/package.dsv\n'}
[198.858632] (stereo_image_proc) StdoutLine: {'line': b'-- Symlinking: /home/bryan/Workspace/ros2_ws/install/stereo_image_proc/share/ament_index/resource_index/packages/stereo_image_proc\n'}
[198.873733] (-) TimerEvent: {}
[198.880902] (stereo_image_proc) StdoutLine: {'line': b'-- Symlinking: /home/bryan/Workspace/ros2_ws/install/stereo_image_proc/share/ament_index/resource_index/rclcpp_components/stereo_image_proc\n'}
[198.901382] (stereo_image_proc) StdoutLine: {'line': b'-- Symlinking: /home/bryan/Workspace/ros2_ws/install/stereo_image_proc/share/stereo_image_proc/cmake/ament_cmake_export_dependencies-extras.cmake\n'}
[198.936114] (stereo_image_proc) StdoutLine: {'line': b'-- Symlinking: /home/bryan/Workspace/ros2_ws/install/stereo_image_proc/share/stereo_image_proc/cmake/ament_cmake_export_include_directories-extras.cmake\n'}
[198.957865] (stereo_image_proc) StdoutLine: {'line': b'-- Symlinking: /home/bryan/Workspace/ros2_ws/install/stereo_image_proc/share/stereo_image_proc/cmake/ament_cmake_export_libraries-extras.cmake\n'}
[198.974685] (-) TimerEvent: {}
[198.980984] (stereo_image_proc) StdoutLine: {'line': b'-- Symlinking: /home/bryan/Workspace/ros2_ws/install/stereo_image_proc/share/stereo_image_proc/cmake/stereo_image_procConfig.cmake\n'}
[199.002110] (stereo_image_proc) StdoutLine: {'line': b'-- Symlinking: /home/bryan/Workspace/ros2_ws/install/stereo_image_proc/share/stereo_image_proc/cmake/stereo_image_procConfig-version.cmake\n'}
[199.029522] (image_view) StdoutLine: {'line': b'[ 47%] Built target disparity_view\n'}
[199.042482] (stereo_image_proc) StdoutLine: {'line': b'-- Symlinking: /home/bryan/Workspace/ros2_ws/install/stereo_image_proc/share/stereo_image_proc/package.xml\n'}
[199.072580] (stereo_image_proc) CommandEnded: {'returncode': 0}
[199.082858] (-) TimerEvent: {}
[199.098771] (stereo_image_proc) JobEnded: {'identifier': 'stereo_image_proc', 'rc': 0}
[199.099909] (examples_rclcpp_minimal_action_server) JobStarted: {'identifier': 'examples_rclcpp_minimal_action_server'}
[199.100598] (image_view) StdoutLine: {'line': b'[ 52%] \x1b[32mBuilding CXX object CMakeFiles/stereo_view.dir/src/stereo_view.cpp.o\x1b[0m\n'}
[199.113433] (examples_rclcpp_minimal_action_server) JobProgress: {'identifier': 'examples_rclcpp_minimal_action_server', 'progress': 'cmake'}
[199.114244] (examples_rclcpp_minimal_action_server) Command: {'cmd': ['/usr/bin/cmake', '/home/bryan/Workspace/ros2_ws/src/examples/rclcpp/actions/minimal_action_server', '-DAMENT_CMAKE_SYMLINK_INSTALL=1', '-DCMAKE_INSTALL_PREFIX=/home/bryan/Workspace/ros2_ws/install/examples_rclcpp_minimal_action_server'], 'cwd': '/home/bryan/Workspace/ros2_ws/build/examples_rclcpp_minimal_action_server', 'env': OrderedDict([('LESSOPEN', '| /usr/bin/lesspipe %s'), ('USER', 'bryan'), ('XDG_SESSION_TYPE', 'wayland'), ('SHLVL', '1'), ('LD_LIBRARY_PATH', '/opt/ros/humble/opt/rviz_ogre_vendor/lib:/opt/ros/humble/lib/x86_64-linux-gnu:/opt/ros/humble/lib'), ('HOME', '/home/bryan'), ('OLDPWD', '/home/bryan/Workspace/ros2_ws/src/ros2_sumo-main'), ('DESKTOP_SESSION', 'ubuntu'), ('ROS_PYTHON_VERSION', '3'), ('GNOME_SHELL_SESSION_MODE', 'ubuntu'), ('GTK_MODULES', 'gail:atk-bridge'), ('SYSTEMD_EXEC_PID', '1570'), ('DBUS_SESSION_BUS_ADDRESS', 'unix:path=/run/user/1000/bus'), ('COLORTERM', 'truecolor'), ('IM_CONFIG_PHASE', '1'), ('WAYLAND_DISPLAY', 'wayland-0'), ('ROS_DISTRO', 'humble'), ('LOGNAME', 'bryan'), ('SUMO_HOME', '/usr/share/sumo/'), ('_', '/usr/bin/colcon'), ('ROS_VERSION', '2'), ('XDG_SESSION_CLASS', 'user'), ('USERNAME', 'bryan'), ('TERM', 'xterm-256color'), ('GNOME_DESKTOP_SESSION_ID', 'this-is-deprecated'), ('ROS_LOCALHOST_ONLY', '0'), ('PATH', '/opt/ros/humble/bin:/usr/local/sbin:/usr/local/bin:/usr/sbin:/usr/bin:/sbin:/bin:/usr/games:/usr/local/games:/snap/bin:/snap/bin'), ('SESSION_MANAGER', 'local/bryan-VirtualBox:@/tmp/.ICE-unix/1372,unix/bryan-VirtualBox:/tmp/.ICE-unix/1372'), ('XDG_MENU_PREFIX', 'gnome-'), ('GNOME_TERMINAL_SCREEN', '/org/gnome/Terminal/screen/71407a0b_323a_4971_8a7b_4147209295e5'), ('GNOME_SETUP_DISPLAY', ':1'), ('XDG_RUNTIME_DIR', '/run/user/1000'), ('DISPLAY', ':0'), ('LANG', 'en_US.UTF-8'), ('XDG_CURRENT_DESKTOP', 'ubuntu:GNOME'), ('XMODIFIERS', '@im=ibus'), ('XDG_SESSION_DESKTOP', 'ubuntu'), ('XAUTHORITY', '/run/user/1000/.mutter-Xwaylandauth.GH7FP3'), ('LS_COLORS', 'rs=0:di=01;34:ln=01;36:mh=00:pi=40;33:so=01;35:do=01;35:bd=40;33;01:cd=40;33;01:or=40;31;01:mi=00:su=37;41:sg=30;43:ca=30;41:tw=30;42:ow=34;42:st=37;44:ex=01;32:*.tar=01;31:*.tgz=01;31:*.arc=01;31:*.arj=01;31:*.taz=01;31:*.lha=01;31:*.lz4=01;31:*.lzh=01;31:*.lzma=01;31:*.tlz=01;31:*.txz=01;31:*.tzo=01;31:*.t7z=01;31:*.zip=01;31:*.z=01;31:*.dz=01;31:*.gz=01;31:*.lrz=01;31:*.lz=01;31:*.lzo=01;31:*.xz=01;31:*.zst=01;31:*.tzst=01;31:*.bz2=01;31:*.bz=01;31:*.tbz=01;31:*.tbz2=01;31:*.tz=01;31:*.deb=01;31:*.rpm=01;31:*.jar=01;31:*.war=01;31:*.ear=01;31:*.sar=01;31:*.rar=01;31:*.alz=01;31:*.ace=01;31:*.zoo=01;31:*.cpio=01;31:*.7z=01;31:*.rz=01;31:*.cab=01;31:*.wim=01;31:*.swm=01;31:*.dwm=01;31:*.esd=01;31:*.jpg=01;35:*.jpeg=01;35:*.mjpg=01;35:*.mjpeg=01;35:*.gif=01;35:*.bmp=01;35:*.pbm=01;35:*.pgm=01;35:*.ppm=01;35:*.tga=01;35:*.xbm=01;35:*.xpm=01;35:*.tif=01;35:*.tiff=01;35:*.png=01;35:*.svg=01;35:*.svgz=01;35:*.mng=01;35:*.pcx=01;35:*.mov=01;35:*.mpg=01;35:*.mpeg=01;35:*.m2v=01;35:*.mkv=01;35:*.webm=01;35:*.webp=01;35:*.ogm=01;35:*.mp4=01;35:*.m4v=01;35:*.mp4v=01;35:*.vob=01;35:*.qt=01;35:*.nuv=01;35:*.wmv=01;35:*.asf=01;35:*.rm=01;35:*.rmvb=01;35:*.flc=01;35:*.avi=01;35:*.fli=01;35:*.flv=01;35:*.gl=01;35:*.dl=01;35:*.xcf=01;35:*.xwd=01;35:*.yuv=01;35:*.cgm=01;35:*.emf=01;35:*.ogv=01;35:*.ogx=01;35:*.aac=00;36:*.au=00;36:*.flac=00;36:*.m4a=00;36:*.mid=00;36:*.midi=00;36:*.mka=00;36:*.mp3=00;36:*.mpc=00;36:*.ogg=00;36:*.ra=00;36:*.wav=00;36:*.oga=00;36:*.opus=00;36:*.spx=00;36:*.xspf=00;36:'), ('GNOME_TERMINAL_SERVICE', ':1.91'), ('SSH_AGENT_LAUNCHER', 'gnome-keyring'), ('SSH_AUTH_SOCK', '/run/user/1000/keyring/ssh'), ('AMENT_PREFIX_PATH', '/opt/ros/humble'), ('SHELL', '/bin/bash'), ('QT_ACCESSIBILITY', '1'), ('GDMSESSION', 'ubuntu'), ('LESSCLOSE', '/usr/bin/lesspipe %s %s'), ('QT_IM_MODULE', 'ibus'), ('PWD', '/home/bryan/Workspace/ros2_ws/build/examples_rclcpp_minimal_action_server'), ('LC_ALL', 'en_US.UTF-8'), ('XDG_CONFIG_DIRS', '/etc/xdg/xdg-ubuntu:/etc/xdg'), ('XDG_DATA_DIRS', '/usr/share/ubuntu:/usr/local/share/:/usr/share/:/var/lib/snapd/desktop'), ('PYTHONPATH', '/opt/ros/humble/lib/python3.10/site-packages:/opt/ros/humble/local/lib/python3.10/dist-packages'), ('COLCON', '1'), ('VTE_VERSION', '6800'), ('CMAKE_PREFIX_PATH', '/opt/ros/humble')]), 'shell': False}
[199.183224] (-) TimerEvent: {}
[199.286788] (examples_rclcpp_minimal_action_server) StdoutLine: {'line': b'-- The C compiler identification is GNU 11.4.0\n'}
[199.286959] (-) TimerEvent: {}
[199.390716] (-) TimerEvent: {}
[199.405165] (examples_rclcpp_minimal_action_server) StdoutLine: {'line': b'-- The CXX compiler identification is GNU 11.4.0\n'}
[199.420147] (examples_rclcpp_minimal_action_server) StdoutLine: {'line': b'-- Detecting C compiler ABI info\n'}
[199.494497] (-) TimerEvent: {}
[199.599719] (examples_rclcpp_minimal_action_server) StdoutLine: {'line': b'-- Detecting C compiler ABI info - done\n'}
[199.599968] (-) TimerEvent: {}
[199.618820] (examples_rclcpp_minimal_action_server) StdoutLine: {'line': b'-- Check for working C compiler: /usr/bin/cc - skipped\n'}
[199.619044] (examples_rclcpp_minimal_action_server) StdoutLine: {'line': b'-- Detecting C compile features\n'}
[199.619143] (examples_rclcpp_minimal_action_server) StdoutLine: {'line': b'-- Detecting C compile features - done\n'}
[199.619226] (examples_rclcpp_minimal_action_server) StdoutLine: {'line': b'-- Detecting CXX compiler ABI info\n'}
[199.700616] (-) TimerEvent: {}
[199.800871] (examples_rclcpp_minimal_action_server) StdoutLine: {'line': b'-- Detecting CXX compiler ABI info - done\n'}
[199.801089] (-) TimerEvent: {}
[199.814669] (examples_rclcpp_minimal_action_server) StdoutLine: {'line': b'-- Check for working CXX compiler: /usr/bin/c++ - skipped\n'}
[199.815601] (examples_rclcpp_minimal_action_server) StdoutLine: {'line': b'-- Detecting CXX compile features\n'}
[199.816963] (examples_rclcpp_minimal_action_server) StdoutLine: {'line': b'-- Detecting CXX compile features - done\n'}
[199.819942] (examples_rclcpp_minimal_action_server) StdoutLine: {'line': b'-- Found ament_cmake: 1.3.14 (/opt/ros/humble/share/ament_cmake/cmake)\n'}
[199.911035] (-) TimerEvent: {}
[200.015680] (-) TimerEvent: {}
[200.101844] (examples_rclcpp_minimal_action_server) StdoutLine: {'line': b'-- Found Python3: /usr/bin/python3 (found version "3.10.12") found components: Interpreter \n'}
[200.178877] (-) TimerEvent: {}
[200.180155] (examples_rclcpp_minimal_action_server) StdoutLine: {'line': b'-- Override CMake install command with custom implementation using symlinks instead of copying resources\n'}
[200.216727] (examples_rclcpp_minimal_action_server) StdoutLine: {'line': b'-- Found example_interfaces: 0.9.3 (/opt/ros/humble/share/example_interfaces/cmake)\n'}
[200.268922] (examples_rclcpp_minimal_action_server) StdoutLine: {'line': b'-- Found rosidl_generator_c: 3.1.8 (/opt/ros/humble/share/rosidl_generator_c/cmake)\n'}
[200.276126] (examples_rclcpp_minimal_action_server) StdoutLine: {'line': b'-- Found rosidl_adapter: 3.1.8 (/opt/ros/humble/share/rosidl_adapter/cmake)\n'}
[200.296956] (examples_rclcpp_minimal_action_server) StdoutLine: {'line': b'-- Found rosidl_generator_cpp: 3.1.8 (/opt/ros/humble/share/rosidl_generator_cpp/cmake)\n'}
[200.297181] (-) TimerEvent: {}
[200.509572] (-) TimerEvent: {}
[200.526206] (examples_rclcpp_minimal_action_server) StdoutLine: {'line': b'-- Using all available rosidl_typesupport_c: rosidl_typesupport_fastrtps_c;rosidl_typesupport_introspection_c\n'}
[200.526493] (examples_rclcpp_minimal_action_server) StdoutLine: {'line': b'-- Using all available rosidl_typesupport_cpp: rosidl_typesupport_fastrtps_cpp;rosidl_typesupport_introspection_cpp\n'}
[200.526598] (examples_rclcpp_minimal_action_server) StdoutLine: {'line': b'-- Found rclcpp: 16.0.18 (/opt/ros/humble/share/rclcpp/cmake)\n'}
[200.526673] (examples_rclcpp_minimal_action_server) StdoutLine: {'line': b'-- Found rmw_implementation_cmake: 6.1.2 (/opt/ros/humble/share/rmw_implementation_cmake/cmake)\n'}
[200.526746] (examples_rclcpp_minimal_action_server) StdoutLine: {'line': b'-- Found rmw_fastrtps_cpp: 6.2.10 (/opt/ros/humble/share/rmw_fastrtps_cpp/cmake)\n'}
[200.615682] (-) TimerEvent: {}
[200.949072] (-) TimerEvent: {}
[200.952016] (examples_rclcpp_minimal_action_server) StdoutLine: {'line': b'-- Found OpenSSL: /usr/lib/x86_64-linux-gnu/libcrypto.so (found version "3.0.2")  \n'}
[201.019826] (examples_rclcpp_minimal_action_server) StdoutLine: {'line': b'-- Found FastRTPS: /opt/ros/humble/include  \n'}
[201.056174] (-) TimerEvent: {}
[201.093848] (examples_rclcpp_minimal_action_server) StdoutLine: {'line': b"-- Using RMW implementation 'rmw_fastrtps_cpp' as default\n"}
[201.094154] (examples_rclcpp_minimal_action_server) StdoutLine: {'line': b'-- Looking for pthread.h\n'}
[201.159057] (-) TimerEvent: {}
[201.246377] (examples_rclcpp_minimal_action_server) StdoutLine: {'line': b'-- Looking for pthread.h - found\n'}
[201.246581] (examples_rclcpp_minimal_action_server) StdoutLine: {'line': b'-- Performing Test CMAKE_HAVE_LIBC_PTHREAD\n'}
[201.263432] (-) TimerEvent: {}
[201.364807] (-) TimerEvent: {}
[201.395186] (examples_rclcpp_minimal_action_server) StdoutLine: {'line': b'-- Performing Test CMAKE_HAVE_LIBC_PTHREAD - Success\n'}
[201.396451] (examples_rclcpp_minimal_action_server) StdoutLine: {'line': b'-- Found Threads: TRUE  \n'}
[201.473581] (examples_rclcpp_minimal_action_server) StdoutLine: {'line': b'-- Found rclcpp_action: 16.0.18 (/opt/ros/humble/share/rclcpp_action/cmake)\n'}
[201.473768] (-) TimerEvent: {}
[201.499538] (examples_rclcpp_minimal_action_server) StdoutLine: {'line': b'-- Found ament_lint_auto: 0.12.15 (/opt/ros/humble/share/ament_lint_auto/cmake)\n'}
[201.586248] (-) TimerEvent: {}
[201.627923] (examples_rclcpp_minimal_action_server) StdoutLine: {'line': b"-- Added test 'copyright' to check source files copyright and LICENSE\n"}
[201.628109] (examples_rclcpp_minimal_action_server) StdoutLine: {'line': b"-- Added test 'cppcheck' to perform static code analysis on C / C++ code\n"}
[201.632447] (examples_rclcpp_minimal_action_server) StdoutLine: {'line': b'-- Configured cppcheck include dirs: \n'}
[201.632729] (examples_rclcpp_minimal_action_server) StdoutLine: {'line': b'-- Configured cppcheck exclude dirs and/or files: \n'}
[201.633506] (examples_rclcpp_minimal_action_server) StdoutLine: {'line': b"-- Added test 'cpplint' to check C / C++ code against the Google style\n"}
[201.636726] (examples_rclcpp_minimal_action_server) StdoutLine: {'line': b'-- Configured cpplint exclude dirs and/or files: \n'}
[201.637988] (examples_rclcpp_minimal_action_server) StdoutLine: {'line': b"-- Added test 'lint_cmake' to check CMake code style\n"}
[201.668874] (examples_rclcpp_minimal_action_server) StdoutLine: {'line': b"-- Added test 'uncrustify' to check C / C++ code style\n"}
[201.669191] (examples_rclcpp_minimal_action_server) StdoutLine: {'line': b'-- Configured uncrustify additional arguments: \n'}
[201.669323] (examples_rclcpp_minimal_action_server) StdoutLine: {'line': b"-- Added test 'xmllint' to check XML markup files\n"}
[201.669419] (examples_rclcpp_minimal_action_server) StdoutLine: {'line': b'-- Configuring done\n'}
[201.669527] (examples_rclcpp_minimal_action_server) StdoutLine: {'line': b'-- Generating done\n'}
[201.674551] (examples_rclcpp_minimal_action_server) StdoutLine: {'line': b'-- Build files have been written to: /home/bryan/Workspace/ros2_ws/build/examples_rclcpp_minimal_action_server\n'}
[201.701071] (examples_rclcpp_minimal_action_server) CommandEnded: {'returncode': 0}
[201.702079] (-) TimerEvent: {}
[201.754094] (examples_rclcpp_minimal_action_server) JobProgress: {'identifier': 'examples_rclcpp_minimal_action_server', 'progress': 'build'}
[201.754174] (examples_rclcpp_minimal_action_server) Command: {'cmd': ['/usr/bin/cmake', '--build', '/home/bryan/Workspace/ros2_ws/build/examples_rclcpp_minimal_action_server', '--', '-j3', '-l3'], 'cwd': '/home/bryan/Workspace/ros2_ws/build/examples_rclcpp_minimal_action_server', 'env': OrderedDict([('LESSOPEN', '| /usr/bin/lesspipe %s'), ('USER', 'bryan'), ('XDG_SESSION_TYPE', 'wayland'), ('SHLVL', '1'), ('LD_LIBRARY_PATH', '/opt/ros/humble/opt/rviz_ogre_vendor/lib:/opt/ros/humble/lib/x86_64-linux-gnu:/opt/ros/humble/lib'), ('HOME', '/home/bryan'), ('OLDPWD', '/home/bryan/Workspace/ros2_ws/src/ros2_sumo-main'), ('DESKTOP_SESSION', 'ubuntu'), ('ROS_PYTHON_VERSION', '3'), ('GNOME_SHELL_SESSION_MODE', 'ubuntu'), ('GTK_MODULES', 'gail:atk-bridge'), ('SYSTEMD_EXEC_PID', '1570'), ('DBUS_SESSION_BUS_ADDRESS', 'unix:path=/run/user/1000/bus'), ('COLORTERM', 'truecolor'), ('IM_CONFIG_PHASE', '1'), ('WAYLAND_DISPLAY', 'wayland-0'), ('ROS_DISTRO', 'humble'), ('LOGNAME', 'bryan'), ('SUMO_HOME', '/usr/share/sumo/'), ('_', '/usr/bin/colcon'), ('ROS_VERSION', '2'), ('XDG_SESSION_CLASS', 'user'), ('USERNAME', 'bryan'), ('TERM', 'xterm-256color'), ('GNOME_DESKTOP_SESSION_ID', 'this-is-deprecated'), ('ROS_LOCALHOST_ONLY', '0'), ('PATH', '/opt/ros/humble/bin:/usr/local/sbin:/usr/local/bin:/usr/sbin:/usr/bin:/sbin:/bin:/usr/games:/usr/local/games:/snap/bin:/snap/bin'), ('SESSION_MANAGER', 'local/bryan-VirtualBox:@/tmp/.ICE-unix/1372,unix/bryan-VirtualBox:/tmp/.ICE-unix/1372'), ('XDG_MENU_PREFIX', 'gnome-'), ('GNOME_TERMINAL_SCREEN', '/org/gnome/Terminal/screen/71407a0b_323a_4971_8a7b_4147209295e5'), ('GNOME_SETUP_DISPLAY', ':1'), ('XDG_RUNTIME_DIR', '/run/user/1000'), ('DISPLAY', ':0'), ('LANG', 'en_US.UTF-8'), ('XDG_CURRENT_DESKTOP', 'ubuntu:GNOME'), ('XMODIFIERS', '@im=ibus'), ('XDG_SESSION_DESKTOP', 'ubuntu'), ('XAUTHORITY', '/run/user/1000/.mutter-Xwaylandauth.GH7FP3'), ('LS_COLORS', 'rs=0:di=01;34:ln=01;36:mh=00:pi=40;33:so=01;35:do=01;35:bd=40;33;01:cd=40;33;01:or=40;31;01:mi=00:su=37;41:sg=30;43:ca=30;41:tw=30;42:ow=34;42:st=37;44:ex=01;32:*.tar=01;31:*.tgz=01;31:*.arc=01;31:*.arj=01;31:*.taz=01;31:*.lha=01;31:*.lz4=01;31:*.lzh=01;31:*.lzma=01;31:*.tlz=01;31:*.txz=01;31:*.tzo=01;31:*.t7z=01;31:*.zip=01;31:*.z=01;31:*.dz=01;31:*.gz=01;31:*.lrz=01;31:*.lz=01;31:*.lzo=01;31:*.xz=01;31:*.zst=01;31:*.tzst=01;31:*.bz2=01;31:*.bz=01;31:*.tbz=01;31:*.tbz2=01;31:*.tz=01;31:*.deb=01;31:*.rpm=01;31:*.jar=01;31:*.war=01;31:*.ear=01;31:*.sar=01;31:*.rar=01;31:*.alz=01;31:*.ace=01;31:*.zoo=01;31:*.cpio=01;31:*.7z=01;31:*.rz=01;31:*.cab=01;31:*.wim=01;31:*.swm=01;31:*.dwm=01;31:*.esd=01;31:*.jpg=01;35:*.jpeg=01;35:*.mjpg=01;35:*.mjpeg=01;35:*.gif=01;35:*.bmp=01;35:*.pbm=01;35:*.pgm=01;35:*.ppm=01;35:*.tga=01;35:*.xbm=01;35:*.xpm=01;35:*.tif=01;35:*.tiff=01;35:*.png=01;35:*.svg=01;35:*.svgz=01;35:*.mng=01;35:*.pcx=01;35:*.mov=01;35:*.mpg=01;35:*.mpeg=01;35:*.m2v=01;35:*.mkv=01;35:*.webm=01;35:*.webp=01;35:*.ogm=01;35:*.mp4=01;35:*.m4v=01;35:*.mp4v=01;35:*.vob=01;35:*.qt=01;35:*.nuv=01;35:*.wmv=01;35:*.asf=01;35:*.rm=01;35:*.rmvb=01;35:*.flc=01;35:*.avi=01;35:*.fli=01;35:*.flv=01;35:*.gl=01;35:*.dl=01;35:*.xcf=01;35:*.xwd=01;35:*.yuv=01;35:*.cgm=01;35:*.emf=01;35:*.ogv=01;35:*.ogx=01;35:*.aac=00;36:*.au=00;36:*.flac=00;36:*.m4a=00;36:*.mid=00;36:*.midi=00;36:*.mka=00;36:*.mp3=00;36:*.mpc=00;36:*.ogg=00;36:*.ra=00;36:*.wav=00;36:*.oga=00;36:*.opus=00;36:*.spx=00;36:*.xspf=00;36:'), ('GNOME_TERMINAL_SERVICE', ':1.91'), ('SSH_AGENT_LAUNCHER', 'gnome-keyring'), ('SSH_AUTH_SOCK', '/run/user/1000/keyring/ssh'), ('AMENT_PREFIX_PATH', '/opt/ros/humble'), ('SHELL', '/bin/bash'), ('QT_ACCESSIBILITY', '1'), ('GDMSESSION', 'ubuntu'), ('LESSCLOSE', '/usr/bin/lesspipe %s %s'), ('QT_IM_MODULE', 'ibus'), ('PWD', '/home/bryan/Workspace/ros2_ws/build/examples_rclcpp_minimal_action_server'), ('LC_ALL', 'en_US.UTF-8'), ('XDG_CONFIG_DIRS', '/etc/xdg/xdg-ubuntu:/etc/xdg'), ('XDG_DATA_DIRS', '/usr/share/ubuntu:/usr/local/share/:/usr/share/:/var/lib/snapd/desktop'), ('PYTHONPATH', '/opt/ros/humble/lib/python3.10/site-packages:/opt/ros/humble/local/lib/python3.10/dist-packages'), ('COLCON', '1'), ('VTE_VERSION', '6800'), ('CMAKE_PREFIX_PATH', '/opt/ros/humble')]), 'shell': False}
[201.799359] (examples_rclcpp_minimal_action_server) StdoutLine: {'line': b'[ 25%] \x1b[32mBuilding CXX object CMakeFiles/action_server_member_functions.dir/member_functions.cpp.o\x1b[0m\n'}
[201.804522] (-) TimerEvent: {}
[201.951872] (-) TimerEvent: {}
[202.947589] (-) TimerEvent: {}
[203.955031] (-) TimerEvent: {}
[204.837495] (-) TimerEvent: {}
[204.954717] (-) TimerEvent: {}
[205.105051] (-) TimerEvent: {}
[205.212706] (-) TimerEvent: {}
[205.318902] (-) TimerEvent: {}
[205.322275] (image_view) StdoutLine: {'line': b'[ 57%] \x1b[32m\x1b[1mLinking CXX executable stereo_view\x1b[0m\n'}
[205.960986] (-) TimerEvent: {}
[206.164821] (-) TimerEvent: {}
[206.190457] (depth_image_proc) StdoutLine: {'line': b'[ 34%] \x1b[32mBuilding CXX object CMakeFiles/depth_image_proc.dir/src/register.cpp.o\x1b[0m\n'}
[206.784758] (-) TimerEvent: {}
[206.815990] (image_view) StdoutLine: {'line': b'[ 57%] Built target stereo_view\n'}
[206.884269] (image_view) StdoutLine: {'line': b'[ 63%] \x1b[32mBuilding CXX object CMakeFiles/extract_images.dir/src/extract_images.cpp.o\x1b[0m\n'}
[206.886193] (-) TimerEvent: {}
[206.988688] (-) TimerEvent: {}
[207.091568] (-) TimerEvent: {}
[207.831420] (-) TimerEvent: {}
[207.935022] (-) TimerEvent: {}
[208.037953] (-) TimerEvent: {}
[208.089118] (examples_rclcpp_minimal_action_server) StdoutLine: {'line': b'[ 50%] \x1b[32m\x1b[1mLinking CXX executable action_server_member_functions\x1b[0m\n'}
[208.153869] (-) TimerEvent: {}
[208.378959] (-) TimerEvent: {}
[208.432308] (examples_rclcpp_minimal_action_server) StdoutLine: {'line': b'[ 50%] Built target action_server_member_functions\n'}
[208.479378] (-) TimerEvent: {}
[208.507812] (examples_rclcpp_minimal_action_server) StdoutLine: {'line': b'[ 75%] \x1b[32mBuilding CXX object CMakeFiles/action_server_not_composable.dir/not_composable.cpp.o\x1b[0m\n'}
[208.580535] (-) TimerEvent: {}
[208.684787] (-) TimerEvent: {}
[208.954110] (-) TimerEvent: {}
[209.059545] (-) TimerEvent: {}
[209.173832] (-) TimerEvent: {}
[209.278133] (-) TimerEvent: {}
[209.945115] (-) TimerEvent: {}
[210.945437] (-) TimerEvent: {}
[211.059041] (-) TimerEvent: {}
[211.933755] (-) TimerEvent: {}
[212.044493] (-) TimerEvent: {}
[212.093095] (image_view) StdoutLine: {'line': b'[ 68%] \x1b[32m\x1b[1mLinking CXX executable extract_images\x1b[0m\n'}
[212.956367] (-) TimerEvent: {}
[213.446589] (-) TimerEvent: {}
[213.476424] (image_view) StdoutLine: {'line': b'[ 68%] Built target extract_images\n'}
[213.547907] (image_view) StdoutLine: {'line': b'[ 73%] \x1b[32mBuilding CXX object CMakeFiles/image_saver.dir/src/image_saver.cpp.o\x1b[0m\n'}
[213.548107] (-) TimerEvent: {}
[213.705003] (-) TimerEvent: {}
[213.959671] (-) TimerEvent: {}
[214.348625] (-) TimerEvent: {}
[214.463982] (-) TimerEvent: {}
[214.563500] (examples_rclcpp_minimal_action_server) StdoutLine: {'line': b'[100%] \x1b[32m\x1b[1mLinking CXX executable action_server_not_composable\x1b[0m\n'}
[214.564826] (-) TimerEvent: {}
[214.672525] (-) TimerEvent: {}
[214.776702] (-) TimerEvent: {}
[214.877485] (-) TimerEvent: {}
[214.893312] (examples_rclcpp_minimal_action_server) StdoutLine: {'line': b'[100%] Built target action_server_not_composable\n'}
[214.928298] (examples_rclcpp_minimal_action_server) CommandEnded: {'returncode': 0}
[214.945106] (examples_rclcpp_minimal_action_server) JobProgress: {'identifier': 'examples_rclcpp_minimal_action_server', 'progress': 'install'}
[214.945210] (examples_rclcpp_minimal_action_server) Command: {'cmd': ['/usr/bin/cmake', '--install', '/home/bryan/Workspace/ros2_ws/build/examples_rclcpp_minimal_action_server'], 'cwd': '/home/bryan/Workspace/ros2_ws/build/examples_rclcpp_minimal_action_server', 'env': OrderedDict([('LESSOPEN', '| /usr/bin/lesspipe %s'), ('USER', 'bryan'), ('XDG_SESSION_TYPE', 'wayland'), ('SHLVL', '1'), ('LD_LIBRARY_PATH', '/opt/ros/humble/opt/rviz_ogre_vendor/lib:/opt/ros/humble/lib/x86_64-linux-gnu:/opt/ros/humble/lib'), ('HOME', '/home/bryan'), ('OLDPWD', '/home/bryan/Workspace/ros2_ws/src/ros2_sumo-main'), ('DESKTOP_SESSION', 'ubuntu'), ('ROS_PYTHON_VERSION', '3'), ('GNOME_SHELL_SESSION_MODE', 'ubuntu'), ('GTK_MODULES', 'gail:atk-bridge'), ('SYSTEMD_EXEC_PID', '1570'), ('DBUS_SESSION_BUS_ADDRESS', 'unix:path=/run/user/1000/bus'), ('COLORTERM', 'truecolor'), ('IM_CONFIG_PHASE', '1'), ('WAYLAND_DISPLAY', 'wayland-0'), ('ROS_DISTRO', 'humble'), ('LOGNAME', 'bryan'), ('SUMO_HOME', '/usr/share/sumo/'), ('_', '/usr/bin/colcon'), ('ROS_VERSION', '2'), ('XDG_SESSION_CLASS', 'user'), ('USERNAME', 'bryan'), ('TERM', 'xterm-256color'), ('GNOME_DESKTOP_SESSION_ID', 'this-is-deprecated'), ('ROS_LOCALHOST_ONLY', '0'), ('PATH', '/opt/ros/humble/bin:/usr/local/sbin:/usr/local/bin:/usr/sbin:/usr/bin:/sbin:/bin:/usr/games:/usr/local/games:/snap/bin:/snap/bin'), ('SESSION_MANAGER', 'local/bryan-VirtualBox:@/tmp/.ICE-unix/1372,unix/bryan-VirtualBox:/tmp/.ICE-unix/1372'), ('XDG_MENU_PREFIX', 'gnome-'), ('GNOME_TERMINAL_SCREEN', '/org/gnome/Terminal/screen/71407a0b_323a_4971_8a7b_4147209295e5'), ('GNOME_SETUP_DISPLAY', ':1'), ('XDG_RUNTIME_DIR', '/run/user/1000'), ('DISPLAY', ':0'), ('LANG', 'en_US.UTF-8'), ('XDG_CURRENT_DESKTOP', 'ubuntu:GNOME'), ('XMODIFIERS', '@im=ibus'), ('XDG_SESSION_DESKTOP', 'ubuntu'), ('XAUTHORITY', '/run/user/1000/.mutter-Xwaylandauth.GH7FP3'), ('LS_COLORS', 'rs=0:di=01;34:ln=01;36:mh=00:pi=40;33:so=01;35:do=01;35:bd=40;33;01:cd=40;33;01:or=40;31;01:mi=00:su=37;41:sg=30;43:ca=30;41:tw=30;42:ow=34;42:st=37;44:ex=01;32:*.tar=01;31:*.tgz=01;31:*.arc=01;31:*.arj=01;31:*.taz=01;31:*.lha=01;31:*.lz4=01;31:*.lzh=01;31:*.lzma=01;31:*.tlz=01;31:*.txz=01;31:*.tzo=01;31:*.t7z=01;31:*.zip=01;31:*.z=01;31:*.dz=01;31:*.gz=01;31:*.lrz=01;31:*.lz=01;31:*.lzo=01;31:*.xz=01;31:*.zst=01;31:*.tzst=01;31:*.bz2=01;31:*.bz=01;31:*.tbz=01;31:*.tbz2=01;31:*.tz=01;31:*.deb=01;31:*.rpm=01;31:*.jar=01;31:*.war=01;31:*.ear=01;31:*.sar=01;31:*.rar=01;31:*.alz=01;31:*.ace=01;31:*.zoo=01;31:*.cpio=01;31:*.7z=01;31:*.rz=01;31:*.cab=01;31:*.wim=01;31:*.swm=01;31:*.dwm=01;31:*.esd=01;31:*.jpg=01;35:*.jpeg=01;35:*.mjpg=01;35:*.mjpeg=01;35:*.gif=01;35:*.bmp=01;35:*.pbm=01;35:*.pgm=01;35:*.ppm=01;35:*.tga=01;35:*.xbm=01;35:*.xpm=01;35:*.tif=01;35:*.tiff=01;35:*.png=01;35:*.svg=01;35:*.svgz=01;35:*.mng=01;35:*.pcx=01;35:*.mov=01;35:*.mpg=01;35:*.mpeg=01;35:*.m2v=01;35:*.mkv=01;35:*.webm=01;35:*.webp=01;35:*.ogm=01;35:*.mp4=01;35:*.m4v=01;35:*.mp4v=01;35:*.vob=01;35:*.qt=01;35:*.nuv=01;35:*.wmv=01;35:*.asf=01;35:*.rm=01;35:*.rmvb=01;35:*.flc=01;35:*.avi=01;35:*.fli=01;35:*.flv=01;35:*.gl=01;35:*.dl=01;35:*.xcf=01;35:*.xwd=01;35:*.yuv=01;35:*.cgm=01;35:*.emf=01;35:*.ogv=01;35:*.ogx=01;35:*.aac=00;36:*.au=00;36:*.flac=00;36:*.m4a=00;36:*.mid=00;36:*.midi=00;36:*.mka=00;36:*.mp3=00;36:*.mpc=00;36:*.ogg=00;36:*.ra=00;36:*.wav=00;36:*.oga=00;36:*.opus=00;36:*.spx=00;36:*.xspf=00;36:'), ('GNOME_TERMINAL_SERVICE', ':1.91'), ('SSH_AGENT_LAUNCHER', 'gnome-keyring'), ('SSH_AUTH_SOCK', '/run/user/1000/keyring/ssh'), ('AMENT_PREFIX_PATH', '/opt/ros/humble'), ('SHELL', '/bin/bash'), ('QT_ACCESSIBILITY', '1'), ('GDMSESSION', 'ubuntu'), ('LESSCLOSE', '/usr/bin/lesspipe %s %s'), ('QT_IM_MODULE', 'ibus'), ('PWD', '/home/bryan/Workspace/ros2_ws/build/examples_rclcpp_minimal_action_server'), ('LC_ALL', 'en_US.UTF-8'), ('XDG_CONFIG_DIRS', '/etc/xdg/xdg-ubuntu:/etc/xdg'), ('XDG_DATA_DIRS', '/usr/share/ubuntu:/usr/local/share/:/usr/share/:/var/lib/snapd/desktop'), ('PYTHONPATH', '/opt/ros/humble/lib/python3.10/site-packages:/opt/ros/humble/local/lib/python3.10/dist-packages'), ('COLCON', '1'), ('VTE_VERSION', '6800'), ('CMAKE_PREFIX_PATH', '/opt/ros/humble')]), 'shell': False}
[214.946004] (examples_rclcpp_minimal_action_server) StdoutLine: {'line': b'-- Install configuration: ""\n'}
[214.946935] (examples_rclcpp_minimal_action_server) StdoutLine: {'line': b'-- Execute custom install script\n'}
[214.947646] (examples_rclcpp_minimal_action_server) StdoutLine: {'line': b'-- Symlinking: /home/bryan/Workspace/ros2_ws/install/examples_rclcpp_minimal_action_server/lib/examples_rclcpp_minimal_action_server/action_server_not_composable\n'}
[214.971760] (examples_rclcpp_minimal_action_server) StdoutLine: {'line': b'-- Symlinking: /home/bryan/Workspace/ros2_ws/install/examples_rclcpp_minimal_action_server/lib/examples_rclcpp_minimal_action_server/action_server_member_functions\n'}
[214.988147] (examples_rclcpp_minimal_action_server) StdoutLine: {'line': b'-- Symlinking: /home/bryan/Workspace/ros2_ws/install/examples_rclcpp_minimal_action_server/share/ament_index/resource_index/package_run_dependencies/examples_rclcpp_minimal_action_server\n'}
[214.988304] (-) TimerEvent: {}
[215.000784] (examples_rclcpp_minimal_action_server) StdoutLine: {'line': b'-- Symlinking: /home/bryan/Workspace/ros2_ws/install/examples_rclcpp_minimal_action_server/share/ament_index/resource_index/parent_prefix_path/examples_rclcpp_minimal_action_server\n'}
[215.012616] (examples_rclcpp_minimal_action_server) StdoutLine: {'line': b'-- Symlinking: /home/bryan/Workspace/ros2_ws/install/examples_rclcpp_minimal_action_server/share/examples_rclcpp_minimal_action_server/environment/ament_prefix_path.sh\n'}
[215.027442] (examples_rclcpp_minimal_action_server) StdoutLine: {'line': b'-- Symlinking: /home/bryan/Workspace/ros2_ws/install/examples_rclcpp_minimal_action_server/share/examples_rclcpp_minimal_action_server/environment/ament_prefix_path.dsv\n'}
[215.043252] (examples_rclcpp_minimal_action_server) StdoutLine: {'line': b'-- Symlinking: /home/bryan/Workspace/ros2_ws/install/examples_rclcpp_minimal_action_server/share/examples_rclcpp_minimal_action_server/environment/path.sh\n'}
[215.056781] (examples_rclcpp_minimal_action_server) StdoutLine: {'line': b'-- Symlinking: /home/bryan/Workspace/ros2_ws/install/examples_rclcpp_minimal_action_server/share/examples_rclcpp_minimal_action_server/environment/path.dsv\n'}
[215.072664] (examples_rclcpp_minimal_action_server) StdoutLine: {'line': b'-- Symlinking: /home/bryan/Workspace/ros2_ws/install/examples_rclcpp_minimal_action_server/share/examples_rclcpp_minimal_action_server/local_setup.bash\n'}
[215.086999] (examples_rclcpp_minimal_action_server) StdoutLine: {'line': b'-- Symlinking: /home/bryan/Workspace/ros2_ws/install/examples_rclcpp_minimal_action_server/share/examples_rclcpp_minimal_action_server/local_setup.sh\n'}
[215.100442] (examples_rclcpp_minimal_action_server) StdoutLine: {'line': b'-- Symlinking: /home/bryan/Workspace/ros2_ws/install/examples_rclcpp_minimal_action_server/share/examples_rclcpp_minimal_action_server/local_setup.zsh\n'}
[215.100742] (-) TimerEvent: {}
[215.125789] (examples_rclcpp_minimal_action_server) StdoutLine: {'line': b'-- Symlinking: /home/bryan/Workspace/ros2_ws/install/examples_rclcpp_minimal_action_server/share/examples_rclcpp_minimal_action_server/local_setup.dsv\n'}
[215.139553] (examples_rclcpp_minimal_action_server) StdoutLine: {'line': b'-- Symlinking: /home/bryan/Workspace/ros2_ws/install/examples_rclcpp_minimal_action_server/share/examples_rclcpp_minimal_action_server/package.dsv\n'}
[215.151901] (examples_rclcpp_minimal_action_server) StdoutLine: {'line': b'-- Symlinking: /home/bryan/Workspace/ros2_ws/install/examples_rclcpp_minimal_action_server/share/ament_index/resource_index/packages/examples_rclcpp_minimal_action_server\n'}
[215.162998] (examples_rclcpp_minimal_action_server) StdoutLine: {'line': b'-- Symlinking: /home/bryan/Workspace/ros2_ws/install/examples_rclcpp_minimal_action_server/share/examples_rclcpp_minimal_action_server/cmake/examples_rclcpp_minimal_action_serverConfig.cmake\n'}
[215.186049] (examples_rclcpp_minimal_action_server) StdoutLine: {'line': b'-- Symlinking: /home/bryan/Workspace/ros2_ws/install/examples_rclcpp_minimal_action_server/share/examples_rclcpp_minimal_action_server/cmake/examples_rclcpp_minimal_action_serverConfig-version.cmake\n'}
[215.187104] (examples_rclcpp_minimal_action_server) StdoutLine: {'line': b'-- Symlinking: /home/bryan/Workspace/ros2_ws/install/examples_rclcpp_minimal_action_server/share/examples_rclcpp_minimal_action_server/package.xml\n'}
[215.224308] (examples_rclcpp_minimal_action_server) CommandEnded: {'returncode': 0}
[215.229662] (-) TimerEvent: {}
[215.244991] (examples_rclcpp_minimal_action_server) JobEnded: {'identifier': 'examples_rclcpp_minimal_action_server', 'rc': 0}
[215.245753] (examples_rclcpp_minimal_client) JobStarted: {'identifier': 'examples_rclcpp_minimal_client'}
[215.279173] (examples_rclcpp_minimal_client) JobProgress: {'identifier': 'examples_rclcpp_minimal_client', 'progress': 'cmake'}
[215.284799] (examples_rclcpp_minimal_client) Command: {'cmd': ['/usr/bin/cmake', '/home/bryan/Workspace/ros2_ws/src/examples/rclcpp/services/minimal_client', '-DAMENT_CMAKE_SYMLINK_INSTALL=1', '-DCMAKE_INSTALL_PREFIX=/home/bryan/Workspace/ros2_ws/install/examples_rclcpp_minimal_client'], 'cwd': '/home/bryan/Workspace/ros2_ws/build/examples_rclcpp_minimal_client', 'env': OrderedDict([('LESSOPEN', '| /usr/bin/lesspipe %s'), ('USER', 'bryan'), ('XDG_SESSION_TYPE', 'wayland'), ('SHLVL', '1'), ('LD_LIBRARY_PATH', '/opt/ros/humble/opt/rviz_ogre_vendor/lib:/opt/ros/humble/lib/x86_64-linux-gnu:/opt/ros/humble/lib'), ('HOME', '/home/bryan'), ('OLDPWD', '/home/bryan/Workspace/ros2_ws/src/ros2_sumo-main'), ('DESKTOP_SESSION', 'ubuntu'), ('ROS_PYTHON_VERSION', '3'), ('GNOME_SHELL_SESSION_MODE', 'ubuntu'), ('GTK_MODULES', 'gail:atk-bridge'), ('SYSTEMD_EXEC_PID', '1570'), ('DBUS_SESSION_BUS_ADDRESS', 'unix:path=/run/user/1000/bus'), ('COLORTERM', 'truecolor'), ('IM_CONFIG_PHASE', '1'), ('WAYLAND_DISPLAY', 'wayland-0'), ('ROS_DISTRO', 'humble'), ('LOGNAME', 'bryan'), ('SUMO_HOME', '/usr/share/sumo/'), ('_', '/usr/bin/colcon'), ('ROS_VERSION', '2'), ('XDG_SESSION_CLASS', 'user'), ('USERNAME', 'bryan'), ('TERM', 'xterm-256color'), ('GNOME_DESKTOP_SESSION_ID', 'this-is-deprecated'), ('ROS_LOCALHOST_ONLY', '0'), ('PATH', '/opt/ros/humble/bin:/usr/local/sbin:/usr/local/bin:/usr/sbin:/usr/bin:/sbin:/bin:/usr/games:/usr/local/games:/snap/bin:/snap/bin'), ('SESSION_MANAGER', 'local/bryan-VirtualBox:@/tmp/.ICE-unix/1372,unix/bryan-VirtualBox:/tmp/.ICE-unix/1372'), ('XDG_MENU_PREFIX', 'gnome-'), ('GNOME_TERMINAL_SCREEN', '/org/gnome/Terminal/screen/71407a0b_323a_4971_8a7b_4147209295e5'), ('GNOME_SETUP_DISPLAY', ':1'), ('XDG_RUNTIME_DIR', '/run/user/1000'), ('DISPLAY', ':0'), ('LANG', 'en_US.UTF-8'), ('XDG_CURRENT_DESKTOP', 'ubuntu:GNOME'), ('XMODIFIERS', '@im=ibus'), ('XDG_SESSION_DESKTOP', 'ubuntu'), ('XAUTHORITY', '/run/user/1000/.mutter-Xwaylandauth.GH7FP3'), ('LS_COLORS', 'rs=0:di=01;34:ln=01;36:mh=00:pi=40;33:so=01;35:do=01;35:bd=40;33;01:cd=40;33;01:or=40;31;01:mi=00:su=37;41:sg=30;43:ca=30;41:tw=30;42:ow=34;42:st=37;44:ex=01;32:*.tar=01;31:*.tgz=01;31:*.arc=01;31:*.arj=01;31:*.taz=01;31:*.lha=01;31:*.lz4=01;31:*.lzh=01;31:*.lzma=01;31:*.tlz=01;31:*.txz=01;31:*.tzo=01;31:*.t7z=01;31:*.zip=01;31:*.z=01;31:*.dz=01;31:*.gz=01;31:*.lrz=01;31:*.lz=01;31:*.lzo=01;31:*.xz=01;31:*.zst=01;31:*.tzst=01;31:*.bz2=01;31:*.bz=01;31:*.tbz=01;31:*.tbz2=01;31:*.tz=01;31:*.deb=01;31:*.rpm=01;31:*.jar=01;31:*.war=01;31:*.ear=01;31:*.sar=01;31:*.rar=01;31:*.alz=01;31:*.ace=01;31:*.zoo=01;31:*.cpio=01;31:*.7z=01;31:*.rz=01;31:*.cab=01;31:*.wim=01;31:*.swm=01;31:*.dwm=01;31:*.esd=01;31:*.jpg=01;35:*.jpeg=01;35:*.mjpg=01;35:*.mjpeg=01;35:*.gif=01;35:*.bmp=01;35:*.pbm=01;35:*.pgm=01;35:*.ppm=01;35:*.tga=01;35:*.xbm=01;35:*.xpm=01;35:*.tif=01;35:*.tiff=01;35:*.png=01;35:*.svg=01;35:*.svgz=01;35:*.mng=01;35:*.pcx=01;35:*.mov=01;35:*.mpg=01;35:*.mpeg=01;35:*.m2v=01;35:*.mkv=01;35:*.webm=01;35:*.webp=01;35:*.ogm=01;35:*.mp4=01;35:*.m4v=01;35:*.mp4v=01;35:*.vob=01;35:*.qt=01;35:*.nuv=01;35:*.wmv=01;35:*.asf=01;35:*.rm=01;35:*.rmvb=01;35:*.flc=01;35:*.avi=01;35:*.fli=01;35:*.flv=01;35:*.gl=01;35:*.dl=01;35:*.xcf=01;35:*.xwd=01;35:*.yuv=01;35:*.cgm=01;35:*.emf=01;35:*.ogv=01;35:*.ogx=01;35:*.aac=00;36:*.au=00;36:*.flac=00;36:*.m4a=00;36:*.mid=00;36:*.midi=00;36:*.mka=00;36:*.mp3=00;36:*.mpc=00;36:*.ogg=00;36:*.ra=00;36:*.wav=00;36:*.oga=00;36:*.opus=00;36:*.spx=00;36:*.xspf=00;36:'), ('GNOME_TERMINAL_SERVICE', ':1.91'), ('SSH_AGENT_LAUNCHER', 'gnome-keyring'), ('SSH_AUTH_SOCK', '/run/user/1000/keyring/ssh'), ('AMENT_PREFIX_PATH', '/opt/ros/humble'), ('SHELL', '/bin/bash'), ('QT_ACCESSIBILITY', '1'), ('GDMSESSION', 'ubuntu'), ('LESSCLOSE', '/usr/bin/lesspipe %s %s'), ('QT_IM_MODULE', 'ibus'), ('PWD', '/home/bryan/Workspace/ros2_ws/build/examples_rclcpp_minimal_client'), ('LC_ALL', 'en_US.UTF-8'), ('XDG_CONFIG_DIRS', '/etc/xdg/xdg-ubuntu:/etc/xdg'), ('XDG_DATA_DIRS', '/usr/share/ubuntu:/usr/local/share/:/usr/share/:/var/lib/snapd/desktop'), ('PYTHONPATH', '/opt/ros/humble/lib/python3.10/site-packages:/opt/ros/humble/local/lib/python3.10/dist-packages'), ('COLCON', '1'), ('VTE_VERSION', '6800'), ('CMAKE_PREFIX_PATH', '/opt/ros/humble')]), 'shell': False}
[215.376999] (-) TimerEvent: {}
[215.379463] (examples_rclcpp_minimal_client) StdoutLine: {'line': b'-- The C compiler identification is GNU 11.4.0\n'}
[215.494534] (-) TimerEvent: {}
[215.529477] (examples_rclcpp_minimal_client) StdoutLine: {'line': b'-- The CXX compiler identification is GNU 11.4.0\n'}
[215.529723] (examples_rclcpp_minimal_client) StdoutLine: {'line': b'-- Detecting C compiler ABI info\n'}
[215.965143] (-) TimerEvent: {}
[216.065763] (examples_rclcpp_minimal_client) StdoutLine: {'line': b'-- Detecting C compiler ABI info - done\n'}
[216.066136] (-) TimerEvent: {}
[216.067061] (examples_rclcpp_minimal_client) StdoutLine: {'line': b'-- Check for working C compiler: /usr/bin/cc - skipped\n'}
[216.067776] (examples_rclcpp_minimal_client) StdoutLine: {'line': b'-- Detecting C compile features\n'}
[216.068632] (examples_rclcpp_minimal_client) StdoutLine: {'line': b'-- Detecting C compile features - done\n'}
[216.073238] (examples_rclcpp_minimal_client) StdoutLine: {'line': b'-- Detecting CXX compiler ABI info\n'}
[216.203876] (examples_rclcpp_minimal_client) StdoutLine: {'line': b'-- Detecting CXX compiler ABI info - done\n'}
[216.204059] (-) TimerEvent: {}
[216.225490] (examples_rclcpp_minimal_client) StdoutLine: {'line': b'-- Check for working CXX compiler: /usr/bin/c++ - skipped\n'}
[216.227613] (examples_rclcpp_minimal_client) StdoutLine: {'line': b'-- Detecting CXX compile features\n'}
[216.229062] (examples_rclcpp_minimal_client) StdoutLine: {'line': b'-- Detecting CXX compile features - done\n'}
[216.232088] (examples_rclcpp_minimal_client) StdoutLine: {'line': b'-- Found ament_cmake: 1.3.14 (/opt/ros/humble/share/ament_cmake/cmake)\n'}
[216.450715] (examples_rclcpp_minimal_client) StdoutLine: {'line': b'-- Found Python3: /usr/bin/python3 (found version "3.10.12") found components: Interpreter \n'}
[216.450919] (-) TimerEvent: {}
[216.533596] (examples_rclcpp_minimal_client) StdoutLine: {'line': b'-- Override CMake install command with custom implementation using symlinks instead of copying resources\n'}
[216.560205] (examples_rclcpp_minimal_client) StdoutLine: {'line': b'-- Found example_interfaces: 0.9.3 (/opt/ros/humble/share/example_interfaces/cmake)\n'}
[216.560361] (-) TimerEvent: {}
[216.602185] (examples_rclcpp_minimal_client) StdoutLine: {'line': b'-- Found rosidl_generator_c: 3.1.8 (/opt/ros/humble/share/rosidl_generator_c/cmake)\n'}
[216.608238] (examples_rclcpp_minimal_client) StdoutLine: {'line': b'-- Found rosidl_adapter: 3.1.8 (/opt/ros/humble/share/rosidl_adapter/cmake)\n'}
[216.617822] (examples_rclcpp_minimal_client) StdoutLine: {'line': b'-- Found rosidl_generator_cpp: 3.1.8 (/opt/ros/humble/share/rosidl_generator_cpp/cmake)\n'}
[216.634224] (examples_rclcpp_minimal_client) StdoutLine: {'line': b'-- Using all available rosidl_typesupport_c: rosidl_typesupport_fastrtps_c;rosidl_typesupport_introspection_c\n'}
[216.660767] (examples_rclcpp_minimal_client) StdoutLine: {'line': b'-- Using all available rosidl_typesupport_cpp: rosidl_typesupport_fastrtps_cpp;rosidl_typesupport_introspection_cpp\n'}
[216.660992] (-) TimerEvent: {}
[216.739016] (examples_rclcpp_minimal_client) StdoutLine: {'line': b'-- Found rclcpp: 16.0.18 (/opt/ros/humble/share/rclcpp/cmake)\n'}
[216.793170] (examples_rclcpp_minimal_client) StdoutLine: {'line': b'-- Found rmw_implementation_cmake: 6.1.2 (/opt/ros/humble/share/rmw_implementation_cmake/cmake)\n'}
[216.793316] (-) TimerEvent: {}
[216.796129] (examples_rclcpp_minimal_client) StdoutLine: {'line': b'-- Found rmw_fastrtps_cpp: 6.2.10 (/opt/ros/humble/share/rmw_fastrtps_cpp/cmake)\n'}
[216.952415] (-) TimerEvent: {}
[217.076603] (examples_rclcpp_minimal_client) StdoutLine: {'line': b'-- Found OpenSSL: /usr/lib/x86_64-linux-gnu/libcrypto.so (found version "3.0.2")  \n'}
[217.076855] (-) TimerEvent: {}
[217.112503] (examples_rclcpp_minimal_client) StdoutLine: {'line': b'-- Found FastRTPS: /opt/ros/humble/include  \n'}
[217.159668] (examples_rclcpp_minimal_client) StdoutLine: {'line': b"-- Using RMW implementation 'rmw_fastrtps_cpp' as default\n"}
[217.159875] (examples_rclcpp_minimal_client) StdoutLine: {'line': b'-- Looking for pthread.h\n'}
[217.213815] (-) TimerEvent: {}
[217.304325] (examples_rclcpp_minimal_client) StdoutLine: {'line': b'-- Looking for pthread.h - found\n'}
[217.304858] (examples_rclcpp_minimal_client) StdoutLine: {'line': b'-- Performing Test CMAKE_HAVE_LIBC_PTHREAD\n'}
[217.321154] (-) TimerEvent: {}
[217.426689] (-) TimerEvent: {}
[217.480789] (examples_rclcpp_minimal_client) StdoutLine: {'line': b'-- Performing Test CMAKE_HAVE_LIBC_PTHREAD - Success\n'}
[217.482636] (examples_rclcpp_minimal_client) StdoutLine: {'line': b'-- Found Threads: TRUE  \n'}
[217.574081] (examples_rclcpp_minimal_client) StdoutLine: {'line': b'-- Found ament_lint_auto: 0.12.15 (/opt/ros/humble/share/ament_lint_auto/cmake)\n'}
[217.574606] (-) TimerEvent: {}
[217.734537] (examples_rclcpp_minimal_client) StdoutLine: {'line': b"-- Added test 'copyright' to check source files copyright and LICENSE\n"}
[217.734875] (-) TimerEvent: {}
[217.736584] (examples_rclcpp_minimal_client) StdoutLine: {'line': b"-- Added test 'cppcheck' to perform static code analysis on C / C++ code\n"}
[217.737025] (examples_rclcpp_minimal_client) StdoutLine: {'line': b'-- Configured cppcheck include dirs: \n'}
[217.737184] (examples_rclcpp_minimal_client) StdoutLine: {'line': b'-- Configured cppcheck exclude dirs and/or files: \n'}
[217.739047] (examples_rclcpp_minimal_client) StdoutLine: {'line': b"-- Added test 'cpplint' to check C / C++ code against the Google style\n"}
[217.739205] (examples_rclcpp_minimal_client) StdoutLine: {'line': b'-- Configured cpplint exclude dirs and/or files: \n'}
[217.739328] (examples_rclcpp_minimal_client) StdoutLine: {'line': b"-- Added test 'lint_cmake' to check CMake code style\n"}
[217.740685] (examples_rclcpp_minimal_client) StdoutLine: {'line': b"-- Added test 'uncrustify' to check C / C++ code style\n"}
[217.740959] (examples_rclcpp_minimal_client) StdoutLine: {'line': b'-- Configured uncrustify additional arguments: \n'}
[217.743512] (examples_rclcpp_minimal_client) StdoutLine: {'line': b"-- Added test 'xmllint' to check XML markup files\n"}
[217.743742] (examples_rclcpp_minimal_client) StdoutLine: {'line': b'-- Configuring done\n'}
[217.755648] (examples_rclcpp_minimal_client) StdoutLine: {'line': b'-- Generating done\n'}
[217.760992] (examples_rclcpp_minimal_client) StdoutLine: {'line': b'-- Build files have been written to: /home/bryan/Workspace/ros2_ws/build/examples_rclcpp_minimal_client\n'}
[217.953353] (-) TimerEvent: {}
[217.954121] (examples_rclcpp_minimal_client) CommandEnded: {'returncode': 0}
[217.968508] (examples_rclcpp_minimal_client) JobProgress: {'identifier': 'examples_rclcpp_minimal_client', 'progress': 'build'}
[217.968579] (examples_rclcpp_minimal_client) Command: {'cmd': ['/usr/bin/cmake', '--build', '/home/bryan/Workspace/ros2_ws/build/examples_rclcpp_minimal_client', '--', '-j3', '-l3'], 'cwd': '/home/bryan/Workspace/ros2_ws/build/examples_rclcpp_minimal_client', 'env': OrderedDict([('LESSOPEN', '| /usr/bin/lesspipe %s'), ('USER', 'bryan'), ('XDG_SESSION_TYPE', 'wayland'), ('SHLVL', '1'), ('LD_LIBRARY_PATH', '/opt/ros/humble/opt/rviz_ogre_vendor/lib:/opt/ros/humble/lib/x86_64-linux-gnu:/opt/ros/humble/lib'), ('HOME', '/home/bryan'), ('OLDPWD', '/home/bryan/Workspace/ros2_ws/src/ros2_sumo-main'), ('DESKTOP_SESSION', 'ubuntu'), ('ROS_PYTHON_VERSION', '3'), ('GNOME_SHELL_SESSION_MODE', 'ubuntu'), ('GTK_MODULES', 'gail:atk-bridge'), ('SYSTEMD_EXEC_PID', '1570'), ('DBUS_SESSION_BUS_ADDRESS', 'unix:path=/run/user/1000/bus'), ('COLORTERM', 'truecolor'), ('IM_CONFIG_PHASE', '1'), ('WAYLAND_DISPLAY', 'wayland-0'), ('ROS_DISTRO', 'humble'), ('LOGNAME', 'bryan'), ('SUMO_HOME', '/usr/share/sumo/'), ('_', '/usr/bin/colcon'), ('ROS_VERSION', '2'), ('XDG_SESSION_CLASS', 'user'), ('USERNAME', 'bryan'), ('TERM', 'xterm-256color'), ('GNOME_DESKTOP_SESSION_ID', 'this-is-deprecated'), ('ROS_LOCALHOST_ONLY', '0'), ('PATH', '/opt/ros/humble/bin:/usr/local/sbin:/usr/local/bin:/usr/sbin:/usr/bin:/sbin:/bin:/usr/games:/usr/local/games:/snap/bin:/snap/bin'), ('SESSION_MANAGER', 'local/bryan-VirtualBox:@/tmp/.ICE-unix/1372,unix/bryan-VirtualBox:/tmp/.ICE-unix/1372'), ('XDG_MENU_PREFIX', 'gnome-'), ('GNOME_TERMINAL_SCREEN', '/org/gnome/Terminal/screen/71407a0b_323a_4971_8a7b_4147209295e5'), ('GNOME_SETUP_DISPLAY', ':1'), ('XDG_RUNTIME_DIR', '/run/user/1000'), ('DISPLAY', ':0'), ('LANG', 'en_US.UTF-8'), ('XDG_CURRENT_DESKTOP', 'ubuntu:GNOME'), ('XMODIFIERS', '@im=ibus'), ('XDG_SESSION_DESKTOP', 'ubuntu'), ('XAUTHORITY', '/run/user/1000/.mutter-Xwaylandauth.GH7FP3'), ('LS_COLORS', 'rs=0:di=01;34:ln=01;36:mh=00:pi=40;33:so=01;35:do=01;35:bd=40;33;01:cd=40;33;01:or=40;31;01:mi=00:su=37;41:sg=30;43:ca=30;41:tw=30;42:ow=34;42:st=37;44:ex=01;32:*.tar=01;31:*.tgz=01;31:*.arc=01;31:*.arj=01;31:*.taz=01;31:*.lha=01;31:*.lz4=01;31:*.lzh=01;31:*.lzma=01;31:*.tlz=01;31:*.txz=01;31:*.tzo=01;31:*.t7z=01;31:*.zip=01;31:*.z=01;31:*.dz=01;31:*.gz=01;31:*.lrz=01;31:*.lz=01;31:*.lzo=01;31:*.xz=01;31:*.zst=01;31:*.tzst=01;31:*.bz2=01;31:*.bz=01;31:*.tbz=01;31:*.tbz2=01;31:*.tz=01;31:*.deb=01;31:*.rpm=01;31:*.jar=01;31:*.war=01;31:*.ear=01;31:*.sar=01;31:*.rar=01;31:*.alz=01;31:*.ace=01;31:*.zoo=01;31:*.cpio=01;31:*.7z=01;31:*.rz=01;31:*.cab=01;31:*.wim=01;31:*.swm=01;31:*.dwm=01;31:*.esd=01;31:*.jpg=01;35:*.jpeg=01;35:*.mjpg=01;35:*.mjpeg=01;35:*.gif=01;35:*.bmp=01;35:*.pbm=01;35:*.pgm=01;35:*.ppm=01;35:*.tga=01;35:*.xbm=01;35:*.xpm=01;35:*.tif=01;35:*.tiff=01;35:*.png=01;35:*.svg=01;35:*.svgz=01;35:*.mng=01;35:*.pcx=01;35:*.mov=01;35:*.mpg=01;35:*.mpeg=01;35:*.m2v=01;35:*.mkv=01;35:*.webm=01;35:*.webp=01;35:*.ogm=01;35:*.mp4=01;35:*.m4v=01;35:*.mp4v=01;35:*.vob=01;35:*.qt=01;35:*.nuv=01;35:*.wmv=01;35:*.asf=01;35:*.rm=01;35:*.rmvb=01;35:*.flc=01;35:*.avi=01;35:*.fli=01;35:*.flv=01;35:*.gl=01;35:*.dl=01;35:*.xcf=01;35:*.xwd=01;35:*.yuv=01;35:*.cgm=01;35:*.emf=01;35:*.ogv=01;35:*.ogx=01;35:*.aac=00;36:*.au=00;36:*.flac=00;36:*.m4a=00;36:*.mid=00;36:*.midi=00;36:*.mka=00;36:*.mp3=00;36:*.mpc=00;36:*.ogg=00;36:*.ra=00;36:*.wav=00;36:*.oga=00;36:*.opus=00;36:*.spx=00;36:*.xspf=00;36:'), ('GNOME_TERMINAL_SERVICE', ':1.91'), ('SSH_AGENT_LAUNCHER', 'gnome-keyring'), ('SSH_AUTH_SOCK', '/run/user/1000/keyring/ssh'), ('AMENT_PREFIX_PATH', '/opt/ros/humble'), ('SHELL', '/bin/bash'), ('QT_ACCESSIBILITY', '1'), ('GDMSESSION', 'ubuntu'), ('LESSCLOSE', '/usr/bin/lesspipe %s %s'), ('QT_IM_MODULE', 'ibus'), ('PWD', '/home/bryan/Workspace/ros2_ws/build/examples_rclcpp_minimal_client'), ('LC_ALL', 'en_US.UTF-8'), ('XDG_CONFIG_DIRS', '/etc/xdg/xdg-ubuntu:/etc/xdg'), ('XDG_DATA_DIRS', '/usr/share/ubuntu:/usr/local/share/:/usr/share/:/var/lib/snapd/desktop'), ('PYTHONPATH', '/opt/ros/humble/lib/python3.10/site-packages:/opt/ros/humble/local/lib/python3.10/dist-packages'), ('COLCON', '1'), ('VTE_VERSION', '6800'), ('CMAKE_PREFIX_PATH', '/opt/ros/humble')]), 'shell': False}
[218.054766] (-) TimerEvent: {}
[218.083067] (examples_rclcpp_minimal_client) StdoutLine: {'line': b'[ 50%] \x1b[32mBuilding CXX object CMakeFiles/client_main.dir/main.cpp.o\x1b[0m\n'}
[218.882578] (image_view) StdoutLine: {'line': b'[ 78%] \x1b[32m\x1b[1mLinking CXX executable image_saver\x1b[0m\n'}
[218.882800] (-) TimerEvent: {}
[219.962948] (-) TimerEvent: {}
[220.243624] (-) TimerEvent: {}
[220.290706] (image_view) StdoutLine: {'line': b'[ 78%] Built target image_saver\n'}
[220.349049] (-) TimerEvent: {}
[220.370939] (image_view) StdoutLine: {'line': b'[ 84%] \x1b[32mBuilding CXX object CMakeFiles/video_recorder.dir/src/video_recorder.cpp.o\x1b[0m\n'}
[220.949147] (-) TimerEvent: {}
[221.350919] (-) TimerEvent: {}
[221.957759] (-) TimerEvent: {}
[222.986515] (-) TimerEvent: {}
[223.651279] (-) TimerEvent: {}
[223.759715] (-) TimerEvent: {}
[223.764214] (examples_rclcpp_minimal_client) StdoutLine: {'line': b'[100%] \x1b[32m\x1b[1mLinking CXX executable client_main\x1b[0m\n'}
[223.950320] (-) TimerEvent: {}
[224.179853] (-) TimerEvent: {}
[224.198336] (examples_rclcpp_minimal_client) StdoutLine: {'line': b'[100%] Built target client_main\n'}
[224.236253] (examples_rclcpp_minimal_client) CommandEnded: {'returncode': 0}
[224.236897] (examples_rclcpp_minimal_client) JobProgress: {'identifier': 'examples_rclcpp_minimal_client', 'progress': 'install'}
[224.237181] (examples_rclcpp_minimal_client) Command: {'cmd': ['/usr/bin/cmake', '--install', '/home/bryan/Workspace/ros2_ws/build/examples_rclcpp_minimal_client'], 'cwd': '/home/bryan/Workspace/ros2_ws/build/examples_rclcpp_minimal_client', 'env': OrderedDict([('LESSOPEN', '| /usr/bin/lesspipe %s'), ('USER', 'bryan'), ('XDG_SESSION_TYPE', 'wayland'), ('SHLVL', '1'), ('LD_LIBRARY_PATH', '/opt/ros/humble/opt/rviz_ogre_vendor/lib:/opt/ros/humble/lib/x86_64-linux-gnu:/opt/ros/humble/lib'), ('HOME', '/home/bryan'), ('OLDPWD', '/home/bryan/Workspace/ros2_ws/src/ros2_sumo-main'), ('DESKTOP_SESSION', 'ubuntu'), ('ROS_PYTHON_VERSION', '3'), ('GNOME_SHELL_SESSION_MODE', 'ubuntu'), ('GTK_MODULES', 'gail:atk-bridge'), ('SYSTEMD_EXEC_PID', '1570'), ('DBUS_SESSION_BUS_ADDRESS', 'unix:path=/run/user/1000/bus'), ('COLORTERM', 'truecolor'), ('IM_CONFIG_PHASE', '1'), ('WAYLAND_DISPLAY', 'wayland-0'), ('ROS_DISTRO', 'humble'), ('LOGNAME', 'bryan'), ('SUMO_HOME', '/usr/share/sumo/'), ('_', '/usr/bin/colcon'), ('ROS_VERSION', '2'), ('XDG_SESSION_CLASS', 'user'), ('USERNAME', 'bryan'), ('TERM', 'xterm-256color'), ('GNOME_DESKTOP_SESSION_ID', 'this-is-deprecated'), ('ROS_LOCALHOST_ONLY', '0'), ('PATH', '/opt/ros/humble/bin:/usr/local/sbin:/usr/local/bin:/usr/sbin:/usr/bin:/sbin:/bin:/usr/games:/usr/local/games:/snap/bin:/snap/bin'), ('SESSION_MANAGER', 'local/bryan-VirtualBox:@/tmp/.ICE-unix/1372,unix/bryan-VirtualBox:/tmp/.ICE-unix/1372'), ('XDG_MENU_PREFIX', 'gnome-'), ('GNOME_TERMINAL_SCREEN', '/org/gnome/Terminal/screen/71407a0b_323a_4971_8a7b_4147209295e5'), ('GNOME_SETUP_DISPLAY', ':1'), ('XDG_RUNTIME_DIR', '/run/user/1000'), ('DISPLAY', ':0'), ('LANG', 'en_US.UTF-8'), ('XDG_CURRENT_DESKTOP', 'ubuntu:GNOME'), ('XMODIFIERS', '@im=ibus'), ('XDG_SESSION_DESKTOP', 'ubuntu'), ('XAUTHORITY', '/run/user/1000/.mutter-Xwaylandauth.GH7FP3'), ('LS_COLORS', 'rs=0:di=01;34:ln=01;36:mh=00:pi=40;33:so=01;35:do=01;35:bd=40;33;01:cd=40;33;01:or=40;31;01:mi=00:su=37;41:sg=30;43:ca=30;41:tw=30;42:ow=34;42:st=37;44:ex=01;32:*.tar=01;31:*.tgz=01;31:*.arc=01;31:*.arj=01;31:*.taz=01;31:*.lha=01;31:*.lz4=01;31:*.lzh=01;31:*.lzma=01;31:*.tlz=01;31:*.txz=01;31:*.tzo=01;31:*.t7z=01;31:*.zip=01;31:*.z=01;31:*.dz=01;31:*.gz=01;31:*.lrz=01;31:*.lz=01;31:*.lzo=01;31:*.xz=01;31:*.zst=01;31:*.tzst=01;31:*.bz2=01;31:*.bz=01;31:*.tbz=01;31:*.tbz2=01;31:*.tz=01;31:*.deb=01;31:*.rpm=01;31:*.jar=01;31:*.war=01;31:*.ear=01;31:*.sar=01;31:*.rar=01;31:*.alz=01;31:*.ace=01;31:*.zoo=01;31:*.cpio=01;31:*.7z=01;31:*.rz=01;31:*.cab=01;31:*.wim=01;31:*.swm=01;31:*.dwm=01;31:*.esd=01;31:*.jpg=01;35:*.jpeg=01;35:*.mjpg=01;35:*.mjpeg=01;35:*.gif=01;35:*.bmp=01;35:*.pbm=01;35:*.pgm=01;35:*.ppm=01;35:*.tga=01;35:*.xbm=01;35:*.xpm=01;35:*.tif=01;35:*.tiff=01;35:*.png=01;35:*.svg=01;35:*.svgz=01;35:*.mng=01;35:*.pcx=01;35:*.mov=01;35:*.mpg=01;35:*.mpeg=01;35:*.m2v=01;35:*.mkv=01;35:*.webm=01;35:*.webp=01;35:*.ogm=01;35:*.mp4=01;35:*.m4v=01;35:*.mp4v=01;35:*.vob=01;35:*.qt=01;35:*.nuv=01;35:*.wmv=01;35:*.asf=01;35:*.rm=01;35:*.rmvb=01;35:*.flc=01;35:*.avi=01;35:*.fli=01;35:*.flv=01;35:*.gl=01;35:*.dl=01;35:*.xcf=01;35:*.xwd=01;35:*.yuv=01;35:*.cgm=01;35:*.emf=01;35:*.ogv=01;35:*.ogx=01;35:*.aac=00;36:*.au=00;36:*.flac=00;36:*.m4a=00;36:*.mid=00;36:*.midi=00;36:*.mka=00;36:*.mp3=00;36:*.mpc=00;36:*.ogg=00;36:*.ra=00;36:*.wav=00;36:*.oga=00;36:*.opus=00;36:*.spx=00;36:*.xspf=00;36:'), ('GNOME_TERMINAL_SERVICE', ':1.91'), ('SSH_AGENT_LAUNCHER', 'gnome-keyring'), ('SSH_AUTH_SOCK', '/run/user/1000/keyring/ssh'), ('AMENT_PREFIX_PATH', '/opt/ros/humble'), ('SHELL', '/bin/bash'), ('QT_ACCESSIBILITY', '1'), ('GDMSESSION', 'ubuntu'), ('LESSCLOSE', '/usr/bin/lesspipe %s %s'), ('QT_IM_MODULE', 'ibus'), ('PWD', '/home/bryan/Workspace/ros2_ws/build/examples_rclcpp_minimal_client'), ('LC_ALL', 'en_US.UTF-8'), ('XDG_CONFIG_DIRS', '/etc/xdg/xdg-ubuntu:/etc/xdg'), ('XDG_DATA_DIRS', '/usr/share/ubuntu:/usr/local/share/:/usr/share/:/var/lib/snapd/desktop'), ('PYTHONPATH', '/opt/ros/humble/lib/python3.10/site-packages:/opt/ros/humble/local/lib/python3.10/dist-packages'), ('COLCON', '1'), ('VTE_VERSION', '6800'), ('CMAKE_PREFIX_PATH', '/opt/ros/humble')]), 'shell': False}
[224.265744] (examples_rclcpp_minimal_client) StdoutLine: {'line': b'-- Install configuration: ""\n'}
[224.266555] (examples_rclcpp_minimal_client) StdoutLine: {'line': b'-- Execute custom install script\n'}
[224.267151] (examples_rclcpp_minimal_client) StdoutLine: {'line': b'-- Symlinking: /home/bryan/Workspace/ros2_ws/install/examples_rclcpp_minimal_client/lib/examples_rclcpp_minimal_client/client_main\n'}
[224.285011] (examples_rclcpp_minimal_client) StdoutLine: {'line': b'-- Symlinking: /home/bryan/Workspace/ros2_ws/install/examples_rclcpp_minimal_client/share/ament_index/resource_index/package_run_dependencies/examples_rclcpp_minimal_client\n'}
[224.285168] (-) TimerEvent: {}
[224.306620] (examples_rclcpp_minimal_client) StdoutLine: {'line': b'-- Symlinking: /home/bryan/Workspace/ros2_ws/install/examples_rclcpp_minimal_client/share/ament_index/resource_index/parent_prefix_path/examples_rclcpp_minimal_client\n'}
[224.329680] (examples_rclcpp_minimal_client) StdoutLine: {'line': b'-- Symlinking: /home/bryan/Workspace/ros2_ws/install/examples_rclcpp_minimal_client/share/examples_rclcpp_minimal_client/environment/ament_prefix_path.sh\n'}
[224.358639] (examples_rclcpp_minimal_client) StdoutLine: {'line': b'-- Symlinking: /home/bryan/Workspace/ros2_ws/install/examples_rclcpp_minimal_client/share/examples_rclcpp_minimal_client/environment/ament_prefix_path.dsv\n'}
[224.381407] (examples_rclcpp_minimal_client) StdoutLine: {'line': b'-- Symlinking: /home/bryan/Workspace/ros2_ws/install/examples_rclcpp_minimal_client/share/examples_rclcpp_minimal_client/environment/path.sh\n'}
[224.385461] (-) TimerEvent: {}
[224.401169] (examples_rclcpp_minimal_client) StdoutLine: {'line': b'-- Symlinking: /home/bryan/Workspace/ros2_ws/install/examples_rclcpp_minimal_client/share/examples_rclcpp_minimal_client/environment/path.dsv\n'}
[224.440125] (examples_rclcpp_minimal_client) StdoutLine: {'line': b'-- Symlinking: /home/bryan/Workspace/ros2_ws/install/examples_rclcpp_minimal_client/share/examples_rclcpp_minimal_client/local_setup.bash\n'}
[224.443874] (examples_rclcpp_minimal_client) StdoutLine: {'line': b'-- Symlinking: /home/bryan/Workspace/ros2_ws/install/examples_rclcpp_minimal_client/share/examples_rclcpp_minimal_client/local_setup.sh\n'}
[224.464743] (examples_rclcpp_minimal_client) StdoutLine: {'line': b'-- Symlinking: /home/bryan/Workspace/ros2_ws/install/examples_rclcpp_minimal_client/share/examples_rclcpp_minimal_client/local_setup.zsh\n'}
[224.483069] (examples_rclcpp_minimal_client) StdoutLine: {'line': b'-- Symlinking: /home/bryan/Workspace/ros2_ws/install/examples_rclcpp_minimal_client/share/examples_rclcpp_minimal_client/local_setup.dsv\n'}
[224.485850] (-) TimerEvent: {}
[224.498730] (examples_rclcpp_minimal_client) StdoutLine: {'line': b'-- Symlinking: /home/bryan/Workspace/ros2_ws/install/examples_rclcpp_minimal_client/share/examples_rclcpp_minimal_client/package.dsv\n'}
[224.511750] (examples_rclcpp_minimal_client) StdoutLine: {'line': b'-- Symlinking: /home/bryan/Workspace/ros2_ws/install/examples_rclcpp_minimal_client/share/ament_index/resource_index/packages/examples_rclcpp_minimal_client\n'}
[224.534354] (examples_rclcpp_minimal_client) StdoutLine: {'line': b'-- Symlinking: /home/bryan/Workspace/ros2_ws/install/examples_rclcpp_minimal_client/share/examples_rclcpp_minimal_client/cmake/examples_rclcpp_minimal_clientConfig.cmake\n'}
[224.552188] (examples_rclcpp_minimal_client) StdoutLine: {'line': b'-- Symlinking: /home/bryan/Workspace/ros2_ws/install/examples_rclcpp_minimal_client/share/examples_rclcpp_minimal_client/cmake/examples_rclcpp_minimal_clientConfig-version.cmake\n'}
[224.571473] (examples_rclcpp_minimal_client) StdoutLine: {'line': b'-- Symlinking: /home/bryan/Workspace/ros2_ws/install/examples_rclcpp_minimal_client/share/examples_rclcpp_minimal_client/package.xml\n'}
[224.588960] (-) TimerEvent: {}
[224.599746] (examples_rclcpp_minimal_client) CommandEnded: {'returncode': 0}
[224.613920] (examples_rclcpp_minimal_client) JobEnded: {'identifier': 'examples_rclcpp_minimal_client', 'rc': 0}
[224.615089] (examples_rclcpp_minimal_composition) JobStarted: {'identifier': 'examples_rclcpp_minimal_composition'}
[224.634005] (examples_rclcpp_minimal_composition) JobProgress: {'identifier': 'examples_rclcpp_minimal_composition', 'progress': 'cmake'}
[224.634519] (examples_rclcpp_minimal_composition) Command: {'cmd': ['/usr/bin/cmake', '/home/bryan/Workspace/ros2_ws/src/examples/rclcpp/composition/minimal_composition', '-DAMENT_CMAKE_SYMLINK_INSTALL=1', '-DCMAKE_INSTALL_PREFIX=/home/bryan/Workspace/ros2_ws/install/examples_rclcpp_minimal_composition'], 'cwd': '/home/bryan/Workspace/ros2_ws/build/examples_rclcpp_minimal_composition', 'env': OrderedDict([('LESSOPEN', '| /usr/bin/lesspipe %s'), ('USER', 'bryan'), ('XDG_SESSION_TYPE', 'wayland'), ('SHLVL', '1'), ('LD_LIBRARY_PATH', '/opt/ros/humble/opt/rviz_ogre_vendor/lib:/opt/ros/humble/lib/x86_64-linux-gnu:/opt/ros/humble/lib'), ('HOME', '/home/bryan'), ('OLDPWD', '/home/bryan/Workspace/ros2_ws/src/ros2_sumo-main'), ('DESKTOP_SESSION', 'ubuntu'), ('ROS_PYTHON_VERSION', '3'), ('GNOME_SHELL_SESSION_MODE', 'ubuntu'), ('GTK_MODULES', 'gail:atk-bridge'), ('SYSTEMD_EXEC_PID', '1570'), ('DBUS_SESSION_BUS_ADDRESS', 'unix:path=/run/user/1000/bus'), ('COLORTERM', 'truecolor'), ('IM_CONFIG_PHASE', '1'), ('WAYLAND_DISPLAY', 'wayland-0'), ('ROS_DISTRO', 'humble'), ('LOGNAME', 'bryan'), ('SUMO_HOME', '/usr/share/sumo/'), ('_', '/usr/bin/colcon'), ('ROS_VERSION', '2'), ('XDG_SESSION_CLASS', 'user'), ('USERNAME', 'bryan'), ('TERM', 'xterm-256color'), ('GNOME_DESKTOP_SESSION_ID', 'this-is-deprecated'), ('ROS_LOCALHOST_ONLY', '0'), ('PATH', '/opt/ros/humble/bin:/usr/local/sbin:/usr/local/bin:/usr/sbin:/usr/bin:/sbin:/bin:/usr/games:/usr/local/games:/snap/bin:/snap/bin'), ('SESSION_MANAGER', 'local/bryan-VirtualBox:@/tmp/.ICE-unix/1372,unix/bryan-VirtualBox:/tmp/.ICE-unix/1372'), ('XDG_MENU_PREFIX', 'gnome-'), ('GNOME_TERMINAL_SCREEN', '/org/gnome/Terminal/screen/71407a0b_323a_4971_8a7b_4147209295e5'), ('GNOME_SETUP_DISPLAY', ':1'), ('XDG_RUNTIME_DIR', '/run/user/1000'), ('DISPLAY', ':0'), ('LANG', 'en_US.UTF-8'), ('XDG_CURRENT_DESKTOP', 'ubuntu:GNOME'), ('XMODIFIERS', '@im=ibus'), ('XDG_SESSION_DESKTOP', 'ubuntu'), ('XAUTHORITY', '/run/user/1000/.mutter-Xwaylandauth.GH7FP3'), ('LS_COLORS', 'rs=0:di=01;34:ln=01;36:mh=00:pi=40;33:so=01;35:do=01;35:bd=40;33;01:cd=40;33;01:or=40;31;01:mi=00:su=37;41:sg=30;43:ca=30;41:tw=30;42:ow=34;42:st=37;44:ex=01;32:*.tar=01;31:*.tgz=01;31:*.arc=01;31:*.arj=01;31:*.taz=01;31:*.lha=01;31:*.lz4=01;31:*.lzh=01;31:*.lzma=01;31:*.tlz=01;31:*.txz=01;31:*.tzo=01;31:*.t7z=01;31:*.zip=01;31:*.z=01;31:*.dz=01;31:*.gz=01;31:*.lrz=01;31:*.lz=01;31:*.lzo=01;31:*.xz=01;31:*.zst=01;31:*.tzst=01;31:*.bz2=01;31:*.bz=01;31:*.tbz=01;31:*.tbz2=01;31:*.tz=01;31:*.deb=01;31:*.rpm=01;31:*.jar=01;31:*.war=01;31:*.ear=01;31:*.sar=01;31:*.rar=01;31:*.alz=01;31:*.ace=01;31:*.zoo=01;31:*.cpio=01;31:*.7z=01;31:*.rz=01;31:*.cab=01;31:*.wim=01;31:*.swm=01;31:*.dwm=01;31:*.esd=01;31:*.jpg=01;35:*.jpeg=01;35:*.mjpg=01;35:*.mjpeg=01;35:*.gif=01;35:*.bmp=01;35:*.pbm=01;35:*.pgm=01;35:*.ppm=01;35:*.tga=01;35:*.xbm=01;35:*.xpm=01;35:*.tif=01;35:*.tiff=01;35:*.png=01;35:*.svg=01;35:*.svgz=01;35:*.mng=01;35:*.pcx=01;35:*.mov=01;35:*.mpg=01;35:*.mpeg=01;35:*.m2v=01;35:*.mkv=01;35:*.webm=01;35:*.webp=01;35:*.ogm=01;35:*.mp4=01;35:*.m4v=01;35:*.mp4v=01;35:*.vob=01;35:*.qt=01;35:*.nuv=01;35:*.wmv=01;35:*.asf=01;35:*.rm=01;35:*.rmvb=01;35:*.flc=01;35:*.avi=01;35:*.fli=01;35:*.flv=01;35:*.gl=01;35:*.dl=01;35:*.xcf=01;35:*.xwd=01;35:*.yuv=01;35:*.cgm=01;35:*.emf=01;35:*.ogv=01;35:*.ogx=01;35:*.aac=00;36:*.au=00;36:*.flac=00;36:*.m4a=00;36:*.mid=00;36:*.midi=00;36:*.mka=00;36:*.mp3=00;36:*.mpc=00;36:*.ogg=00;36:*.ra=00;36:*.wav=00;36:*.oga=00;36:*.opus=00;36:*.spx=00;36:*.xspf=00;36:'), ('GNOME_TERMINAL_SERVICE', ':1.91'), ('SSH_AGENT_LAUNCHER', 'gnome-keyring'), ('SSH_AUTH_SOCK', '/run/user/1000/keyring/ssh'), ('AMENT_PREFIX_PATH', '/opt/ros/humble'), ('SHELL', '/bin/bash'), ('QT_ACCESSIBILITY', '1'), ('GDMSESSION', 'ubuntu'), ('LESSCLOSE', '/usr/bin/lesspipe %s %s'), ('QT_IM_MODULE', 'ibus'), ('PWD', '/home/bryan/Workspace/ros2_ws/build/examples_rclcpp_minimal_composition'), ('LC_ALL', 'en_US.UTF-8'), ('XDG_CONFIG_DIRS', '/etc/xdg/xdg-ubuntu:/etc/xdg'), ('XDG_DATA_DIRS', '/usr/share/ubuntu:/usr/local/share/:/usr/share/:/var/lib/snapd/desktop'), ('PYTHONPATH', '/opt/ros/humble/lib/python3.10/site-packages:/opt/ros/humble/local/lib/python3.10/dist-packages'), ('COLCON', '1'), ('VTE_VERSION', '6800'), ('CMAKE_PREFIX_PATH', '/opt/ros/humble')]), 'shell': False}
[224.696122] (-) TimerEvent: {}
[224.780762] (examples_rclcpp_minimal_composition) StdoutLine: {'line': b'-- The C compiler identification is GNU 11.4.0\n'}
[224.796488] (-) TimerEvent: {}
[224.895564] (examples_rclcpp_minimal_composition) StdoutLine: {'line': b'-- The CXX compiler identification is GNU 11.4.0\n'}
[224.897588] (-) TimerEvent: {}
[224.913071] (examples_rclcpp_minimal_composition) StdoutLine: {'line': b'-- Detecting C compiler ABI info\n'}
[225.506591] (-) TimerEvent: {}
[225.608587] (-) TimerEvent: {}
[225.614941] (examples_rclcpp_minimal_composition) StdoutLine: {'line': b'-- Detecting C compiler ABI info - done\n'}
[225.627233] (examples_rclcpp_minimal_composition) StdoutLine: {'line': b'-- Check for working C compiler: /usr/bin/cc - skipped\n'}
[225.627751] (examples_rclcpp_minimal_composition) StdoutLine: {'line': b'-- Detecting C compile features\n'}
[225.628291] (examples_rclcpp_minimal_composition) StdoutLine: {'line': b'-- Detecting C compile features - done\n'}
[225.632317] (examples_rclcpp_minimal_composition) StdoutLine: {'line': b'-- Detecting CXX compiler ABI info\n'}
[225.696854] (image_view) StdoutLine: {'line': b'[ 89%] \x1b[32m\x1b[1mLinking CXX executable video_recorder\x1b[0m\n'}
[225.709119] (-) TimerEvent: {}
[225.947774] (-) TimerEvent: {}
[226.789494] (-) TimerEvent: {}
[226.795598] (examples_rclcpp_minimal_composition) StdoutLine: {'line': b'-- Detecting CXX compiler ABI info - done\n'}
[226.810954] (examples_rclcpp_minimal_composition) StdoutLine: {'line': b'-- Check for working CXX compiler: /usr/bin/c++ - skipped\n'}
[226.811076] (examples_rclcpp_minimal_composition) StdoutLine: {'line': b'-- Detecting CXX compile features\n'}
[226.811219] (examples_rclcpp_minimal_composition) StdoutLine: {'line': b'-- Detecting CXX compile features - done\n'}
[226.811705] (examples_rclcpp_minimal_composition) StdoutLine: {'line': b'-- Found ament_cmake: 1.3.14 (/opt/ros/humble/share/ament_cmake/cmake)\n'}
[226.835264] (image_view) StdoutLine: {'line': b'[ 89%] Built target video_recorder\n'}
[226.890521] (-) TimerEvent: {}
[226.894305] (image_view) StdoutLine: {'line': b'[ 94%] \x1b[32mBuilding CXX object CMakeFiles/image_view.dir/src/image_view.cpp.o\x1b[0m\n'}
[226.992229] (-) TimerEvent: {}
[227.083018] (examples_rclcpp_minimal_composition) StdoutLine: {'line': b'-- Found Python3: /usr/bin/python3 (found version "3.10.12") found components: Interpreter \n'}
[227.102686] (-) TimerEvent: {}
[227.186028] (examples_rclcpp_minimal_composition) StdoutLine: {'line': b'-- Override CMake install command with custom implementation using symlinks instead of copying resources\n'}
[227.206524] (-) TimerEvent: {}
[227.232186] (examples_rclcpp_minimal_composition) StdoutLine: {'line': b'-- Found rclcpp: 16.0.18 (/opt/ros/humble/share/rclcpp/cmake)\n'}
[227.298505] (examples_rclcpp_minimal_composition) StdoutLine: {'line': b'-- Found rosidl_generator_c: 3.1.8 (/opt/ros/humble/share/rosidl_generator_c/cmake)\n'}
[227.305831] (examples_rclcpp_minimal_composition) StdoutLine: {'line': b'-- Found rosidl_adapter: 3.1.8 (/opt/ros/humble/share/rosidl_adapter/cmake)\n'}
[227.310918] (-) TimerEvent: {}
[227.318030] (examples_rclcpp_minimal_composition) StdoutLine: {'line': b'-- Found rosidl_generator_cpp: 3.1.8 (/opt/ros/humble/share/rosidl_generator_cpp/cmake)\n'}
[227.342132] (examples_rclcpp_minimal_composition) StdoutLine: {'line': b'-- Using all available rosidl_typesupport_c: rosidl_typesupport_fastrtps_c;rosidl_typesupport_introspection_c\n'}
[227.369531] (examples_rclcpp_minimal_composition) StdoutLine: {'line': b'-- Using all available rosidl_typesupport_cpp: rosidl_typesupport_fastrtps_cpp;rosidl_typesupport_introspection_cpp\n'}
[227.439815] (examples_rclcpp_minimal_composition) StdoutLine: {'line': b'-- Found rmw_implementation_cmake: 6.1.2 (/opt/ros/humble/share/rmw_implementation_cmake/cmake)\n'}
[227.440116] (-) TimerEvent: {}
[227.453375] (examples_rclcpp_minimal_composition) StdoutLine: {'line': b'-- Found rmw_fastrtps_cpp: 6.2.10 (/opt/ros/humble/share/rmw_fastrtps_cpp/cmake)\n'}
[227.540542] (-) TimerEvent: {}
[227.641918] (-) TimerEvent: {}
[227.696959] (examples_rclcpp_minimal_composition) StdoutLine: {'line': b'-- Found OpenSSL: /usr/lib/x86_64-linux-gnu/libcrypto.so (found version "3.0.2")  \n'}
[227.736788] (examples_rclcpp_minimal_composition) StdoutLine: {'line': b'-- Found FastRTPS: /opt/ros/humble/include  \n'}
[227.800622] (examples_rclcpp_minimal_composition) StdoutLine: {'line': b"-- Using RMW implementation 'rmw_fastrtps_cpp' as default\n"}
[227.800755] (-) TimerEvent: {}
[227.809765] (examples_rclcpp_minimal_composition) StdoutLine: {'line': b'-- Looking for pthread.h\n'}
[227.910662] (-) TimerEvent: {}
[227.957555] (examples_rclcpp_minimal_composition) StdoutLine: {'line': b'-- Looking for pthread.h - found\n'}
[227.957798] (examples_rclcpp_minimal_composition) StdoutLine: {'line': b'-- Performing Test CMAKE_HAVE_LIBC_PTHREAD\n'}
[228.016018] (-) TimerEvent: {}
[228.100135] (examples_rclcpp_minimal_composition) StdoutLine: {'line': b'-- Performing Test CMAKE_HAVE_LIBC_PTHREAD - Success\n'}
[228.100334] (examples_rclcpp_minimal_composition) StdoutLine: {'line': b'-- Found Threads: TRUE  \n'}
[228.125343] (-) TimerEvent: {}
[228.174032] (examples_rclcpp_minimal_composition) StdoutLine: {'line': b'-- Found rclcpp_components: 16.0.18 (/opt/ros/humble/share/rclcpp_components/cmake)\n'}
[228.228244] (examples_rclcpp_minimal_composition) StdoutLine: {'line': b'-- Found ament_lint_auto: 0.12.15 (/opt/ros/humble/share/ament_lint_auto/cmake)\n'}
[228.228501] (-) TimerEvent: {}
[228.349779] (examples_rclcpp_minimal_composition) StdoutLine: {'line': b"-- Added test 'copyright' to check source files copyright and LICENSE\n"}
[228.350013] (-) TimerEvent: {}
[228.360592] (examples_rclcpp_minimal_composition) StdoutLine: {'line': b"-- Added test 'cppcheck' to perform static code analysis on C / C++ code\n"}
[228.361978] (examples_rclcpp_minimal_composition) StdoutLine: {'line': b'-- Configured cppcheck include dirs: /home/bryan/Workspace/ros2_ws/src/examples/rclcpp/composition/minimal_composition/include\n'}
[228.362216] (examples_rclcpp_minimal_composition) StdoutLine: {'line': b'-- Configured cppcheck exclude dirs and/or files: \n'}
[228.364968] (examples_rclcpp_minimal_composition) StdoutLine: {'line': b"-- Added test 'cpplint' to check C / C++ code against the Google style\n"}
[228.365219] (examples_rclcpp_minimal_composition) StdoutLine: {'line': b'-- Configured cpplint exclude dirs and/or files: \n'}
[228.367209] (examples_rclcpp_minimal_composition) StdoutLine: {'line': b"-- Added test 'lint_cmake' to check CMake code style\n"}
[228.369727] (examples_rclcpp_minimal_composition) StdoutLine: {'line': b"-- Added test 'uncrustify' to check C / C++ code style\n"}
[228.369926] (examples_rclcpp_minimal_composition) StdoutLine: {'line': b'-- Configured uncrustify additional arguments: \n'}
[228.371426] (examples_rclcpp_minimal_composition) StdoutLine: {'line': b"-- Added test 'xmllint' to check XML markup files\n"}
[228.374465] (examples_rclcpp_minimal_composition) StdoutLine: {'line': b'-- Configuring done\n'}
[228.406919] (examples_rclcpp_minimal_composition) StdoutLine: {'line': b'-- Generating done\n'}
[228.438075] (examples_rclcpp_minimal_composition) StdoutLine: {'line': b'-- Build files have been written to: /home/bryan/Workspace/ros2_ws/build/examples_rclcpp_minimal_composition\n'}
[228.450474] (-) TimerEvent: {}
[228.456573] (examples_rclcpp_minimal_composition) CommandEnded: {'returncode': 0}
[228.461029] (examples_rclcpp_minimal_composition) JobProgress: {'identifier': 'examples_rclcpp_minimal_composition', 'progress': 'build'}
[228.461132] (examples_rclcpp_minimal_composition) Command: {'cmd': ['/usr/bin/cmake', '--build', '/home/bryan/Workspace/ros2_ws/build/examples_rclcpp_minimal_composition', '--', '-j3', '-l3'], 'cwd': '/home/bryan/Workspace/ros2_ws/build/examples_rclcpp_minimal_composition', 'env': OrderedDict([('LESSOPEN', '| /usr/bin/lesspipe %s'), ('USER', 'bryan'), ('XDG_SESSION_TYPE', 'wayland'), ('SHLVL', '1'), ('LD_LIBRARY_PATH', '/opt/ros/humble/opt/rviz_ogre_vendor/lib:/opt/ros/humble/lib/x86_64-linux-gnu:/opt/ros/humble/lib'), ('HOME', '/home/bryan'), ('OLDPWD', '/home/bryan/Workspace/ros2_ws/src/ros2_sumo-main'), ('DESKTOP_SESSION', 'ubuntu'), ('ROS_PYTHON_VERSION', '3'), ('GNOME_SHELL_SESSION_MODE', 'ubuntu'), ('GTK_MODULES', 'gail:atk-bridge'), ('SYSTEMD_EXEC_PID', '1570'), ('DBUS_SESSION_BUS_ADDRESS', 'unix:path=/run/user/1000/bus'), ('COLORTERM', 'truecolor'), ('IM_CONFIG_PHASE', '1'), ('WAYLAND_DISPLAY', 'wayland-0'), ('ROS_DISTRO', 'humble'), ('LOGNAME', 'bryan'), ('SUMO_HOME', '/usr/share/sumo/'), ('_', '/usr/bin/colcon'), ('ROS_VERSION', '2'), ('XDG_SESSION_CLASS', 'user'), ('USERNAME', 'bryan'), ('TERM', 'xterm-256color'), ('GNOME_DESKTOP_SESSION_ID', 'this-is-deprecated'), ('ROS_LOCALHOST_ONLY', '0'), ('PATH', '/opt/ros/humble/bin:/usr/local/sbin:/usr/local/bin:/usr/sbin:/usr/bin:/sbin:/bin:/usr/games:/usr/local/games:/snap/bin:/snap/bin'), ('SESSION_MANAGER', 'local/bryan-VirtualBox:@/tmp/.ICE-unix/1372,unix/bryan-VirtualBox:/tmp/.ICE-unix/1372'), ('XDG_MENU_PREFIX', 'gnome-'), ('GNOME_TERMINAL_SCREEN', '/org/gnome/Terminal/screen/71407a0b_323a_4971_8a7b_4147209295e5'), ('GNOME_SETUP_DISPLAY', ':1'), ('XDG_RUNTIME_DIR', '/run/user/1000'), ('DISPLAY', ':0'), ('LANG', 'en_US.UTF-8'), ('XDG_CURRENT_DESKTOP', 'ubuntu:GNOME'), ('XMODIFIERS', '@im=ibus'), ('XDG_SESSION_DESKTOP', 'ubuntu'), ('XAUTHORITY', '/run/user/1000/.mutter-Xwaylandauth.GH7FP3'), ('LS_COLORS', 'rs=0:di=01;34:ln=01;36:mh=00:pi=40;33:so=01;35:do=01;35:bd=40;33;01:cd=40;33;01:or=40;31;01:mi=00:su=37;41:sg=30;43:ca=30;41:tw=30;42:ow=34;42:st=37;44:ex=01;32:*.tar=01;31:*.tgz=01;31:*.arc=01;31:*.arj=01;31:*.taz=01;31:*.lha=01;31:*.lz4=01;31:*.lzh=01;31:*.lzma=01;31:*.tlz=01;31:*.txz=01;31:*.tzo=01;31:*.t7z=01;31:*.zip=01;31:*.z=01;31:*.dz=01;31:*.gz=01;31:*.lrz=01;31:*.lz=01;31:*.lzo=01;31:*.xz=01;31:*.zst=01;31:*.tzst=01;31:*.bz2=01;31:*.bz=01;31:*.tbz=01;31:*.tbz2=01;31:*.tz=01;31:*.deb=01;31:*.rpm=01;31:*.jar=01;31:*.war=01;31:*.ear=01;31:*.sar=01;31:*.rar=01;31:*.alz=01;31:*.ace=01;31:*.zoo=01;31:*.cpio=01;31:*.7z=01;31:*.rz=01;31:*.cab=01;31:*.wim=01;31:*.swm=01;31:*.dwm=01;31:*.esd=01;31:*.jpg=01;35:*.jpeg=01;35:*.mjpg=01;35:*.mjpeg=01;35:*.gif=01;35:*.bmp=01;35:*.pbm=01;35:*.pgm=01;35:*.ppm=01;35:*.tga=01;35:*.xbm=01;35:*.xpm=01;35:*.tif=01;35:*.tiff=01;35:*.png=01;35:*.svg=01;35:*.svgz=01;35:*.mng=01;35:*.pcx=01;35:*.mov=01;35:*.mpg=01;35:*.mpeg=01;35:*.m2v=01;35:*.mkv=01;35:*.webm=01;35:*.webp=01;35:*.ogm=01;35:*.mp4=01;35:*.m4v=01;35:*.mp4v=01;35:*.vob=01;35:*.qt=01;35:*.nuv=01;35:*.wmv=01;35:*.asf=01;35:*.rm=01;35:*.rmvb=01;35:*.flc=01;35:*.avi=01;35:*.fli=01;35:*.flv=01;35:*.gl=01;35:*.dl=01;35:*.xcf=01;35:*.xwd=01;35:*.yuv=01;35:*.cgm=01;35:*.emf=01;35:*.ogv=01;35:*.ogx=01;35:*.aac=00;36:*.au=00;36:*.flac=00;36:*.m4a=00;36:*.mid=00;36:*.midi=00;36:*.mka=00;36:*.mp3=00;36:*.mpc=00;36:*.ogg=00;36:*.ra=00;36:*.wav=00;36:*.oga=00;36:*.opus=00;36:*.spx=00;36:*.xspf=00;36:'), ('GNOME_TERMINAL_SERVICE', ':1.91'), ('SSH_AGENT_LAUNCHER', 'gnome-keyring'), ('SSH_AUTH_SOCK', '/run/user/1000/keyring/ssh'), ('AMENT_PREFIX_PATH', '/opt/ros/humble'), ('SHELL', '/bin/bash'), ('QT_ACCESSIBILITY', '1'), ('GDMSESSION', 'ubuntu'), ('LESSCLOSE', '/usr/bin/lesspipe %s %s'), ('QT_IM_MODULE', 'ibus'), ('PWD', '/home/bryan/Workspace/ros2_ws/build/examples_rclcpp_minimal_composition'), ('LC_ALL', 'en_US.UTF-8'), ('XDG_CONFIG_DIRS', '/etc/xdg/xdg-ubuntu:/etc/xdg'), ('XDG_DATA_DIRS', '/usr/share/ubuntu:/usr/local/share/:/usr/share/:/var/lib/snapd/desktop'), ('PYTHONPATH', '/opt/ros/humble/lib/python3.10/site-packages:/opt/ros/humble/local/lib/python3.10/dist-packages'), ('COLCON', '1'), ('VTE_VERSION', '6800'), ('CMAKE_PREFIX_PATH', '/opt/ros/humble')]), 'shell': False}
[228.552066] (-) TimerEvent: {}
[228.598604] (examples_rclcpp_minimal_composition) StdoutLine: {'line': b'[ 11%] \x1b[32mBuilding CXX object CMakeFiles/composition_nodes.dir/src/publisher_node.cpp.o\x1b[0m\n'}
[228.961802] (-) TimerEvent: {}
[229.498772] (-) TimerEvent: {}
[229.600820] (-) TimerEvent: {}
[229.747277] (-) TimerEvent: {}
[229.862389] (-) TimerEvent: {}
[229.966348] (-) TimerEvent: {}
[230.804635] (-) TimerEvent: {}
[230.865744] (depth_image_proc) StdoutLine: {'line': b'[ 37%] \x1b[32m\x1b[1mLinking CXX shared library libdepth_image_proc.so\x1b[0m\n'}
[230.912609] (-) TimerEvent: {}
[231.958531] (-) TimerEvent: {}
[232.944694] (-) TimerEvent: {}
[233.048503] (-) TimerEvent: {}
[233.153357] (-) TimerEvent: {}
[233.240832] (image_view) StdoutLine: {'line': b'[100%] \x1b[32m\x1b[1mLinking CXX executable image_view\x1b[0m\n'}
[233.259574] (-) TimerEvent: {}
[233.954576] (-) TimerEvent: {}
[234.259798] (-) TimerEvent: {}
[234.522935] (-) TimerEvent: {}
[234.561763] (image_view) StdoutLine: {'line': b'[100%] Built target image_view\n'}
[234.630279] (image_view) CommandEnded: {'returncode': 0}
[234.630707] (-) TimerEvent: {}
[234.649552] (image_view) JobProgress: {'identifier': 'image_view', 'progress': 'install'}
[234.649625] (image_view) Command: {'cmd': ['/usr/bin/cmake', '--install', '/home/bryan/Workspace/ros2_ws/build/image_view'], 'cwd': '/home/bryan/Workspace/ros2_ws/build/image_view', 'env': OrderedDict([('LESSOPEN', '| /usr/bin/lesspipe %s'), ('USER', 'bryan'), ('XDG_SESSION_TYPE', 'wayland'), ('SHLVL', '1'), ('LD_LIBRARY_PATH', '/home/bryan/Workspace/ros2_ws/install/cv_bridge/lib:/opt/ros/humble/opt/rviz_ogre_vendor/lib:/opt/ros/humble/lib/x86_64-linux-gnu:/opt/ros/humble/lib'), ('HOME', '/home/bryan'), ('OLDPWD', '/home/bryan/Workspace/ros2_ws/src/ros2_sumo-main'), ('DESKTOP_SESSION', 'ubuntu'), ('ROS_PYTHON_VERSION', '3'), ('GNOME_SHELL_SESSION_MODE', 'ubuntu'), ('GTK_MODULES', 'gail:atk-bridge'), ('SYSTEMD_EXEC_PID', '1570'), ('DBUS_SESSION_BUS_ADDRESS', 'unix:path=/run/user/1000/bus'), ('COLORTERM', 'truecolor'), ('IM_CONFIG_PHASE', '1'), ('WAYLAND_DISPLAY', 'wayland-0'), ('ROS_DISTRO', 'humble'), ('LOGNAME', 'bryan'), ('SUMO_HOME', '/usr/share/sumo/'), ('_', '/usr/bin/colcon'), ('ROS_VERSION', '2'), ('XDG_SESSION_CLASS', 'user'), ('USERNAME', 'bryan'), ('TERM', 'xterm-256color'), ('GNOME_DESKTOP_SESSION_ID', 'this-is-deprecated'), ('ROS_LOCALHOST_ONLY', '0'), ('PATH', '/opt/ros/humble/bin:/usr/local/sbin:/usr/local/bin:/usr/sbin:/usr/bin:/sbin:/bin:/usr/games:/usr/local/games:/snap/bin:/snap/bin'), ('SESSION_MANAGER', 'local/bryan-VirtualBox:@/tmp/.ICE-unix/1372,unix/bryan-VirtualBox:/tmp/.ICE-unix/1372'), ('XDG_MENU_PREFIX', 'gnome-'), ('GNOME_TERMINAL_SCREEN', '/org/gnome/Terminal/screen/71407a0b_323a_4971_8a7b_4147209295e5'), ('GNOME_SETUP_DISPLAY', ':1'), ('XDG_RUNTIME_DIR', '/run/user/1000'), ('DISPLAY', ':0'), ('LANG', 'en_US.UTF-8'), ('XDG_CURRENT_DESKTOP', 'ubuntu:GNOME'), ('XMODIFIERS', '@im=ibus'), ('XDG_SESSION_DESKTOP', 'ubuntu'), ('XAUTHORITY', '/run/user/1000/.mutter-Xwaylandauth.GH7FP3'), ('LS_COLORS', 'rs=0:di=01;34:ln=01;36:mh=00:pi=40;33:so=01;35:do=01;35:bd=40;33;01:cd=40;33;01:or=40;31;01:mi=00:su=37;41:sg=30;43:ca=30;41:tw=30;42:ow=34;42:st=37;44:ex=01;32:*.tar=01;31:*.tgz=01;31:*.arc=01;31:*.arj=01;31:*.taz=01;31:*.lha=01;31:*.lz4=01;31:*.lzh=01;31:*.lzma=01;31:*.tlz=01;31:*.txz=01;31:*.tzo=01;31:*.t7z=01;31:*.zip=01;31:*.z=01;31:*.dz=01;31:*.gz=01;31:*.lrz=01;31:*.lz=01;31:*.lzo=01;31:*.xz=01;31:*.zst=01;31:*.tzst=01;31:*.bz2=01;31:*.bz=01;31:*.tbz=01;31:*.tbz2=01;31:*.tz=01;31:*.deb=01;31:*.rpm=01;31:*.jar=01;31:*.war=01;31:*.ear=01;31:*.sar=01;31:*.rar=01;31:*.alz=01;31:*.ace=01;31:*.zoo=01;31:*.cpio=01;31:*.7z=01;31:*.rz=01;31:*.cab=01;31:*.wim=01;31:*.swm=01;31:*.dwm=01;31:*.esd=01;31:*.jpg=01;35:*.jpeg=01;35:*.mjpg=01;35:*.mjpeg=01;35:*.gif=01;35:*.bmp=01;35:*.pbm=01;35:*.pgm=01;35:*.ppm=01;35:*.tga=01;35:*.xbm=01;35:*.xpm=01;35:*.tif=01;35:*.tiff=01;35:*.png=01;35:*.svg=01;35:*.svgz=01;35:*.mng=01;35:*.pcx=01;35:*.mov=01;35:*.mpg=01;35:*.mpeg=01;35:*.m2v=01;35:*.mkv=01;35:*.webm=01;35:*.webp=01;35:*.ogm=01;35:*.mp4=01;35:*.m4v=01;35:*.mp4v=01;35:*.vob=01;35:*.qt=01;35:*.nuv=01;35:*.wmv=01;35:*.asf=01;35:*.rm=01;35:*.rmvb=01;35:*.flc=01;35:*.avi=01;35:*.fli=01;35:*.flv=01;35:*.gl=01;35:*.dl=01;35:*.xcf=01;35:*.xwd=01;35:*.yuv=01;35:*.cgm=01;35:*.emf=01;35:*.ogv=01;35:*.ogx=01;35:*.aac=00;36:*.au=00;36:*.flac=00;36:*.m4a=00;36:*.mid=00;36:*.midi=00;36:*.mka=00;36:*.mp3=00;36:*.mpc=00;36:*.ogg=00;36:*.ra=00;36:*.wav=00;36:*.oga=00;36:*.opus=00;36:*.spx=00;36:*.xspf=00;36:'), ('GNOME_TERMINAL_SERVICE', ':1.91'), ('SSH_AGENT_LAUNCHER', 'gnome-keyring'), ('SSH_AUTH_SOCK', '/run/user/1000/keyring/ssh'), ('AMENT_PREFIX_PATH', '/home/bryan/Workspace/ros2_ws/install/cv_bridge:/opt/ros/humble'), ('SHELL', '/bin/bash'), ('QT_ACCESSIBILITY', '1'), ('GDMSESSION', 'ubuntu'), ('LESSCLOSE', '/usr/bin/lesspipe %s %s'), ('QT_IM_MODULE', 'ibus'), ('PWD', '/home/bryan/Workspace/ros2_ws/build/image_view'), ('LC_ALL', 'en_US.UTF-8'), ('XDG_CONFIG_DIRS', '/etc/xdg/xdg-ubuntu:/etc/xdg'), ('XDG_DATA_DIRS', '/usr/share/ubuntu:/usr/local/share/:/usr/share/:/var/lib/snapd/desktop'), ('PYTHONPATH', '/home/bryan/Workspace/ros2_ws/install/cv_bridge/local/lib/python3.10/dist-packages:/opt/ros/humble/lib/python3.10/site-packages:/opt/ros/humble/local/lib/python3.10/dist-packages'), ('COLCON', '1'), ('VTE_VERSION', '6800'), ('CMAKE_PREFIX_PATH', '/home/bryan/Workspace/ros2_ws/install/cv_bridge:/opt/ros/humble')]), 'shell': False}
[234.651281] (image_view) StdoutLine: {'line': b'-- Install configuration: ""\n'}
[234.652645] (image_view) StdoutLine: {'line': b'-- Execute custom install script\n'}
[234.653745] (image_view) StdoutLine: {'line': b'-- Symlinking: /home/bryan/Workspace/ros2_ws/install/image_view/include/image_view/disparity_view_node.hpp\n'}
[234.943924] (-) TimerEvent: {}
[234.956493] (image_view) StdoutLine: {'line': b'-- Symlinking: /home/bryan/Workspace/ros2_ws/install/image_view/include/image_view/extract_images_node.hpp\n'}
[235.006526] (image_view) StdoutLine: {'line': b'-- Symlinking: /home/bryan/Workspace/ros2_ws/install/image_view/include/image_view/image_saver_node.hpp\n'}
[235.028980] (image_view) StdoutLine: {'line': b'-- Symlinking: /home/bryan/Workspace/ros2_ws/install/image_view/include/image_view/image_view_node.hpp\n'}
[235.046224] (-) TimerEvent: {}
[235.046571] (image_view) StdoutLine: {'line': b'-- Symlinking: /home/bryan/Workspace/ros2_ws/install/image_view/include/image_view/stereo_view_node.hpp\n'}
[235.052017] (depth_image_proc) StdoutLine: {'line': b'[ 37%] Built target depth_image_proc\n'}
[235.066185] (image_view) StdoutLine: {'line': b'-- Symlinking: /home/bryan/Workspace/ros2_ws/install/image_view/include/image_view/video_recorder_node.hpp\n'}
[235.105887] (image_view) StdoutLine: {'line': b'-- Symlinking: /home/bryan/Workspace/ros2_ws/install/image_view/share/image_view/environment/library_path.sh\n'}
[235.117074] (image_view) StdoutLine: {'line': b'-- Symlinking: /home/bryan/Workspace/ros2_ws/install/image_view/share/image_view/environment/library_path.dsv\n'}
[235.136507] (depth_image_proc) StdoutLine: {'line': b'[ 40%] \x1b[32mBuilding CXX object CMakeFiles/crop_foremost_node.dir/rclcpp_components/node_main_crop_foremost_node.cpp.o\x1b[0m\n'}
[235.140472] (image_view) StdoutLine: {'line': b'-- Symlinking: /home/bryan/Workspace/ros2_ws/install/image_view/lib/libimage_view_nodes.so\n'}
[235.146513] (-) TimerEvent: {}
[235.511466] (image_view) StdoutLine: {'line': b'-- Symlinking: /home/bryan/Workspace/ros2_ws/install/image_view/lib/image_view/disparity_view\n'}
[235.511873] (-) TimerEvent: {}
[235.512293] (image_view) StdoutLine: {'line': b'-- Symlinking: /home/bryan/Workspace/ros2_ws/install/image_view/lib/image_view/image_view\n'}
[235.512445] (image_view) StdoutLine: {'line': b'-- Symlinking: /home/bryan/Workspace/ros2_ws/install/image_view/lib/image_view/stereo_view\n'}
[235.512824] (image_view) StdoutLine: {'line': b'-- Symlinking: /home/bryan/Workspace/ros2_ws/install/image_view/lib/image_view/extract_images\n'}
[235.512913] (image_view) StdoutLine: {'line': b'-- Symlinking: /home/bryan/Workspace/ros2_ws/install/image_view/lib/image_view/image_saver\n'}
[235.513000] (image_view) StdoutLine: {'line': b'-- Symlinking: /home/bryan/Workspace/ros2_ws/install/image_view/lib/image_view/video_recorder\n'}
[235.513081] (image_view) StdoutLine: {'line': b'-- Symlinking: /home/bryan/Workspace/ros2_ws/install/image_view/share/ament_index/resource_index/package_run_dependencies/image_view\n'}
[235.513208] (image_view) StdoutLine: {'line': b'-- Symlinking: /home/bryan/Workspace/ros2_ws/install/image_view/share/ament_index/resource_index/parent_prefix_path/image_view\n'}
[235.513307] (image_view) StdoutLine: {'line': b'-- Symlinking: /home/bryan/Workspace/ros2_ws/install/image_view/share/image_view/environment/ament_prefix_path.sh\n'}
[235.513410] (image_view) StdoutLine: {'line': b'-- Symlinking: /home/bryan/Workspace/ros2_ws/install/image_view/share/image_view/environment/ament_prefix_path.dsv\n'}
[235.514321] (image_view) StdoutLine: {'line': b'-- Symlinking: /home/bryan/Workspace/ros2_ws/install/image_view/share/image_view/environment/path.sh\n'}
[235.514455] (image_view) StdoutLine: {'line': b'-- Symlinking: /home/bryan/Workspace/ros2_ws/install/image_view/share/image_view/environment/path.dsv\n'}
[235.514572] (image_view) StdoutLine: {'line': b'-- Symlinking: /home/bryan/Workspace/ros2_ws/install/image_view/share/image_view/local_setup.bash\n'}
[235.514665] (image_view) StdoutLine: {'line': b'-- Symlinking: /home/bryan/Workspace/ros2_ws/install/image_view/share/image_view/local_setup.sh\n'}
[235.514756] (image_view) StdoutLine: {'line': b'-- Symlinking: /home/bryan/Workspace/ros2_ws/install/image_view/share/image_view/local_setup.zsh\n'}
[235.514862] (image_view) StdoutLine: {'line': b'-- Symlinking: /home/bryan/Workspace/ros2_ws/install/image_view/share/image_view/local_setup.dsv\n'}
[235.515516] (image_view) StdoutLine: {'line': b'-- Symlinking: /home/bryan/Workspace/ros2_ws/install/image_view/share/image_view/package.dsv\n'}
[235.515631] (image_view) StdoutLine: {'line': b'-- Symlinking: /home/bryan/Workspace/ros2_ws/install/image_view/share/ament_index/resource_index/packages/image_view\n'}
[235.515750] (image_view) StdoutLine: {'line': b'-- Symlinking: /home/bryan/Workspace/ros2_ws/install/image_view/share/ament_index/resource_index/rclcpp_components/image_view\n'}
[235.515844] (image_view) StdoutLine: {'line': b'-- Symlinking: /home/bryan/Workspace/ros2_ws/install/image_view/share/image_view/cmake/ament_cmake_export_dependencies-extras.cmake\n'}
[235.515934] (image_view) StdoutLine: {'line': b'-- Symlinking: /home/bryan/Workspace/ros2_ws/install/image_view/share/image_view/cmake/ament_cmake_export_include_directories-extras.cmake\n'}
[235.516058] (image_view) StdoutLine: {'line': b'-- Symlinking: /home/bryan/Workspace/ros2_ws/install/image_view/share/image_view/cmake/ament_cmake_export_libraries-extras.cmake\n'}
[235.516185] (image_view) StdoutLine: {'line': b'-- Symlinking: /home/bryan/Workspace/ros2_ws/install/image_view/share/image_view/cmake/image_viewConfig.cmake\n'}
[235.516310] (image_view) StdoutLine: {'line': b'-- Symlinking: /home/bryan/Workspace/ros2_ws/install/image_view/share/image_view/cmake/image_viewConfig-version.cmake\n'}
[235.516427] (image_view) StdoutLine: {'line': b'-- Symlinking: /home/bryan/Workspace/ros2_ws/install/image_view/share/image_view/package.xml\n'}
[235.524636] (image_view) CommandEnded: {'returncode': 0}
[235.539840] (image_view) JobEnded: {'identifier': 'image_view', 'rc': 0}
[235.540783] (examples_rclcpp_minimal_publisher) JobStarted: {'identifier': 'examples_rclcpp_minimal_publisher'}
[235.555449] (examples_rclcpp_minimal_publisher) JobProgress: {'identifier': 'examples_rclcpp_minimal_publisher', 'progress': 'cmake'}
[235.555829] (examples_rclcpp_minimal_publisher) Command: {'cmd': ['/usr/bin/cmake', '/home/bryan/Workspace/ros2_ws/src/examples/rclcpp/topics/minimal_publisher', '-DAMENT_CMAKE_SYMLINK_INSTALL=1', '-DCMAKE_INSTALL_PREFIX=/home/bryan/Workspace/ros2_ws/install/examples_rclcpp_minimal_publisher'], 'cwd': '/home/bryan/Workspace/ros2_ws/build/examples_rclcpp_minimal_publisher', 'env': OrderedDict([('LESSOPEN', '| /usr/bin/lesspipe %s'), ('USER', 'bryan'), ('XDG_SESSION_TYPE', 'wayland'), ('SHLVL', '1'), ('LD_LIBRARY_PATH', '/opt/ros/humble/opt/rviz_ogre_vendor/lib:/opt/ros/humble/lib/x86_64-linux-gnu:/opt/ros/humble/lib'), ('HOME', '/home/bryan'), ('OLDPWD', '/home/bryan/Workspace/ros2_ws/src/ros2_sumo-main'), ('DESKTOP_SESSION', 'ubuntu'), ('ROS_PYTHON_VERSION', '3'), ('GNOME_SHELL_SESSION_MODE', 'ubuntu'), ('GTK_MODULES', 'gail:atk-bridge'), ('SYSTEMD_EXEC_PID', '1570'), ('DBUS_SESSION_BUS_ADDRESS', 'unix:path=/run/user/1000/bus'), ('COLORTERM', 'truecolor'), ('IM_CONFIG_PHASE', '1'), ('WAYLAND_DISPLAY', 'wayland-0'), ('ROS_DISTRO', 'humble'), ('LOGNAME', 'bryan'), ('SUMO_HOME', '/usr/share/sumo/'), ('_', '/usr/bin/colcon'), ('ROS_VERSION', '2'), ('XDG_SESSION_CLASS', 'user'), ('USERNAME', 'bryan'), ('TERM', 'xterm-256color'), ('GNOME_DESKTOP_SESSION_ID', 'this-is-deprecated'), ('ROS_LOCALHOST_ONLY', '0'), ('PATH', '/opt/ros/humble/bin:/usr/local/sbin:/usr/local/bin:/usr/sbin:/usr/bin:/sbin:/bin:/usr/games:/usr/local/games:/snap/bin:/snap/bin'), ('SESSION_MANAGER', 'local/bryan-VirtualBox:@/tmp/.ICE-unix/1372,unix/bryan-VirtualBox:/tmp/.ICE-unix/1372'), ('XDG_MENU_PREFIX', 'gnome-'), ('GNOME_TERMINAL_SCREEN', '/org/gnome/Terminal/screen/71407a0b_323a_4971_8a7b_4147209295e5'), ('GNOME_SETUP_DISPLAY', ':1'), ('XDG_RUNTIME_DIR', '/run/user/1000'), ('DISPLAY', ':0'), ('LANG', 'en_US.UTF-8'), ('XDG_CURRENT_DESKTOP', 'ubuntu:GNOME'), ('XMODIFIERS', '@im=ibus'), ('XDG_SESSION_DESKTOP', 'ubuntu'), ('XAUTHORITY', '/run/user/1000/.mutter-Xwaylandauth.GH7FP3'), ('LS_COLORS', 'rs=0:di=01;34:ln=01;36:mh=00:pi=40;33:so=01;35:do=01;35:bd=40;33;01:cd=40;33;01:or=40;31;01:mi=00:su=37;41:sg=30;43:ca=30;41:tw=30;42:ow=34;42:st=37;44:ex=01;32:*.tar=01;31:*.tgz=01;31:*.arc=01;31:*.arj=01;31:*.taz=01;31:*.lha=01;31:*.lz4=01;31:*.lzh=01;31:*.lzma=01;31:*.tlz=01;31:*.txz=01;31:*.tzo=01;31:*.t7z=01;31:*.zip=01;31:*.z=01;31:*.dz=01;31:*.gz=01;31:*.lrz=01;31:*.lz=01;31:*.lzo=01;31:*.xz=01;31:*.zst=01;31:*.tzst=01;31:*.bz2=01;31:*.bz=01;31:*.tbz=01;31:*.tbz2=01;31:*.tz=01;31:*.deb=01;31:*.rpm=01;31:*.jar=01;31:*.war=01;31:*.ear=01;31:*.sar=01;31:*.rar=01;31:*.alz=01;31:*.ace=01;31:*.zoo=01;31:*.cpio=01;31:*.7z=01;31:*.rz=01;31:*.cab=01;31:*.wim=01;31:*.swm=01;31:*.dwm=01;31:*.esd=01;31:*.jpg=01;35:*.jpeg=01;35:*.mjpg=01;35:*.mjpeg=01;35:*.gif=01;35:*.bmp=01;35:*.pbm=01;35:*.pgm=01;35:*.ppm=01;35:*.tga=01;35:*.xbm=01;35:*.xpm=01;35:*.tif=01;35:*.tiff=01;35:*.png=01;35:*.svg=01;35:*.svgz=01;35:*.mng=01;35:*.pcx=01;35:*.mov=01;35:*.mpg=01;35:*.mpeg=01;35:*.m2v=01;35:*.mkv=01;35:*.webm=01;35:*.webp=01;35:*.ogm=01;35:*.mp4=01;35:*.m4v=01;35:*.mp4v=01;35:*.vob=01;35:*.qt=01;35:*.nuv=01;35:*.wmv=01;35:*.asf=01;35:*.rm=01;35:*.rmvb=01;35:*.flc=01;35:*.avi=01;35:*.fli=01;35:*.flv=01;35:*.gl=01;35:*.dl=01;35:*.xcf=01;35:*.xwd=01;35:*.yuv=01;35:*.cgm=01;35:*.emf=01;35:*.ogv=01;35:*.ogx=01;35:*.aac=00;36:*.au=00;36:*.flac=00;36:*.m4a=00;36:*.mid=00;36:*.midi=00;36:*.mka=00;36:*.mp3=00;36:*.mpc=00;36:*.ogg=00;36:*.ra=00;36:*.wav=00;36:*.oga=00;36:*.opus=00;36:*.spx=00;36:*.xspf=00;36:'), ('GNOME_TERMINAL_SERVICE', ':1.91'), ('SSH_AGENT_LAUNCHER', 'gnome-keyring'), ('SSH_AUTH_SOCK', '/run/user/1000/keyring/ssh'), ('AMENT_PREFIX_PATH', '/opt/ros/humble'), ('SHELL', '/bin/bash'), ('QT_ACCESSIBILITY', '1'), ('GDMSESSION', 'ubuntu'), ('LESSCLOSE', '/usr/bin/lesspipe %s %s'), ('QT_IM_MODULE', 'ibus'), ('PWD', '/home/bryan/Workspace/ros2_ws/build/examples_rclcpp_minimal_publisher'), ('LC_ALL', 'en_US.UTF-8'), ('XDG_CONFIG_DIRS', '/etc/xdg/xdg-ubuntu:/etc/xdg'), ('XDG_DATA_DIRS', '/usr/share/ubuntu:/usr/local/share/:/usr/share/:/var/lib/snapd/desktop'), ('PYTHONPATH', '/opt/ros/humble/lib/python3.10/site-packages:/opt/ros/humble/local/lib/python3.10/dist-packages'), ('COLCON', '1'), ('VTE_VERSION', '6800'), ('CMAKE_PREFIX_PATH', '/opt/ros/humble')]), 'shell': False}
[235.660533] (examples_rclcpp_minimal_publisher) StdoutLine: {'line': b'-- The C compiler identification is GNU 11.4.0\n'}
[235.660772] (-) TimerEvent: {}
[235.742518] (examples_rclcpp_minimal_publisher) StdoutLine: {'line': b'-- The CXX compiler identification is GNU 11.4.0\n'}
[235.756012] (examples_rclcpp_minimal_publisher) StdoutLine: {'line': b'-- Detecting C compiler ABI info\n'}
[235.871523] (examples_rclcpp_minimal_publisher) StdoutLine: {'line': b'-- Detecting C compiler ABI info - done\n'}
[235.871674] (-) TimerEvent: {}
[235.882886] (examples_rclcpp_minimal_publisher) StdoutLine: {'line': b'-- Check for working C compiler: /usr/bin/cc - skipped\n'}
[235.883667] (examples_rclcpp_minimal_publisher) StdoutLine: {'line': b'-- Detecting C compile features\n'}
[235.884621] (examples_rclcpp_minimal_publisher) StdoutLine: {'line': b'-- Detecting C compile features - done\n'}
[235.889366] (examples_rclcpp_minimal_publisher) StdoutLine: {'line': b'-- Detecting CXX compiler ABI info\n'}
[235.975072] (-) TimerEvent: {}
[236.028710] (examples_rclcpp_minimal_composition) StdoutLine: {'line': b'[ 22%] \x1b[32mBuilding CXX object CMakeFiles/composition_nodes.dir/src/subscriber_node.cpp.o\x1b[0m\n'}
[236.956831] (-) TimerEvent: {}
[236.990564] (examples_rclcpp_minimal_publisher) StdoutLine: {'line': b'-- Detecting CXX compiler ABI info - done\n'}
[236.990727] (examples_rclcpp_minimal_publisher) StdoutLine: {'line': b'-- Check for working CXX compiler: /usr/bin/c++ - skipped\n'}
[236.990783] (examples_rclcpp_minimal_publisher) StdoutLine: {'line': b'-- Detecting CXX compile features\n'}
[236.990830] (examples_rclcpp_minimal_publisher) StdoutLine: {'line': b'-- Detecting CXX compile features - done\n'}
[236.990874] (examples_rclcpp_minimal_publisher) StdoutLine: {'line': b'-- Found ament_cmake: 1.3.14 (/opt/ros/humble/share/ament_cmake/cmake)\n'}
[237.065549] (-) TimerEvent: {}
[237.260574] (examples_rclcpp_minimal_publisher) StdoutLine: {'line': b'-- Found Python3: /usr/bin/python3 (found version "3.10.12") found components: Interpreter \n'}
[237.260816] (-) TimerEvent: {}
[237.350758] (examples_rclcpp_minimal_publisher) StdoutLine: {'line': b'-- Override CMake install command with custom implementation using symlinks instead of copying resources\n'}
[237.376581] (examples_rclcpp_minimal_publisher) StdoutLine: {'line': b'-- Found rclcpp: 16.0.18 (/opt/ros/humble/share/rclcpp/cmake)\n'}
[237.376794] (-) TimerEvent: {}
[237.442236] (examples_rclcpp_minimal_publisher) StdoutLine: {'line': b'-- Found rosidl_generator_c: 3.1.8 (/opt/ros/humble/share/rosidl_generator_c/cmake)\n'}
[237.442483] (examples_rclcpp_minimal_publisher) StdoutLine: {'line': b'-- Found rosidl_adapter: 3.1.8 (/opt/ros/humble/share/rosidl_adapter/cmake)\n'}
[237.453801] (examples_rclcpp_minimal_publisher) StdoutLine: {'line': b'-- Found rosidl_generator_cpp: 3.1.8 (/opt/ros/humble/share/rosidl_generator_cpp/cmake)\n'}
[237.466676] (examples_rclcpp_minimal_publisher) StdoutLine: {'line': b'-- Using all available rosidl_typesupport_c: rosidl_typesupport_fastrtps_c;rosidl_typesupport_introspection_c\n'}
[237.487610] (examples_rclcpp_minimal_publisher) StdoutLine: {'line': b'-- Using all available rosidl_typesupport_cpp: rosidl_typesupport_fastrtps_cpp;rosidl_typesupport_introspection_cpp\n'}
[237.487752] (-) TimerEvent: {}
[237.572565] (examples_rclcpp_minimal_publisher) StdoutLine: {'line': b'-- Found rmw_implementation_cmake: 6.1.2 (/opt/ros/humble/share/rmw_implementation_cmake/cmake)\n'}
[237.578569] (examples_rclcpp_minimal_publisher) StdoutLine: {'line': b'-- Found rmw_fastrtps_cpp: 6.2.10 (/opt/ros/humble/share/rmw_fastrtps_cpp/cmake)\n'}
[237.742792] (examples_rclcpp_minimal_publisher) StdoutLine: {'line': b'-- Found OpenSSL: /usr/lib/x86_64-linux-gnu/libcrypto.so (found version "3.0.2")  \n'}
[237.742985] (-) TimerEvent: {}
[237.772977] (examples_rclcpp_minimal_publisher) StdoutLine: {'line': b'-- Found FastRTPS: /opt/ros/humble/include  \n'}
[237.825318] (examples_rclcpp_minimal_publisher) StdoutLine: {'line': b"-- Using RMW implementation 'rmw_fastrtps_cpp' as default\n"}
[237.834468] (examples_rclcpp_minimal_publisher) StdoutLine: {'line': b'-- Looking for pthread.h\n'}
[237.955541] (-) TimerEvent: {}
[238.097269] (-) TimerEvent: {}
[238.111893] (examples_rclcpp_minimal_publisher) StdoutLine: {'line': b'-- Looking for pthread.h - found\n'}
[238.112120] (examples_rclcpp_minimal_publisher) StdoutLine: {'line': b'-- Performing Test CMAKE_HAVE_LIBC_PTHREAD\n'}
[238.959969] (-) TimerEvent: {}
[239.082140] (-) TimerEvent: {}
[239.155117] (examples_rclcpp_minimal_publisher) StdoutLine: {'line': b'-- Performing Test CMAKE_HAVE_LIBC_PTHREAD - Success\n'}
[239.156737] (examples_rclcpp_minimal_publisher) StdoutLine: {'line': b'-- Found Threads: TRUE  \n'}
[239.214542] (-) TimerEvent: {}
[239.252479] (examples_rclcpp_minimal_publisher) StdoutLine: {'line': b'-- Found ament_lint_auto: 0.12.15 (/opt/ros/humble/share/ament_lint_auto/cmake)\n'}
[239.506877] (-) TimerEvent: {}
[239.614015] (depth_image_proc) StdoutLine: {'line': b'[ 43%] \x1b[32m\x1b[1mLinking CXX executable crop_foremost_node\x1b[0m\n'}
[239.614234] (-) TimerEvent: {}
[239.673031] (examples_rclcpp_minimal_publisher) StdoutLine: {'line': b"-- Added test 'copyright' to check source files copyright and LICENSE\n"}
[239.675532] (examples_rclcpp_minimal_publisher) StdoutLine: {'line': b"-- Added test 'cppcheck' to perform static code analysis on C / C++ code\n"}
[239.676480] (examples_rclcpp_minimal_publisher) StdoutLine: {'line': b'-- Configured cppcheck include dirs: \n'}
[239.676842] (examples_rclcpp_minimal_publisher) StdoutLine: {'line': b'-- Configured cppcheck exclude dirs and/or files: \n'}
[239.678575] (examples_rclcpp_minimal_publisher) StdoutLine: {'line': b"-- Added test 'cpplint' to check C / C++ code against the Google style\n"}
[239.678984] (examples_rclcpp_minimal_publisher) StdoutLine: {'line': b'-- Configured cpplint exclude dirs and/or files: \n'}
[239.680516] (examples_rclcpp_minimal_publisher) StdoutLine: {'line': b"-- Added test 'lint_cmake' to check CMake code style\n"}
[239.682354] (examples_rclcpp_minimal_publisher) StdoutLine: {'line': b"-- Added test 'uncrustify' to check C / C++ code style\n"}
[239.682672] (examples_rclcpp_minimal_publisher) StdoutLine: {'line': b'-- Configured uncrustify additional arguments: \n'}
[239.683733] (examples_rclcpp_minimal_publisher) StdoutLine: {'line': b"-- Added test 'xmllint' to check XML markup files\n"}
[239.723662] (examples_rclcpp_minimal_publisher) StdoutLine: {'line': b'-- Configuring done\n'}
[239.723881] (-) TimerEvent: {}
[239.735796] (examples_rclcpp_minimal_publisher) StdoutLine: {'line': b'-- Generating done\n'}
[239.749799] (examples_rclcpp_minimal_publisher) StdoutLine: {'line': b'-- Build files have been written to: /home/bryan/Workspace/ros2_ws/build/examples_rclcpp_minimal_publisher\n'}
[239.778228] (examples_rclcpp_minimal_publisher) CommandEnded: {'returncode': 0}
[239.836286] (examples_rclcpp_minimal_publisher) JobProgress: {'identifier': 'examples_rclcpp_minimal_publisher', 'progress': 'build'}
[239.836378] (-) TimerEvent: {}
[239.837614] (examples_rclcpp_minimal_publisher) Command: {'cmd': ['/usr/bin/cmake', '--build', '/home/bryan/Workspace/ros2_ws/build/examples_rclcpp_minimal_publisher', '--', '-j3', '-l3'], 'cwd': '/home/bryan/Workspace/ros2_ws/build/examples_rclcpp_minimal_publisher', 'env': OrderedDict([('LESSOPEN', '| /usr/bin/lesspipe %s'), ('USER', 'bryan'), ('XDG_SESSION_TYPE', 'wayland'), ('SHLVL', '1'), ('LD_LIBRARY_PATH', '/opt/ros/humble/opt/rviz_ogre_vendor/lib:/opt/ros/humble/lib/x86_64-linux-gnu:/opt/ros/humble/lib'), ('HOME', '/home/bryan'), ('OLDPWD', '/home/bryan/Workspace/ros2_ws/src/ros2_sumo-main'), ('DESKTOP_SESSION', 'ubuntu'), ('ROS_PYTHON_VERSION', '3'), ('GNOME_SHELL_SESSION_MODE', 'ubuntu'), ('GTK_MODULES', 'gail:atk-bridge'), ('SYSTEMD_EXEC_PID', '1570'), ('DBUS_SESSION_BUS_ADDRESS', 'unix:path=/run/user/1000/bus'), ('COLORTERM', 'truecolor'), ('IM_CONFIG_PHASE', '1'), ('WAYLAND_DISPLAY', 'wayland-0'), ('ROS_DISTRO', 'humble'), ('LOGNAME', 'bryan'), ('SUMO_HOME', '/usr/share/sumo/'), ('_', '/usr/bin/colcon'), ('ROS_VERSION', '2'), ('XDG_SESSION_CLASS', 'user'), ('USERNAME', 'bryan'), ('TERM', 'xterm-256color'), ('GNOME_DESKTOP_SESSION_ID', 'this-is-deprecated'), ('ROS_LOCALHOST_ONLY', '0'), ('PATH', '/opt/ros/humble/bin:/usr/local/sbin:/usr/local/bin:/usr/sbin:/usr/bin:/sbin:/bin:/usr/games:/usr/local/games:/snap/bin:/snap/bin'), ('SESSION_MANAGER', 'local/bryan-VirtualBox:@/tmp/.ICE-unix/1372,unix/bryan-VirtualBox:/tmp/.ICE-unix/1372'), ('XDG_MENU_PREFIX', 'gnome-'), ('GNOME_TERMINAL_SCREEN', '/org/gnome/Terminal/screen/71407a0b_323a_4971_8a7b_4147209295e5'), ('GNOME_SETUP_DISPLAY', ':1'), ('XDG_RUNTIME_DIR', '/run/user/1000'), ('DISPLAY', ':0'), ('LANG', 'en_US.UTF-8'), ('XDG_CURRENT_DESKTOP', 'ubuntu:GNOME'), ('XMODIFIERS', '@im=ibus'), ('XDG_SESSION_DESKTOP', 'ubuntu'), ('XAUTHORITY', '/run/user/1000/.mutter-Xwaylandauth.GH7FP3'), ('LS_COLORS', 'rs=0:di=01;34:ln=01;36:mh=00:pi=40;33:so=01;35:do=01;35:bd=40;33;01:cd=40;33;01:or=40;31;01:mi=00:su=37;41:sg=30;43:ca=30;41:tw=30;42:ow=34;42:st=37;44:ex=01;32:*.tar=01;31:*.tgz=01;31:*.arc=01;31:*.arj=01;31:*.taz=01;31:*.lha=01;31:*.lz4=01;31:*.lzh=01;31:*.lzma=01;31:*.tlz=01;31:*.txz=01;31:*.tzo=01;31:*.t7z=01;31:*.zip=01;31:*.z=01;31:*.dz=01;31:*.gz=01;31:*.lrz=01;31:*.lz=01;31:*.lzo=01;31:*.xz=01;31:*.zst=01;31:*.tzst=01;31:*.bz2=01;31:*.bz=01;31:*.tbz=01;31:*.tbz2=01;31:*.tz=01;31:*.deb=01;31:*.rpm=01;31:*.jar=01;31:*.war=01;31:*.ear=01;31:*.sar=01;31:*.rar=01;31:*.alz=01;31:*.ace=01;31:*.zoo=01;31:*.cpio=01;31:*.7z=01;31:*.rz=01;31:*.cab=01;31:*.wim=01;31:*.swm=01;31:*.dwm=01;31:*.esd=01;31:*.jpg=01;35:*.jpeg=01;35:*.mjpg=01;35:*.mjpeg=01;35:*.gif=01;35:*.bmp=01;35:*.pbm=01;35:*.pgm=01;35:*.ppm=01;35:*.tga=01;35:*.xbm=01;35:*.xpm=01;35:*.tif=01;35:*.tiff=01;35:*.png=01;35:*.svg=01;35:*.svgz=01;35:*.mng=01;35:*.pcx=01;35:*.mov=01;35:*.mpg=01;35:*.mpeg=01;35:*.m2v=01;35:*.mkv=01;35:*.webm=01;35:*.webp=01;35:*.ogm=01;35:*.mp4=01;35:*.m4v=01;35:*.mp4v=01;35:*.vob=01;35:*.qt=01;35:*.nuv=01;35:*.wmv=01;35:*.asf=01;35:*.rm=01;35:*.rmvb=01;35:*.flc=01;35:*.avi=01;35:*.fli=01;35:*.flv=01;35:*.gl=01;35:*.dl=01;35:*.xcf=01;35:*.xwd=01;35:*.yuv=01;35:*.cgm=01;35:*.emf=01;35:*.ogv=01;35:*.ogx=01;35:*.aac=00;36:*.au=00;36:*.flac=00;36:*.m4a=00;36:*.mid=00;36:*.midi=00;36:*.mka=00;36:*.mp3=00;36:*.mpc=00;36:*.ogg=00;36:*.ra=00;36:*.wav=00;36:*.oga=00;36:*.opus=00;36:*.spx=00;36:*.xspf=00;36:'), ('GNOME_TERMINAL_SERVICE', ':1.91'), ('SSH_AGENT_LAUNCHER', 'gnome-keyring'), ('SSH_AUTH_SOCK', '/run/user/1000/keyring/ssh'), ('AMENT_PREFIX_PATH', '/opt/ros/humble'), ('SHELL', '/bin/bash'), ('QT_ACCESSIBILITY', '1'), ('GDMSESSION', 'ubuntu'), ('LESSCLOSE', '/usr/bin/lesspipe %s %s'), ('QT_IM_MODULE', 'ibus'), ('PWD', '/home/bryan/Workspace/ros2_ws/build/examples_rclcpp_minimal_publisher'), ('LC_ALL', 'en_US.UTF-8'), ('XDG_CONFIG_DIRS', '/etc/xdg/xdg-ubuntu:/etc/xdg'), ('XDG_DATA_DIRS', '/usr/share/ubuntu:/usr/local/share/:/usr/share/:/var/lib/snapd/desktop'), ('PYTHONPATH', '/opt/ros/humble/lib/python3.10/site-packages:/opt/ros/humble/local/lib/python3.10/dist-packages'), ('COLCON', '1'), ('VTE_VERSION', '6800'), ('CMAKE_PREFIX_PATH', '/opt/ros/humble')]), 'shell': False}
[239.855847] (depth_image_proc) StdoutLine: {'line': b'[ 43%] Built target crop_foremost_node\n'}
[239.927970] (depth_image_proc) StdoutLine: {'line': b'[ 46%] \x1b[32mBuilding CXX object CMakeFiles/disparity_node.dir/rclcpp_components/node_main_disparity_node.cpp.o\x1b[0m\n'}
[239.949516] (-) TimerEvent: {}
[239.951808] (examples_rclcpp_minimal_publisher) StdoutLine: {'line': b'[  8%] \x1b[32mBuilding CXX object CMakeFiles/publisher_lambda.dir/lambda.cpp.o\x1b[0m\n'}
[240.954912] (-) TimerEvent: {}
[241.070561] (-) TimerEvent: {}
[241.946167] (-) TimerEvent: {}
[242.951156] (-) TimerEvent: {}
[243.576798] (-) TimerEvent: {}
[243.952478] (-) TimerEvent: {}
[244.055977] (-) TimerEvent: {}
[244.616286] (depth_image_proc) StdoutLine: {'line': b'[ 50%] \x1b[32m\x1b[1mLinking CXX executable disparity_node\x1b[0m\n'}
[244.616456] (-) TimerEvent: {}
[244.717475] (-) TimerEvent: {}
[244.826240] (-) TimerEvent: {}
[244.899902] (depth_image_proc) StdoutLine: {'line': b'[ 50%] Built target disparity_node\n'}
[244.927360] (-) TimerEvent: {}
[244.955276] (depth_image_proc) StdoutLine: {'line': b'[ 53%] \x1b[32mBuilding CXX object CMakeFiles/point_cloud_xyz_node.dir/rclcpp_components/node_main_point_cloud_xyz_node.cpp.o\x1b[0m\n'}
[245.027750] (-) TimerEvent: {}
[245.129080] (-) TimerEvent: {}
[245.232357] (-) TimerEvent: {}
[245.338702] (-) TimerEvent: {}
[245.442357] (-) TimerEvent: {}
[245.543087] (-) TimerEvent: {}
[245.644967] (-) TimerEvent: {}
[245.746392] (-) TimerEvent: {}
[245.847468] (-) TimerEvent: {}
[245.949909] (-) TimerEvent: {}
[246.052672] (-) TimerEvent: {}
[246.153872] (-) TimerEvent: {}
[246.254945] (-) TimerEvent: {}
[246.355679] (-) TimerEvent: {}
[246.458028] (-) TimerEvent: {}
[246.571954] (-) TimerEvent: {}
[246.778282] (-) TimerEvent: {}
[246.826968] (examples_rclcpp_minimal_publisher) StdoutLine: {'line': b'[ 16%] \x1b[32m\x1b[1mLinking CXX executable publisher_lambda\x1b[0m\n'}
[246.880620] (-) TimerEvent: {}
[247.129614] (-) TimerEvent: {}
[247.174698] (examples_rclcpp_minimal_publisher) StdoutLine: {'line': b'[ 16%] Built target publisher_lambda\n'}
[247.231917] (examples_rclcpp_minimal_publisher) StdoutLine: {'line': b'[ 25%] \x1b[32mBuilding CXX object CMakeFiles/publisher_member_function_with_type_adapter.dir/member_function_with_type_adapter.cpp.o\x1b[0m\n'}
[247.232171] (-) TimerEvent: {}
[247.339222] (-) TimerEvent: {}
[247.953110] (-) TimerEvent: {}
[248.069287] (-) TimerEvent: {}
[248.786255] (-) TimerEvent: {}
[248.811876] (examples_rclcpp_minimal_composition) StdoutLine: {'line': b'[ 33%] \x1b[32m\x1b[1mLinking CXX shared library libcomposition_nodes.so\x1b[0m\n'}
[248.951005] (-) TimerEvent: {}
[249.548070] (examples_rclcpp_minimal_composition) StdoutLine: {'line': b'[ 33%] Built target composition_nodes\n'}
[249.548269] (-) TimerEvent: {}
[249.591571] (examples_rclcpp_minimal_composition) StdoutLine: {'line': b'[ 44%] \x1b[32mBuilding CXX object CMakeFiles/composition_publisher.dir/src/standalone_publisher.cpp.o\x1b[0m\n'}
[249.956785] (-) TimerEvent: {}
[250.104092] (-) TimerEvent: {}
[250.444613] (-) TimerEvent: {}
[250.562656] (-) TimerEvent: {}
[250.585302] (depth_image_proc) StdoutLine: {'line': b'[ 56%] \x1b[32m\x1b[1mLinking CXX executable point_cloud_xyz_node\x1b[0m\n'}
[250.779508] (-) TimerEvent: {}
[250.826845] (depth_image_proc) StdoutLine: {'line': b'[ 56%] Built target point_cloud_xyz_node\n'}
[250.882520] (-) TimerEvent: {}
[250.883082] (depth_image_proc) StdoutLine: {'line': b'[ 59%] \x1b[32mBuilding CXX object CMakeFiles/point_cloud_xyzrgb_node.dir/rclcpp_components/node_main_point_cloud_xyzrgb_node.cpp.o\x1b[0m\n'}
[251.949028] (-) TimerEvent: {}
[252.542461] (-) TimerEvent: {}
[252.945715] (-) TimerEvent: {}
[253.826454] (-) TimerEvent: {}
[253.959431] (-) TimerEvent: {}
[254.081014] (-) TimerEvent: {}
[254.094475] (examples_rclcpp_minimal_composition) StdoutLine: {'line': b'[ 55%] \x1b[32m\x1b[1mLinking CXX executable composition_publisher\x1b[0m\n'}
[254.149671] (examples_rclcpp_minimal_publisher) StdoutLine: {'line': b'[ 33%] \x1b[32m\x1b[1mLinking CXX executable publisher_member_function_with_type_adapter\x1b[0m\n'}
[254.403444] (-) TimerEvent: {}
[254.425857] (examples_rclcpp_minimal_composition) StdoutLine: {'line': b'[ 55%] Built target composition_publisher\n'}
[254.480787] (examples_rclcpp_minimal_composition) StdoutLine: {'line': b'[ 66%] \x1b[32mBuilding CXX object CMakeFiles/composition_composed.dir/src/composed.cpp.o\x1b[0m\n'}
[254.507998] (-) TimerEvent: {}
[254.613096] (-) TimerEvent: {}
[254.717069] (-) TimerEvent: {}
[254.748829] (examples_rclcpp_minimal_publisher) StdoutLine: {'line': b'[ 33%] Built target publisher_member_function_with_type_adapter\n'}
[254.804808] (examples_rclcpp_minimal_publisher) StdoutLine: {'line': b'[ 41%] \x1b[32mBuilding CXX object CMakeFiles/publisher_member_function_with_unique_network_flow_endpoints.dir/member_function_with_unique_network_flow_endpoints.cpp.o\x1b[0m\n'}
[254.827442] (-) TimerEvent: {}
[254.945436] (-) TimerEvent: {}
[255.049063] (-) TimerEvent: {}
[255.152106] (-) TimerEvent: {}
[255.792893] (-) TimerEvent: {}
[255.910066] (depth_image_proc) StdoutLine: {'line': b'[ 62%] \x1b[32m\x1b[1mLinking CXX executable point_cloud_xyzrgb_node\x1b[0m\n'}
[255.910821] (-) TimerEvent: {}
[256.127265] (-) TimerEvent: {}
[256.152820] (depth_image_proc) StdoutLine: {'line': b'[ 62%] Built target point_cloud_xyzrgb_node\n'}
[256.201523] (depth_image_proc) StdoutLine: {'line': b'[ 65%] \x1b[32mBuilding CXX object CMakeFiles/point_cloud_xyzi_node.dir/rclcpp_components/node_main_point_cloud_xyzi_node.cpp.o\x1b[0m\n'}
[256.234978] (-) TimerEvent: {}
[256.955181] (-) TimerEvent: {}
[257.953537] (-) TimerEvent: {}
[258.951584] (-) TimerEvent: {}
[259.331246] (-) TimerEvent: {}
[259.433862] (-) TimerEvent: {}
[259.536393] (-) TimerEvent: {}
[259.561306] (examples_rclcpp_minimal_composition) StdoutLine: {'line': b'[ 77%] \x1b[32m\x1b[1mLinking CXX executable composition_composed\x1b[0m\n'}
[259.641754] (-) TimerEvent: {}
[259.916344] (-) TimerEvent: {}
[259.956599] (examples_rclcpp_minimal_composition) StdoutLine: {'line': b'[ 77%] Built target composition_composed\n'}
[260.011305] (examples_rclcpp_minimal_composition) StdoutLine: {'line': b'[ 88%] \x1b[32mBuilding CXX object CMakeFiles/composition_subscriber.dir/src/standalone_subscriber.cpp.o\x1b[0m\n'}
[260.017114] (-) TimerEvent: {}
[260.263025] (-) TimerEvent: {}
[260.370988] (-) TimerEvent: {}
[260.478396] (-) TimerEvent: {}
[260.959533] (-) TimerEvent: {}
[261.061546] (-) TimerEvent: {}
[261.169623] (-) TimerEvent: {}
[261.275625] (-) TimerEvent: {}
[261.378619] (-) TimerEvent: {}
[261.481159] (-) TimerEvent: {}
[261.585538] (-) TimerEvent: {}
[261.706869] (depth_image_proc) StdoutLine: {'line': b'[ 68%] \x1b[32m\x1b[1mLinking CXX executable point_cloud_xyzi_node\x1b[0m\n'}
[261.707072] (-) TimerEvent: {}
[261.816464] (-) TimerEvent: {}
[261.955898] (depth_image_proc) StdoutLine: {'line': b'[ 68%] Built target point_cloud_xyzi_node\n'}
[261.956208] (-) TimerEvent: {}
[262.010089] (depth_image_proc) StdoutLine: {'line': b'[ 71%] \x1b[32mBuilding CXX object CMakeFiles/point_cloud_xyz_radial_node.dir/rclcpp_components/node_main_point_cloud_xyz_radial_node.cpp.o\x1b[0m\n'}
[262.207311] (examples_rclcpp_minimal_publisher) StdoutLine: {'line': b'[ 50%] \x1b[32m\x1b[1mLinking CXX executable publisher_member_function_with_unique_network_flow_endpoints\x1b[0m\n'}
[262.207504] (-) TimerEvent: {}
[262.483564] (-) TimerEvent: {}
[262.504875] (examples_rclcpp_minimal_publisher) StdoutLine: {'line': b'[ 50%] Built target publisher_member_function_with_unique_network_flow_endpoints\n'}
[262.579646] (examples_rclcpp_minimal_publisher) StdoutLine: {'line': b'[ 58%] \x1b[32mBuilding CXX object CMakeFiles/publisher_wait_for_all_acked.dir/member_function_with_wait_for_all_acked.cpp.o\x1b[0m\n'}
[262.585813] (-) TimerEvent: {}
[262.698455] (-) TimerEvent: {}
[262.949776] (-) TimerEvent: {}
[263.961079] (-) TimerEvent: {}
[264.072027] (-) TimerEvent: {}
[264.957173] (-) TimerEvent: {}
[265.060122] (-) TimerEvent: {}
[265.164339] (-) TimerEvent: {}
[265.187933] (examples_rclcpp_minimal_composition) StdoutLine: {'line': b'[100%] \x1b[32m\x1b[1mLinking CXX executable composition_subscriber\x1b[0m\n'}
[265.511770] (-) TimerEvent: {}
[265.541533] (examples_rclcpp_minimal_composition) StdoutLine: {'line': b'[100%] Built target composition_subscriber\n'}
[265.600027] (examples_rclcpp_minimal_composition) CommandEnded: {'returncode': 0}
[265.600918] (examples_rclcpp_minimal_composition) JobProgress: {'identifier': 'examples_rclcpp_minimal_composition', 'progress': 'install'}
[265.601054] (examples_rclcpp_minimal_composition) Command: {'cmd': ['/usr/bin/cmake', '--install', '/home/bryan/Workspace/ros2_ws/build/examples_rclcpp_minimal_composition'], 'cwd': '/home/bryan/Workspace/ros2_ws/build/examples_rclcpp_minimal_composition', 'env': OrderedDict([('LESSOPEN', '| /usr/bin/lesspipe %s'), ('USER', 'bryan'), ('XDG_SESSION_TYPE', 'wayland'), ('SHLVL', '1'), ('LD_LIBRARY_PATH', '/opt/ros/humble/opt/rviz_ogre_vendor/lib:/opt/ros/humble/lib/x86_64-linux-gnu:/opt/ros/humble/lib'), ('HOME', '/home/bryan'), ('OLDPWD', '/home/bryan/Workspace/ros2_ws/src/ros2_sumo-main'), ('DESKTOP_SESSION', 'ubuntu'), ('ROS_PYTHON_VERSION', '3'), ('GNOME_SHELL_SESSION_MODE', 'ubuntu'), ('GTK_MODULES', 'gail:atk-bridge'), ('SYSTEMD_EXEC_PID', '1570'), ('DBUS_SESSION_BUS_ADDRESS', 'unix:path=/run/user/1000/bus'), ('COLORTERM', 'truecolor'), ('IM_CONFIG_PHASE', '1'), ('WAYLAND_DISPLAY', 'wayland-0'), ('ROS_DISTRO', 'humble'), ('LOGNAME', 'bryan'), ('SUMO_HOME', '/usr/share/sumo/'), ('_', '/usr/bin/colcon'), ('ROS_VERSION', '2'), ('XDG_SESSION_CLASS', 'user'), ('USERNAME', 'bryan'), ('TERM', 'xterm-256color'), ('GNOME_DESKTOP_SESSION_ID', 'this-is-deprecated'), ('ROS_LOCALHOST_ONLY', '0'), ('PATH', '/opt/ros/humble/bin:/usr/local/sbin:/usr/local/bin:/usr/sbin:/usr/bin:/sbin:/bin:/usr/games:/usr/local/games:/snap/bin:/snap/bin'), ('SESSION_MANAGER', 'local/bryan-VirtualBox:@/tmp/.ICE-unix/1372,unix/bryan-VirtualBox:/tmp/.ICE-unix/1372'), ('XDG_MENU_PREFIX', 'gnome-'), ('GNOME_TERMINAL_SCREEN', '/org/gnome/Terminal/screen/71407a0b_323a_4971_8a7b_4147209295e5'), ('GNOME_SETUP_DISPLAY', ':1'), ('XDG_RUNTIME_DIR', '/run/user/1000'), ('DISPLAY', ':0'), ('LANG', 'en_US.UTF-8'), ('XDG_CURRENT_DESKTOP', 'ubuntu:GNOME'), ('XMODIFIERS', '@im=ibus'), ('XDG_SESSION_DESKTOP', 'ubuntu'), ('XAUTHORITY', '/run/user/1000/.mutter-Xwaylandauth.GH7FP3'), ('LS_COLORS', 'rs=0:di=01;34:ln=01;36:mh=00:pi=40;33:so=01;35:do=01;35:bd=40;33;01:cd=40;33;01:or=40;31;01:mi=00:su=37;41:sg=30;43:ca=30;41:tw=30;42:ow=34;42:st=37;44:ex=01;32:*.tar=01;31:*.tgz=01;31:*.arc=01;31:*.arj=01;31:*.taz=01;31:*.lha=01;31:*.lz4=01;31:*.lzh=01;31:*.lzma=01;31:*.tlz=01;31:*.txz=01;31:*.tzo=01;31:*.t7z=01;31:*.zip=01;31:*.z=01;31:*.dz=01;31:*.gz=01;31:*.lrz=01;31:*.lz=01;31:*.lzo=01;31:*.xz=01;31:*.zst=01;31:*.tzst=01;31:*.bz2=01;31:*.bz=01;31:*.tbz=01;31:*.tbz2=01;31:*.tz=01;31:*.deb=01;31:*.rpm=01;31:*.jar=01;31:*.war=01;31:*.ear=01;31:*.sar=01;31:*.rar=01;31:*.alz=01;31:*.ace=01;31:*.zoo=01;31:*.cpio=01;31:*.7z=01;31:*.rz=01;31:*.cab=01;31:*.wim=01;31:*.swm=01;31:*.dwm=01;31:*.esd=01;31:*.jpg=01;35:*.jpeg=01;35:*.mjpg=01;35:*.mjpeg=01;35:*.gif=01;35:*.bmp=01;35:*.pbm=01;35:*.pgm=01;35:*.ppm=01;35:*.tga=01;35:*.xbm=01;35:*.xpm=01;35:*.tif=01;35:*.tiff=01;35:*.png=01;35:*.svg=01;35:*.svgz=01;35:*.mng=01;35:*.pcx=01;35:*.mov=01;35:*.mpg=01;35:*.mpeg=01;35:*.m2v=01;35:*.mkv=01;35:*.webm=01;35:*.webp=01;35:*.ogm=01;35:*.mp4=01;35:*.m4v=01;35:*.mp4v=01;35:*.vob=01;35:*.qt=01;35:*.nuv=01;35:*.wmv=01;35:*.asf=01;35:*.rm=01;35:*.rmvb=01;35:*.flc=01;35:*.avi=01;35:*.fli=01;35:*.flv=01;35:*.gl=01;35:*.dl=01;35:*.xcf=01;35:*.xwd=01;35:*.yuv=01;35:*.cgm=01;35:*.emf=01;35:*.ogv=01;35:*.ogx=01;35:*.aac=00;36:*.au=00;36:*.flac=00;36:*.m4a=00;36:*.mid=00;36:*.midi=00;36:*.mka=00;36:*.mp3=00;36:*.mpc=00;36:*.ogg=00;36:*.ra=00;36:*.wav=00;36:*.oga=00;36:*.opus=00;36:*.spx=00;36:*.xspf=00;36:'), ('GNOME_TERMINAL_SERVICE', ':1.91'), ('SSH_AGENT_LAUNCHER', 'gnome-keyring'), ('SSH_AUTH_SOCK', '/run/user/1000/keyring/ssh'), ('AMENT_PREFIX_PATH', '/opt/ros/humble'), ('SHELL', '/bin/bash'), ('QT_ACCESSIBILITY', '1'), ('GDMSESSION', 'ubuntu'), ('LESSCLOSE', '/usr/bin/lesspipe %s %s'), ('QT_IM_MODULE', 'ibus'), ('PWD', '/home/bryan/Workspace/ros2_ws/build/examples_rclcpp_minimal_composition'), ('LC_ALL', 'en_US.UTF-8'), ('XDG_CONFIG_DIRS', '/etc/xdg/xdg-ubuntu:/etc/xdg'), ('XDG_DATA_DIRS', '/usr/share/ubuntu:/usr/local/share/:/usr/share/:/var/lib/snapd/desktop'), ('PYTHONPATH', '/opt/ros/humble/lib/python3.10/site-packages:/opt/ros/humble/local/lib/python3.10/dist-packages'), ('COLCON', '1'), ('VTE_VERSION', '6800'), ('CMAKE_PREFIX_PATH', '/opt/ros/humble')]), 'shell': False}
[265.612322] (-) TimerEvent: {}
[265.616310] (examples_rclcpp_minimal_composition) StdoutLine: {'line': b'-- Install configuration: ""\n'}
[265.617631] (examples_rclcpp_minimal_composition) StdoutLine: {'line': b'-- Execute custom install script\n'}
[265.617852] (examples_rclcpp_minimal_composition) StdoutLine: {'line': b'-- Symlinking: /home/bryan/Workspace/ros2_ws/install/examples_rclcpp_minimal_composition/share/examples_rclcpp_minimal_composition/environment/library_path.sh\n'}
[265.638162] (examples_rclcpp_minimal_composition) StdoutLine: {'line': b'-- Symlinking: /home/bryan/Workspace/ros2_ws/install/examples_rclcpp_minimal_composition/share/examples_rclcpp_minimal_composition/environment/library_path.dsv\n'}
[265.670619] (examples_rclcpp_minimal_composition) StdoutLine: {'line': b'-- Symlinking: /home/bryan/Workspace/ros2_ws/install/examples_rclcpp_minimal_composition/lib/libcomposition_nodes.so\n'}
[265.689624] (examples_rclcpp_minimal_composition) StdoutLine: {'line': b'-- Symlinking: /home/bryan/Workspace/ros2_ws/install/examples_rclcpp_minimal_composition/lib/examples_rclcpp_minimal_composition/composition_publisher\n'}
[265.707210] (examples_rclcpp_minimal_composition) StdoutLine: {'line': b'-- Symlinking: /home/bryan/Workspace/ros2_ws/install/examples_rclcpp_minimal_composition/lib/examples_rclcpp_minimal_composition/composition_subscriber\n'}
[265.715468] (-) TimerEvent: {}
[265.729017] (examples_rclcpp_minimal_composition) StdoutLine: {'line': b'-- Symlinking: /home/bryan/Workspace/ros2_ws/install/examples_rclcpp_minimal_composition/lib/examples_rclcpp_minimal_composition/composition_composed\n'}
[265.763156] (examples_rclcpp_minimal_composition) StdoutLine: {'line': b'-- Symlinking: /home/bryan/Workspace/ros2_ws/install/examples_rclcpp_minimal_composition/share/ament_index/resource_index/package_run_dependencies/examples_rclcpp_minimal_composition\n'}
[265.783196] (examples_rclcpp_minimal_composition) StdoutLine: {'line': b'-- Symlinking: /home/bryan/Workspace/ros2_ws/install/examples_rclcpp_minimal_composition/share/ament_index/resource_index/parent_prefix_path/examples_rclcpp_minimal_composition\n'}
[265.798471] (examples_rclcpp_minimal_composition) StdoutLine: {'line': b'-- Symlinking: /home/bryan/Workspace/ros2_ws/install/examples_rclcpp_minimal_composition/share/examples_rclcpp_minimal_composition/environment/ament_prefix_path.sh\n'}
[265.816793] (-) TimerEvent: {}
[265.817920] (examples_rclcpp_minimal_composition) StdoutLine: {'line': b'-- Symlinking: /home/bryan/Workspace/ros2_ws/install/examples_rclcpp_minimal_composition/share/examples_rclcpp_minimal_composition/environment/ament_prefix_path.dsv\n'}
[265.837722] (examples_rclcpp_minimal_composition) StdoutLine: {'line': b'-- Symlinking: /home/bryan/Workspace/ros2_ws/install/examples_rclcpp_minimal_composition/share/examples_rclcpp_minimal_composition/environment/path.sh\n'}
[265.860605] (examples_rclcpp_minimal_composition) StdoutLine: {'line': b'-- Symlinking: /home/bryan/Workspace/ros2_ws/install/examples_rclcpp_minimal_composition/share/examples_rclcpp_minimal_composition/environment/path.dsv\n'}
[265.879827] (examples_rclcpp_minimal_composition) StdoutLine: {'line': b'-- Symlinking: /home/bryan/Workspace/ros2_ws/install/examples_rclcpp_minimal_composition/share/examples_rclcpp_minimal_composition/local_setup.bash\n'}
[265.895133] (examples_rclcpp_minimal_composition) StdoutLine: {'line': b'-- Symlinking: /home/bryan/Workspace/ros2_ws/install/examples_rclcpp_minimal_composition/share/examples_rclcpp_minimal_composition/local_setup.sh\n'}
[265.917332] (examples_rclcpp_minimal_composition) StdoutLine: {'line': b'-- Symlinking: /home/bryan/Workspace/ros2_ws/install/examples_rclcpp_minimal_composition/share/examples_rclcpp_minimal_composition/local_setup.zsh\n'}
[265.917575] (-) TimerEvent: {}
[265.936939] (examples_rclcpp_minimal_composition) StdoutLine: {'line': b'-- Symlinking: /home/bryan/Workspace/ros2_ws/install/examples_rclcpp_minimal_composition/share/examples_rclcpp_minimal_composition/local_setup.dsv\n'}
[265.965543] (examples_rclcpp_minimal_composition) StdoutLine: {'line': b'-- Symlinking: /home/bryan/Workspace/ros2_ws/install/examples_rclcpp_minimal_composition/share/examples_rclcpp_minimal_composition/package.dsv\n'}
[265.983463] (examples_rclcpp_minimal_composition) StdoutLine: {'line': b'-- Symlinking: /home/bryan/Workspace/ros2_ws/install/examples_rclcpp_minimal_composition/share/ament_index/resource_index/packages/examples_rclcpp_minimal_composition\n'}
[266.005426] (examples_rclcpp_minimal_composition) StdoutLine: {'line': b'-- Symlinking: /home/bryan/Workspace/ros2_ws/install/examples_rclcpp_minimal_composition/share/examples_rclcpp_minimal_composition/cmake/examples_rclcpp_minimal_compositionConfig.cmake\n'}
[266.015342] (examples_rclcpp_minimal_composition) StdoutLine: {'line': b'-- Symlinking: /home/bryan/Workspace/ros2_ws/install/examples_rclcpp_minimal_composition/share/examples_rclcpp_minimal_composition/cmake/examples_rclcpp_minimal_compositionConfig-version.cmake\n'}
[266.026156] (-) TimerEvent: {}
[266.031519] (examples_rclcpp_minimal_composition) StdoutLine: {'line': b'-- Symlinking: /home/bryan/Workspace/ros2_ws/install/examples_rclcpp_minimal_composition/share/examples_rclcpp_minimal_composition/package.xml\n'}
[266.054785] (examples_rclcpp_minimal_composition) CommandEnded: {'returncode': 0}
[266.103597] (examples_rclcpp_minimal_composition) JobEnded: {'identifier': 'examples_rclcpp_minimal_composition', 'rc': 0}
[266.104970] (examples_rclcpp_minimal_service) JobStarted: {'identifier': 'examples_rclcpp_minimal_service'}
[266.130818] (-) TimerEvent: {}
[266.204582] (examples_rclcpp_minimal_service) JobProgress: {'identifier': 'examples_rclcpp_minimal_service', 'progress': 'cmake'}
[266.204736] (examples_rclcpp_minimal_service) Command: {'cmd': ['/usr/bin/cmake', '/home/bryan/Workspace/ros2_ws/src/examples/rclcpp/services/minimal_service', '-DAMENT_CMAKE_SYMLINK_INSTALL=1', '-DCMAKE_INSTALL_PREFIX=/home/bryan/Workspace/ros2_ws/install/examples_rclcpp_minimal_service'], 'cwd': '/home/bryan/Workspace/ros2_ws/build/examples_rclcpp_minimal_service', 'env': OrderedDict([('LESSOPEN', '| /usr/bin/lesspipe %s'), ('USER', 'bryan'), ('XDG_SESSION_TYPE', 'wayland'), ('SHLVL', '1'), ('LD_LIBRARY_PATH', '/opt/ros/humble/opt/rviz_ogre_vendor/lib:/opt/ros/humble/lib/x86_64-linux-gnu:/opt/ros/humble/lib'), ('HOME', '/home/bryan'), ('OLDPWD', '/home/bryan/Workspace/ros2_ws/src/ros2_sumo-main'), ('DESKTOP_SESSION', 'ubuntu'), ('ROS_PYTHON_VERSION', '3'), ('GNOME_SHELL_SESSION_MODE', 'ubuntu'), ('GTK_MODULES', 'gail:atk-bridge'), ('SYSTEMD_EXEC_PID', '1570'), ('DBUS_SESSION_BUS_ADDRESS', 'unix:path=/run/user/1000/bus'), ('COLORTERM', 'truecolor'), ('IM_CONFIG_PHASE', '1'), ('WAYLAND_DISPLAY', 'wayland-0'), ('ROS_DISTRO', 'humble'), ('LOGNAME', 'bryan'), ('SUMO_HOME', '/usr/share/sumo/'), ('_', '/usr/bin/colcon'), ('ROS_VERSION', '2'), ('XDG_SESSION_CLASS', 'user'), ('USERNAME', 'bryan'), ('TERM', 'xterm-256color'), ('GNOME_DESKTOP_SESSION_ID', 'this-is-deprecated'), ('ROS_LOCALHOST_ONLY', '0'), ('PATH', '/opt/ros/humble/bin:/usr/local/sbin:/usr/local/bin:/usr/sbin:/usr/bin:/sbin:/bin:/usr/games:/usr/local/games:/snap/bin:/snap/bin'), ('SESSION_MANAGER', 'local/bryan-VirtualBox:@/tmp/.ICE-unix/1372,unix/bryan-VirtualBox:/tmp/.ICE-unix/1372'), ('XDG_MENU_PREFIX', 'gnome-'), ('GNOME_TERMINAL_SCREEN', '/org/gnome/Terminal/screen/71407a0b_323a_4971_8a7b_4147209295e5'), ('GNOME_SETUP_DISPLAY', ':1'), ('XDG_RUNTIME_DIR', '/run/user/1000'), ('DISPLAY', ':0'), ('LANG', 'en_US.UTF-8'), ('XDG_CURRENT_DESKTOP', 'ubuntu:GNOME'), ('XMODIFIERS', '@im=ibus'), ('XDG_SESSION_DESKTOP', 'ubuntu'), ('XAUTHORITY', '/run/user/1000/.mutter-Xwaylandauth.GH7FP3'), ('LS_COLORS', 'rs=0:di=01;34:ln=01;36:mh=00:pi=40;33:so=01;35:do=01;35:bd=40;33;01:cd=40;33;01:or=40;31;01:mi=00:su=37;41:sg=30;43:ca=30;41:tw=30;42:ow=34;42:st=37;44:ex=01;32:*.tar=01;31:*.tgz=01;31:*.arc=01;31:*.arj=01;31:*.taz=01;31:*.lha=01;31:*.lz4=01;31:*.lzh=01;31:*.lzma=01;31:*.tlz=01;31:*.txz=01;31:*.tzo=01;31:*.t7z=01;31:*.zip=01;31:*.z=01;31:*.dz=01;31:*.gz=01;31:*.lrz=01;31:*.lz=01;31:*.lzo=01;31:*.xz=01;31:*.zst=01;31:*.tzst=01;31:*.bz2=01;31:*.bz=01;31:*.tbz=01;31:*.tbz2=01;31:*.tz=01;31:*.deb=01;31:*.rpm=01;31:*.jar=01;31:*.war=01;31:*.ear=01;31:*.sar=01;31:*.rar=01;31:*.alz=01;31:*.ace=01;31:*.zoo=01;31:*.cpio=01;31:*.7z=01;31:*.rz=01;31:*.cab=01;31:*.wim=01;31:*.swm=01;31:*.dwm=01;31:*.esd=01;31:*.jpg=01;35:*.jpeg=01;35:*.mjpg=01;35:*.mjpeg=01;35:*.gif=01;35:*.bmp=01;35:*.pbm=01;35:*.pgm=01;35:*.ppm=01;35:*.tga=01;35:*.xbm=01;35:*.xpm=01;35:*.tif=01;35:*.tiff=01;35:*.png=01;35:*.svg=01;35:*.svgz=01;35:*.mng=01;35:*.pcx=01;35:*.mov=01;35:*.mpg=01;35:*.mpeg=01;35:*.m2v=01;35:*.mkv=01;35:*.webm=01;35:*.webp=01;35:*.ogm=01;35:*.mp4=01;35:*.m4v=01;35:*.mp4v=01;35:*.vob=01;35:*.qt=01;35:*.nuv=01;35:*.wmv=01;35:*.asf=01;35:*.rm=01;35:*.rmvb=01;35:*.flc=01;35:*.avi=01;35:*.fli=01;35:*.flv=01;35:*.gl=01;35:*.dl=01;35:*.xcf=01;35:*.xwd=01;35:*.yuv=01;35:*.cgm=01;35:*.emf=01;35:*.ogv=01;35:*.ogx=01;35:*.aac=00;36:*.au=00;36:*.flac=00;36:*.m4a=00;36:*.mid=00;36:*.midi=00;36:*.mka=00;36:*.mp3=00;36:*.mpc=00;36:*.ogg=00;36:*.ra=00;36:*.wav=00;36:*.oga=00;36:*.opus=00;36:*.spx=00;36:*.xspf=00;36:'), ('GNOME_TERMINAL_SERVICE', ':1.91'), ('SSH_AGENT_LAUNCHER', 'gnome-keyring'), ('SSH_AUTH_SOCK', '/run/user/1000/keyring/ssh'), ('AMENT_PREFIX_PATH', '/opt/ros/humble'), ('SHELL', '/bin/bash'), ('QT_ACCESSIBILITY', '1'), ('GDMSESSION', 'ubuntu'), ('LESSCLOSE', '/usr/bin/lesspipe %s %s'), ('QT_IM_MODULE', 'ibus'), ('PWD', '/home/bryan/Workspace/ros2_ws/build/examples_rclcpp_minimal_service'), ('LC_ALL', 'en_US.UTF-8'), ('XDG_CONFIG_DIRS', '/etc/xdg/xdg-ubuntu:/etc/xdg'), ('XDG_DATA_DIRS', '/usr/share/ubuntu:/usr/local/share/:/usr/share/:/var/lib/snapd/desktop'), ('PYTHONPATH', '/opt/ros/humble/lib/python3.10/site-packages:/opt/ros/humble/local/lib/python3.10/dist-packages'), ('COLCON', '1'), ('VTE_VERSION', '6800'), ('CMAKE_PREFIX_PATH', '/opt/ros/humble')]), 'shell': False}
[266.235379] (-) TimerEvent: {}
[266.361567] (examples_rclcpp_minimal_service) StdoutLine: {'line': b'-- The C compiler identification is GNU 11.4.0\n'}
[266.361870] (-) TimerEvent: {}
[266.435923] (examples_rclcpp_minimal_service) StdoutLine: {'line': b'-- The CXX compiler identification is GNU 11.4.0\n'}
[266.446154] (examples_rclcpp_minimal_service) StdoutLine: {'line': b'-- Detecting C compiler ABI info\n'}
[266.573369] (examples_rclcpp_minimal_service) StdoutLine: {'line': b'-- Detecting C compiler ABI info - done\n'}
[266.573583] (-) TimerEvent: {}
[266.573933] (examples_rclcpp_minimal_service) StdoutLine: {'line': b'-- Check for working C compiler: /usr/bin/cc - skipped\n'}
[266.586200] (examples_rclcpp_minimal_service) StdoutLine: {'line': b'-- Detecting C compile features\n'}
[266.586421] (examples_rclcpp_minimal_service) StdoutLine: {'line': b'-- Detecting C compile features - done\n'}
[266.586533] (examples_rclcpp_minimal_service) StdoutLine: {'line': b'-- Detecting CXX compiler ABI info\n'}
[266.703090] (examples_rclcpp_minimal_service) StdoutLine: {'line': b'-- Detecting CXX compiler ABI info - done\n'}
[266.703247] (-) TimerEvent: {}
[266.714429] (examples_rclcpp_minimal_service) StdoutLine: {'line': b'-- Check for working CXX compiler: /usr/bin/c++ - skipped\n'}
[266.715429] (examples_rclcpp_minimal_service) StdoutLine: {'line': b'-- Detecting CXX compile features\n'}
[266.716297] (examples_rclcpp_minimal_service) StdoutLine: {'line': b'-- Detecting CXX compile features - done\n'}
[266.719464] (examples_rclcpp_minimal_service) StdoutLine: {'line': b'-- Found ament_cmake: 1.3.14 (/opt/ros/humble/share/ament_cmake/cmake)\n'}
[266.914620] (examples_rclcpp_minimal_service) StdoutLine: {'line': b'-- Found Python3: /usr/bin/python3 (found version "3.10.12") found components: Interpreter \n'}
[266.914804] (-) TimerEvent: {}
[267.008968] (examples_rclcpp_minimal_service) StdoutLine: {'line': b'-- Override CMake install command with custom implementation using symlinks instead of copying resources\n'}
[267.043343] (examples_rclcpp_minimal_service) StdoutLine: {'line': b'-- Found example_interfaces: 0.9.3 (/opt/ros/humble/share/example_interfaces/cmake)\n'}
[267.043558] (-) TimerEvent: {}
[267.087503] (examples_rclcpp_minimal_service) StdoutLine: {'line': b'-- Found rosidl_generator_c: 3.1.8 (/opt/ros/humble/share/rosidl_generator_c/cmake)\n'}
[267.094050] (examples_rclcpp_minimal_service) StdoutLine: {'line': b'-- Found rosidl_adapter: 3.1.8 (/opt/ros/humble/share/rosidl_adapter/cmake)\n'}
[267.104470] (examples_rclcpp_minimal_service) StdoutLine: {'line': b'-- Found rosidl_generator_cpp: 3.1.8 (/opt/ros/humble/share/rosidl_generator_cpp/cmake)\n'}
[267.120997] (examples_rclcpp_minimal_service) StdoutLine: {'line': b'-- Using all available rosidl_typesupport_c: rosidl_typesupport_fastrtps_c;rosidl_typesupport_introspection_c\n'}
[267.141203] (examples_rclcpp_minimal_service) StdoutLine: {'line': b'-- Using all available rosidl_typesupport_cpp: rosidl_typesupport_fastrtps_cpp;rosidl_typesupport_introspection_cpp\n'}
[267.216924] (examples_rclcpp_minimal_service) StdoutLine: {'line': b'-- Found rclcpp: 16.0.18 (/opt/ros/humble/share/rclcpp/cmake)\n'}
[267.217138] (-) TimerEvent: {}
[267.265858] (examples_rclcpp_minimal_service) StdoutLine: {'line': b'-- Found rmw_implementation_cmake: 6.1.2 (/opt/ros/humble/share/rmw_implementation_cmake/cmake)\n'}
[267.268327] (examples_rclcpp_minimal_service) StdoutLine: {'line': b'-- Found rmw_fastrtps_cpp: 6.2.10 (/opt/ros/humble/share/rmw_fastrtps_cpp/cmake)\n'}
[267.318579] (-) TimerEvent: {}
[267.469631] (depth_image_proc) StdoutLine: {'line': b'[ 75%] \x1b[32m\x1b[1mLinking CXX executable point_cloud_xyz_radial_node\x1b[0m\n'}
[267.469896] (-) TimerEvent: {}
[267.480281] (examples_rclcpp_minimal_service) StdoutLine: {'line': b'-- Found OpenSSL: /usr/lib/x86_64-linux-gnu/libcrypto.so (found version "3.0.2")  \n'}
[267.515867] (examples_rclcpp_minimal_service) StdoutLine: {'line': b'-- Found FastRTPS: /opt/ros/humble/include  \n'}
[267.580137] (examples_rclcpp_minimal_service) StdoutLine: {'line': b"-- Using RMW implementation 'rmw_fastrtps_cpp' as default\n"}
[267.580401] (-) TimerEvent: {}
[267.601421] (examples_rclcpp_minimal_service) StdoutLine: {'line': b'-- Looking for pthread.h\n'}
[267.675927] (depth_image_proc) StdoutLine: {'line': b'[ 75%] Built target point_cloud_xyz_radial_node\n'}
[267.710989] (depth_image_proc) StdoutLine: {'line': b'[ 78%] \x1b[32mBuilding CXX object CMakeFiles/point_cloud_xyzi_radial_node.dir/rclcpp_components/node_main_point_cloud_xyzi_radial_node.cpp.o\x1b[0m\n'}
[267.711231] (-) TimerEvent: {}
[267.735287] (examples_rclcpp_minimal_service) StdoutLine: {'line': b'-- Looking for pthread.h - found\n'}
[267.743907] (examples_rclcpp_minimal_service) StdoutLine: {'line': b'-- Performing Test CMAKE_HAVE_LIBC_PTHREAD\n'}
[267.834292] (-) TimerEvent: {}
[267.867211] (examples_rclcpp_minimal_service) StdoutLine: {'line': b'-- Performing Test CMAKE_HAVE_LIBC_PTHREAD - Success\n'}
[267.868831] (examples_rclcpp_minimal_service) StdoutLine: {'line': b'-- Found Threads: TRUE  \n'}
[267.938668] (examples_rclcpp_minimal_service) StdoutLine: {'line': b'-- Found ament_lint_auto: 0.12.15 (/opt/ros/humble/share/ament_lint_auto/cmake)\n'}
[267.939303] (-) TimerEvent: {}
[268.047192] (examples_rclcpp_minimal_service) StdoutLine: {'line': b"-- Added test 'copyright' to check source files copyright and LICENSE\n"}
[268.047444] (-) TimerEvent: {}
[268.048238] (examples_rclcpp_minimal_service) StdoutLine: {'line': b"-- Added test 'cppcheck' to perform static code analysis on C / C++ code\n"}
[268.048746] (examples_rclcpp_minimal_service) StdoutLine: {'line': b'-- Configured cppcheck include dirs: \n'}
[268.048866] (examples_rclcpp_minimal_service) StdoutLine: {'line': b'-- Configured cppcheck exclude dirs and/or files: \n'}
[268.049762] (examples_rclcpp_minimal_service) StdoutLine: {'line': b"-- Added test 'cpplint' to check C / C++ code against the Google style\n"}
[268.049916] (examples_rclcpp_minimal_service) StdoutLine: {'line': b'-- Configured cpplint exclude dirs and/or files: \n'}
[268.050721] (examples_rclcpp_minimal_service) StdoutLine: {'line': b"-- Added test 'lint_cmake' to check CMake code style\n"}
[268.051791] (examples_rclcpp_minimal_service) StdoutLine: {'line': b"-- Added test 'uncrustify' to check C / C++ code style\n"}
[268.051929] (examples_rclcpp_minimal_service) StdoutLine: {'line': b'-- Configured uncrustify additional arguments: \n'}
[268.052430] (examples_rclcpp_minimal_service) StdoutLine: {'line': b"-- Added test 'xmllint' to check XML markup files\n"}
[268.053805] (examples_rclcpp_minimal_service) StdoutLine: {'line': b'-- Configuring done\n'}
[268.064475] (examples_rclcpp_minimal_service) StdoutLine: {'line': b'-- Generating done\n'}
[268.073114] (examples_rclcpp_minimal_service) StdoutLine: {'line': b'-- Build files have been written to: /home/bryan/Workspace/ros2_ws/build/examples_rclcpp_minimal_service\n'}
[268.104970] (examples_rclcpp_minimal_service) CommandEnded: {'returncode': 0}
[268.106053] (examples_rclcpp_minimal_service) JobProgress: {'identifier': 'examples_rclcpp_minimal_service', 'progress': 'build'}
[268.106079] (examples_rclcpp_minimal_service) Command: {'cmd': ['/usr/bin/cmake', '--build', '/home/bryan/Workspace/ros2_ws/build/examples_rclcpp_minimal_service', '--', '-j3', '-l3'], 'cwd': '/home/bryan/Workspace/ros2_ws/build/examples_rclcpp_minimal_service', 'env': OrderedDict([('LESSOPEN', '| /usr/bin/lesspipe %s'), ('USER', 'bryan'), ('XDG_SESSION_TYPE', 'wayland'), ('SHLVL', '1'), ('LD_LIBRARY_PATH', '/opt/ros/humble/opt/rviz_ogre_vendor/lib:/opt/ros/humble/lib/x86_64-linux-gnu:/opt/ros/humble/lib'), ('HOME', '/home/bryan'), ('OLDPWD', '/home/bryan/Workspace/ros2_ws/src/ros2_sumo-main'), ('DESKTOP_SESSION', 'ubuntu'), ('ROS_PYTHON_VERSION', '3'), ('GNOME_SHELL_SESSION_MODE', 'ubuntu'), ('GTK_MODULES', 'gail:atk-bridge'), ('SYSTEMD_EXEC_PID', '1570'), ('DBUS_SESSION_BUS_ADDRESS', 'unix:path=/run/user/1000/bus'), ('COLORTERM', 'truecolor'), ('IM_CONFIG_PHASE', '1'), ('WAYLAND_DISPLAY', 'wayland-0'), ('ROS_DISTRO', 'humble'), ('LOGNAME', 'bryan'), ('SUMO_HOME', '/usr/share/sumo/'), ('_', '/usr/bin/colcon'), ('ROS_VERSION', '2'), ('XDG_SESSION_CLASS', 'user'), ('USERNAME', 'bryan'), ('TERM', 'xterm-256color'), ('GNOME_DESKTOP_SESSION_ID', 'this-is-deprecated'), ('ROS_LOCALHOST_ONLY', '0'), ('PATH', '/opt/ros/humble/bin:/usr/local/sbin:/usr/local/bin:/usr/sbin:/usr/bin:/sbin:/bin:/usr/games:/usr/local/games:/snap/bin:/snap/bin'), ('SESSION_MANAGER', 'local/bryan-VirtualBox:@/tmp/.ICE-unix/1372,unix/bryan-VirtualBox:/tmp/.ICE-unix/1372'), ('XDG_MENU_PREFIX', 'gnome-'), ('GNOME_TERMINAL_SCREEN', '/org/gnome/Terminal/screen/71407a0b_323a_4971_8a7b_4147209295e5'), ('GNOME_SETUP_DISPLAY', ':1'), ('XDG_RUNTIME_DIR', '/run/user/1000'), ('DISPLAY', ':0'), ('LANG', 'en_US.UTF-8'), ('XDG_CURRENT_DESKTOP', 'ubuntu:GNOME'), ('XMODIFIERS', '@im=ibus'), ('XDG_SESSION_DESKTOP', 'ubuntu'), ('XAUTHORITY', '/run/user/1000/.mutter-Xwaylandauth.GH7FP3'), ('LS_COLORS', 'rs=0:di=01;34:ln=01;36:mh=00:pi=40;33:so=01;35:do=01;35:bd=40;33;01:cd=40;33;01:or=40;31;01:mi=00:su=37;41:sg=30;43:ca=30;41:tw=30;42:ow=34;42:st=37;44:ex=01;32:*.tar=01;31:*.tgz=01;31:*.arc=01;31:*.arj=01;31:*.taz=01;31:*.lha=01;31:*.lz4=01;31:*.lzh=01;31:*.lzma=01;31:*.tlz=01;31:*.txz=01;31:*.tzo=01;31:*.t7z=01;31:*.zip=01;31:*.z=01;31:*.dz=01;31:*.gz=01;31:*.lrz=01;31:*.lz=01;31:*.lzo=01;31:*.xz=01;31:*.zst=01;31:*.tzst=01;31:*.bz2=01;31:*.bz=01;31:*.tbz=01;31:*.tbz2=01;31:*.tz=01;31:*.deb=01;31:*.rpm=01;31:*.jar=01;31:*.war=01;31:*.ear=01;31:*.sar=01;31:*.rar=01;31:*.alz=01;31:*.ace=01;31:*.zoo=01;31:*.cpio=01;31:*.7z=01;31:*.rz=01;31:*.cab=01;31:*.wim=01;31:*.swm=01;31:*.dwm=01;31:*.esd=01;31:*.jpg=01;35:*.jpeg=01;35:*.mjpg=01;35:*.mjpeg=01;35:*.gif=01;35:*.bmp=01;35:*.pbm=01;35:*.pgm=01;35:*.ppm=01;35:*.tga=01;35:*.xbm=01;35:*.xpm=01;35:*.tif=01;35:*.tiff=01;35:*.png=01;35:*.svg=01;35:*.svgz=01;35:*.mng=01;35:*.pcx=01;35:*.mov=01;35:*.mpg=01;35:*.mpeg=01;35:*.m2v=01;35:*.mkv=01;35:*.webm=01;35:*.webp=01;35:*.ogm=01;35:*.mp4=01;35:*.m4v=01;35:*.mp4v=01;35:*.vob=01;35:*.qt=01;35:*.nuv=01;35:*.wmv=01;35:*.asf=01;35:*.rm=01;35:*.rmvb=01;35:*.flc=01;35:*.avi=01;35:*.fli=01;35:*.flv=01;35:*.gl=01;35:*.dl=01;35:*.xcf=01;35:*.xwd=01;35:*.yuv=01;35:*.cgm=01;35:*.emf=01;35:*.ogv=01;35:*.ogx=01;35:*.aac=00;36:*.au=00;36:*.flac=00;36:*.m4a=00;36:*.mid=00;36:*.midi=00;36:*.mka=00;36:*.mp3=00;36:*.mpc=00;36:*.ogg=00;36:*.ra=00;36:*.wav=00;36:*.oga=00;36:*.opus=00;36:*.spx=00;36:*.xspf=00;36:'), ('GNOME_TERMINAL_SERVICE', ':1.91'), ('SSH_AGENT_LAUNCHER', 'gnome-keyring'), ('SSH_AUTH_SOCK', '/run/user/1000/keyring/ssh'), ('AMENT_PREFIX_PATH', '/opt/ros/humble'), ('SHELL', '/bin/bash'), ('QT_ACCESSIBILITY', '1'), ('GDMSESSION', 'ubuntu'), ('LESSCLOSE', '/usr/bin/lesspipe %s %s'), ('QT_IM_MODULE', 'ibus'), ('PWD', '/home/bryan/Workspace/ros2_ws/build/examples_rclcpp_minimal_service'), ('LC_ALL', 'en_US.UTF-8'), ('XDG_CONFIG_DIRS', '/etc/xdg/xdg-ubuntu:/etc/xdg'), ('XDG_DATA_DIRS', '/usr/share/ubuntu:/usr/local/share/:/usr/share/:/var/lib/snapd/desktop'), ('PYTHONPATH', '/opt/ros/humble/lib/python3.10/site-packages:/opt/ros/humble/local/lib/python3.10/dist-packages'), ('COLCON', '1'), ('VTE_VERSION', '6800'), ('CMAKE_PREFIX_PATH', '/opt/ros/humble')]), 'shell': False}
[268.955508] (-) TimerEvent: {}
[269.365396] (examples_rclcpp_minimal_service) StdoutLine: {'line': b'[ 50%] \x1b[32mBuilding CXX object CMakeFiles/service_main.dir/main.cpp.o\x1b[0m\n'}
[269.365824] (-) TimerEvent: {}
[269.468775] (-) TimerEvent: {}
[269.574020] (-) TimerEvent: {}
[269.748563] (-) TimerEvent: {}
[269.780376] (examples_rclcpp_minimal_publisher) StdoutLine: {'line': b'[ 66%] \x1b[32m\x1b[1mLinking CXX executable publisher_wait_for_all_acked\x1b[0m\n'}
[269.855811] (-) TimerEvent: {}
[269.959464] (-) TimerEvent: {}
[270.160371] (-) TimerEvent: {}
[270.192210] (examples_rclcpp_minimal_publisher) StdoutLine: {'line': b'[ 66%] Built target publisher_wait_for_all_acked\n'}
[270.250656] (examples_rclcpp_minimal_publisher) StdoutLine: {'line': b'[ 75%] \x1b[32mBuilding CXX object CMakeFiles/publisher_not_composable.dir/not_composable.cpp.o\x1b[0m\n'}
[270.260523] (-) TimerEvent: {}
[270.958406] (-) TimerEvent: {}
[271.062503] (-) TimerEvent: {}
[271.947745] (-) TimerEvent: {}
[272.741630] (-) TimerEvent: {}
[272.783490] (depth_image_proc) StdoutLine: {'line': b'[ 81%] \x1b[32m\x1b[1mLinking CXX executable point_cloud_xyzi_radial_node\x1b[0m\n'}
[272.949905] (-) TimerEvent: {}
[273.027181] (depth_image_proc) StdoutLine: {'line': b'[ 81%] Built target point_cloud_xyzi_radial_node\n'}
[273.054571] (-) TimerEvent: {}
[273.078416] (depth_image_proc) StdoutLine: {'line': b'[ 84%] \x1b[32mBuilding CXX object CMakeFiles/point_cloud_xyzrgb_radial_node.dir/rclcpp_components/node_main_point_cloud_xyzrgb_radial_node.cpp.o\x1b[0m\n'}
[273.945724] (-) TimerEvent: {}
[274.123093] (-) TimerEvent: {}
[274.527401] (-) TimerEvent: {}
[274.677671] (examples_rclcpp_minimal_service) StdoutLine: {'line': b'[100%] \x1b[32m\x1b[1mLinking CXX executable service_main\x1b[0m\n'}
[274.677892] (-) TimerEvent: {}
[274.908780] (-) TimerEvent: {}
[274.929724] (examples_rclcpp_minimal_service) StdoutLine: {'line': b'[100%] Built target service_main\n'}
[274.955458] (examples_rclcpp_minimal_service) CommandEnded: {'returncode': 0}
[274.956534] (examples_rclcpp_minimal_service) JobProgress: {'identifier': 'examples_rclcpp_minimal_service', 'progress': 'install'}
[274.956571] (examples_rclcpp_minimal_service) Command: {'cmd': ['/usr/bin/cmake', '--install', '/home/bryan/Workspace/ros2_ws/build/examples_rclcpp_minimal_service'], 'cwd': '/home/bryan/Workspace/ros2_ws/build/examples_rclcpp_minimal_service', 'env': OrderedDict([('LESSOPEN', '| /usr/bin/lesspipe %s'), ('USER', 'bryan'), ('XDG_SESSION_TYPE', 'wayland'), ('SHLVL', '1'), ('LD_LIBRARY_PATH', '/opt/ros/humble/opt/rviz_ogre_vendor/lib:/opt/ros/humble/lib/x86_64-linux-gnu:/opt/ros/humble/lib'), ('HOME', '/home/bryan'), ('OLDPWD', '/home/bryan/Workspace/ros2_ws/src/ros2_sumo-main'), ('DESKTOP_SESSION', 'ubuntu'), ('ROS_PYTHON_VERSION', '3'), ('GNOME_SHELL_SESSION_MODE', 'ubuntu'), ('GTK_MODULES', 'gail:atk-bridge'), ('SYSTEMD_EXEC_PID', '1570'), ('DBUS_SESSION_BUS_ADDRESS', 'unix:path=/run/user/1000/bus'), ('COLORTERM', 'truecolor'), ('IM_CONFIG_PHASE', '1'), ('WAYLAND_DISPLAY', 'wayland-0'), ('ROS_DISTRO', 'humble'), ('LOGNAME', 'bryan'), ('SUMO_HOME', '/usr/share/sumo/'), ('_', '/usr/bin/colcon'), ('ROS_VERSION', '2'), ('XDG_SESSION_CLASS', 'user'), ('USERNAME', 'bryan'), ('TERM', 'xterm-256color'), ('GNOME_DESKTOP_SESSION_ID', 'this-is-deprecated'), ('ROS_LOCALHOST_ONLY', '0'), ('PATH', '/opt/ros/humble/bin:/usr/local/sbin:/usr/local/bin:/usr/sbin:/usr/bin:/sbin:/bin:/usr/games:/usr/local/games:/snap/bin:/snap/bin'), ('SESSION_MANAGER', 'local/bryan-VirtualBox:@/tmp/.ICE-unix/1372,unix/bryan-VirtualBox:/tmp/.ICE-unix/1372'), ('XDG_MENU_PREFIX', 'gnome-'), ('GNOME_TERMINAL_SCREEN', '/org/gnome/Terminal/screen/71407a0b_323a_4971_8a7b_4147209295e5'), ('GNOME_SETUP_DISPLAY', ':1'), ('XDG_RUNTIME_DIR', '/run/user/1000'), ('DISPLAY', ':0'), ('LANG', 'en_US.UTF-8'), ('XDG_CURRENT_DESKTOP', 'ubuntu:GNOME'), ('XMODIFIERS', '@im=ibus'), ('XDG_SESSION_DESKTOP', 'ubuntu'), ('XAUTHORITY', '/run/user/1000/.mutter-Xwaylandauth.GH7FP3'), ('LS_COLORS', 'rs=0:di=01;34:ln=01;36:mh=00:pi=40;33:so=01;35:do=01;35:bd=40;33;01:cd=40;33;01:or=40;31;01:mi=00:su=37;41:sg=30;43:ca=30;41:tw=30;42:ow=34;42:st=37;44:ex=01;32:*.tar=01;31:*.tgz=01;31:*.arc=01;31:*.arj=01;31:*.taz=01;31:*.lha=01;31:*.lz4=01;31:*.lzh=01;31:*.lzma=01;31:*.tlz=01;31:*.txz=01;31:*.tzo=01;31:*.t7z=01;31:*.zip=01;31:*.z=01;31:*.dz=01;31:*.gz=01;31:*.lrz=01;31:*.lz=01;31:*.lzo=01;31:*.xz=01;31:*.zst=01;31:*.tzst=01;31:*.bz2=01;31:*.bz=01;31:*.tbz=01;31:*.tbz2=01;31:*.tz=01;31:*.deb=01;31:*.rpm=01;31:*.jar=01;31:*.war=01;31:*.ear=01;31:*.sar=01;31:*.rar=01;31:*.alz=01;31:*.ace=01;31:*.zoo=01;31:*.cpio=01;31:*.7z=01;31:*.rz=01;31:*.cab=01;31:*.wim=01;31:*.swm=01;31:*.dwm=01;31:*.esd=01;31:*.jpg=01;35:*.jpeg=01;35:*.mjpg=01;35:*.mjpeg=01;35:*.gif=01;35:*.bmp=01;35:*.pbm=01;35:*.pgm=01;35:*.ppm=01;35:*.tga=01;35:*.xbm=01;35:*.xpm=01;35:*.tif=01;35:*.tiff=01;35:*.png=01;35:*.svg=01;35:*.svgz=01;35:*.mng=01;35:*.pcx=01;35:*.mov=01;35:*.mpg=01;35:*.mpeg=01;35:*.m2v=01;35:*.mkv=01;35:*.webm=01;35:*.webp=01;35:*.ogm=01;35:*.mp4=01;35:*.m4v=01;35:*.mp4v=01;35:*.vob=01;35:*.qt=01;35:*.nuv=01;35:*.wmv=01;35:*.asf=01;35:*.rm=01;35:*.rmvb=01;35:*.flc=01;35:*.avi=01;35:*.fli=01;35:*.flv=01;35:*.gl=01;35:*.dl=01;35:*.xcf=01;35:*.xwd=01;35:*.yuv=01;35:*.cgm=01;35:*.emf=01;35:*.ogv=01;35:*.ogx=01;35:*.aac=00;36:*.au=00;36:*.flac=00;36:*.m4a=00;36:*.mid=00;36:*.midi=00;36:*.mka=00;36:*.mp3=00;36:*.mpc=00;36:*.ogg=00;36:*.ra=00;36:*.wav=00;36:*.oga=00;36:*.opus=00;36:*.spx=00;36:*.xspf=00;36:'), ('GNOME_TERMINAL_SERVICE', ':1.91'), ('SSH_AGENT_LAUNCHER', 'gnome-keyring'), ('SSH_AUTH_SOCK', '/run/user/1000/keyring/ssh'), ('AMENT_PREFIX_PATH', '/opt/ros/humble'), ('SHELL', '/bin/bash'), ('QT_ACCESSIBILITY', '1'), ('GDMSESSION', 'ubuntu'), ('LESSCLOSE', '/usr/bin/lesspipe %s %s'), ('QT_IM_MODULE', 'ibus'), ('PWD', '/home/bryan/Workspace/ros2_ws/build/examples_rclcpp_minimal_service'), ('LC_ALL', 'en_US.UTF-8'), ('XDG_CONFIG_DIRS', '/etc/xdg/xdg-ubuntu:/etc/xdg'), ('XDG_DATA_DIRS', '/usr/share/ubuntu:/usr/local/share/:/usr/share/:/var/lib/snapd/desktop'), ('PYTHONPATH', '/opt/ros/humble/lib/python3.10/site-packages:/opt/ros/humble/local/lib/python3.10/dist-packages'), ('COLCON', '1'), ('VTE_VERSION', '6800'), ('CMAKE_PREFIX_PATH', '/opt/ros/humble')]), 'shell': False}
[275.203644] (-) TimerEvent: {}
[275.214250] (examples_rclcpp_minimal_service) StdoutLine: {'line': b'-- Install configuration: ""\n'}
[275.214592] (examples_rclcpp_minimal_service) StdoutLine: {'line': b'-- Execute custom install script\n'}
[275.214810] (examples_rclcpp_minimal_service) StdoutLine: {'line': b'-- Symlinking: /home/bryan/Workspace/ros2_ws/install/examples_rclcpp_minimal_service/lib/examples_rclcpp_minimal_service/service_main\n'}
[275.214914] (examples_rclcpp_minimal_service) StdoutLine: {'line': b'-- Symlinking: /home/bryan/Workspace/ros2_ws/install/examples_rclcpp_minimal_service/share/ament_index/resource_index/package_run_dependencies/examples_rclcpp_minimal_service\n'}
[275.215572] (examples_rclcpp_minimal_service) StdoutLine: {'line': b'-- Symlinking: /home/bryan/Workspace/ros2_ws/install/examples_rclcpp_minimal_service/share/ament_index/resource_index/parent_prefix_path/examples_rclcpp_minimal_service\n'}
[275.215724] (examples_rclcpp_minimal_service) StdoutLine: {'line': b'-- Symlinking: /home/bryan/Workspace/ros2_ws/install/examples_rclcpp_minimal_service/share/examples_rclcpp_minimal_service/environment/ament_prefix_path.sh\n'}
[275.215826] (examples_rclcpp_minimal_service) StdoutLine: {'line': b'-- Symlinking: /home/bryan/Workspace/ros2_ws/install/examples_rclcpp_minimal_service/share/examples_rclcpp_minimal_service/environment/ament_prefix_path.dsv\n'}
[275.215935] (examples_rclcpp_minimal_service) StdoutLine: {'line': b'-- Symlinking: /home/bryan/Workspace/ros2_ws/install/examples_rclcpp_minimal_service/share/examples_rclcpp_minimal_service/environment/path.sh\n'}
[275.216040] (examples_rclcpp_minimal_service) StdoutLine: {'line': b'-- Symlinking: /home/bryan/Workspace/ros2_ws/install/examples_rclcpp_minimal_service/share/examples_rclcpp_minimal_service/environment/path.dsv\n'}
[275.216135] (examples_rclcpp_minimal_service) StdoutLine: {'line': b'-- Symlinking: /home/bryan/Workspace/ros2_ws/install/examples_rclcpp_minimal_service/share/examples_rclcpp_minimal_service/local_setup.bash\n'}
[275.216260] (examples_rclcpp_minimal_service) StdoutLine: {'line': b'-- Symlinking: /home/bryan/Workspace/ros2_ws/install/examples_rclcpp_minimal_service/share/examples_rclcpp_minimal_service/local_setup.sh\n'}
[275.216359] (examples_rclcpp_minimal_service) StdoutLine: {'line': b'-- Symlinking: /home/bryan/Workspace/ros2_ws/install/examples_rclcpp_minimal_service/share/examples_rclcpp_minimal_service/local_setup.zsh\n'}
[275.216455] (examples_rclcpp_minimal_service) StdoutLine: {'line': b'-- Symlinking: /home/bryan/Workspace/ros2_ws/install/examples_rclcpp_minimal_service/share/examples_rclcpp_minimal_service/local_setup.dsv\n'}
[275.216578] (examples_rclcpp_minimal_service) StdoutLine: {'line': b'-- Symlinking: /home/bryan/Workspace/ros2_ws/install/examples_rclcpp_minimal_service/share/examples_rclcpp_minimal_service/package.dsv\n'}
[275.216707] (examples_rclcpp_minimal_service) StdoutLine: {'line': b'-- Symlinking: /home/bryan/Workspace/ros2_ws/install/examples_rclcpp_minimal_service/share/ament_index/resource_index/packages/examples_rclcpp_minimal_service\n'}
[275.216784] (examples_rclcpp_minimal_service) StdoutLine: {'line': b'-- Symlinking: /home/bryan/Workspace/ros2_ws/install/examples_rclcpp_minimal_service/share/examples_rclcpp_minimal_service/cmake/examples_rclcpp_minimal_serviceConfig.cmake\n'}
[275.216861] (examples_rclcpp_minimal_service) StdoutLine: {'line': b'-- Symlinking: /home/bryan/Workspace/ros2_ws/install/examples_rclcpp_minimal_service/share/examples_rclcpp_minimal_service/cmake/examples_rclcpp_minimal_serviceConfig-version.cmake\n'}
[275.216942] (examples_rclcpp_minimal_service) StdoutLine: {'line': b'-- Symlinking: /home/bryan/Workspace/ros2_ws/install/examples_rclcpp_minimal_service/share/examples_rclcpp_minimal_service/package.xml\n'}
[275.226580] (examples_rclcpp_minimal_service) CommandEnded: {'returncode': 0}
[275.264785] (examples_rclcpp_minimal_service) JobEnded: {'identifier': 'examples_rclcpp_minimal_service', 'rc': 0}
[275.266672] (examples_rclcpp_minimal_subscriber) JobStarted: {'identifier': 'examples_rclcpp_minimal_subscriber'}
[275.292877] (examples_rclcpp_minimal_subscriber) JobProgress: {'identifier': 'examples_rclcpp_minimal_subscriber', 'progress': 'cmake'}
[275.293854] (examples_rclcpp_minimal_subscriber) Command: {'cmd': ['/usr/bin/cmake', '/home/bryan/Workspace/ros2_ws/src/examples/rclcpp/topics/minimal_subscriber', '-DAMENT_CMAKE_SYMLINK_INSTALL=1', '-DCMAKE_INSTALL_PREFIX=/home/bryan/Workspace/ros2_ws/install/examples_rclcpp_minimal_subscriber'], 'cwd': '/home/bryan/Workspace/ros2_ws/build/examples_rclcpp_minimal_subscriber', 'env': OrderedDict([('LESSOPEN', '| /usr/bin/lesspipe %s'), ('USER', 'bryan'), ('XDG_SESSION_TYPE', 'wayland'), ('SHLVL', '1'), ('LD_LIBRARY_PATH', '/opt/ros/humble/opt/rviz_ogre_vendor/lib:/opt/ros/humble/lib/x86_64-linux-gnu:/opt/ros/humble/lib'), ('HOME', '/home/bryan'), ('OLDPWD', '/home/bryan/Workspace/ros2_ws/src/ros2_sumo-main'), ('DESKTOP_SESSION', 'ubuntu'), ('ROS_PYTHON_VERSION', '3'), ('GNOME_SHELL_SESSION_MODE', 'ubuntu'), ('GTK_MODULES', 'gail:atk-bridge'), ('SYSTEMD_EXEC_PID', '1570'), ('DBUS_SESSION_BUS_ADDRESS', 'unix:path=/run/user/1000/bus'), ('COLORTERM', 'truecolor'), ('IM_CONFIG_PHASE', '1'), ('WAYLAND_DISPLAY', 'wayland-0'), ('ROS_DISTRO', 'humble'), ('LOGNAME', 'bryan'), ('SUMO_HOME', '/usr/share/sumo/'), ('_', '/usr/bin/colcon'), ('ROS_VERSION', '2'), ('XDG_SESSION_CLASS', 'user'), ('USERNAME', 'bryan'), ('TERM', 'xterm-256color'), ('GNOME_DESKTOP_SESSION_ID', 'this-is-deprecated'), ('ROS_LOCALHOST_ONLY', '0'), ('PATH', '/opt/ros/humble/bin:/usr/local/sbin:/usr/local/bin:/usr/sbin:/usr/bin:/sbin:/bin:/usr/games:/usr/local/games:/snap/bin:/snap/bin'), ('SESSION_MANAGER', 'local/bryan-VirtualBox:@/tmp/.ICE-unix/1372,unix/bryan-VirtualBox:/tmp/.ICE-unix/1372'), ('XDG_MENU_PREFIX', 'gnome-'), ('GNOME_TERMINAL_SCREEN', '/org/gnome/Terminal/screen/71407a0b_323a_4971_8a7b_4147209295e5'), ('GNOME_SETUP_DISPLAY', ':1'), ('XDG_RUNTIME_DIR', '/run/user/1000'), ('DISPLAY', ':0'), ('LANG', 'en_US.UTF-8'), ('XDG_CURRENT_DESKTOP', 'ubuntu:GNOME'), ('XMODIFIERS', '@im=ibus'), ('XDG_SESSION_DESKTOP', 'ubuntu'), ('XAUTHORITY', '/run/user/1000/.mutter-Xwaylandauth.GH7FP3'), ('LS_COLORS', 'rs=0:di=01;34:ln=01;36:mh=00:pi=40;33:so=01;35:do=01;35:bd=40;33;01:cd=40;33;01:or=40;31;01:mi=00:su=37;41:sg=30;43:ca=30;41:tw=30;42:ow=34;42:st=37;44:ex=01;32:*.tar=01;31:*.tgz=01;31:*.arc=01;31:*.arj=01;31:*.taz=01;31:*.lha=01;31:*.lz4=01;31:*.lzh=01;31:*.lzma=01;31:*.tlz=01;31:*.txz=01;31:*.tzo=01;31:*.t7z=01;31:*.zip=01;31:*.z=01;31:*.dz=01;31:*.gz=01;31:*.lrz=01;31:*.lz=01;31:*.lzo=01;31:*.xz=01;31:*.zst=01;31:*.tzst=01;31:*.bz2=01;31:*.bz=01;31:*.tbz=01;31:*.tbz2=01;31:*.tz=01;31:*.deb=01;31:*.rpm=01;31:*.jar=01;31:*.war=01;31:*.ear=01;31:*.sar=01;31:*.rar=01;31:*.alz=01;31:*.ace=01;31:*.zoo=01;31:*.cpio=01;31:*.7z=01;31:*.rz=01;31:*.cab=01;31:*.wim=01;31:*.swm=01;31:*.dwm=01;31:*.esd=01;31:*.jpg=01;35:*.jpeg=01;35:*.mjpg=01;35:*.mjpeg=01;35:*.gif=01;35:*.bmp=01;35:*.pbm=01;35:*.pgm=01;35:*.ppm=01;35:*.tga=01;35:*.xbm=01;35:*.xpm=01;35:*.tif=01;35:*.tiff=01;35:*.png=01;35:*.svg=01;35:*.svgz=01;35:*.mng=01;35:*.pcx=01;35:*.mov=01;35:*.mpg=01;35:*.mpeg=01;35:*.m2v=01;35:*.mkv=01;35:*.webm=01;35:*.webp=01;35:*.ogm=01;35:*.mp4=01;35:*.m4v=01;35:*.mp4v=01;35:*.vob=01;35:*.qt=01;35:*.nuv=01;35:*.wmv=01;35:*.asf=01;35:*.rm=01;35:*.rmvb=01;35:*.flc=01;35:*.avi=01;35:*.fli=01;35:*.flv=01;35:*.gl=01;35:*.dl=01;35:*.xcf=01;35:*.xwd=01;35:*.yuv=01;35:*.cgm=01;35:*.emf=01;35:*.ogv=01;35:*.ogx=01;35:*.aac=00;36:*.au=00;36:*.flac=00;36:*.m4a=00;36:*.mid=00;36:*.midi=00;36:*.mka=00;36:*.mp3=00;36:*.mpc=00;36:*.ogg=00;36:*.ra=00;36:*.wav=00;36:*.oga=00;36:*.opus=00;36:*.spx=00;36:*.xspf=00;36:'), ('GNOME_TERMINAL_SERVICE', ':1.91'), ('SSH_AGENT_LAUNCHER', 'gnome-keyring'), ('SSH_AUTH_SOCK', '/run/user/1000/keyring/ssh'), ('AMENT_PREFIX_PATH', '/opt/ros/humble'), ('SHELL', '/bin/bash'), ('QT_ACCESSIBILITY', '1'), ('GDMSESSION', 'ubuntu'), ('LESSCLOSE', '/usr/bin/lesspipe %s %s'), ('QT_IM_MODULE', 'ibus'), ('PWD', '/home/bryan/Workspace/ros2_ws/build/examples_rclcpp_minimal_subscriber'), ('LC_ALL', 'en_US.UTF-8'), ('XDG_CONFIG_DIRS', '/etc/xdg/xdg-ubuntu:/etc/xdg'), ('XDG_DATA_DIRS', '/usr/share/ubuntu:/usr/local/share/:/usr/share/:/var/lib/snapd/desktop'), ('PYTHONPATH', '/opt/ros/humble/lib/python3.10/site-packages:/opt/ros/humble/local/lib/python3.10/dist-packages'), ('COLCON', '1'), ('VTE_VERSION', '6800'), ('CMAKE_PREFIX_PATH', '/opt/ros/humble')]), 'shell': False}
[275.312956] (-) TimerEvent: {}
[275.413739] (-) TimerEvent: {}
[275.459796] (examples_rclcpp_minimal_subscriber) StdoutLine: {'line': b'-- The C compiler identification is GNU 11.4.0\n'}
[275.513939] (-) TimerEvent: {}
[275.574781] (examples_rclcpp_minimal_subscriber) StdoutLine: {'line': b'-- The CXX compiler identification is GNU 11.4.0\n'}
[275.601415] (examples_rclcpp_minimal_subscriber) StdoutLine: {'line': b'-- Detecting C compiler ABI info\n'}
[275.614538] (-) TimerEvent: {}
[275.715428] (-) TimerEvent: {}
[275.756403] (examples_rclcpp_minimal_subscriber) StdoutLine: {'line': b'-- Detecting C compiler ABI info - done\n'}
[275.769803] (examples_rclcpp_minimal_subscriber) StdoutLine: {'line': b'-- Check for working C compiler: /usr/bin/cc - skipped\n'}
[275.770368] (examples_rclcpp_minimal_subscriber) StdoutLine: {'line': b'-- Detecting C compile features\n'}
[275.770931] (examples_rclcpp_minimal_subscriber) StdoutLine: {'line': b'-- Detecting C compile features - done\n'}
[275.774118] (examples_rclcpp_minimal_subscriber) StdoutLine: {'line': b'-- Detecting CXX compiler ABI info\n'}
[275.817768] (-) TimerEvent: {}
[275.922511] (-) TimerEvent: {}
[275.956411] (examples_rclcpp_minimal_subscriber) StdoutLine: {'line': b'-- Detecting CXX compiler ABI info - done\n'}
[275.971984] (examples_rclcpp_minimal_subscriber) StdoutLine: {'line': b'-- Check for working CXX compiler: /usr/bin/c++ - skipped\n'}
[275.972644] (examples_rclcpp_minimal_subscriber) StdoutLine: {'line': b'-- Detecting CXX compile features\n'}
[275.973426] (examples_rclcpp_minimal_subscriber) StdoutLine: {'line': b'-- Detecting CXX compile features - done\n'}
[275.976471] (examples_rclcpp_minimal_subscriber) StdoutLine: {'line': b'-- Found ament_cmake: 1.3.14 (/opt/ros/humble/share/ament_cmake/cmake)\n'}
[276.025953] (-) TimerEvent: {}
[276.128956] (-) TimerEvent: {}
[276.235449] (-) TimerEvent: {}
[276.251353] (examples_rclcpp_minimal_subscriber) StdoutLine: {'line': b'-- Found Python3: /usr/bin/python3 (found version "3.10.12") found components: Interpreter \n'}
[276.340211] (-) TimerEvent: {}
[276.398144] (examples_rclcpp_minimal_subscriber) StdoutLine: {'line': b'-- Override CMake install command with custom implementation using symlinks instead of copying resources\n'}
[276.410557] (examples_rclcpp_minimal_subscriber) StdoutLine: {'line': b'-- Found rclcpp: 16.0.18 (/opt/ros/humble/share/rclcpp/cmake)\n'}
[276.443671] (-) TimerEvent: {}
[276.468223] (examples_rclcpp_minimal_subscriber) StdoutLine: {'line': b'-- Found rosidl_generator_c: 3.1.8 (/opt/ros/humble/share/rosidl_generator_c/cmake)\n'}
[276.487015] (examples_rclcpp_minimal_subscriber) StdoutLine: {'line': b'-- Found rosidl_adapter: 3.1.8 (/opt/ros/humble/share/rosidl_adapter/cmake)\n'}
[276.487319] (examples_rclcpp_minimal_subscriber) StdoutLine: {'line': b'-- Found rosidl_generator_cpp: 3.1.8 (/opt/ros/humble/share/rosidl_generator_cpp/cmake)\n'}
[276.506078] (examples_rclcpp_minimal_subscriber) StdoutLine: {'line': b'-- Using all available rosidl_typesupport_c: rosidl_typesupport_fastrtps_c;rosidl_typesupport_introspection_c\n'}
[276.525663] (examples_rclcpp_minimal_subscriber) StdoutLine: {'line': b'-- Using all available rosidl_typesupport_cpp: rosidl_typesupport_fastrtps_cpp;rosidl_typesupport_introspection_cpp\n'}
[276.584473] (examples_rclcpp_minimal_subscriber) StdoutLine: {'line': b'-- Found rmw_implementation_cmake: 6.1.2 (/opt/ros/humble/share/rmw_implementation_cmake/cmake)\n'}
[276.584658] (-) TimerEvent: {}
[276.588246] (examples_rclcpp_minimal_subscriber) StdoutLine: {'line': b'-- Found rmw_fastrtps_cpp: 6.2.10 (/opt/ros/humble/share/rmw_fastrtps_cpp/cmake)\n'}
[276.685089] (-) TimerEvent: {}
[276.786098] (-) TimerEvent: {}
[276.797859] (examples_rclcpp_minimal_subscriber) StdoutLine: {'line': b'-- Found OpenSSL: /usr/lib/x86_64-linux-gnu/libcrypto.so (found version "3.0.2")  \n'}
[276.839298] (examples_rclcpp_minimal_subscriber) StdoutLine: {'line': b'-- Found FastRTPS: /opt/ros/humble/include  \n'}
[276.891447] (-) TimerEvent: {}
[276.912552] (examples_rclcpp_minimal_subscriber) StdoutLine: {'line': b"-- Using RMW implementation 'rmw_fastrtps_cpp' as default\n"}
[276.921768] (examples_rclcpp_minimal_subscriber) StdoutLine: {'line': b'-- Looking for pthread.h\n'}
[276.994952] (-) TimerEvent: {}
[277.090333] (examples_rclcpp_minimal_subscriber) StdoutLine: {'line': b'-- Looking for pthread.h - found\n'}
[277.091474] (examples_rclcpp_minimal_subscriber) StdoutLine: {'line': b'-- Performing Test CMAKE_HAVE_LIBC_PTHREAD\n'}
[277.098919] (-) TimerEvent: {}
[277.201893] (-) TimerEvent: {}
[277.248702] (examples_rclcpp_minimal_subscriber) StdoutLine: {'line': b'-- Performing Test CMAKE_HAVE_LIBC_PTHREAD - Success\n'}
[277.250648] (examples_rclcpp_minimal_subscriber) StdoutLine: {'line': b'-- Found Threads: TRUE  \n'}
[277.385234] (examples_rclcpp_minimal_subscriber) StdoutLine: {'line': b'-- Found rclcpp_components: 16.0.18 (/opt/ros/humble/share/rclcpp_components/cmake)\n'}
[277.385406] (-) TimerEvent: {}
[277.386193] (examples_rclcpp_minimal_subscriber) StdoutLine: {'line': b'-- Found ament_lint_auto: 0.12.15 (/opt/ros/humble/share/ament_lint_auto/cmake)\n'}
[277.439918] (examples_rclcpp_minimal_publisher) StdoutLine: {'line': b'[ 83%] \x1b[32m\x1b[1mLinking CXX executable publisher_not_composable\x1b[0m\n'}
[277.510750] (examples_rclcpp_minimal_subscriber) StdoutLine: {'line': b"-- Added test 'copyright' to check source files copyright and LICENSE\n"}
[277.510894] (-) TimerEvent: {}
[277.512805] (examples_rclcpp_minimal_subscriber) StdoutLine: {'line': b"-- Added test 'cppcheck' to perform static code analysis on C / C++ code\n"}
[277.513368] (examples_rclcpp_minimal_subscriber) StdoutLine: {'line': b'-- Configured cppcheck include dirs: \n'}
[277.513499] (examples_rclcpp_minimal_subscriber) StdoutLine: {'line': b'-- Configured cppcheck exclude dirs and/or files: \n'}
[277.514432] (examples_rclcpp_minimal_subscriber) StdoutLine: {'line': b"-- Added test 'cpplint' to check C / C++ code against the Google style\n"}
[277.514574] (examples_rclcpp_minimal_subscriber) StdoutLine: {'line': b'-- Configured cpplint exclude dirs and/or files: \n'}
[277.515863] (examples_rclcpp_minimal_subscriber) StdoutLine: {'line': b"-- Added test 'lint_cmake' to check CMake code style\n"}
[277.516986] (examples_rclcpp_minimal_subscriber) StdoutLine: {'line': b"-- Added test 'uncrustify' to check C / C++ code style\n"}
[277.517141] (examples_rclcpp_minimal_subscriber) StdoutLine: {'line': b'-- Configured uncrustify additional arguments: \n'}
[277.518928] (examples_rclcpp_minimal_subscriber) StdoutLine: {'line': b"-- Added test 'xmllint' to check XML markup files\n"}
[277.519137] (examples_rclcpp_minimal_subscriber) StdoutLine: {'line': b'-- Configuring done\n'}
[277.563316] (examples_rclcpp_minimal_subscriber) StdoutLine: {'line': b'-- Generating done\n'}
[277.594072] (examples_rclcpp_minimal_subscriber) StdoutLine: {'line': b'-- Build files have been written to: /home/bryan/Workspace/ros2_ws/build/examples_rclcpp_minimal_subscriber\n'}
[277.610533] (examples_rclcpp_minimal_subscriber) CommandEnded: {'returncode': 0}
[277.611238] (-) TimerEvent: {}
[277.612087] (examples_rclcpp_minimal_subscriber) JobProgress: {'identifier': 'examples_rclcpp_minimal_subscriber', 'progress': 'build'}
[277.612818] (examples_rclcpp_minimal_subscriber) Command: {'cmd': ['/usr/bin/cmake', '--build', '/home/bryan/Workspace/ros2_ws/build/examples_rclcpp_minimal_subscriber', '--', '-j3', '-l3'], 'cwd': '/home/bryan/Workspace/ros2_ws/build/examples_rclcpp_minimal_subscriber', 'env': OrderedDict([('LESSOPEN', '| /usr/bin/lesspipe %s'), ('USER', 'bryan'), ('XDG_SESSION_TYPE', 'wayland'), ('SHLVL', '1'), ('LD_LIBRARY_PATH', '/opt/ros/humble/opt/rviz_ogre_vendor/lib:/opt/ros/humble/lib/x86_64-linux-gnu:/opt/ros/humble/lib'), ('HOME', '/home/bryan'), ('OLDPWD', '/home/bryan/Workspace/ros2_ws/src/ros2_sumo-main'), ('DESKTOP_SESSION', 'ubuntu'), ('ROS_PYTHON_VERSION', '3'), ('GNOME_SHELL_SESSION_MODE', 'ubuntu'), ('GTK_MODULES', 'gail:atk-bridge'), ('SYSTEMD_EXEC_PID', '1570'), ('DBUS_SESSION_BUS_ADDRESS', 'unix:path=/run/user/1000/bus'), ('COLORTERM', 'truecolor'), ('IM_CONFIG_PHASE', '1'), ('WAYLAND_DISPLAY', 'wayland-0'), ('ROS_DISTRO', 'humble'), ('LOGNAME', 'bryan'), ('SUMO_HOME', '/usr/share/sumo/'), ('_', '/usr/bin/colcon'), ('ROS_VERSION', '2'), ('XDG_SESSION_CLASS', 'user'), ('USERNAME', 'bryan'), ('TERM', 'xterm-256color'), ('GNOME_DESKTOP_SESSION_ID', 'this-is-deprecated'), ('ROS_LOCALHOST_ONLY', '0'), ('PATH', '/opt/ros/humble/bin:/usr/local/sbin:/usr/local/bin:/usr/sbin:/usr/bin:/sbin:/bin:/usr/games:/usr/local/games:/snap/bin:/snap/bin'), ('SESSION_MANAGER', 'local/bryan-VirtualBox:@/tmp/.ICE-unix/1372,unix/bryan-VirtualBox:/tmp/.ICE-unix/1372'), ('XDG_MENU_PREFIX', 'gnome-'), ('GNOME_TERMINAL_SCREEN', '/org/gnome/Terminal/screen/71407a0b_323a_4971_8a7b_4147209295e5'), ('GNOME_SETUP_DISPLAY', ':1'), ('XDG_RUNTIME_DIR', '/run/user/1000'), ('DISPLAY', ':0'), ('LANG', 'en_US.UTF-8'), ('XDG_CURRENT_DESKTOP', 'ubuntu:GNOME'), ('XMODIFIERS', '@im=ibus'), ('XDG_SESSION_DESKTOP', 'ubuntu'), ('XAUTHORITY', '/run/user/1000/.mutter-Xwaylandauth.GH7FP3'), ('LS_COLORS', 'rs=0:di=01;34:ln=01;36:mh=00:pi=40;33:so=01;35:do=01;35:bd=40;33;01:cd=40;33;01:or=40;31;01:mi=00:su=37;41:sg=30;43:ca=30;41:tw=30;42:ow=34;42:st=37;44:ex=01;32:*.tar=01;31:*.tgz=01;31:*.arc=01;31:*.arj=01;31:*.taz=01;31:*.lha=01;31:*.lz4=01;31:*.lzh=01;31:*.lzma=01;31:*.tlz=01;31:*.txz=01;31:*.tzo=01;31:*.t7z=01;31:*.zip=01;31:*.z=01;31:*.dz=01;31:*.gz=01;31:*.lrz=01;31:*.lz=01;31:*.lzo=01;31:*.xz=01;31:*.zst=01;31:*.tzst=01;31:*.bz2=01;31:*.bz=01;31:*.tbz=01;31:*.tbz2=01;31:*.tz=01;31:*.deb=01;31:*.rpm=01;31:*.jar=01;31:*.war=01;31:*.ear=01;31:*.sar=01;31:*.rar=01;31:*.alz=01;31:*.ace=01;31:*.zoo=01;31:*.cpio=01;31:*.7z=01;31:*.rz=01;31:*.cab=01;31:*.wim=01;31:*.swm=01;31:*.dwm=01;31:*.esd=01;31:*.jpg=01;35:*.jpeg=01;35:*.mjpg=01;35:*.mjpeg=01;35:*.gif=01;35:*.bmp=01;35:*.pbm=01;35:*.pgm=01;35:*.ppm=01;35:*.tga=01;35:*.xbm=01;35:*.xpm=01;35:*.tif=01;35:*.tiff=01;35:*.png=01;35:*.svg=01;35:*.svgz=01;35:*.mng=01;35:*.pcx=01;35:*.mov=01;35:*.mpg=01;35:*.mpeg=01;35:*.m2v=01;35:*.mkv=01;35:*.webm=01;35:*.webp=01;35:*.ogm=01;35:*.mp4=01;35:*.m4v=01;35:*.mp4v=01;35:*.vob=01;35:*.qt=01;35:*.nuv=01;35:*.wmv=01;35:*.asf=01;35:*.rm=01;35:*.rmvb=01;35:*.flc=01;35:*.avi=01;35:*.fli=01;35:*.flv=01;35:*.gl=01;35:*.dl=01;35:*.xcf=01;35:*.xwd=01;35:*.yuv=01;35:*.cgm=01;35:*.emf=01;35:*.ogv=01;35:*.ogx=01;35:*.aac=00;36:*.au=00;36:*.flac=00;36:*.m4a=00;36:*.mid=00;36:*.midi=00;36:*.mka=00;36:*.mp3=00;36:*.mpc=00;36:*.ogg=00;36:*.ra=00;36:*.wav=00;36:*.oga=00;36:*.opus=00;36:*.spx=00;36:*.xspf=00;36:'), ('GNOME_TERMINAL_SERVICE', ':1.91'), ('SSH_AGENT_LAUNCHER', 'gnome-keyring'), ('SSH_AUTH_SOCK', '/run/user/1000/keyring/ssh'), ('AMENT_PREFIX_PATH', '/opt/ros/humble'), ('SHELL', '/bin/bash'), ('QT_ACCESSIBILITY', '1'), ('GDMSESSION', 'ubuntu'), ('LESSCLOSE', '/usr/bin/lesspipe %s %s'), ('QT_IM_MODULE', 'ibus'), ('PWD', '/home/bryan/Workspace/ros2_ws/build/examples_rclcpp_minimal_subscriber'), ('LC_ALL', 'en_US.UTF-8'), ('XDG_CONFIG_DIRS', '/etc/xdg/xdg-ubuntu:/etc/xdg'), ('XDG_DATA_DIRS', '/usr/share/ubuntu:/usr/local/share/:/usr/share/:/var/lib/snapd/desktop'), ('PYTHONPATH', '/opt/ros/humble/lib/python3.10/site-packages:/opt/ros/humble/local/lib/python3.10/dist-packages'), ('COLCON', '1'), ('VTE_VERSION', '6800'), ('CMAKE_PREFIX_PATH', '/opt/ros/humble')]), 'shell': False}
[277.712688] (-) TimerEvent: {}
[277.731881] (examples_rclcpp_minimal_subscriber) StdoutLine: {'line': b'[  4%] \x1b[32mBuilding CXX object CMakeFiles/subscriber_lambda.dir/lambda.cpp.o\x1b[0m\n'}
[277.830575] (examples_rclcpp_minimal_publisher) StdoutLine: {'line': b'[ 83%] Built target publisher_not_composable\n'}
[277.830745] (-) TimerEvent: {}
[277.874426] (examples_rclcpp_minimal_publisher) StdoutLine: {'line': b'[ 91%] \x1b[32mBuilding CXX object CMakeFiles/publisher_member_function.dir/member_function.cpp.o\x1b[0m\n'}
[277.958706] (-) TimerEvent: {}
[278.945196] (-) TimerEvent: {}
[279.058762] (-) TimerEvent: {}
[279.079437] (depth_image_proc) StdoutLine: {'line': b'[ 87%] \x1b[32m\x1b[1mLinking CXX executable point_cloud_xyzrgb_radial_node\x1b[0m\n'}
[279.288658] (-) TimerEvent: {}
[279.306147] (depth_image_proc) StdoutLine: {'line': b'[ 87%] Built target point_cloud_xyzrgb_radial_node\n'}
[279.376296] (depth_image_proc) StdoutLine: {'line': b'[ 90%] \x1b[32mBuilding CXX object CMakeFiles/register_node.dir/rclcpp_components/node_main_register_node.cpp.o\x1b[0m\n'}
[279.389945] (-) TimerEvent: {}
[279.959828] (-) TimerEvent: {}
[280.949481] (-) TimerEvent: {}
[281.954332] (-) TimerEvent: {}
[282.950825] (-) TimerEvent: {}
[283.970729] (-) TimerEvent: {}
[284.272057] (-) TimerEvent: {}
[284.375467] (-) TimerEvent: {}
[284.477609] (-) TimerEvent: {}
[284.578640] (-) TimerEvent: {}
[284.683202] (-) TimerEvent: {}
[284.785273] (-) TimerEvent: {}
[284.895420] (depth_image_proc) StdoutLine: {'line': b'[ 93%] \x1b[32m\x1b[1mLinking CXX executable register_node\x1b[0m\n'}
[284.895649] (-) TimerEvent: {}
[285.161532] (-) TimerEvent: {}
[285.219214] (depth_image_proc) StdoutLine: {'line': b'[ 93%] Built target register_node\n'}
[285.261958] (-) TimerEvent: {}
[285.277276] (depth_image_proc) StdoutLine: {'line': b'[ 96%] \x1b[32mBuilding CXX object CMakeFiles/convert_metric_node.dir/rclcpp_components/node_main_convert_metric_node.cpp.o\x1b[0m\n'}
[285.301839] (examples_rclcpp_minimal_publisher) StdoutLine: {'line': b'[100%] \x1b[32m\x1b[1mLinking CXX executable publisher_member_function\x1b[0m\n'}
[285.603979] (-) TimerEvent: {}
[285.627084] (examples_rclcpp_minimal_publisher) StdoutLine: {'line': b'[100%] Built target publisher_member_function\n'}
[285.950266] (-) TimerEvent: {}
[285.987612] (examples_rclcpp_minimal_publisher) CommandEnded: {'returncode': 0}
[285.989390] (examples_rclcpp_minimal_publisher) JobProgress: {'identifier': 'examples_rclcpp_minimal_publisher', 'progress': 'install'}
[285.990248] (examples_rclcpp_minimal_publisher) Command: {'cmd': ['/usr/bin/cmake', '--install', '/home/bryan/Workspace/ros2_ws/build/examples_rclcpp_minimal_publisher'], 'cwd': '/home/bryan/Workspace/ros2_ws/build/examples_rclcpp_minimal_publisher', 'env': OrderedDict([('LESSOPEN', '| /usr/bin/lesspipe %s'), ('USER', 'bryan'), ('XDG_SESSION_TYPE', 'wayland'), ('SHLVL', '1'), ('LD_LIBRARY_PATH', '/opt/ros/humble/opt/rviz_ogre_vendor/lib:/opt/ros/humble/lib/x86_64-linux-gnu:/opt/ros/humble/lib'), ('HOME', '/home/bryan'), ('OLDPWD', '/home/bryan/Workspace/ros2_ws/src/ros2_sumo-main'), ('DESKTOP_SESSION', 'ubuntu'), ('ROS_PYTHON_VERSION', '3'), ('GNOME_SHELL_SESSION_MODE', 'ubuntu'), ('GTK_MODULES', 'gail:atk-bridge'), ('SYSTEMD_EXEC_PID', '1570'), ('DBUS_SESSION_BUS_ADDRESS', 'unix:path=/run/user/1000/bus'), ('COLORTERM', 'truecolor'), ('IM_CONFIG_PHASE', '1'), ('WAYLAND_DISPLAY', 'wayland-0'), ('ROS_DISTRO', 'humble'), ('LOGNAME', 'bryan'), ('SUMO_HOME', '/usr/share/sumo/'), ('_', '/usr/bin/colcon'), ('ROS_VERSION', '2'), ('XDG_SESSION_CLASS', 'user'), ('USERNAME', 'bryan'), ('TERM', 'xterm-256color'), ('GNOME_DESKTOP_SESSION_ID', 'this-is-deprecated'), ('ROS_LOCALHOST_ONLY', '0'), ('PATH', '/opt/ros/humble/bin:/usr/local/sbin:/usr/local/bin:/usr/sbin:/usr/bin:/sbin:/bin:/usr/games:/usr/local/games:/snap/bin:/snap/bin'), ('SESSION_MANAGER', 'local/bryan-VirtualBox:@/tmp/.ICE-unix/1372,unix/bryan-VirtualBox:/tmp/.ICE-unix/1372'), ('XDG_MENU_PREFIX', 'gnome-'), ('GNOME_TERMINAL_SCREEN', '/org/gnome/Terminal/screen/71407a0b_323a_4971_8a7b_4147209295e5'), ('GNOME_SETUP_DISPLAY', ':1'), ('XDG_RUNTIME_DIR', '/run/user/1000'), ('DISPLAY', ':0'), ('LANG', 'en_US.UTF-8'), ('XDG_CURRENT_DESKTOP', 'ubuntu:GNOME'), ('XMODIFIERS', '@im=ibus'), ('XDG_SESSION_DESKTOP', 'ubuntu'), ('XAUTHORITY', '/run/user/1000/.mutter-Xwaylandauth.GH7FP3'), ('LS_COLORS', 'rs=0:di=01;34:ln=01;36:mh=00:pi=40;33:so=01;35:do=01;35:bd=40;33;01:cd=40;33;01:or=40;31;01:mi=00:su=37;41:sg=30;43:ca=30;41:tw=30;42:ow=34;42:st=37;44:ex=01;32:*.tar=01;31:*.tgz=01;31:*.arc=01;31:*.arj=01;31:*.taz=01;31:*.lha=01;31:*.lz4=01;31:*.lzh=01;31:*.lzma=01;31:*.tlz=01;31:*.txz=01;31:*.tzo=01;31:*.t7z=01;31:*.zip=01;31:*.z=01;31:*.dz=01;31:*.gz=01;31:*.lrz=01;31:*.lz=01;31:*.lzo=01;31:*.xz=01;31:*.zst=01;31:*.tzst=01;31:*.bz2=01;31:*.bz=01;31:*.tbz=01;31:*.tbz2=01;31:*.tz=01;31:*.deb=01;31:*.rpm=01;31:*.jar=01;31:*.war=01;31:*.ear=01;31:*.sar=01;31:*.rar=01;31:*.alz=01;31:*.ace=01;31:*.zoo=01;31:*.cpio=01;31:*.7z=01;31:*.rz=01;31:*.cab=01;31:*.wim=01;31:*.swm=01;31:*.dwm=01;31:*.esd=01;31:*.jpg=01;35:*.jpeg=01;35:*.mjpg=01;35:*.mjpeg=01;35:*.gif=01;35:*.bmp=01;35:*.pbm=01;35:*.pgm=01;35:*.ppm=01;35:*.tga=01;35:*.xbm=01;35:*.xpm=01;35:*.tif=01;35:*.tiff=01;35:*.png=01;35:*.svg=01;35:*.svgz=01;35:*.mng=01;35:*.pcx=01;35:*.mov=01;35:*.mpg=01;35:*.mpeg=01;35:*.m2v=01;35:*.mkv=01;35:*.webm=01;35:*.webp=01;35:*.ogm=01;35:*.mp4=01;35:*.m4v=01;35:*.mp4v=01;35:*.vob=01;35:*.qt=01;35:*.nuv=01;35:*.wmv=01;35:*.asf=01;35:*.rm=01;35:*.rmvb=01;35:*.flc=01;35:*.avi=01;35:*.fli=01;35:*.flv=01;35:*.gl=01;35:*.dl=01;35:*.xcf=01;35:*.xwd=01;35:*.yuv=01;35:*.cgm=01;35:*.emf=01;35:*.ogv=01;35:*.ogx=01;35:*.aac=00;36:*.au=00;36:*.flac=00;36:*.m4a=00;36:*.mid=00;36:*.midi=00;36:*.mka=00;36:*.mp3=00;36:*.mpc=00;36:*.ogg=00;36:*.ra=00;36:*.wav=00;36:*.oga=00;36:*.opus=00;36:*.spx=00;36:*.xspf=00;36:'), ('GNOME_TERMINAL_SERVICE', ':1.91'), ('SSH_AGENT_LAUNCHER', 'gnome-keyring'), ('SSH_AUTH_SOCK', '/run/user/1000/keyring/ssh'), ('AMENT_PREFIX_PATH', '/opt/ros/humble'), ('SHELL', '/bin/bash'), ('QT_ACCESSIBILITY', '1'), ('GDMSESSION', 'ubuntu'), ('LESSCLOSE', '/usr/bin/lesspipe %s %s'), ('QT_IM_MODULE', 'ibus'), ('PWD', '/home/bryan/Workspace/ros2_ws/build/examples_rclcpp_minimal_publisher'), ('LC_ALL', 'en_US.UTF-8'), ('XDG_CONFIG_DIRS', '/etc/xdg/xdg-ubuntu:/etc/xdg'), ('XDG_DATA_DIRS', '/usr/share/ubuntu:/usr/local/share/:/usr/share/:/var/lib/snapd/desktop'), ('PYTHONPATH', '/opt/ros/humble/lib/python3.10/site-packages:/opt/ros/humble/local/lib/python3.10/dist-packages'), ('COLCON', '1'), ('VTE_VERSION', '6800'), ('CMAKE_PREFIX_PATH', '/opt/ros/humble')]), 'shell': False}
[286.020073] (examples_rclcpp_minimal_publisher) StdoutLine: {'line': b'-- Install configuration: ""\n'}
[286.021208] (examples_rclcpp_minimal_publisher) StdoutLine: {'line': b'-- Execute custom install script\n'}
[286.022107] (examples_rclcpp_minimal_publisher) StdoutLine: {'line': b'-- Symlinking: /home/bryan/Workspace/ros2_ws/install/examples_rclcpp_minimal_publisher/lib/examples_rclcpp_minimal_publisher/publisher_lambda\n'}
[286.038423] (examples_rclcpp_minimal_publisher) StdoutLine: {'line': b'-- Symlinking: /home/bryan/Workspace/ros2_ws/install/examples_rclcpp_minimal_publisher/lib/examples_rclcpp_minimal_publisher/publisher_member_function\n'}
[286.059427] (examples_rclcpp_minimal_publisher) StdoutLine: {'line': b'-- Symlinking: /home/bryan/Workspace/ros2_ws/install/examples_rclcpp_minimal_publisher/lib/examples_rclcpp_minimal_publisher/publisher_member_function_with_type_adapter\n'}
[286.059676] (-) TimerEvent: {}
[286.078521] (examples_rclcpp_minimal_publisher) StdoutLine: {'line': b'-- Symlinking: /home/bryan/Workspace/ros2_ws/install/examples_rclcpp_minimal_publisher/lib/examples_rclcpp_minimal_publisher/publisher_member_function_with_unique_network_flow_endpoints\n'}
[286.091437] (examples_rclcpp_minimal_publisher) StdoutLine: {'line': b'-- Symlinking: /home/bryan/Workspace/ros2_ws/install/examples_rclcpp_minimal_publisher/lib/examples_rclcpp_minimal_publisher/publisher_wait_for_all_acked\n'}
[286.101992] (examples_rclcpp_minimal_publisher) StdoutLine: {'line': b'-- Symlinking: /home/bryan/Workspace/ros2_ws/install/examples_rclcpp_minimal_publisher/lib/examples_rclcpp_minimal_publisher/publisher_not_composable\n'}
[286.113310] (examples_rclcpp_minimal_publisher) StdoutLine: {'line': b'-- Symlinking: /home/bryan/Workspace/ros2_ws/install/examples_rclcpp_minimal_publisher/share/ament_index/resource_index/package_run_dependencies/examples_rclcpp_minimal_publisher\n'}
[286.127318] (examples_rclcpp_minimal_publisher) StdoutLine: {'line': b'-- Symlinking: /home/bryan/Workspace/ros2_ws/install/examples_rclcpp_minimal_publisher/share/ament_index/resource_index/parent_prefix_path/examples_rclcpp_minimal_publisher\n'}
[286.143284] (examples_rclcpp_minimal_publisher) StdoutLine: {'line': b'-- Symlinking: /home/bryan/Workspace/ros2_ws/install/examples_rclcpp_minimal_publisher/share/examples_rclcpp_minimal_publisher/environment/ament_prefix_path.sh\n'}
[286.160577] (examples_rclcpp_minimal_publisher) StdoutLine: {'line': b'-- Symlinking: /home/bryan/Workspace/ros2_ws/install/examples_rclcpp_minimal_publisher/share/examples_rclcpp_minimal_publisher/environment/ament_prefix_path.dsv\n'}
[286.160829] (-) TimerEvent: {}
[286.175923] (examples_rclcpp_minimal_publisher) StdoutLine: {'line': b'-- Symlinking: /home/bryan/Workspace/ros2_ws/install/examples_rclcpp_minimal_publisher/share/examples_rclcpp_minimal_publisher/environment/path.sh\n'}
[286.189608] (examples_rclcpp_minimal_publisher) StdoutLine: {'line': b'-- Symlinking: /home/bryan/Workspace/ros2_ws/install/examples_rclcpp_minimal_publisher/share/examples_rclcpp_minimal_publisher/environment/path.dsv\n'}
[286.207896] (examples_rclcpp_minimal_publisher) StdoutLine: {'line': b'-- Symlinking: /home/bryan/Workspace/ros2_ws/install/examples_rclcpp_minimal_publisher/share/examples_rclcpp_minimal_publisher/local_setup.bash\n'}
[286.225426] (examples_rclcpp_minimal_publisher) StdoutLine: {'line': b'-- Symlinking: /home/bryan/Workspace/ros2_ws/install/examples_rclcpp_minimal_publisher/share/examples_rclcpp_minimal_publisher/local_setup.sh\n'}
[286.243670] (examples_rclcpp_minimal_publisher) StdoutLine: {'line': b'-- Symlinking: /home/bryan/Workspace/ros2_ws/install/examples_rclcpp_minimal_publisher/share/examples_rclcpp_minimal_publisher/local_setup.zsh\n'}
[286.259636] (examples_rclcpp_minimal_publisher) StdoutLine: {'line': b'-- Symlinking: /home/bryan/Workspace/ros2_ws/install/examples_rclcpp_minimal_publisher/share/examples_rclcpp_minimal_publisher/local_setup.dsv\n'}
[286.275248] (examples_rclcpp_minimal_publisher) StdoutLine: {'line': b'-- Symlinking: /home/bryan/Workspace/ros2_ws/install/examples_rclcpp_minimal_publisher/share/examples_rclcpp_minimal_publisher/package.dsv\n'}
[286.275404] (-) TimerEvent: {}
[286.291342] (examples_rclcpp_minimal_publisher) StdoutLine: {'line': b'-- Symlinking: /home/bryan/Workspace/ros2_ws/install/examples_rclcpp_minimal_publisher/share/ament_index/resource_index/packages/examples_rclcpp_minimal_publisher\n'}
[286.307253] (examples_rclcpp_minimal_publisher) StdoutLine: {'line': b'-- Symlinking: /home/bryan/Workspace/ros2_ws/install/examples_rclcpp_minimal_publisher/share/examples_rclcpp_minimal_publisher/cmake/examples_rclcpp_minimal_publisherConfig.cmake\n'}
[286.324646] (examples_rclcpp_minimal_publisher) StdoutLine: {'line': b'-- Symlinking: /home/bryan/Workspace/ros2_ws/install/examples_rclcpp_minimal_publisher/share/examples_rclcpp_minimal_publisher/cmake/examples_rclcpp_minimal_publisherConfig-version.cmake\n'}
[286.340764] (examples_rclcpp_minimal_publisher) StdoutLine: {'line': b'-- Symlinking: /home/bryan/Workspace/ros2_ws/install/examples_rclcpp_minimal_publisher/share/examples_rclcpp_minimal_publisher/package.xml\n'}
[286.360957] (examples_rclcpp_minimal_publisher) CommandEnded: {'returncode': 0}
[286.404169] (examples_rclcpp_minimal_publisher) JobEnded: {'identifier': 'examples_rclcpp_minimal_publisher', 'rc': 0}
[286.407098] (-) TimerEvent: {}
[286.407269] (examples_rclcpp_minimal_timer) JobStarted: {'identifier': 'examples_rclcpp_minimal_timer'}
[286.411991] (examples_rclcpp_minimal_timer) JobProgress: {'identifier': 'examples_rclcpp_minimal_timer', 'progress': 'cmake'}
[286.412571] (examples_rclcpp_minimal_timer) Command: {'cmd': ['/usr/bin/cmake', '/home/bryan/Workspace/ros2_ws/src/examples/rclcpp/timers/minimal_timer', '-DAMENT_CMAKE_SYMLINK_INSTALL=1', '-DCMAKE_INSTALL_PREFIX=/home/bryan/Workspace/ros2_ws/install/examples_rclcpp_minimal_timer'], 'cwd': '/home/bryan/Workspace/ros2_ws/build/examples_rclcpp_minimal_timer', 'env': OrderedDict([('LESSOPEN', '| /usr/bin/lesspipe %s'), ('USER', 'bryan'), ('XDG_SESSION_TYPE', 'wayland'), ('SHLVL', '1'), ('LD_LIBRARY_PATH', '/opt/ros/humble/opt/rviz_ogre_vendor/lib:/opt/ros/humble/lib/x86_64-linux-gnu:/opt/ros/humble/lib'), ('HOME', '/home/bryan'), ('OLDPWD', '/home/bryan/Workspace/ros2_ws/src/ros2_sumo-main'), ('DESKTOP_SESSION', 'ubuntu'), ('ROS_PYTHON_VERSION', '3'), ('GNOME_SHELL_SESSION_MODE', 'ubuntu'), ('GTK_MODULES', 'gail:atk-bridge'), ('SYSTEMD_EXEC_PID', '1570'), ('DBUS_SESSION_BUS_ADDRESS', 'unix:path=/run/user/1000/bus'), ('COLORTERM', 'truecolor'), ('IM_CONFIG_PHASE', '1'), ('WAYLAND_DISPLAY', 'wayland-0'), ('ROS_DISTRO', 'humble'), ('LOGNAME', 'bryan'), ('SUMO_HOME', '/usr/share/sumo/'), ('_', '/usr/bin/colcon'), ('ROS_VERSION', '2'), ('XDG_SESSION_CLASS', 'user'), ('USERNAME', 'bryan'), ('TERM', 'xterm-256color'), ('GNOME_DESKTOP_SESSION_ID', 'this-is-deprecated'), ('ROS_LOCALHOST_ONLY', '0'), ('PATH', '/opt/ros/humble/bin:/usr/local/sbin:/usr/local/bin:/usr/sbin:/usr/bin:/sbin:/bin:/usr/games:/usr/local/games:/snap/bin:/snap/bin'), ('SESSION_MANAGER', 'local/bryan-VirtualBox:@/tmp/.ICE-unix/1372,unix/bryan-VirtualBox:/tmp/.ICE-unix/1372'), ('XDG_MENU_PREFIX', 'gnome-'), ('GNOME_TERMINAL_SCREEN', '/org/gnome/Terminal/screen/71407a0b_323a_4971_8a7b_4147209295e5'), ('GNOME_SETUP_DISPLAY', ':1'), ('XDG_RUNTIME_DIR', '/run/user/1000'), ('DISPLAY', ':0'), ('LANG', 'en_US.UTF-8'), ('XDG_CURRENT_DESKTOP', 'ubuntu:GNOME'), ('XMODIFIERS', '@im=ibus'), ('XDG_SESSION_DESKTOP', 'ubuntu'), ('XAUTHORITY', '/run/user/1000/.mutter-Xwaylandauth.GH7FP3'), ('LS_COLORS', 'rs=0:di=01;34:ln=01;36:mh=00:pi=40;33:so=01;35:do=01;35:bd=40;33;01:cd=40;33;01:or=40;31;01:mi=00:su=37;41:sg=30;43:ca=30;41:tw=30;42:ow=34;42:st=37;44:ex=01;32:*.tar=01;31:*.tgz=01;31:*.arc=01;31:*.arj=01;31:*.taz=01;31:*.lha=01;31:*.lz4=01;31:*.lzh=01;31:*.lzma=01;31:*.tlz=01;31:*.txz=01;31:*.tzo=01;31:*.t7z=01;31:*.zip=01;31:*.z=01;31:*.dz=01;31:*.gz=01;31:*.lrz=01;31:*.lz=01;31:*.lzo=01;31:*.xz=01;31:*.zst=01;31:*.tzst=01;31:*.bz2=01;31:*.bz=01;31:*.tbz=01;31:*.tbz2=01;31:*.tz=01;31:*.deb=01;31:*.rpm=01;31:*.jar=01;31:*.war=01;31:*.ear=01;31:*.sar=01;31:*.rar=01;31:*.alz=01;31:*.ace=01;31:*.zoo=01;31:*.cpio=01;31:*.7z=01;31:*.rz=01;31:*.cab=01;31:*.wim=01;31:*.swm=01;31:*.dwm=01;31:*.esd=01;31:*.jpg=01;35:*.jpeg=01;35:*.mjpg=01;35:*.mjpeg=01;35:*.gif=01;35:*.bmp=01;35:*.pbm=01;35:*.pgm=01;35:*.ppm=01;35:*.tga=01;35:*.xbm=01;35:*.xpm=01;35:*.tif=01;35:*.tiff=01;35:*.png=01;35:*.svg=01;35:*.svgz=01;35:*.mng=01;35:*.pcx=01;35:*.mov=01;35:*.mpg=01;35:*.mpeg=01;35:*.m2v=01;35:*.mkv=01;35:*.webm=01;35:*.webp=01;35:*.ogm=01;35:*.mp4=01;35:*.m4v=01;35:*.mp4v=01;35:*.vob=01;35:*.qt=01;35:*.nuv=01;35:*.wmv=01;35:*.asf=01;35:*.rm=01;35:*.rmvb=01;35:*.flc=01;35:*.avi=01;35:*.fli=01;35:*.flv=01;35:*.gl=01;35:*.dl=01;35:*.xcf=01;35:*.xwd=01;35:*.yuv=01;35:*.cgm=01;35:*.emf=01;35:*.ogv=01;35:*.ogx=01;35:*.aac=00;36:*.au=00;36:*.flac=00;36:*.m4a=00;36:*.mid=00;36:*.midi=00;36:*.mka=00;36:*.mp3=00;36:*.mpc=00;36:*.ogg=00;36:*.ra=00;36:*.wav=00;36:*.oga=00;36:*.opus=00;36:*.spx=00;36:*.xspf=00;36:'), ('GNOME_TERMINAL_SERVICE', ':1.91'), ('SSH_AGENT_LAUNCHER', 'gnome-keyring'), ('SSH_AUTH_SOCK', '/run/user/1000/keyring/ssh'), ('AMENT_PREFIX_PATH', '/opt/ros/humble'), ('SHELL', '/bin/bash'), ('QT_ACCESSIBILITY', '1'), ('GDMSESSION', 'ubuntu'), ('LESSCLOSE', '/usr/bin/lesspipe %s %s'), ('QT_IM_MODULE', 'ibus'), ('PWD', '/home/bryan/Workspace/ros2_ws/build/examples_rclcpp_minimal_timer'), ('LC_ALL', 'en_US.UTF-8'), ('XDG_CONFIG_DIRS', '/etc/xdg/xdg-ubuntu:/etc/xdg'), ('XDG_DATA_DIRS', '/usr/share/ubuntu:/usr/local/share/:/usr/share/:/var/lib/snapd/desktop'), ('PYTHONPATH', '/opt/ros/humble/lib/python3.10/site-packages:/opt/ros/humble/local/lib/python3.10/dist-packages'), ('COLCON', '1'), ('VTE_VERSION', '6800'), ('CMAKE_PREFIX_PATH', '/opt/ros/humble')]), 'shell': False}
[286.653538] (-) TimerEvent: {}
[286.754617] (-) TimerEvent: {}
[286.790342] (examples_rclcpp_minimal_timer) StdoutLine: {'line': b'-- The C compiler identification is GNU 11.4.0\n'}
[286.859646] (-) TimerEvent: {}
[286.898658] (examples_rclcpp_minimal_timer) StdoutLine: {'line': b'-- The CXX compiler identification is GNU 11.4.0\n'}
[286.912737] (examples_rclcpp_minimal_timer) StdoutLine: {'line': b'-- Detecting C compiler ABI info\n'}
[286.978510] (-) TimerEvent: {}
[287.084625] (-) TimerEvent: {}
[287.088833] (examples_rclcpp_minimal_timer) StdoutLine: {'line': b'-- Detecting C compiler ABI info - done\n'}
[287.096563] (examples_rclcpp_minimal_timer) StdoutLine: {'line': b'-- Check for working C compiler: /usr/bin/cc - skipped\n'}
[287.097253] (examples_rclcpp_minimal_timer) StdoutLine: {'line': b'-- Detecting C compile features\n'}
[287.097713] (examples_rclcpp_minimal_timer) StdoutLine: {'line': b'-- Detecting C compile features - done\n'}
[287.101387] (examples_rclcpp_minimal_timer) StdoutLine: {'line': b'-- Detecting CXX compiler ABI info\n'}
[287.236204] (examples_rclcpp_minimal_timer) StdoutLine: {'line': b'-- Detecting CXX compiler ABI info - done\n'}
[287.236427] (-) TimerEvent: {}
[287.245398] (examples_rclcpp_minimal_timer) StdoutLine: {'line': b'-- Check for working CXX compiler: /usr/bin/c++ - skipped\n'}
[287.246050] (examples_rclcpp_minimal_timer) StdoutLine: {'line': b'-- Detecting CXX compile features\n'}
[287.308195] (examples_rclcpp_minimal_timer) StdoutLine: {'line': b'-- Detecting CXX compile features - done\n'}
[287.308513] (examples_rclcpp_minimal_timer) StdoutLine: {'line': b'-- Found ament_cmake: 1.3.14 (/opt/ros/humble/share/ament_cmake/cmake)\n'}
[287.359975] (-) TimerEvent: {}
[287.950988] (-) TimerEvent: {}
[288.060564] (-) TimerEvent: {}
[288.444139] (examples_rclcpp_minimal_timer) StdoutLine: {'line': b'-- Found Python3: /usr/bin/python3 (found version "3.10.12") found components: Interpreter \n'}
[288.444405] (-) TimerEvent: {}
[288.444684] (examples_rclcpp_minimal_timer) StdoutLine: {'line': b'-- Override CMake install command with custom implementation using symlinks instead of copying resources\n'}
[288.445092] (examples_rclcpp_minimal_timer) StdoutLine: {'line': b'-- Found rclcpp: 16.0.18 (/opt/ros/humble/share/rclcpp/cmake)\n'}
[288.445191] (examples_rclcpp_minimal_timer) StdoutLine: {'line': b'-- Found rosidl_generator_c: 3.1.8 (/opt/ros/humble/share/rosidl_generator_c/cmake)\n'}
[288.445566] (examples_rclcpp_minimal_timer) StdoutLine: {'line': b'-- Found rosidl_adapter: 3.1.8 (/opt/ros/humble/share/rosidl_adapter/cmake)\n'}
[288.445674] (examples_rclcpp_minimal_timer) StdoutLine: {'line': b'-- Found rosidl_generator_cpp: 3.1.8 (/opt/ros/humble/share/rosidl_generator_cpp/cmake)\n'}
[288.445775] (examples_rclcpp_minimal_timer) StdoutLine: {'line': b'-- Using all available rosidl_typesupport_c: rosidl_typesupport_fastrtps_c;rosidl_typesupport_introspection_c\n'}
[288.445875] (examples_rclcpp_minimal_timer) StdoutLine: {'line': b'-- Using all available rosidl_typesupport_cpp: rosidl_typesupport_fastrtps_cpp;rosidl_typesupport_introspection_cpp\n'}
[288.445961] (examples_rclcpp_minimal_timer) StdoutLine: {'line': b'-- Found rmw_implementation_cmake: 6.1.2 (/opt/ros/humble/share/rmw_implementation_cmake/cmake)\n'}
[288.446315] (examples_rclcpp_minimal_timer) StdoutLine: {'line': b'-- Found rmw_fastrtps_cpp: 6.2.10 (/opt/ros/humble/share/rmw_fastrtps_cpp/cmake)\n'}
[288.544757] (-) TimerEvent: {}
[288.571270] (examples_rclcpp_minimal_timer) StdoutLine: {'line': b'-- Found OpenSSL: /usr/lib/x86_64-linux-gnu/libcrypto.so (found version "3.0.2")  \n'}
[288.605505] (examples_rclcpp_minimal_timer) StdoutLine: {'line': b'-- Found FastRTPS: /opt/ros/humble/include  \n'}
[288.647757] (-) TimerEvent: {}
[288.684225] (examples_rclcpp_minimal_timer) StdoutLine: {'line': b"-- Using RMW implementation 'rmw_fastrtps_cpp' as default\n"}
[288.698535] (examples_rclcpp_minimal_timer) StdoutLine: {'line': b'-- Looking for pthread.h\n'}
[288.834323] (examples_rclcpp_minimal_timer) StdoutLine: {'line': b'-- Looking for pthread.h - found\n'}
[288.834543] (-) TimerEvent: {}
[288.835666] (examples_rclcpp_minimal_timer) StdoutLine: {'line': b'-- Performing Test CMAKE_HAVE_LIBC_PTHREAD\n'}
[288.946070] (-) TimerEvent: {}
[288.965765] (examples_rclcpp_minimal_timer) StdoutLine: {'line': b'-- Performing Test CMAKE_HAVE_LIBC_PTHREAD - Success\n'}
[288.967282] (examples_rclcpp_minimal_timer) StdoutLine: {'line': b'-- Found Threads: TRUE  \n'}
[289.029966] (examples_rclcpp_minimal_timer) StdoutLine: {'line': b'-- Found ament_lint_auto: 0.12.15 (/opt/ros/humble/share/ament_lint_auto/cmake)\n'}
[289.154414] (examples_rclcpp_minimal_timer) StdoutLine: {'line': b"-- Added test 'copyright' to check source files copyright and LICENSE\n"}
[289.154566] (-) TimerEvent: {}
[289.203776] (examples_rclcpp_minimal_timer) StdoutLine: {'line': b"-- Added test 'cppcheck' to perform static code analysis on C / C++ code\n"}
[289.204639] (examples_rclcpp_minimal_timer) StdoutLine: {'line': b'-- Configured cppcheck include dirs: \n'}
[289.204809] (examples_rclcpp_minimal_timer) StdoutLine: {'line': b'-- Configured cppcheck exclude dirs and/or files: \n'}
[289.204914] (examples_rclcpp_minimal_timer) StdoutLine: {'line': b"-- Added test 'cpplint' to check C / C++ code against the Google style\n"}
[289.205012] (examples_rclcpp_minimal_timer) StdoutLine: {'line': b'-- Configured cpplint exclude dirs and/or files: \n'}
[289.205096] (examples_rclcpp_minimal_timer) StdoutLine: {'line': b"-- Added test 'lint_cmake' to check CMake code style\n"}
[289.205251] (examples_rclcpp_minimal_timer) StdoutLine: {'line': b"-- Added test 'uncrustify' to check C / C++ code style\n"}
[289.205343] (examples_rclcpp_minimal_timer) StdoutLine: {'line': b'-- Configured uncrustify additional arguments: \n'}
[289.205426] (examples_rclcpp_minimal_timer) StdoutLine: {'line': b"-- Added test 'xmllint' to check XML markup files\n"}
[289.205511] (examples_rclcpp_minimal_timer) StdoutLine: {'line': b'-- Configuring done\n'}
[289.205602] (examples_rclcpp_minimal_timer) StdoutLine: {'line': b'-- Generating done\n'}
[289.223748] (examples_rclcpp_minimal_timer) StdoutLine: {'line': b'-- Build files have been written to: /home/bryan/Workspace/ros2_ws/build/examples_rclcpp_minimal_timer\n'}
[289.237039] (examples_rclcpp_minimal_timer) CommandEnded: {'returncode': 0}
[289.237802] (examples_rclcpp_minimal_timer) JobProgress: {'identifier': 'examples_rclcpp_minimal_timer', 'progress': 'build'}
[289.237846] (examples_rclcpp_minimal_timer) Command: {'cmd': ['/usr/bin/cmake', '--build', '/home/bryan/Workspace/ros2_ws/build/examples_rclcpp_minimal_timer', '--', '-j3', '-l3'], 'cwd': '/home/bryan/Workspace/ros2_ws/build/examples_rclcpp_minimal_timer', 'env': OrderedDict([('LESSOPEN', '| /usr/bin/lesspipe %s'), ('USER', 'bryan'), ('XDG_SESSION_TYPE', 'wayland'), ('SHLVL', '1'), ('LD_LIBRARY_PATH', '/opt/ros/humble/opt/rviz_ogre_vendor/lib:/opt/ros/humble/lib/x86_64-linux-gnu:/opt/ros/humble/lib'), ('HOME', '/home/bryan'), ('OLDPWD', '/home/bryan/Workspace/ros2_ws/src/ros2_sumo-main'), ('DESKTOP_SESSION', 'ubuntu'), ('ROS_PYTHON_VERSION', '3'), ('GNOME_SHELL_SESSION_MODE', 'ubuntu'), ('GTK_MODULES', 'gail:atk-bridge'), ('SYSTEMD_EXEC_PID', '1570'), ('DBUS_SESSION_BUS_ADDRESS', 'unix:path=/run/user/1000/bus'), ('COLORTERM', 'truecolor'), ('IM_CONFIG_PHASE', '1'), ('WAYLAND_DISPLAY', 'wayland-0'), ('ROS_DISTRO', 'humble'), ('LOGNAME', 'bryan'), ('SUMO_HOME', '/usr/share/sumo/'), ('_', '/usr/bin/colcon'), ('ROS_VERSION', '2'), ('XDG_SESSION_CLASS', 'user'), ('USERNAME', 'bryan'), ('TERM', 'xterm-256color'), ('GNOME_DESKTOP_SESSION_ID', 'this-is-deprecated'), ('ROS_LOCALHOST_ONLY', '0'), ('PATH', '/opt/ros/humble/bin:/usr/local/sbin:/usr/local/bin:/usr/sbin:/usr/bin:/sbin:/bin:/usr/games:/usr/local/games:/snap/bin:/snap/bin'), ('SESSION_MANAGER', 'local/bryan-VirtualBox:@/tmp/.ICE-unix/1372,unix/bryan-VirtualBox:/tmp/.ICE-unix/1372'), ('XDG_MENU_PREFIX', 'gnome-'), ('GNOME_TERMINAL_SCREEN', '/org/gnome/Terminal/screen/71407a0b_323a_4971_8a7b_4147209295e5'), ('GNOME_SETUP_DISPLAY', ':1'), ('XDG_RUNTIME_DIR', '/run/user/1000'), ('DISPLAY', ':0'), ('LANG', 'en_US.UTF-8'), ('XDG_CURRENT_DESKTOP', 'ubuntu:GNOME'), ('XMODIFIERS', '@im=ibus'), ('XDG_SESSION_DESKTOP', 'ubuntu'), ('XAUTHORITY', '/run/user/1000/.mutter-Xwaylandauth.GH7FP3'), ('LS_COLORS', 'rs=0:di=01;34:ln=01;36:mh=00:pi=40;33:so=01;35:do=01;35:bd=40;33;01:cd=40;33;01:or=40;31;01:mi=00:su=37;41:sg=30;43:ca=30;41:tw=30;42:ow=34;42:st=37;44:ex=01;32:*.tar=01;31:*.tgz=01;31:*.arc=01;31:*.arj=01;31:*.taz=01;31:*.lha=01;31:*.lz4=01;31:*.lzh=01;31:*.lzma=01;31:*.tlz=01;31:*.txz=01;31:*.tzo=01;31:*.t7z=01;31:*.zip=01;31:*.z=01;31:*.dz=01;31:*.gz=01;31:*.lrz=01;31:*.lz=01;31:*.lzo=01;31:*.xz=01;31:*.zst=01;31:*.tzst=01;31:*.bz2=01;31:*.bz=01;31:*.tbz=01;31:*.tbz2=01;31:*.tz=01;31:*.deb=01;31:*.rpm=01;31:*.jar=01;31:*.war=01;31:*.ear=01;31:*.sar=01;31:*.rar=01;31:*.alz=01;31:*.ace=01;31:*.zoo=01;31:*.cpio=01;31:*.7z=01;31:*.rz=01;31:*.cab=01;31:*.wim=01;31:*.swm=01;31:*.dwm=01;31:*.esd=01;31:*.jpg=01;35:*.jpeg=01;35:*.mjpg=01;35:*.mjpeg=01;35:*.gif=01;35:*.bmp=01;35:*.pbm=01;35:*.pgm=01;35:*.ppm=01;35:*.tga=01;35:*.xbm=01;35:*.xpm=01;35:*.tif=01;35:*.tiff=01;35:*.png=01;35:*.svg=01;35:*.svgz=01;35:*.mng=01;35:*.pcx=01;35:*.mov=01;35:*.mpg=01;35:*.mpeg=01;35:*.m2v=01;35:*.mkv=01;35:*.webm=01;35:*.webp=01;35:*.ogm=01;35:*.mp4=01;35:*.m4v=01;35:*.mp4v=01;35:*.vob=01;35:*.qt=01;35:*.nuv=01;35:*.wmv=01;35:*.asf=01;35:*.rm=01;35:*.rmvb=01;35:*.flc=01;35:*.avi=01;35:*.fli=01;35:*.flv=01;35:*.gl=01;35:*.dl=01;35:*.xcf=01;35:*.xwd=01;35:*.yuv=01;35:*.cgm=01;35:*.emf=01;35:*.ogv=01;35:*.ogx=01;35:*.aac=00;36:*.au=00;36:*.flac=00;36:*.m4a=00;36:*.mid=00;36:*.midi=00;36:*.mka=00;36:*.mp3=00;36:*.mpc=00;36:*.ogg=00;36:*.ra=00;36:*.wav=00;36:*.oga=00;36:*.opus=00;36:*.spx=00;36:*.xspf=00;36:'), ('GNOME_TERMINAL_SERVICE', ':1.91'), ('SSH_AGENT_LAUNCHER', 'gnome-keyring'), ('SSH_AUTH_SOCK', '/run/user/1000/keyring/ssh'), ('AMENT_PREFIX_PATH', '/opt/ros/humble'), ('SHELL', '/bin/bash'), ('QT_ACCESSIBILITY', '1'), ('GDMSESSION', 'ubuntu'), ('LESSCLOSE', '/usr/bin/lesspipe %s %s'), ('QT_IM_MODULE', 'ibus'), ('PWD', '/home/bryan/Workspace/ros2_ws/build/examples_rclcpp_minimal_timer'), ('LC_ALL', 'en_US.UTF-8'), ('XDG_CONFIG_DIRS', '/etc/xdg/xdg-ubuntu:/etc/xdg'), ('XDG_DATA_DIRS', '/usr/share/ubuntu:/usr/local/share/:/usr/share/:/var/lib/snapd/desktop'), ('PYTHONPATH', '/opt/ros/humble/lib/python3.10/site-packages:/opt/ros/humble/local/lib/python3.10/dist-packages'), ('COLCON', '1'), ('VTE_VERSION', '6800'), ('CMAKE_PREFIX_PATH', '/opt/ros/humble')]), 'shell': False}
[289.377163] (-) TimerEvent: {}
[289.677689] (examples_rclcpp_minimal_timer) StdoutLine: {'line': b'[ 25%] \x1b[32mBuilding CXX object CMakeFiles/timer_lambda.dir/lambda.cpp.o\x1b[0m\n'}
[289.677882] (-) TimerEvent: {}
[289.778928] (-) TimerEvent: {}
[289.879911] (-) TimerEvent: {}
[289.982007] (-) TimerEvent: {}
[290.108707] (-) TimerEvent: {}
[290.169750] (depth_image_proc) StdoutLine: {'line': b'[100%] \x1b[32m\x1b[1mLinking CXX executable convert_metric_node\x1b[0m\n'}
[290.209546] (-) TimerEvent: {}
[290.387465] (-) TimerEvent: {}
[290.434100] (depth_image_proc) StdoutLine: {'line': b'[100%] Built target convert_metric_node\n'}
[290.468178] (depth_image_proc) CommandEnded: {'returncode': 0}
[290.468544] (depth_image_proc) JobProgress: {'identifier': 'depth_image_proc', 'progress': 'install'}
[290.468566] (depth_image_proc) Command: {'cmd': ['/usr/bin/cmake', '--install', '/home/bryan/Workspace/ros2_ws/build/depth_image_proc'], 'cwd': '/home/bryan/Workspace/ros2_ws/build/depth_image_proc', 'env': OrderedDict([('LESSOPEN', '| /usr/bin/lesspipe %s'), ('USER', 'bryan'), ('XDG_SESSION_TYPE', 'wayland'), ('SHLVL', '1'), ('LD_LIBRARY_PATH', '/home/bryan/Workspace/ros2_ws/install/image_geometry/lib:/home/bryan/Workspace/ros2_ws/install/cv_bridge/lib:/opt/ros/humble/opt/rviz_ogre_vendor/lib:/opt/ros/humble/lib/x86_64-linux-gnu:/opt/ros/humble/lib'), ('HOME', '/home/bryan'), ('OLDPWD', '/home/bryan/Workspace/ros2_ws/src/ros2_sumo-main'), ('DESKTOP_SESSION', 'ubuntu'), ('ROS_PYTHON_VERSION', '3'), ('GNOME_SHELL_SESSION_MODE', 'ubuntu'), ('GTK_MODULES', 'gail:atk-bridge'), ('SYSTEMD_EXEC_PID', '1570'), ('DBUS_SESSION_BUS_ADDRESS', 'unix:path=/run/user/1000/bus'), ('COLORTERM', 'truecolor'), ('IM_CONFIG_PHASE', '1'), ('WAYLAND_DISPLAY', 'wayland-0'), ('ROS_DISTRO', 'humble'), ('LOGNAME', 'bryan'), ('SUMO_HOME', '/usr/share/sumo/'), ('_', '/usr/bin/colcon'), ('ROS_VERSION', '2'), ('XDG_SESSION_CLASS', 'user'), ('USERNAME', 'bryan'), ('TERM', 'xterm-256color'), ('GNOME_DESKTOP_SESSION_ID', 'this-is-deprecated'), ('ROS_LOCALHOST_ONLY', '0'), ('PATH', '/opt/ros/humble/bin:/usr/local/sbin:/usr/local/bin:/usr/sbin:/usr/bin:/sbin:/bin:/usr/games:/usr/local/games:/snap/bin:/snap/bin'), ('SESSION_MANAGER', 'local/bryan-VirtualBox:@/tmp/.ICE-unix/1372,unix/bryan-VirtualBox:/tmp/.ICE-unix/1372'), ('XDG_MENU_PREFIX', 'gnome-'), ('GNOME_TERMINAL_SCREEN', '/org/gnome/Terminal/screen/71407a0b_323a_4971_8a7b_4147209295e5'), ('GNOME_SETUP_DISPLAY', ':1'), ('XDG_RUNTIME_DIR', '/run/user/1000'), ('DISPLAY', ':0'), ('LANG', 'en_US.UTF-8'), ('XDG_CURRENT_DESKTOP', 'ubuntu:GNOME'), ('XMODIFIERS', '@im=ibus'), ('XDG_SESSION_DESKTOP', 'ubuntu'), ('XAUTHORITY', '/run/user/1000/.mutter-Xwaylandauth.GH7FP3'), ('LS_COLORS', 'rs=0:di=01;34:ln=01;36:mh=00:pi=40;33:so=01;35:do=01;35:bd=40;33;01:cd=40;33;01:or=40;31;01:mi=00:su=37;41:sg=30;43:ca=30;41:tw=30;42:ow=34;42:st=37;44:ex=01;32:*.tar=01;31:*.tgz=01;31:*.arc=01;31:*.arj=01;31:*.taz=01;31:*.lha=01;31:*.lz4=01;31:*.lzh=01;31:*.lzma=01;31:*.tlz=01;31:*.txz=01;31:*.tzo=01;31:*.t7z=01;31:*.zip=01;31:*.z=01;31:*.dz=01;31:*.gz=01;31:*.lrz=01;31:*.lz=01;31:*.lzo=01;31:*.xz=01;31:*.zst=01;31:*.tzst=01;31:*.bz2=01;31:*.bz=01;31:*.tbz=01;31:*.tbz2=01;31:*.tz=01;31:*.deb=01;31:*.rpm=01;31:*.jar=01;31:*.war=01;31:*.ear=01;31:*.sar=01;31:*.rar=01;31:*.alz=01;31:*.ace=01;31:*.zoo=01;31:*.cpio=01;31:*.7z=01;31:*.rz=01;31:*.cab=01;31:*.wim=01;31:*.swm=01;31:*.dwm=01;31:*.esd=01;31:*.jpg=01;35:*.jpeg=01;35:*.mjpg=01;35:*.mjpeg=01;35:*.gif=01;35:*.bmp=01;35:*.pbm=01;35:*.pgm=01;35:*.ppm=01;35:*.tga=01;35:*.xbm=01;35:*.xpm=01;35:*.tif=01;35:*.tiff=01;35:*.png=01;35:*.svg=01;35:*.svgz=01;35:*.mng=01;35:*.pcx=01;35:*.mov=01;35:*.mpg=01;35:*.mpeg=01;35:*.m2v=01;35:*.mkv=01;35:*.webm=01;35:*.webp=01;35:*.ogm=01;35:*.mp4=01;35:*.m4v=01;35:*.mp4v=01;35:*.vob=01;35:*.qt=01;35:*.nuv=01;35:*.wmv=01;35:*.asf=01;35:*.rm=01;35:*.rmvb=01;35:*.flc=01;35:*.avi=01;35:*.fli=01;35:*.flv=01;35:*.gl=01;35:*.dl=01;35:*.xcf=01;35:*.xwd=01;35:*.yuv=01;35:*.cgm=01;35:*.emf=01;35:*.ogv=01;35:*.ogx=01;35:*.aac=00;36:*.au=00;36:*.flac=00;36:*.m4a=00;36:*.mid=00;36:*.midi=00;36:*.mka=00;36:*.mp3=00;36:*.mpc=00;36:*.ogg=00;36:*.ra=00;36:*.wav=00;36:*.oga=00;36:*.opus=00;36:*.spx=00;36:*.xspf=00;36:'), ('GNOME_TERMINAL_SERVICE', ':1.91'), ('SSH_AGENT_LAUNCHER', 'gnome-keyring'), ('SSH_AUTH_SOCK', '/run/user/1000/keyring/ssh'), ('AMENT_PREFIX_PATH', '/home/bryan/Workspace/ros2_ws/install/image_geometry:/home/bryan/Workspace/ros2_ws/install/cv_bridge:/opt/ros/humble'), ('SHELL', '/bin/bash'), ('QT_ACCESSIBILITY', '1'), ('GDMSESSION', 'ubuntu'), ('LESSCLOSE', '/usr/bin/lesspipe %s %s'), ('QT_IM_MODULE', 'ibus'), ('PWD', '/home/bryan/Workspace/ros2_ws/build/depth_image_proc'), ('LC_ALL', 'en_US.UTF-8'), ('XDG_CONFIG_DIRS', '/etc/xdg/xdg-ubuntu:/etc/xdg'), ('XDG_DATA_DIRS', '/usr/share/ubuntu:/usr/local/share/:/usr/share/:/var/lib/snapd/desktop'), ('PYTHONPATH', '/home/bryan/Workspace/ros2_ws/install/image_geometry/local/lib/python3.10/dist-packages:/home/bryan/Workspace/ros2_ws/install/cv_bridge/local/lib/python3.10/dist-packages:/opt/ros/humble/lib/python3.10/site-packages:/opt/ros/humble/local/lib/python3.10/dist-packages'), ('COLCON', '1'), ('VTE_VERSION', '6800'), ('CMAKE_PREFIX_PATH', '/home/bryan/Workspace/ros2_ws/install/image_geometry:/home/bryan/Workspace/ros2_ws/install/cv_bridge:/opt/ros/humble')]), 'shell': False}
[290.501669] (depth_image_proc) StdoutLine: {'line': b'-- Install configuration: ""\n'}
[290.501878] (-) TimerEvent: {}
[290.502160] (depth_image_proc) StdoutLine: {'line': b'-- Execute custom install script\n'}
[290.502721] (depth_image_proc) StdoutLine: {'line': b'-- Symlinking: /home/bryan/Workspace/ros2_ws/install/depth_image_proc/lib/depth_image_proc/convert_metric_node\n'}
[290.502871] (depth_image_proc) StdoutLine: {'line': b'-- Symlinking: /home/bryan/Workspace/ros2_ws/install/depth_image_proc/lib/depth_image_proc/crop_foremost_node\n'}
[290.519274] (depth_image_proc) StdoutLine: {'line': b'-- Symlinking: /home/bryan/Workspace/ros2_ws/install/depth_image_proc/lib/depth_image_proc/disparity_node\n'}
[290.567649] (depth_image_proc) StdoutLine: {'line': b'-- Symlinking: /home/bryan/Workspace/ros2_ws/install/depth_image_proc/lib/depth_image_proc/point_cloud_xyz_node\n'}
[290.610254] (-) TimerEvent: {}
[290.610793] (depth_image_proc) StdoutLine: {'line': b'-- Symlinking: /home/bryan/Workspace/ros2_ws/install/depth_image_proc/lib/depth_image_proc/point_cloud_xyzrgb_node\n'}
[290.644539] (depth_image_proc) StdoutLine: {'line': b'-- Symlinking: /home/bryan/Workspace/ros2_ws/install/depth_image_proc/lib/depth_image_proc/point_cloud_xyzi_node\n'}
[290.660136] (depth_image_proc) StdoutLine: {'line': b'-- Symlinking: /home/bryan/Workspace/ros2_ws/install/depth_image_proc/lib/depth_image_proc/point_cloud_xyz_radial_node\n'}
[290.677038] (depth_image_proc) StdoutLine: {'line': b'-- Symlinking: /home/bryan/Workspace/ros2_ws/install/depth_image_proc/lib/depth_image_proc/point_cloud_xyzi_radial_node\n'}
[290.695987] (depth_image_proc) StdoutLine: {'line': b'-- Symlinking: /home/bryan/Workspace/ros2_ws/install/depth_image_proc/lib/depth_image_proc/point_cloud_xyzrgb_radial_node\n'}
[290.724929] (depth_image_proc) StdoutLine: {'line': b'-- Symlinking: /home/bryan/Workspace/ros2_ws/install/depth_image_proc/lib/depth_image_proc/register_node\n'}
[290.725111] (-) TimerEvent: {}
[290.725243] (depth_image_proc) StdoutLine: {'line': b'-- Symlinking: /home/bryan/Workspace/ros2_ws/install/depth_image_proc/include/depth_image_proc/conversions.hpp\n'}
[290.741619] (depth_image_proc) StdoutLine: {'line': b'-- Symlinking: /home/bryan/Workspace/ros2_ws/install/depth_image_proc/include/depth_image_proc/depth_traits.hpp\n'}
[290.757233] (depth_image_proc) StdoutLine: {'line': b'-- Symlinking: /home/bryan/Workspace/ros2_ws/install/depth_image_proc/include/depth_image_proc/point_cloud_xyz.hpp\n'}
[290.959024] (depth_image_proc) StdoutLine: {'line': b'-- Symlinking: /home/bryan/Workspace/ros2_ws/install/depth_image_proc/include/depth_image_proc/point_cloud_xyz_radial.hpp\n'}
[290.959313] (-) TimerEvent: {}
[290.959624] (depth_image_proc) StdoutLine: {'line': b'-- Symlinking: /home/bryan/Workspace/ros2_ws/install/depth_image_proc/include/depth_image_proc/point_cloud_xyzi.hpp\n'}
[290.959767] (depth_image_proc) StdoutLine: {'line': b'-- Symlinking: /home/bryan/Workspace/ros2_ws/install/depth_image_proc/include/depth_image_proc/point_cloud_xyzi_radial.hpp\n'}
[290.959875] (depth_image_proc) StdoutLine: {'line': b'-- Symlinking: /home/bryan/Workspace/ros2_ws/install/depth_image_proc/include/depth_image_proc/point_cloud_xyzrgb.hpp\n'}
[290.959959] (depth_image_proc) StdoutLine: {'line': b'-- Symlinking: /home/bryan/Workspace/ros2_ws/install/depth_image_proc/include/depth_image_proc/point_cloud_xyzrgb_radial.hpp\n'}
[290.960014] (depth_image_proc) StdoutLine: {'line': b'-- Symlinking: /home/bryan/Workspace/ros2_ws/install/depth_image_proc/include/depth_image_proc/visibility.h\n'}
[290.960062] (depth_image_proc) StdoutLine: {'line': b'-- Symlinking: /home/bryan/Workspace/ros2_ws/install/depth_image_proc/share/depth_image_proc/environment/library_path.sh\n'}
[290.960109] (depth_image_proc) StdoutLine: {'line': b'-- Symlinking: /home/bryan/Workspace/ros2_ws/install/depth_image_proc/share/depth_image_proc/environment/library_path.dsv\n'}
[290.960157] (depth_image_proc) StdoutLine: {'line': b'-- Symlinking: /home/bryan/Workspace/ros2_ws/install/depth_image_proc/lib/libdepth_image_proc.so\n'}
[290.960207] (depth_image_proc) StdoutLine: {'line': b'-- Symlinking: /home/bryan/Workspace/ros2_ws/install/depth_image_proc/share/depth_image_proc/launch/convert_metric.launch.py\n'}
[290.960295] (depth_image_proc) StdoutLine: {'line': b'-- Symlinking: /home/bryan/Workspace/ros2_ws/install/depth_image_proc/share/depth_image_proc/launch/crop_foremost.launch.py\n'}
[290.960382] (depth_image_proc) StdoutLine: {'line': b'-- Symlinking: /home/bryan/Workspace/ros2_ws/install/depth_image_proc/share/depth_image_proc/launch/disparity.launch.py\n'}
[290.961193] (depth_image_proc) StdoutLine: {'line': b'-- Symlinking: /home/bryan/Workspace/ros2_ws/install/depth_image_proc/share/depth_image_proc/launch/point_cloud_xyz.launch.py\n'}
[290.961281] (depth_image_proc) StdoutLine: {'line': b'-- Symlinking: /home/bryan/Workspace/ros2_ws/install/depth_image_proc/share/depth_image_proc/launch/point_cloud_xyz_radial.launch.py\n'}
[290.973678] (depth_image_proc) StdoutLine: {'line': b'-- Symlinking: /home/bryan/Workspace/ros2_ws/install/depth_image_proc/share/depth_image_proc/launch/point_cloud_xyzi.launch.py\n'}
[290.990674] (depth_image_proc) StdoutLine: {'line': b'-- Symlinking: /home/bryan/Workspace/ros2_ws/install/depth_image_proc/share/depth_image_proc/launch/point_cloud_xyzi_radial.launch.py\n'}
[291.006434] (depth_image_proc) StdoutLine: {'line': b'-- Symlinking: /home/bryan/Workspace/ros2_ws/install/depth_image_proc/share/depth_image_proc/launch/point_cloud_xyzrgb.launch.py\n'}
[291.027317] (depth_image_proc) StdoutLine: {'line': b'-- Symlinking: /home/bryan/Workspace/ros2_ws/install/depth_image_proc/share/depth_image_proc/launch/point_cloud_xyzrgb_radial.launch.py\n'}
[291.045259] (depth_image_proc) StdoutLine: {'line': b'-- Symlinking: /home/bryan/Workspace/ros2_ws/install/depth_image_proc/share/depth_image_proc/launch/register.launch.py\n'}
[291.058282] (depth_image_proc) StdoutLine: {'line': b'-- Symlinking: /home/bryan/Workspace/ros2_ws/install/depth_image_proc/share/depth_image_proc/launch/rviz/convert_metric.rviz\n'}
[291.070978] (-) TimerEvent: {}
[291.072705] (depth_image_proc) StdoutLine: {'line': b'-- Symlinking: /home/bryan/Workspace/ros2_ws/install/depth_image_proc/share/depth_image_proc/launch/rviz/crop_formost.rviz\n'}
[291.087084] (depth_image_proc) StdoutLine: {'line': b'-- Symlinking: /home/bryan/Workspace/ros2_ws/install/depth_image_proc/share/depth_image_proc/launch/rviz/disparity.rviz\n'}
[291.106114] (depth_image_proc) StdoutLine: {'line': b'-- Symlinking: /home/bryan/Workspace/ros2_ws/install/depth_image_proc/share/depth_image_proc/launch/rviz/point_cloud_xyz.rviz\n'}
[291.133686] (depth_image_proc) StdoutLine: {'line': b'-- Symlinking: /home/bryan/Workspace/ros2_ws/install/depth_image_proc/share/depth_image_proc/launch/rviz/point_cloud_xyz_radial.rviz\n'}
[291.435037] (-) TimerEvent: {}
[291.440700] (depth_image_proc) StdoutLine: {'line': b'-- Symlinking: /home/bryan/Workspace/ros2_ws/install/depth_image_proc/share/depth_image_proc/launch/rviz/point_cloud_xyzi.rviz\n'}
[291.440919] (depth_image_proc) StdoutLine: {'line': b'-- Symlinking: /home/bryan/Workspace/ros2_ws/install/depth_image_proc/share/depth_image_proc/launch/rviz/point_cloud_xyzrgb.rviz\n'}
[291.441020] (depth_image_proc) StdoutLine: {'line': b'-- Symlinking: /home/bryan/Workspace/ros2_ws/install/depth_image_proc/share/depth_image_proc/launch/rviz/register.rviz\n'}
[291.441108] (depth_image_proc) StdoutLine: {'line': b'-- Symlinking: /home/bryan/Workspace/ros2_ws/install/depth_image_proc/share/ament_index/resource_index/package_run_dependencies/depth_image_proc\n'}
[291.441202] (depth_image_proc) StdoutLine: {'line': b'-- Symlinking: /home/bryan/Workspace/ros2_ws/install/depth_image_proc/share/ament_index/resource_index/parent_prefix_path/depth_image_proc\n'}
[291.441284] (depth_image_proc) StdoutLine: {'line': b'-- Symlinking: /home/bryan/Workspace/ros2_ws/install/depth_image_proc/share/depth_image_proc/environment/ament_prefix_path.sh\n'}
[291.441368] (depth_image_proc) StdoutLine: {'line': b'-- Symlinking: /home/bryan/Workspace/ros2_ws/install/depth_image_proc/share/depth_image_proc/environment/ament_prefix_path.dsv\n'}
[291.441442] (depth_image_proc) StdoutLine: {'line': b'-- Symlinking: /home/bryan/Workspace/ros2_ws/install/depth_image_proc/share/depth_image_proc/environment/path.sh\n'}
[291.441539] (depth_image_proc) StdoutLine: {'line': b'-- Symlinking: /home/bryan/Workspace/ros2_ws/install/depth_image_proc/share/depth_image_proc/environment/path.dsv\n'}
[291.441636] (depth_image_proc) StdoutLine: {'line': b'-- Symlinking: /home/bryan/Workspace/ros2_ws/install/depth_image_proc/share/depth_image_proc/local_setup.bash\n'}
[291.441710] (depth_image_proc) StdoutLine: {'line': b'-- Symlinking: /home/bryan/Workspace/ros2_ws/install/depth_image_proc/share/depth_image_proc/local_setup.sh\n'}
[291.441783] (depth_image_proc) StdoutLine: {'line': b'-- Symlinking: /home/bryan/Workspace/ros2_ws/install/depth_image_proc/share/depth_image_proc/local_setup.zsh\n'}
[291.441860] (depth_image_proc) StdoutLine: {'line': b'-- Symlinking: /home/bryan/Workspace/ros2_ws/install/depth_image_proc/share/depth_image_proc/local_setup.dsv\n'}
[291.441934] (depth_image_proc) StdoutLine: {'line': b'-- Symlinking: /home/bryan/Workspace/ros2_ws/install/depth_image_proc/share/depth_image_proc/package.dsv\n'}
[291.442006] (depth_image_proc) StdoutLine: {'line': b'-- Symlinking: /home/bryan/Workspace/ros2_ws/install/depth_image_proc/share/ament_index/resource_index/packages/depth_image_proc\n'}
[291.442108] (depth_image_proc) StdoutLine: {'line': b'-- Symlinking: /home/bryan/Workspace/ros2_ws/install/depth_image_proc/share/ament_index/resource_index/rclcpp_components/depth_image_proc\n'}
[291.442180] (depth_image_proc) StdoutLine: {'line': b'-- Symlinking: /home/bryan/Workspace/ros2_ws/install/depth_image_proc/share/depth_image_proc/cmake/ament_cmake_export_dependencies-extras.cmake\n'}
[291.442252] (depth_image_proc) StdoutLine: {'line': b'-- Symlinking: /home/bryan/Workspace/ros2_ws/install/depth_image_proc/share/depth_image_proc/cmake/ament_cmake_export_include_directories-extras.cmake\n'}
[291.442323] (depth_image_proc) StdoutLine: {'line': b'-- Symlinking: /home/bryan/Workspace/ros2_ws/install/depth_image_proc/share/depth_image_proc/cmake/ament_cmake_export_libraries-extras.cmake\n'}
[291.442396] (depth_image_proc) StdoutLine: {'line': b'-- Symlinking: /home/bryan/Workspace/ros2_ws/install/depth_image_proc/share/depth_image_proc/cmake/depth_image_procConfig.cmake\n'}
[291.462940] (depth_image_proc) StdoutLine: {'line': b'-- Symlinking: /home/bryan/Workspace/ros2_ws/install/depth_image_proc/share/depth_image_proc/cmake/depth_image_procConfig-version.cmake\n'}
[291.463246] (examples_rclcpp_minimal_subscriber) StdoutLine: {'line': b'[  8%] \x1b[32m\x1b[1mLinking CXX executable subscriber_lambda\x1b[0m\n'}
[291.474285] (depth_image_proc) StdoutLine: {'line': b'-- Symlinking: /home/bryan/Workspace/ros2_ws/install/depth_image_proc/share/depth_image_proc/package.xml\n'}
[291.503210] (depth_image_proc) CommandEnded: {'returncode': 0}
[291.528469] (depth_image_proc) JobEnded: {'identifier': 'depth_image_proc', 'rc': 0}
[291.530495] (examples_rclcpp_multithreaded_executor) JobStarted: {'identifier': 'examples_rclcpp_multithreaded_executor'}
[291.536776] (-) TimerEvent: {}
[291.542189] (examples_rclcpp_multithreaded_executor) JobProgress: {'identifier': 'examples_rclcpp_multithreaded_executor', 'progress': 'cmake'}
[291.542415] (examples_rclcpp_multithreaded_executor) Command: {'cmd': ['/usr/bin/cmake', '/home/bryan/Workspace/ros2_ws/src/examples/rclcpp/executors/multithreaded_executor', '-DAMENT_CMAKE_SYMLINK_INSTALL=1', '-DCMAKE_INSTALL_PREFIX=/home/bryan/Workspace/ros2_ws/install/examples_rclcpp_multithreaded_executor'], 'cwd': '/home/bryan/Workspace/ros2_ws/build/examples_rclcpp_multithreaded_executor', 'env': OrderedDict([('LESSOPEN', '| /usr/bin/lesspipe %s'), ('USER', 'bryan'), ('XDG_SESSION_TYPE', 'wayland'), ('SHLVL', '1'), ('LD_LIBRARY_PATH', '/opt/ros/humble/opt/rviz_ogre_vendor/lib:/opt/ros/humble/lib/x86_64-linux-gnu:/opt/ros/humble/lib'), ('HOME', '/home/bryan'), ('OLDPWD', '/home/bryan/Workspace/ros2_ws/src/ros2_sumo-main'), ('DESKTOP_SESSION', 'ubuntu'), ('ROS_PYTHON_VERSION', '3'), ('GNOME_SHELL_SESSION_MODE', 'ubuntu'), ('GTK_MODULES', 'gail:atk-bridge'), ('SYSTEMD_EXEC_PID', '1570'), ('DBUS_SESSION_BUS_ADDRESS', 'unix:path=/run/user/1000/bus'), ('COLORTERM', 'truecolor'), ('IM_CONFIG_PHASE', '1'), ('WAYLAND_DISPLAY', 'wayland-0'), ('ROS_DISTRO', 'humble'), ('LOGNAME', 'bryan'), ('SUMO_HOME', '/usr/share/sumo/'), ('_', '/usr/bin/colcon'), ('ROS_VERSION', '2'), ('XDG_SESSION_CLASS', 'user'), ('USERNAME', 'bryan'), ('TERM', 'xterm-256color'), ('GNOME_DESKTOP_SESSION_ID', 'this-is-deprecated'), ('ROS_LOCALHOST_ONLY', '0'), ('PATH', '/opt/ros/humble/bin:/usr/local/sbin:/usr/local/bin:/usr/sbin:/usr/bin:/sbin:/bin:/usr/games:/usr/local/games:/snap/bin:/snap/bin'), ('SESSION_MANAGER', 'local/bryan-VirtualBox:@/tmp/.ICE-unix/1372,unix/bryan-VirtualBox:/tmp/.ICE-unix/1372'), ('XDG_MENU_PREFIX', 'gnome-'), ('GNOME_TERMINAL_SCREEN', '/org/gnome/Terminal/screen/71407a0b_323a_4971_8a7b_4147209295e5'), ('GNOME_SETUP_DISPLAY', ':1'), ('XDG_RUNTIME_DIR', '/run/user/1000'), ('DISPLAY', ':0'), ('LANG', 'en_US.UTF-8'), ('XDG_CURRENT_DESKTOP', 'ubuntu:GNOME'), ('XMODIFIERS', '@im=ibus'), ('XDG_SESSION_DESKTOP', 'ubuntu'), ('XAUTHORITY', '/run/user/1000/.mutter-Xwaylandauth.GH7FP3'), ('LS_COLORS', 'rs=0:di=01;34:ln=01;36:mh=00:pi=40;33:so=01;35:do=01;35:bd=40;33;01:cd=40;33;01:or=40;31;01:mi=00:su=37;41:sg=30;43:ca=30;41:tw=30;42:ow=34;42:st=37;44:ex=01;32:*.tar=01;31:*.tgz=01;31:*.arc=01;31:*.arj=01;31:*.taz=01;31:*.lha=01;31:*.lz4=01;31:*.lzh=01;31:*.lzma=01;31:*.tlz=01;31:*.txz=01;31:*.tzo=01;31:*.t7z=01;31:*.zip=01;31:*.z=01;31:*.dz=01;31:*.gz=01;31:*.lrz=01;31:*.lz=01;31:*.lzo=01;31:*.xz=01;31:*.zst=01;31:*.tzst=01;31:*.bz2=01;31:*.bz=01;31:*.tbz=01;31:*.tbz2=01;31:*.tz=01;31:*.deb=01;31:*.rpm=01;31:*.jar=01;31:*.war=01;31:*.ear=01;31:*.sar=01;31:*.rar=01;31:*.alz=01;31:*.ace=01;31:*.zoo=01;31:*.cpio=01;31:*.7z=01;31:*.rz=01;31:*.cab=01;31:*.wim=01;31:*.swm=01;31:*.dwm=01;31:*.esd=01;31:*.jpg=01;35:*.jpeg=01;35:*.mjpg=01;35:*.mjpeg=01;35:*.gif=01;35:*.bmp=01;35:*.pbm=01;35:*.pgm=01;35:*.ppm=01;35:*.tga=01;35:*.xbm=01;35:*.xpm=01;35:*.tif=01;35:*.tiff=01;35:*.png=01;35:*.svg=01;35:*.svgz=01;35:*.mng=01;35:*.pcx=01;35:*.mov=01;35:*.mpg=01;35:*.mpeg=01;35:*.m2v=01;35:*.mkv=01;35:*.webm=01;35:*.webp=01;35:*.ogm=01;35:*.mp4=01;35:*.m4v=01;35:*.mp4v=01;35:*.vob=01;35:*.qt=01;35:*.nuv=01;35:*.wmv=01;35:*.asf=01;35:*.rm=01;35:*.rmvb=01;35:*.flc=01;35:*.avi=01;35:*.fli=01;35:*.flv=01;35:*.gl=01;35:*.dl=01;35:*.xcf=01;35:*.xwd=01;35:*.yuv=01;35:*.cgm=01;35:*.emf=01;35:*.ogv=01;35:*.ogx=01;35:*.aac=00;36:*.au=00;36:*.flac=00;36:*.m4a=00;36:*.mid=00;36:*.midi=00;36:*.mka=00;36:*.mp3=00;36:*.mpc=00;36:*.ogg=00;36:*.ra=00;36:*.wav=00;36:*.oga=00;36:*.opus=00;36:*.spx=00;36:*.xspf=00;36:'), ('GNOME_TERMINAL_SERVICE', ':1.91'), ('SSH_AGENT_LAUNCHER', 'gnome-keyring'), ('SSH_AUTH_SOCK', '/run/user/1000/keyring/ssh'), ('AMENT_PREFIX_PATH', '/opt/ros/humble'), ('SHELL', '/bin/bash'), ('QT_ACCESSIBILITY', '1'), ('GDMSESSION', 'ubuntu'), ('LESSCLOSE', '/usr/bin/lesspipe %s %s'), ('QT_IM_MODULE', 'ibus'), ('PWD', '/home/bryan/Workspace/ros2_ws/build/examples_rclcpp_multithreaded_executor'), ('LC_ALL', 'en_US.UTF-8'), ('XDG_CONFIG_DIRS', '/etc/xdg/xdg-ubuntu:/etc/xdg'), ('XDG_DATA_DIRS', '/usr/share/ubuntu:/usr/local/share/:/usr/share/:/var/lib/snapd/desktop'), ('PYTHONPATH', '/opt/ros/humble/lib/python3.10/site-packages:/opt/ros/humble/local/lib/python3.10/dist-packages'), ('COLCON', '1'), ('VTE_VERSION', '6800'), ('CMAKE_PREFIX_PATH', '/opt/ros/humble')]), 'shell': False}
[291.971378] (-) TimerEvent: {}
[292.088940] (examples_rclcpp_minimal_subscriber) StdoutLine: {'line': b'[  8%] Built target subscriber_lambda\n'}
[292.089187] (-) TimerEvent: {}
[292.101488] (examples_rclcpp_multithreaded_executor) StdoutLine: {'line': b'-- The C compiler identification is GNU 11.4.0\n'}
[292.143883] (examples_rclcpp_minimal_subscriber) StdoutLine: {'line': b'[ 12%] \x1b[32mBuilding CXX object CMakeFiles/subscriber_member_function_with_topic_statistics.dir/member_function_with_topic_statistics.cpp.o\x1b[0m\n'}
[292.949139] (-) TimerEvent: {}
[292.996353] (examples_rclcpp_multithreaded_executor) StdoutLine: {'line': b'-- The CXX compiler identification is GNU 11.4.0\n'}
[293.021920] (examples_rclcpp_multithreaded_executor) StdoutLine: {'line': b'-- Detecting C compiler ABI info\n'}
[293.113857] (-) TimerEvent: {}
[293.145597] (examples_rclcpp_multithreaded_executor) StdoutLine: {'line': b'-- Detecting C compiler ABI info - done\n'}
[293.158055] (examples_rclcpp_multithreaded_executor) StdoutLine: {'line': b'-- Check for working C compiler: /usr/bin/cc - skipped\n'}
[293.158733] (examples_rclcpp_multithreaded_executor) StdoutLine: {'line': b'-- Detecting C compile features\n'}
[293.159978] (examples_rclcpp_multithreaded_executor) StdoutLine: {'line': b'-- Detecting C compile features - done\n'}
[293.164720] (examples_rclcpp_multithreaded_executor) StdoutLine: {'line': b'-- Detecting CXX compiler ABI info\n'}
[293.225034] (-) TimerEvent: {}
[293.378467] (examples_rclcpp_multithreaded_executor) StdoutLine: {'line': b'-- Detecting CXX compiler ABI info - done\n'}
[293.378762] (-) TimerEvent: {}
[293.380436] (examples_rclcpp_multithreaded_executor) StdoutLine: {'line': b'-- Check for working CXX compiler: /usr/bin/c++ - skipped\n'}
[293.382121] (examples_rclcpp_multithreaded_executor) StdoutLine: {'line': b'-- Detecting CXX compile features\n'}
[293.382791] (examples_rclcpp_multithreaded_executor) StdoutLine: {'line': b'-- Detecting CXX compile features - done\n'}
[293.386100] (examples_rclcpp_multithreaded_executor) StdoutLine: {'line': b'-- Found ament_cmake: 1.3.14 (/opt/ros/humble/share/ament_cmake/cmake)\n'}
[293.609452] (examples_rclcpp_multithreaded_executor) StdoutLine: {'line': b'-- Found Python3: /usr/bin/python3 (found version "3.10.12") found components: Interpreter \n'}
[293.609691] (-) TimerEvent: {}
[293.706807] (examples_rclcpp_multithreaded_executor) StdoutLine: {'line': b'-- Override CMake install command with custom implementation using symlinks instead of copying resources\n'}
[293.734054] (examples_rclcpp_multithreaded_executor) StdoutLine: {'line': b'-- Found rclcpp: 16.0.18 (/opt/ros/humble/share/rclcpp/cmake)\n'}
[293.734196] (-) TimerEvent: {}
[293.803740] (examples_rclcpp_multithreaded_executor) StdoutLine: {'line': b'-- Found rosidl_generator_c: 3.1.8 (/opt/ros/humble/share/rosidl_generator_c/cmake)\n'}
[293.810312] (examples_rclcpp_multithreaded_executor) StdoutLine: {'line': b'-- Found rosidl_adapter: 3.1.8 (/opt/ros/humble/share/rosidl_adapter/cmake)\n'}
[293.821982] (examples_rclcpp_multithreaded_executor) StdoutLine: {'line': b'-- Found rosidl_generator_cpp: 3.1.8 (/opt/ros/humble/share/rosidl_generator_cpp/cmake)\n'}
[293.838723] (examples_rclcpp_multithreaded_executor) StdoutLine: {'line': b'-- Using all available rosidl_typesupport_c: rosidl_typesupport_fastrtps_c;rosidl_typesupport_introspection_c\n'}
[293.838881] (-) TimerEvent: {}
[293.856822] (examples_rclcpp_multithreaded_executor) StdoutLine: {'line': b'-- Using all available rosidl_typesupport_cpp: rosidl_typesupport_fastrtps_cpp;rosidl_typesupport_introspection_cpp\n'}
[293.942319] (-) TimerEvent: {}
[293.956260] (examples_rclcpp_multithreaded_executor) StdoutLine: {'line': b'-- Found rmw_implementation_cmake: 6.1.2 (/opt/ros/humble/share/rmw_implementation_cmake/cmake)\n'}
[293.960734] (examples_rclcpp_multithreaded_executor) StdoutLine: {'line': b'-- Found rmw_fastrtps_cpp: 6.2.10 (/opt/ros/humble/share/rmw_fastrtps_cpp/cmake)\n'}
[294.093012] (-) TimerEvent: {}
[294.180426] (examples_rclcpp_multithreaded_executor) StdoutLine: {'line': b'-- Found OpenSSL: /usr/lib/x86_64-linux-gnu/libcrypto.so (found version "3.0.2")  \n'}
[294.196525] (-) TimerEvent: {}
[294.223722] (examples_rclcpp_minimal_timer) StdoutLine: {'line': b'[ 50%] \x1b[32m\x1b[1mLinking CXX executable timer_lambda\x1b[0m\n'}
[294.226518] (examples_rclcpp_multithreaded_executor) StdoutLine: {'line': b'-- Found FastRTPS: /opt/ros/humble/include  \n'}
[294.311109] (examples_rclcpp_multithreaded_executor) StdoutLine: {'line': b"-- Using RMW implementation 'rmw_fastrtps_cpp' as default\n"}
[294.311394] (-) TimerEvent: {}
[294.328151] (examples_rclcpp_multithreaded_executor) StdoutLine: {'line': b'-- Looking for pthread.h\n'}
[294.458669] (-) TimerEvent: {}
[294.489630] (examples_rclcpp_multithreaded_executor) StdoutLine: {'line': b'-- Looking for pthread.h - found\n'}
[294.489883] (examples_rclcpp_multithreaded_executor) StdoutLine: {'line': b'-- Performing Test CMAKE_HAVE_LIBC_PTHREAD\n'}
[294.501940] (examples_rclcpp_minimal_timer) StdoutLine: {'line': b'[ 50%] Built target timer_lambda\n'}
[294.547012] (examples_rclcpp_minimal_timer) StdoutLine: {'line': b'[ 75%] \x1b[32mBuilding CXX object CMakeFiles/timer_member_function.dir/member_function.cpp.o\x1b[0m\n'}
[294.563333] (-) TimerEvent: {}
[294.840025] (-) TimerEvent: {}
[294.842173] (examples_rclcpp_multithreaded_executor) StdoutLine: {'line': b'-- Performing Test CMAKE_HAVE_LIBC_PTHREAD - Success\n'}
[294.842542] (examples_rclcpp_multithreaded_executor) StdoutLine: {'line': b'-- Found Threads: TRUE  \n'}
[294.842712] (examples_rclcpp_multithreaded_executor) StdoutLine: {'line': b'-- Found ament_lint_auto: 0.12.15 (/opt/ros/humble/share/ament_lint_auto/cmake)\n'}
[294.842876] (examples_rclcpp_multithreaded_executor) StdoutLine: {'line': b"-- Added test 'copyright' to check source files copyright and LICENSE\n"}
[294.855552] (examples_rclcpp_multithreaded_executor) StdoutLine: {'line': b"-- Added test 'cppcheck' to perform static code analysis on C / C++ code\n"}
[294.856079] (examples_rclcpp_multithreaded_executor) StdoutLine: {'line': b'-- Configured cppcheck include dirs: \n'}
[294.856181] (examples_rclcpp_multithreaded_executor) StdoutLine: {'line': b'-- Configured cppcheck exclude dirs and/or files: \n'}
[294.856275] (examples_rclcpp_multithreaded_executor) StdoutLine: {'line': b"-- Added test 'cpplint' to check C / C++ code against the Google style\n"}
[294.856392] (examples_rclcpp_multithreaded_executor) StdoutLine: {'line': b'-- Configured cpplint exclude dirs and/or files: \n'}
[294.856481] (examples_rclcpp_multithreaded_executor) StdoutLine: {'line': b"-- Added test 'lint_cmake' to check CMake code style\n"}
[294.856567] (examples_rclcpp_multithreaded_executor) StdoutLine: {'line': b"-- Added test 'uncrustify' to check C / C++ code style\n"}
[294.856694] (examples_rclcpp_multithreaded_executor) StdoutLine: {'line': b'-- Configured uncrustify additional arguments: \n'}
[294.856786] (examples_rclcpp_multithreaded_executor) StdoutLine: {'line': b"-- Added test 'xmllint' to check XML markup files\n"}
[294.856874] (examples_rclcpp_multithreaded_executor) StdoutLine: {'line': b'-- Configuring done\n'}
[294.856967] (examples_rclcpp_multithreaded_executor) StdoutLine: {'line': b'-- Generating done\n'}
[294.857052] (examples_rclcpp_multithreaded_executor) StdoutLine: {'line': b'-- Build files have been written to: /home/bryan/Workspace/ros2_ws/build/examples_rclcpp_multithreaded_executor\n'}
[294.857141] (examples_rclcpp_multithreaded_executor) CommandEnded: {'returncode': 0}
[294.857562] (examples_rclcpp_multithreaded_executor) JobProgress: {'identifier': 'examples_rclcpp_multithreaded_executor', 'progress': 'build'}
[294.857598] (examples_rclcpp_multithreaded_executor) Command: {'cmd': ['/usr/bin/cmake', '--build', '/home/bryan/Workspace/ros2_ws/build/examples_rclcpp_multithreaded_executor', '--', '-j3', '-l3'], 'cwd': '/home/bryan/Workspace/ros2_ws/build/examples_rclcpp_multithreaded_executor', 'env': OrderedDict([('LESSOPEN', '| /usr/bin/lesspipe %s'), ('USER', 'bryan'), ('XDG_SESSION_TYPE', 'wayland'), ('SHLVL', '1'), ('LD_LIBRARY_PATH', '/opt/ros/humble/opt/rviz_ogre_vendor/lib:/opt/ros/humble/lib/x86_64-linux-gnu:/opt/ros/humble/lib'), ('HOME', '/home/bryan'), ('OLDPWD', '/home/bryan/Workspace/ros2_ws/src/ros2_sumo-main'), ('DESKTOP_SESSION', 'ubuntu'), ('ROS_PYTHON_VERSION', '3'), ('GNOME_SHELL_SESSION_MODE', 'ubuntu'), ('GTK_MODULES', 'gail:atk-bridge'), ('SYSTEMD_EXEC_PID', '1570'), ('DBUS_SESSION_BUS_ADDRESS', 'unix:path=/run/user/1000/bus'), ('COLORTERM', 'truecolor'), ('IM_CONFIG_PHASE', '1'), ('WAYLAND_DISPLAY', 'wayland-0'), ('ROS_DISTRO', 'humble'), ('LOGNAME', 'bryan'), ('SUMO_HOME', '/usr/share/sumo/'), ('_', '/usr/bin/colcon'), ('ROS_VERSION', '2'), ('XDG_SESSION_CLASS', 'user'), ('USERNAME', 'bryan'), ('TERM', 'xterm-256color'), ('GNOME_DESKTOP_SESSION_ID', 'this-is-deprecated'), ('ROS_LOCALHOST_ONLY', '0'), ('PATH', '/opt/ros/humble/bin:/usr/local/sbin:/usr/local/bin:/usr/sbin:/usr/bin:/sbin:/bin:/usr/games:/usr/local/games:/snap/bin:/snap/bin'), ('SESSION_MANAGER', 'local/bryan-VirtualBox:@/tmp/.ICE-unix/1372,unix/bryan-VirtualBox:/tmp/.ICE-unix/1372'), ('XDG_MENU_PREFIX', 'gnome-'), ('GNOME_TERMINAL_SCREEN', '/org/gnome/Terminal/screen/71407a0b_323a_4971_8a7b_4147209295e5'), ('GNOME_SETUP_DISPLAY', ':1'), ('XDG_RUNTIME_DIR', '/run/user/1000'), ('DISPLAY', ':0'), ('LANG', 'en_US.UTF-8'), ('XDG_CURRENT_DESKTOP', 'ubuntu:GNOME'), ('XMODIFIERS', '@im=ibus'), ('XDG_SESSION_DESKTOP', 'ubuntu'), ('XAUTHORITY', '/run/user/1000/.mutter-Xwaylandauth.GH7FP3'), ('LS_COLORS', 'rs=0:di=01;34:ln=01;36:mh=00:pi=40;33:so=01;35:do=01;35:bd=40;33;01:cd=40;33;01:or=40;31;01:mi=00:su=37;41:sg=30;43:ca=30;41:tw=30;42:ow=34;42:st=37;44:ex=01;32:*.tar=01;31:*.tgz=01;31:*.arc=01;31:*.arj=01;31:*.taz=01;31:*.lha=01;31:*.lz4=01;31:*.lzh=01;31:*.lzma=01;31:*.tlz=01;31:*.txz=01;31:*.tzo=01;31:*.t7z=01;31:*.zip=01;31:*.z=01;31:*.dz=01;31:*.gz=01;31:*.lrz=01;31:*.lz=01;31:*.lzo=01;31:*.xz=01;31:*.zst=01;31:*.tzst=01;31:*.bz2=01;31:*.bz=01;31:*.tbz=01;31:*.tbz2=01;31:*.tz=01;31:*.deb=01;31:*.rpm=01;31:*.jar=01;31:*.war=01;31:*.ear=01;31:*.sar=01;31:*.rar=01;31:*.alz=01;31:*.ace=01;31:*.zoo=01;31:*.cpio=01;31:*.7z=01;31:*.rz=01;31:*.cab=01;31:*.wim=01;31:*.swm=01;31:*.dwm=01;31:*.esd=01;31:*.jpg=01;35:*.jpeg=01;35:*.mjpg=01;35:*.mjpeg=01;35:*.gif=01;35:*.bmp=01;35:*.pbm=01;35:*.pgm=01;35:*.ppm=01;35:*.tga=01;35:*.xbm=01;35:*.xpm=01;35:*.tif=01;35:*.tiff=01;35:*.png=01;35:*.svg=01;35:*.svgz=01;35:*.mng=01;35:*.pcx=01;35:*.mov=01;35:*.mpg=01;35:*.mpeg=01;35:*.m2v=01;35:*.mkv=01;35:*.webm=01;35:*.webp=01;35:*.ogm=01;35:*.mp4=01;35:*.m4v=01;35:*.mp4v=01;35:*.vob=01;35:*.qt=01;35:*.nuv=01;35:*.wmv=01;35:*.asf=01;35:*.rm=01;35:*.rmvb=01;35:*.flc=01;35:*.avi=01;35:*.fli=01;35:*.flv=01;35:*.gl=01;35:*.dl=01;35:*.xcf=01;35:*.xwd=01;35:*.yuv=01;35:*.cgm=01;35:*.emf=01;35:*.ogv=01;35:*.ogx=01;35:*.aac=00;36:*.au=00;36:*.flac=00;36:*.m4a=00;36:*.mid=00;36:*.midi=00;36:*.mka=00;36:*.mp3=00;36:*.mpc=00;36:*.ogg=00;36:*.ra=00;36:*.wav=00;36:*.oga=00;36:*.opus=00;36:*.spx=00;36:*.xspf=00;36:'), ('GNOME_TERMINAL_SERVICE', ':1.91'), ('SSH_AGENT_LAUNCHER', 'gnome-keyring'), ('SSH_AUTH_SOCK', '/run/user/1000/keyring/ssh'), ('AMENT_PREFIX_PATH', '/opt/ros/humble'), ('SHELL', '/bin/bash'), ('QT_ACCESSIBILITY', '1'), ('GDMSESSION', 'ubuntu'), ('LESSCLOSE', '/usr/bin/lesspipe %s %s'), ('QT_IM_MODULE', 'ibus'), ('PWD', '/home/bryan/Workspace/ros2_ws/build/examples_rclcpp_multithreaded_executor'), ('LC_ALL', 'en_US.UTF-8'), ('XDG_CONFIG_DIRS', '/etc/xdg/xdg-ubuntu:/etc/xdg'), ('XDG_DATA_DIRS', '/usr/share/ubuntu:/usr/local/share/:/usr/share/:/var/lib/snapd/desktop'), ('PYTHONPATH', '/opt/ros/humble/lib/python3.10/site-packages:/opt/ros/humble/local/lib/python3.10/dist-packages'), ('COLCON', '1'), ('VTE_VERSION', '6800'), ('CMAKE_PREFIX_PATH', '/opt/ros/humble')]), 'shell': False}
[294.951670] (-) TimerEvent: {}
[295.035857] (examples_rclcpp_multithreaded_executor) StdoutLine: {'line': b'[ 50%] \x1b[32mBuilding CXX object CMakeFiles/multithreaded_executor.dir/multithreaded_executor.cpp.o\x1b[0m\n'}
[295.953597] (-) TimerEvent: {}
[296.946720] (-) TimerEvent: {}
[297.956324] (-) TimerEvent: {}
[298.089154] (-) TimerEvent: {}
[298.967770] (-) TimerEvent: {}
[299.248464] (-) TimerEvent: {}
[299.373927] (-) TimerEvent: {}
[299.441151] (examples_rclcpp_minimal_timer) StdoutLine: {'line': b'[100%] \x1b[32m\x1b[1mLinking CXX executable timer_member_function\x1b[0m\n'}
[299.643205] (-) TimerEvent: {}
[299.670733] (examples_rclcpp_minimal_timer) StdoutLine: {'line': b'[100%] Built target timer_member_function\n'}
[299.956755] (-) TimerEvent: {}
[299.959089] (examples_rclcpp_minimal_timer) CommandEnded: {'returncode': 0}
[300.060549] (examples_rclcpp_minimal_timer) JobProgress: {'identifier': 'examples_rclcpp_minimal_timer', 'progress': 'install'}
[300.060741] (-) TimerEvent: {}
[300.062658] (examples_rclcpp_minimal_timer) Command: {'cmd': ['/usr/bin/cmake', '--install', '/home/bryan/Workspace/ros2_ws/build/examples_rclcpp_minimal_timer'], 'cwd': '/home/bryan/Workspace/ros2_ws/build/examples_rclcpp_minimal_timer', 'env': OrderedDict([('LESSOPEN', '| /usr/bin/lesspipe %s'), ('USER', 'bryan'), ('XDG_SESSION_TYPE', 'wayland'), ('SHLVL', '1'), ('LD_LIBRARY_PATH', '/opt/ros/humble/opt/rviz_ogre_vendor/lib:/opt/ros/humble/lib/x86_64-linux-gnu:/opt/ros/humble/lib'), ('HOME', '/home/bryan'), ('OLDPWD', '/home/bryan/Workspace/ros2_ws/src/ros2_sumo-main'), ('DESKTOP_SESSION', 'ubuntu'), ('ROS_PYTHON_VERSION', '3'), ('GNOME_SHELL_SESSION_MODE', 'ubuntu'), ('GTK_MODULES', 'gail:atk-bridge'), ('SYSTEMD_EXEC_PID', '1570'), ('DBUS_SESSION_BUS_ADDRESS', 'unix:path=/run/user/1000/bus'), ('COLORTERM', 'truecolor'), ('IM_CONFIG_PHASE', '1'), ('WAYLAND_DISPLAY', 'wayland-0'), ('ROS_DISTRO', 'humble'), ('LOGNAME', 'bryan'), ('SUMO_HOME', '/usr/share/sumo/'), ('_', '/usr/bin/colcon'), ('ROS_VERSION', '2'), ('XDG_SESSION_CLASS', 'user'), ('USERNAME', 'bryan'), ('TERM', 'xterm-256color'), ('GNOME_DESKTOP_SESSION_ID', 'this-is-deprecated'), ('ROS_LOCALHOST_ONLY', '0'), ('PATH', '/opt/ros/humble/bin:/usr/local/sbin:/usr/local/bin:/usr/sbin:/usr/bin:/sbin:/bin:/usr/games:/usr/local/games:/snap/bin:/snap/bin'), ('SESSION_MANAGER', 'local/bryan-VirtualBox:@/tmp/.ICE-unix/1372,unix/bryan-VirtualBox:/tmp/.ICE-unix/1372'), ('XDG_MENU_PREFIX', 'gnome-'), ('GNOME_TERMINAL_SCREEN', '/org/gnome/Terminal/screen/71407a0b_323a_4971_8a7b_4147209295e5'), ('GNOME_SETUP_DISPLAY', ':1'), ('XDG_RUNTIME_DIR', '/run/user/1000'), ('DISPLAY', ':0'), ('LANG', 'en_US.UTF-8'), ('XDG_CURRENT_DESKTOP', 'ubuntu:GNOME'), ('XMODIFIERS', '@im=ibus'), ('XDG_SESSION_DESKTOP', 'ubuntu'), ('XAUTHORITY', '/run/user/1000/.mutter-Xwaylandauth.GH7FP3'), ('LS_COLORS', 'rs=0:di=01;34:ln=01;36:mh=00:pi=40;33:so=01;35:do=01;35:bd=40;33;01:cd=40;33;01:or=40;31;01:mi=00:su=37;41:sg=30;43:ca=30;41:tw=30;42:ow=34;42:st=37;44:ex=01;32:*.tar=01;31:*.tgz=01;31:*.arc=01;31:*.arj=01;31:*.taz=01;31:*.lha=01;31:*.lz4=01;31:*.lzh=01;31:*.lzma=01;31:*.tlz=01;31:*.txz=01;31:*.tzo=01;31:*.t7z=01;31:*.zip=01;31:*.z=01;31:*.dz=01;31:*.gz=01;31:*.lrz=01;31:*.lz=01;31:*.lzo=01;31:*.xz=01;31:*.zst=01;31:*.tzst=01;31:*.bz2=01;31:*.bz=01;31:*.tbz=01;31:*.tbz2=01;31:*.tz=01;31:*.deb=01;31:*.rpm=01;31:*.jar=01;31:*.war=01;31:*.ear=01;31:*.sar=01;31:*.rar=01;31:*.alz=01;31:*.ace=01;31:*.zoo=01;31:*.cpio=01;31:*.7z=01;31:*.rz=01;31:*.cab=01;31:*.wim=01;31:*.swm=01;31:*.dwm=01;31:*.esd=01;31:*.jpg=01;35:*.jpeg=01;35:*.mjpg=01;35:*.mjpeg=01;35:*.gif=01;35:*.bmp=01;35:*.pbm=01;35:*.pgm=01;35:*.ppm=01;35:*.tga=01;35:*.xbm=01;35:*.xpm=01;35:*.tif=01;35:*.tiff=01;35:*.png=01;35:*.svg=01;35:*.svgz=01;35:*.mng=01;35:*.pcx=01;35:*.mov=01;35:*.mpg=01;35:*.mpeg=01;35:*.m2v=01;35:*.mkv=01;35:*.webm=01;35:*.webp=01;35:*.ogm=01;35:*.mp4=01;35:*.m4v=01;35:*.mp4v=01;35:*.vob=01;35:*.qt=01;35:*.nuv=01;35:*.wmv=01;35:*.asf=01;35:*.rm=01;35:*.rmvb=01;35:*.flc=01;35:*.avi=01;35:*.fli=01;35:*.flv=01;35:*.gl=01;35:*.dl=01;35:*.xcf=01;35:*.xwd=01;35:*.yuv=01;35:*.cgm=01;35:*.emf=01;35:*.ogv=01;35:*.ogx=01;35:*.aac=00;36:*.au=00;36:*.flac=00;36:*.m4a=00;36:*.mid=00;36:*.midi=00;36:*.mka=00;36:*.mp3=00;36:*.mpc=00;36:*.ogg=00;36:*.ra=00;36:*.wav=00;36:*.oga=00;36:*.opus=00;36:*.spx=00;36:*.xspf=00;36:'), ('GNOME_TERMINAL_SERVICE', ':1.91'), ('SSH_AGENT_LAUNCHER', 'gnome-keyring'), ('SSH_AUTH_SOCK', '/run/user/1000/keyring/ssh'), ('AMENT_PREFIX_PATH', '/opt/ros/humble'), ('SHELL', '/bin/bash'), ('QT_ACCESSIBILITY', '1'), ('GDMSESSION', 'ubuntu'), ('LESSCLOSE', '/usr/bin/lesspipe %s %s'), ('QT_IM_MODULE', 'ibus'), ('PWD', '/home/bryan/Workspace/ros2_ws/build/examples_rclcpp_minimal_timer'), ('LC_ALL', 'en_US.UTF-8'), ('XDG_CONFIG_DIRS', '/etc/xdg/xdg-ubuntu:/etc/xdg'), ('XDG_DATA_DIRS', '/usr/share/ubuntu:/usr/local/share/:/usr/share/:/var/lib/snapd/desktop'), ('PYTHONPATH', '/opt/ros/humble/lib/python3.10/site-packages:/opt/ros/humble/local/lib/python3.10/dist-packages'), ('COLCON', '1'), ('VTE_VERSION', '6800'), ('CMAKE_PREFIX_PATH', '/opt/ros/humble')]), 'shell': False}
[300.103815] (examples_rclcpp_minimal_timer) StdoutLine: {'line': b'-- Install configuration: ""\n'}
[300.104096] (examples_rclcpp_minimal_timer) StdoutLine: {'line': b'-- Execute custom install script\n'}
[300.104196] (examples_rclcpp_minimal_timer) StdoutLine: {'line': b'-- Symlinking: /home/bryan/Workspace/ros2_ws/install/examples_rclcpp_minimal_timer/lib/examples_rclcpp_minimal_timer/timer_lambda\n'}
[300.161512] (-) TimerEvent: {}
[300.173017] (examples_rclcpp_minimal_timer) StdoutLine: {'line': b'-- Symlinking: /home/bryan/Workspace/ros2_ws/install/examples_rclcpp_minimal_timer/lib/examples_rclcpp_minimal_timer/timer_member_function\n'}
[300.220120] (examples_rclcpp_minimal_timer) StdoutLine: {'line': b'-- Symlinking: /home/bryan/Workspace/ros2_ws/install/examples_rclcpp_minimal_timer/share/ament_index/resource_index/package_run_dependencies/examples_rclcpp_minimal_timer\n'}
[300.489676] (examples_rclcpp_minimal_timer) StdoutLine: {'line': b'-- Symlinking: /home/bryan/Workspace/ros2_ws/install/examples_rclcpp_minimal_timer/share/ament_index/resource_index/parent_prefix_path/examples_rclcpp_minimal_timer\n'}
[300.489912] (-) TimerEvent: {}
[300.529006] (examples_rclcpp_minimal_timer) StdoutLine: {'line': b'-- Symlinking: /home/bryan/Workspace/ros2_ws/install/examples_rclcpp_minimal_timer/share/examples_rclcpp_minimal_timer/environment/ament_prefix_path.sh\n'}
[300.728079] (-) TimerEvent: {}
[300.730076] (examples_rclcpp_minimal_timer) StdoutLine: {'line': b'-- Symlinking: /home/bryan/Workspace/ros2_ws/install/examples_rclcpp_minimal_timer/share/examples_rclcpp_minimal_timer/environment/ament_prefix_path.dsv\n'}
[300.746624] (examples_rclcpp_minimal_timer) StdoutLine: {'line': b'-- Symlinking: /home/bryan/Workspace/ros2_ws/install/examples_rclcpp_minimal_timer/share/examples_rclcpp_minimal_timer/environment/path.sh\n'}
[300.762070] (examples_rclcpp_minimal_timer) StdoutLine: {'line': b'-- Symlinking: /home/bryan/Workspace/ros2_ws/install/examples_rclcpp_minimal_timer/share/examples_rclcpp_minimal_timer/environment/path.dsv\n'}
[300.779369] (examples_rclcpp_minimal_timer) StdoutLine: {'line': b'-- Symlinking: /home/bryan/Workspace/ros2_ws/install/examples_rclcpp_minimal_timer/share/examples_rclcpp_minimal_timer/local_setup.bash\n'}
[300.809654] (examples_rclcpp_minimal_timer) StdoutLine: {'line': b'-- Symlinking: /home/bryan/Workspace/ros2_ws/install/examples_rclcpp_minimal_timer/share/examples_rclcpp_minimal_timer/local_setup.sh\n'}
[300.824002] (examples_rclcpp_minimal_timer) StdoutLine: {'line': b'-- Symlinking: /home/bryan/Workspace/ros2_ws/install/examples_rclcpp_minimal_timer/share/examples_rclcpp_minimal_timer/local_setup.zsh\n'}
[300.828664] (-) TimerEvent: {}
[300.841126] (examples_rclcpp_minimal_timer) StdoutLine: {'line': b'-- Symlinking: /home/bryan/Workspace/ros2_ws/install/examples_rclcpp_minimal_timer/share/examples_rclcpp_minimal_timer/local_setup.dsv\n'}
[300.852709] (examples_rclcpp_minimal_timer) StdoutLine: {'line': b'-- Symlinking: /home/bryan/Workspace/ros2_ws/install/examples_rclcpp_minimal_timer/share/examples_rclcpp_minimal_timer/package.dsv\n'}
[300.866811] (examples_rclcpp_minimal_timer) StdoutLine: {'line': b'-- Symlinking: /home/bryan/Workspace/ros2_ws/install/examples_rclcpp_minimal_timer/share/ament_index/resource_index/packages/examples_rclcpp_minimal_timer\n'}
[300.880794] (examples_rclcpp_minimal_timer) StdoutLine: {'line': b'-- Symlinking: /home/bryan/Workspace/ros2_ws/install/examples_rclcpp_minimal_timer/share/examples_rclcpp_minimal_timer/cmake/examples_rclcpp_minimal_timerConfig.cmake\n'}
[300.895625] (examples_rclcpp_minimal_timer) StdoutLine: {'line': b'-- Symlinking: /home/bryan/Workspace/ros2_ws/install/examples_rclcpp_minimal_timer/share/examples_rclcpp_minimal_timer/cmake/examples_rclcpp_minimal_timerConfig-version.cmake\n'}
[300.909448] (examples_rclcpp_minimal_timer) StdoutLine: {'line': b'-- Symlinking: /home/bryan/Workspace/ros2_ws/install/examples_rclcpp_minimal_timer/share/examples_rclcpp_minimal_timer/package.xml\n'}
[300.929598] (examples_rclcpp_minimal_timer) CommandEnded: {'returncode': 0}
[300.930659] (-) TimerEvent: {}
[300.971544] (examples_rclcpp_minimal_timer) JobEnded: {'identifier': 'examples_rclcpp_minimal_timer', 'rc': 0}
[300.974387] (examples_rclcpp_wait_set) JobStarted: {'identifier': 'examples_rclcpp_wait_set'}
[300.981060] (examples_rclcpp_wait_set) JobProgress: {'identifier': 'examples_rclcpp_wait_set', 'progress': 'cmake'}
[300.981772] (examples_rclcpp_wait_set) Command: {'cmd': ['/usr/bin/cmake', '/home/bryan/Workspace/ros2_ws/src/examples/rclcpp/wait_set', '-DAMENT_CMAKE_SYMLINK_INSTALL=1', '-DCMAKE_INSTALL_PREFIX=/home/bryan/Workspace/ros2_ws/install/examples_rclcpp_wait_set'], 'cwd': '/home/bryan/Workspace/ros2_ws/build/examples_rclcpp_wait_set', 'env': OrderedDict([('LESSOPEN', '| /usr/bin/lesspipe %s'), ('USER', 'bryan'), ('XDG_SESSION_TYPE', 'wayland'), ('SHLVL', '1'), ('LD_LIBRARY_PATH', '/opt/ros/humble/opt/rviz_ogre_vendor/lib:/opt/ros/humble/lib/x86_64-linux-gnu:/opt/ros/humble/lib'), ('HOME', '/home/bryan'), ('OLDPWD', '/home/bryan/Workspace/ros2_ws/src/ros2_sumo-main'), ('DESKTOP_SESSION', 'ubuntu'), ('ROS_PYTHON_VERSION', '3'), ('GNOME_SHELL_SESSION_MODE', 'ubuntu'), ('GTK_MODULES', 'gail:atk-bridge'), ('SYSTEMD_EXEC_PID', '1570'), ('DBUS_SESSION_BUS_ADDRESS', 'unix:path=/run/user/1000/bus'), ('COLORTERM', 'truecolor'), ('IM_CONFIG_PHASE', '1'), ('WAYLAND_DISPLAY', 'wayland-0'), ('ROS_DISTRO', 'humble'), ('LOGNAME', 'bryan'), ('SUMO_HOME', '/usr/share/sumo/'), ('_', '/usr/bin/colcon'), ('ROS_VERSION', '2'), ('XDG_SESSION_CLASS', 'user'), ('USERNAME', 'bryan'), ('TERM', 'xterm-256color'), ('GNOME_DESKTOP_SESSION_ID', 'this-is-deprecated'), ('ROS_LOCALHOST_ONLY', '0'), ('PATH', '/opt/ros/humble/bin:/usr/local/sbin:/usr/local/bin:/usr/sbin:/usr/bin:/sbin:/bin:/usr/games:/usr/local/games:/snap/bin:/snap/bin'), ('SESSION_MANAGER', 'local/bryan-VirtualBox:@/tmp/.ICE-unix/1372,unix/bryan-VirtualBox:/tmp/.ICE-unix/1372'), ('XDG_MENU_PREFIX', 'gnome-'), ('GNOME_TERMINAL_SCREEN', '/org/gnome/Terminal/screen/71407a0b_323a_4971_8a7b_4147209295e5'), ('GNOME_SETUP_DISPLAY', ':1'), ('XDG_RUNTIME_DIR', '/run/user/1000'), ('DISPLAY', ':0'), ('LANG', 'en_US.UTF-8'), ('XDG_CURRENT_DESKTOP', 'ubuntu:GNOME'), ('XMODIFIERS', '@im=ibus'), ('XDG_SESSION_DESKTOP', 'ubuntu'), ('XAUTHORITY', '/run/user/1000/.mutter-Xwaylandauth.GH7FP3'), ('LS_COLORS', 'rs=0:di=01;34:ln=01;36:mh=00:pi=40;33:so=01;35:do=01;35:bd=40;33;01:cd=40;33;01:or=40;31;01:mi=00:su=37;41:sg=30;43:ca=30;41:tw=30;42:ow=34;42:st=37;44:ex=01;32:*.tar=01;31:*.tgz=01;31:*.arc=01;31:*.arj=01;31:*.taz=01;31:*.lha=01;31:*.lz4=01;31:*.lzh=01;31:*.lzma=01;31:*.tlz=01;31:*.txz=01;31:*.tzo=01;31:*.t7z=01;31:*.zip=01;31:*.z=01;31:*.dz=01;31:*.gz=01;31:*.lrz=01;31:*.lz=01;31:*.lzo=01;31:*.xz=01;31:*.zst=01;31:*.tzst=01;31:*.bz2=01;31:*.bz=01;31:*.tbz=01;31:*.tbz2=01;31:*.tz=01;31:*.deb=01;31:*.rpm=01;31:*.jar=01;31:*.war=01;31:*.ear=01;31:*.sar=01;31:*.rar=01;31:*.alz=01;31:*.ace=01;31:*.zoo=01;31:*.cpio=01;31:*.7z=01;31:*.rz=01;31:*.cab=01;31:*.wim=01;31:*.swm=01;31:*.dwm=01;31:*.esd=01;31:*.jpg=01;35:*.jpeg=01;35:*.mjpg=01;35:*.mjpeg=01;35:*.gif=01;35:*.bmp=01;35:*.pbm=01;35:*.pgm=01;35:*.ppm=01;35:*.tga=01;35:*.xbm=01;35:*.xpm=01;35:*.tif=01;35:*.tiff=01;35:*.png=01;35:*.svg=01;35:*.svgz=01;35:*.mng=01;35:*.pcx=01;35:*.mov=01;35:*.mpg=01;35:*.mpeg=01;35:*.m2v=01;35:*.mkv=01;35:*.webm=01;35:*.webp=01;35:*.ogm=01;35:*.mp4=01;35:*.m4v=01;35:*.mp4v=01;35:*.vob=01;35:*.qt=01;35:*.nuv=01;35:*.wmv=01;35:*.asf=01;35:*.rm=01;35:*.rmvb=01;35:*.flc=01;35:*.avi=01;35:*.fli=01;35:*.flv=01;35:*.gl=01;35:*.dl=01;35:*.xcf=01;35:*.xwd=01;35:*.yuv=01;35:*.cgm=01;35:*.emf=01;35:*.ogv=01;35:*.ogx=01;35:*.aac=00;36:*.au=00;36:*.flac=00;36:*.m4a=00;36:*.mid=00;36:*.midi=00;36:*.mka=00;36:*.mp3=00;36:*.mpc=00;36:*.ogg=00;36:*.ra=00;36:*.wav=00;36:*.oga=00;36:*.opus=00;36:*.spx=00;36:*.xspf=00;36:'), ('GNOME_TERMINAL_SERVICE', ':1.91'), ('SSH_AGENT_LAUNCHER', 'gnome-keyring'), ('SSH_AUTH_SOCK', '/run/user/1000/keyring/ssh'), ('AMENT_PREFIX_PATH', '/opt/ros/humble'), ('SHELL', '/bin/bash'), ('QT_ACCESSIBILITY', '1'), ('GDMSESSION', 'ubuntu'), ('LESSCLOSE', '/usr/bin/lesspipe %s %s'), ('QT_IM_MODULE', 'ibus'), ('PWD', '/home/bryan/Workspace/ros2_ws/build/examples_rclcpp_wait_set'), ('LC_ALL', 'en_US.UTF-8'), ('XDG_CONFIG_DIRS', '/etc/xdg/xdg-ubuntu:/etc/xdg'), ('XDG_DATA_DIRS', '/usr/share/ubuntu:/usr/local/share/:/usr/share/:/var/lib/snapd/desktop'), ('PYTHONPATH', '/opt/ros/humble/lib/python3.10/site-packages:/opt/ros/humble/local/lib/python3.10/dist-packages'), ('COLCON', '1'), ('VTE_VERSION', '6800'), ('CMAKE_PREFIX_PATH', '/opt/ros/humble')]), 'shell': False}
[301.032889] (-) TimerEvent: {}
[301.983351] (-) TimerEvent: {}
[302.059111] (examples_rclcpp_wait_set) StdoutLine: {'line': b'-- The C compiler identification is GNU 11.4.0\n'}
[302.092594] (-) TimerEvent: {}
[302.156788] (examples_rclcpp_wait_set) StdoutLine: {'line': b'-- The CXX compiler identification is GNU 11.4.0\n'}
[302.168561] (examples_rclcpp_wait_set) StdoutLine: {'line': b'-- Detecting C compiler ABI info\n'}
[302.203613] (-) TimerEvent: {}
[302.300833] (examples_rclcpp_wait_set) StdoutLine: {'line': b'-- Detecting C compiler ABI info - done\n'}
[302.306954] (-) TimerEvent: {}
[302.310174] (examples_rclcpp_wait_set) StdoutLine: {'line': b'-- Check for working C compiler: /usr/bin/cc - skipped\n'}
[302.311101] (examples_rclcpp_wait_set) StdoutLine: {'line': b'-- Detecting C compile features\n'}
[302.312125] (examples_rclcpp_wait_set) StdoutLine: {'line': b'-- Detecting C compile features - done\n'}
[302.327641] (examples_rclcpp_wait_set) StdoutLine: {'line': b'-- Detecting CXX compiler ABI info\n'}
[302.419841] (-) TimerEvent: {}
[302.471668] (examples_rclcpp_wait_set) StdoutLine: {'line': b'-- Detecting CXX compiler ABI info - done\n'}
[302.484500] (examples_rclcpp_wait_set) StdoutLine: {'line': b'-- Check for working CXX compiler: /usr/bin/c++ - skipped\n'}
[302.485128] (examples_rclcpp_wait_set) StdoutLine: {'line': b'-- Detecting CXX compile features\n'}
[302.486198] (examples_rclcpp_wait_set) StdoutLine: {'line': b'-- Detecting CXX compile features - done\n'}
[302.489226] (examples_rclcpp_wait_set) StdoutLine: {'line': b'-- Found ament_cmake: 1.3.14 (/opt/ros/humble/share/ament_cmake/cmake)\n'}
[302.548084] (-) TimerEvent: {}
[302.696554] (examples_rclcpp_wait_set) StdoutLine: {'line': b'-- Found Python3: /usr/bin/python3 (found version "3.10.12") found components: Interpreter \n'}
[302.696791] (-) TimerEvent: {}
[302.783528] (examples_rclcpp_wait_set) StdoutLine: {'line': b'-- Override CMake install command with custom implementation using symlinks instead of copying resources\n'}
[302.814391] (examples_rclcpp_wait_set) StdoutLine: {'line': b'-- Found example_interfaces: 0.9.3 (/opt/ros/humble/share/example_interfaces/cmake)\n'}
[302.814614] (-) TimerEvent: {}
[302.857389] (examples_rclcpp_wait_set) StdoutLine: {'line': b'-- Found rosidl_generator_c: 3.1.8 (/opt/ros/humble/share/rosidl_generator_c/cmake)\n'}
[302.864440] (examples_rclcpp_wait_set) StdoutLine: {'line': b'-- Found rosidl_adapter: 3.1.8 (/opt/ros/humble/share/rosidl_adapter/cmake)\n'}
[302.877616] (examples_rclcpp_wait_set) StdoutLine: {'line': b'-- Found rosidl_generator_cpp: 3.1.8 (/opt/ros/humble/share/rosidl_generator_cpp/cmake)\n'}
[302.891847] (examples_rclcpp_wait_set) StdoutLine: {'line': b'-- Using all available rosidl_typesupport_c: rosidl_typesupport_fastrtps_c;rosidl_typesupport_introspection_c\n'}
[302.911205] (examples_rclcpp_wait_set) StdoutLine: {'line': b'-- Using all available rosidl_typesupport_cpp: rosidl_typesupport_fastrtps_cpp;rosidl_typesupport_introspection_cpp\n'}
[302.954831] (-) TimerEvent: {}
[302.978785] (examples_rclcpp_wait_set) StdoutLine: {'line': b'-- Found rclcpp: 16.0.18 (/opt/ros/humble/share/rclcpp/cmake)\n'}
[303.025597] (examples_rclcpp_wait_set) StdoutLine: {'line': b'-- Found rmw_implementation_cmake: 6.1.2 (/opt/ros/humble/share/rmw_implementation_cmake/cmake)\n'}
[303.029413] (examples_rclcpp_wait_set) StdoutLine: {'line': b'-- Found rmw_fastrtps_cpp: 6.2.10 (/opt/ros/humble/share/rmw_fastrtps_cpp/cmake)\n'}
[303.087907] (-) TimerEvent: {}
[303.198489] (examples_rclcpp_wait_set) StdoutLine: {'line': b'-- Found OpenSSL: /usr/lib/x86_64-linux-gnu/libcrypto.so (found version "3.0.2")  \n'}
[303.198752] (-) TimerEvent: {}
[303.240877] (examples_rclcpp_wait_set) StdoutLine: {'line': b'-- Found FastRTPS: /opt/ros/humble/include  \n'}
[303.302179] (examples_rclcpp_wait_set) StdoutLine: {'line': b"-- Using RMW implementation 'rmw_fastrtps_cpp' as default\n"}
[303.302389] (-) TimerEvent: {}
[303.310352] (examples_rclcpp_wait_set) StdoutLine: {'line': b'-- Looking for pthread.h\n'}
[303.426079] (-) TimerEvent: {}
[303.454219] (examples_rclcpp_wait_set) StdoutLine: {'line': b'-- Looking for pthread.h - found\n'}
[303.454810] (examples_rclcpp_wait_set) StdoutLine: {'line': b'-- Performing Test CMAKE_HAVE_LIBC_PTHREAD\n'}
[303.528007] (-) TimerEvent: {}
[303.592169] (examples_rclcpp_wait_set) StdoutLine: {'line': b'-- Performing Test CMAKE_HAVE_LIBC_PTHREAD - Success\n'}
[303.593046] (examples_rclcpp_wait_set) StdoutLine: {'line': b'-- Found Threads: TRUE  \n'}
[303.628992] (-) TimerEvent: {}
[303.682851] (examples_rclcpp_wait_set) StdoutLine: {'line': b'-- Found rclcpp_components: 16.0.18 (/opt/ros/humble/share/rclcpp_components/cmake)\n'}
[303.729659] (-) TimerEvent: {}
[303.760356] (examples_rclcpp_wait_set) StdoutLine: {'line': b'-- Found ament_lint_auto: 0.12.15 (/opt/ros/humble/share/ament_lint_auto/cmake)\n'}
[303.831614] (-) TimerEvent: {}
[303.894307] (examples_rclcpp_wait_set) StdoutLine: {'line': b"-- Added test 'copyright' to check source files copyright and LICENSE\n"}
[303.901182] (examples_rclcpp_wait_set) StdoutLine: {'line': b"-- Added test 'cppcheck' to perform static code analysis on C / C++ code\n"}
[303.903611] (examples_rclcpp_wait_set) StdoutLine: {'line': b'-- Configured cppcheck include dirs: /home/bryan/Workspace/ros2_ws/src/examples/rclcpp/wait_set/include\n'}
[303.903815] (examples_rclcpp_wait_set) StdoutLine: {'line': b'-- Configured cppcheck exclude dirs and/or files: \n'}
[303.903922] (examples_rclcpp_wait_set) StdoutLine: {'line': b"-- Added test 'cpplint' to check C / C++ code against the Google style\n"}
[303.904000] (examples_rclcpp_wait_set) StdoutLine: {'line': b'-- Configured cpplint exclude dirs and/or files: \n'}
[303.907377] (examples_rclcpp_wait_set) StdoutLine: {'line': b"-- Added test 'lint_cmake' to check CMake code style\n"}
[303.907606] (examples_rclcpp_wait_set) StdoutLine: {'line': b"-- Added test 'uncrustify' to check C / C++ code style\n"}
[303.907707] (examples_rclcpp_wait_set) StdoutLine: {'line': b'-- Configured uncrustify additional arguments: \n'}
[303.908547] (examples_rclcpp_wait_set) StdoutLine: {'line': b"-- Added test 'xmllint' to check XML markup files\n"}
[303.911126] (examples_rclcpp_wait_set) StdoutLine: {'line': b'-- Configuring done\n'}
[303.932308] (-) TimerEvent: {}
[303.980802] (examples_rclcpp_wait_set) StdoutLine: {'line': b'-- Generating done\n'}
[304.021647] (examples_rclcpp_wait_set) StdoutLine: {'line': b'-- Build files have been written to: /home/bryan/Workspace/ros2_ws/build/examples_rclcpp_wait_set\n'}
[304.033274] (-) TimerEvent: {}
[304.037522] (examples_rclcpp_wait_set) CommandEnded: {'returncode': 0}
[304.044579] (examples_rclcpp_wait_set) JobProgress: {'identifier': 'examples_rclcpp_wait_set', 'progress': 'build'}
[304.044683] (examples_rclcpp_wait_set) Command: {'cmd': ['/usr/bin/cmake', '--build', '/home/bryan/Workspace/ros2_ws/build/examples_rclcpp_wait_set', '--', '-j3', '-l3'], 'cwd': '/home/bryan/Workspace/ros2_ws/build/examples_rclcpp_wait_set', 'env': OrderedDict([('LESSOPEN', '| /usr/bin/lesspipe %s'), ('USER', 'bryan'), ('XDG_SESSION_TYPE', 'wayland'), ('SHLVL', '1'), ('LD_LIBRARY_PATH', '/opt/ros/humble/opt/rviz_ogre_vendor/lib:/opt/ros/humble/lib/x86_64-linux-gnu:/opt/ros/humble/lib'), ('HOME', '/home/bryan'), ('OLDPWD', '/home/bryan/Workspace/ros2_ws/src/ros2_sumo-main'), ('DESKTOP_SESSION', 'ubuntu'), ('ROS_PYTHON_VERSION', '3'), ('GNOME_SHELL_SESSION_MODE', 'ubuntu'), ('GTK_MODULES', 'gail:atk-bridge'), ('SYSTEMD_EXEC_PID', '1570'), ('DBUS_SESSION_BUS_ADDRESS', 'unix:path=/run/user/1000/bus'), ('COLORTERM', 'truecolor'), ('IM_CONFIG_PHASE', '1'), ('WAYLAND_DISPLAY', 'wayland-0'), ('ROS_DISTRO', 'humble'), ('LOGNAME', 'bryan'), ('SUMO_HOME', '/usr/share/sumo/'), ('_', '/usr/bin/colcon'), ('ROS_VERSION', '2'), ('XDG_SESSION_CLASS', 'user'), ('USERNAME', 'bryan'), ('TERM', 'xterm-256color'), ('GNOME_DESKTOP_SESSION_ID', 'this-is-deprecated'), ('ROS_LOCALHOST_ONLY', '0'), ('PATH', '/opt/ros/humble/bin:/usr/local/sbin:/usr/local/bin:/usr/sbin:/usr/bin:/sbin:/bin:/usr/games:/usr/local/games:/snap/bin:/snap/bin'), ('SESSION_MANAGER', 'local/bryan-VirtualBox:@/tmp/.ICE-unix/1372,unix/bryan-VirtualBox:/tmp/.ICE-unix/1372'), ('XDG_MENU_PREFIX', 'gnome-'), ('GNOME_TERMINAL_SCREEN', '/org/gnome/Terminal/screen/71407a0b_323a_4971_8a7b_4147209295e5'), ('GNOME_SETUP_DISPLAY', ':1'), ('XDG_RUNTIME_DIR', '/run/user/1000'), ('DISPLAY', ':0'), ('LANG', 'en_US.UTF-8'), ('XDG_CURRENT_DESKTOP', 'ubuntu:GNOME'), ('XMODIFIERS', '@im=ibus'), ('XDG_SESSION_DESKTOP', 'ubuntu'), ('XAUTHORITY', '/run/user/1000/.mutter-Xwaylandauth.GH7FP3'), ('LS_COLORS', 'rs=0:di=01;34:ln=01;36:mh=00:pi=40;33:so=01;35:do=01;35:bd=40;33;01:cd=40;33;01:or=40;31;01:mi=00:su=37;41:sg=30;43:ca=30;41:tw=30;42:ow=34;42:st=37;44:ex=01;32:*.tar=01;31:*.tgz=01;31:*.arc=01;31:*.arj=01;31:*.taz=01;31:*.lha=01;31:*.lz4=01;31:*.lzh=01;31:*.lzma=01;31:*.tlz=01;31:*.txz=01;31:*.tzo=01;31:*.t7z=01;31:*.zip=01;31:*.z=01;31:*.dz=01;31:*.gz=01;31:*.lrz=01;31:*.lz=01;31:*.lzo=01;31:*.xz=01;31:*.zst=01;31:*.tzst=01;31:*.bz2=01;31:*.bz=01;31:*.tbz=01;31:*.tbz2=01;31:*.tz=01;31:*.deb=01;31:*.rpm=01;31:*.jar=01;31:*.war=01;31:*.ear=01;31:*.sar=01;31:*.rar=01;31:*.alz=01;31:*.ace=01;31:*.zoo=01;31:*.cpio=01;31:*.7z=01;31:*.rz=01;31:*.cab=01;31:*.wim=01;31:*.swm=01;31:*.dwm=01;31:*.esd=01;31:*.jpg=01;35:*.jpeg=01;35:*.mjpg=01;35:*.mjpeg=01;35:*.gif=01;35:*.bmp=01;35:*.pbm=01;35:*.pgm=01;35:*.ppm=01;35:*.tga=01;35:*.xbm=01;35:*.xpm=01;35:*.tif=01;35:*.tiff=01;35:*.png=01;35:*.svg=01;35:*.svgz=01;35:*.mng=01;35:*.pcx=01;35:*.mov=01;35:*.mpg=01;35:*.mpeg=01;35:*.m2v=01;35:*.mkv=01;35:*.webm=01;35:*.webp=01;35:*.ogm=01;35:*.mp4=01;35:*.m4v=01;35:*.mp4v=01;35:*.vob=01;35:*.qt=01;35:*.nuv=01;35:*.wmv=01;35:*.asf=01;35:*.rm=01;35:*.rmvb=01;35:*.flc=01;35:*.avi=01;35:*.fli=01;35:*.flv=01;35:*.gl=01;35:*.dl=01;35:*.xcf=01;35:*.xwd=01;35:*.yuv=01;35:*.cgm=01;35:*.emf=01;35:*.ogv=01;35:*.ogx=01;35:*.aac=00;36:*.au=00;36:*.flac=00;36:*.m4a=00;36:*.mid=00;36:*.midi=00;36:*.mka=00;36:*.mp3=00;36:*.mpc=00;36:*.ogg=00;36:*.ra=00;36:*.wav=00;36:*.oga=00;36:*.opus=00;36:*.spx=00;36:*.xspf=00;36:'), ('GNOME_TERMINAL_SERVICE', ':1.91'), ('SSH_AGENT_LAUNCHER', 'gnome-keyring'), ('SSH_AUTH_SOCK', '/run/user/1000/keyring/ssh'), ('AMENT_PREFIX_PATH', '/opt/ros/humble'), ('SHELL', '/bin/bash'), ('QT_ACCESSIBILITY', '1'), ('GDMSESSION', 'ubuntu'), ('LESSCLOSE', '/usr/bin/lesspipe %s %s'), ('QT_IM_MODULE', 'ibus'), ('PWD', '/home/bryan/Workspace/ros2_ws/build/examples_rclcpp_wait_set'), ('LC_ALL', 'en_US.UTF-8'), ('XDG_CONFIG_DIRS', '/etc/xdg/xdg-ubuntu:/etc/xdg'), ('XDG_DATA_DIRS', '/usr/share/ubuntu:/usr/local/share/:/usr/share/:/var/lib/snapd/desktop'), ('PYTHONPATH', '/opt/ros/humble/lib/python3.10/site-packages:/opt/ros/humble/local/lib/python3.10/dist-packages'), ('COLCON', '1'), ('VTE_VERSION', '6800'), ('CMAKE_PREFIX_PATH', '/opt/ros/humble')]), 'shell': False}
[304.141267] (-) TimerEvent: {}
[304.249569] (-) TimerEvent: {}
[304.304015] (examples_rclcpp_wait_set) StdoutLine: {'line': b'[  4%] \x1b[32mBuilding CXX object CMakeFiles/talker.dir/src/talker.cpp.o\x1b[0m\n'}
[304.926373] (-) TimerEvent: {}
[304.963934] (examples_rclcpp_minimal_subscriber) StdoutLine: {'line': b'[ 16%] \x1b[32m\x1b[1mLinking CXX executable subscriber_member_function_with_topic_statistics\x1b[0m\n'}
[305.566057] (-) TimerEvent: {}
[305.633400] (examples_rclcpp_minimal_subscriber) StdoutLine: {'line': b'[ 16%] Built target subscriber_member_function_with_topic_statistics\n'}
[305.633574] (examples_rclcpp_minimal_subscriber) StdoutLine: {'line': b'[ 20%] \x1b[32mBuilding CXX object CMakeFiles/subscriber_member_function_with_type_adapter.dir/member_function_with_type_adapter.cpp.o\x1b[0m\n'}
[305.948621] (-) TimerEvent: {}
[306.947083] (-) TimerEvent: {}
[307.949801] (-) TimerEvent: {}
[308.059790] (-) TimerEvent: {}
[308.248469] (-) TimerEvent: {}
[308.273295] (examples_rclcpp_multithreaded_executor) StdoutLine: {'line': b'[100%] \x1b[32m\x1b[1mLinking CXX executable multithreaded_executor\x1b[0m\n'}
[308.865706] (-) TimerEvent: {}
[309.297618] (-) TimerEvent: {}
[309.322723] (examples_rclcpp_multithreaded_executor) StdoutLine: {'line': b'[100%] Built target multithreaded_executor\n'}
[309.626291] (examples_rclcpp_multithreaded_executor) CommandEnded: {'returncode': 0}
[309.626965] (-) TimerEvent: {}
[309.627748] (examples_rclcpp_multithreaded_executor) JobProgress: {'identifier': 'examples_rclcpp_multithreaded_executor', 'progress': 'install'}
[309.627804] (examples_rclcpp_multithreaded_executor) Command: {'cmd': ['/usr/bin/cmake', '--install', '/home/bryan/Workspace/ros2_ws/build/examples_rclcpp_multithreaded_executor'], 'cwd': '/home/bryan/Workspace/ros2_ws/build/examples_rclcpp_multithreaded_executor', 'env': OrderedDict([('LESSOPEN', '| /usr/bin/lesspipe %s'), ('USER', 'bryan'), ('XDG_SESSION_TYPE', 'wayland'), ('SHLVL', '1'), ('LD_LIBRARY_PATH', '/opt/ros/humble/opt/rviz_ogre_vendor/lib:/opt/ros/humble/lib/x86_64-linux-gnu:/opt/ros/humble/lib'), ('HOME', '/home/bryan'), ('OLDPWD', '/home/bryan/Workspace/ros2_ws/src/ros2_sumo-main'), ('DESKTOP_SESSION', 'ubuntu'), ('ROS_PYTHON_VERSION', '3'), ('GNOME_SHELL_SESSION_MODE', 'ubuntu'), ('GTK_MODULES', 'gail:atk-bridge'), ('SYSTEMD_EXEC_PID', '1570'), ('DBUS_SESSION_BUS_ADDRESS', 'unix:path=/run/user/1000/bus'), ('COLORTERM', 'truecolor'), ('IM_CONFIG_PHASE', '1'), ('WAYLAND_DISPLAY', 'wayland-0'), ('ROS_DISTRO', 'humble'), ('LOGNAME', 'bryan'), ('SUMO_HOME', '/usr/share/sumo/'), ('_', '/usr/bin/colcon'), ('ROS_VERSION', '2'), ('XDG_SESSION_CLASS', 'user'), ('USERNAME', 'bryan'), ('TERM', 'xterm-256color'), ('GNOME_DESKTOP_SESSION_ID', 'this-is-deprecated'), ('ROS_LOCALHOST_ONLY', '0'), ('PATH', '/opt/ros/humble/bin:/usr/local/sbin:/usr/local/bin:/usr/sbin:/usr/bin:/sbin:/bin:/usr/games:/usr/local/games:/snap/bin:/snap/bin'), ('SESSION_MANAGER', 'local/bryan-VirtualBox:@/tmp/.ICE-unix/1372,unix/bryan-VirtualBox:/tmp/.ICE-unix/1372'), ('XDG_MENU_PREFIX', 'gnome-'), ('GNOME_TERMINAL_SCREEN', '/org/gnome/Terminal/screen/71407a0b_323a_4971_8a7b_4147209295e5'), ('GNOME_SETUP_DISPLAY', ':1'), ('XDG_RUNTIME_DIR', '/run/user/1000'), ('DISPLAY', ':0'), ('LANG', 'en_US.UTF-8'), ('XDG_CURRENT_DESKTOP', 'ubuntu:GNOME'), ('XMODIFIERS', '@im=ibus'), ('XDG_SESSION_DESKTOP', 'ubuntu'), ('XAUTHORITY', '/run/user/1000/.mutter-Xwaylandauth.GH7FP3'), ('LS_COLORS', 'rs=0:di=01;34:ln=01;36:mh=00:pi=40;33:so=01;35:do=01;35:bd=40;33;01:cd=40;33;01:or=40;31;01:mi=00:su=37;41:sg=30;43:ca=30;41:tw=30;42:ow=34;42:st=37;44:ex=01;32:*.tar=01;31:*.tgz=01;31:*.arc=01;31:*.arj=01;31:*.taz=01;31:*.lha=01;31:*.lz4=01;31:*.lzh=01;31:*.lzma=01;31:*.tlz=01;31:*.txz=01;31:*.tzo=01;31:*.t7z=01;31:*.zip=01;31:*.z=01;31:*.dz=01;31:*.gz=01;31:*.lrz=01;31:*.lz=01;31:*.lzo=01;31:*.xz=01;31:*.zst=01;31:*.tzst=01;31:*.bz2=01;31:*.bz=01;31:*.tbz=01;31:*.tbz2=01;31:*.tz=01;31:*.deb=01;31:*.rpm=01;31:*.jar=01;31:*.war=01;31:*.ear=01;31:*.sar=01;31:*.rar=01;31:*.alz=01;31:*.ace=01;31:*.zoo=01;31:*.cpio=01;31:*.7z=01;31:*.rz=01;31:*.cab=01;31:*.wim=01;31:*.swm=01;31:*.dwm=01;31:*.esd=01;31:*.jpg=01;35:*.jpeg=01;35:*.mjpg=01;35:*.mjpeg=01;35:*.gif=01;35:*.bmp=01;35:*.pbm=01;35:*.pgm=01;35:*.ppm=01;35:*.tga=01;35:*.xbm=01;35:*.xpm=01;35:*.tif=01;35:*.tiff=01;35:*.png=01;35:*.svg=01;35:*.svgz=01;35:*.mng=01;35:*.pcx=01;35:*.mov=01;35:*.mpg=01;35:*.mpeg=01;35:*.m2v=01;35:*.mkv=01;35:*.webm=01;35:*.webp=01;35:*.ogm=01;35:*.mp4=01;35:*.m4v=01;35:*.mp4v=01;35:*.vob=01;35:*.qt=01;35:*.nuv=01;35:*.wmv=01;35:*.asf=01;35:*.rm=01;35:*.rmvb=01;35:*.flc=01;35:*.avi=01;35:*.fli=01;35:*.flv=01;35:*.gl=01;35:*.dl=01;35:*.xcf=01;35:*.xwd=01;35:*.yuv=01;35:*.cgm=01;35:*.emf=01;35:*.ogv=01;35:*.ogx=01;35:*.aac=00;36:*.au=00;36:*.flac=00;36:*.m4a=00;36:*.mid=00;36:*.midi=00;36:*.mka=00;36:*.mp3=00;36:*.mpc=00;36:*.ogg=00;36:*.ra=00;36:*.wav=00;36:*.oga=00;36:*.opus=00;36:*.spx=00;36:*.xspf=00;36:'), ('GNOME_TERMINAL_SERVICE', ':1.91'), ('SSH_AGENT_LAUNCHER', 'gnome-keyring'), ('SSH_AUTH_SOCK', '/run/user/1000/keyring/ssh'), ('AMENT_PREFIX_PATH', '/opt/ros/humble'), ('SHELL', '/bin/bash'), ('QT_ACCESSIBILITY', '1'), ('GDMSESSION', 'ubuntu'), ('LESSCLOSE', '/usr/bin/lesspipe %s %s'), ('QT_IM_MODULE', 'ibus'), ('PWD', '/home/bryan/Workspace/ros2_ws/build/examples_rclcpp_multithreaded_executor'), ('LC_ALL', 'en_US.UTF-8'), ('XDG_CONFIG_DIRS', '/etc/xdg/xdg-ubuntu:/etc/xdg'), ('XDG_DATA_DIRS', '/usr/share/ubuntu:/usr/local/share/:/usr/share/:/var/lib/snapd/desktop'), ('PYTHONPATH', '/opt/ros/humble/lib/python3.10/site-packages:/opt/ros/humble/local/lib/python3.10/dist-packages'), ('COLCON', '1'), ('VTE_VERSION', '6800'), ('CMAKE_PREFIX_PATH', '/opt/ros/humble')]), 'shell': False}
[309.628372] (examples_rclcpp_multithreaded_executor) StdoutLine: {'line': b'-- Install configuration: ""\n'}
[309.628499] (examples_rclcpp_multithreaded_executor) StdoutLine: {'line': b'-- Execute custom install script\n'}
[309.628589] (examples_rclcpp_multithreaded_executor) StdoutLine: {'line': b'-- Symlinking: /home/bryan/Workspace/ros2_ws/install/examples_rclcpp_multithreaded_executor/lib/examples_rclcpp_multithreaded_executor/multithreaded_executor\n'}
[309.628677] (examples_rclcpp_multithreaded_executor) StdoutLine: {'line': b'-- Symlinking: /home/bryan/Workspace/ros2_ws/install/examples_rclcpp_multithreaded_executor/share/ament_index/resource_index/package_run_dependencies/examples_rclcpp_multithreaded_executor\n'}
[309.629250] (examples_rclcpp_multithreaded_executor) StdoutLine: {'line': b'-- Symlinking: /home/bryan/Workspace/ros2_ws/install/examples_rclcpp_multithreaded_executor/share/ament_index/resource_index/parent_prefix_path/examples_rclcpp_multithreaded_executor\n'}
[309.629399] (examples_rclcpp_multithreaded_executor) StdoutLine: {'line': b'-- Symlinking: /home/bryan/Workspace/ros2_ws/install/examples_rclcpp_multithreaded_executor/share/examples_rclcpp_multithreaded_executor/environment/ament_prefix_path.sh\n'}
[309.629493] (examples_rclcpp_multithreaded_executor) StdoutLine: {'line': b'-- Symlinking: /home/bryan/Workspace/ros2_ws/install/examples_rclcpp_multithreaded_executor/share/examples_rclcpp_multithreaded_executor/environment/ament_prefix_path.dsv\n'}
[309.629585] (examples_rclcpp_multithreaded_executor) StdoutLine: {'line': b'-- Symlinking: /home/bryan/Workspace/ros2_ws/install/examples_rclcpp_multithreaded_executor/share/examples_rclcpp_multithreaded_executor/environment/path.sh\n'}
[309.629674] (examples_rclcpp_multithreaded_executor) StdoutLine: {'line': b'-- Symlinking: /home/bryan/Workspace/ros2_ws/install/examples_rclcpp_multithreaded_executor/share/examples_rclcpp_multithreaded_executor/environment/path.dsv\n'}
[309.629783] (examples_rclcpp_multithreaded_executor) StdoutLine: {'line': b'-- Symlinking: /home/bryan/Workspace/ros2_ws/install/examples_rclcpp_multithreaded_executor/share/examples_rclcpp_multithreaded_executor/local_setup.bash\n'}
[309.630247] (examples_rclcpp_multithreaded_executor) StdoutLine: {'line': b'-- Symlinking: /home/bryan/Workspace/ros2_ws/install/examples_rclcpp_multithreaded_executor/share/examples_rclcpp_multithreaded_executor/local_setup.sh\n'}
[309.630369] (examples_rclcpp_multithreaded_executor) StdoutLine: {'line': b'-- Symlinking: /home/bryan/Workspace/ros2_ws/install/examples_rclcpp_multithreaded_executor/share/examples_rclcpp_multithreaded_executor/local_setup.zsh\n'}
[309.630465] (examples_rclcpp_multithreaded_executor) StdoutLine: {'line': b'-- Symlinking: /home/bryan/Workspace/ros2_ws/install/examples_rclcpp_multithreaded_executor/share/examples_rclcpp_multithreaded_executor/local_setup.dsv\n'}
[309.630555] (examples_rclcpp_multithreaded_executor) StdoutLine: {'line': b'-- Symlinking: /home/bryan/Workspace/ros2_ws/install/examples_rclcpp_multithreaded_executor/share/examples_rclcpp_multithreaded_executor/package.dsv\n'}
[309.630640] (examples_rclcpp_multithreaded_executor) StdoutLine: {'line': b'-- Symlinking: /home/bryan/Workspace/ros2_ws/install/examples_rclcpp_multithreaded_executor/share/ament_index/resource_index/packages/examples_rclcpp_multithreaded_executor\n'}
[309.630749] (examples_rclcpp_multithreaded_executor) StdoutLine: {'line': b'-- Symlinking: /home/bryan/Workspace/ros2_ws/install/examples_rclcpp_multithreaded_executor/share/examples_rclcpp_multithreaded_executor/cmake/examples_rclcpp_multithreaded_executorConfig.cmake\n'}
[309.630838] (examples_rclcpp_multithreaded_executor) StdoutLine: {'line': b'-- Symlinking: /home/bryan/Workspace/ros2_ws/install/examples_rclcpp_multithreaded_executor/share/examples_rclcpp_multithreaded_executor/cmake/examples_rclcpp_multithreaded_executorConfig-version.cmake\n'}
[309.630955] (examples_rclcpp_multithreaded_executor) StdoutLine: {'line': b'-- Symlinking: /home/bryan/Workspace/ros2_ws/install/examples_rclcpp_multithreaded_executor/share/examples_rclcpp_multithreaded_executor/package.xml\n'}
[309.631052] (examples_rclcpp_multithreaded_executor) CommandEnded: {'returncode': 0}
[309.631455] (examples_rclcpp_multithreaded_executor) JobEnded: {'identifier': 'examples_rclcpp_multithreaded_executor', 'rc': 0}
[309.632334] (examples_rclpy_executors) JobStarted: {'identifier': 'examples_rclpy_executors'}
[310.001728] (-) TimerEvent: {}
[310.294004] (-) TimerEvent: {}
[310.472048] (-) TimerEvent: {}
[310.837178] (examples_rclpy_executors) Command: {'cmd': ['/usr/bin/python3', '-W', 'ignore:setup.py install is deprecated', '-W', 'ignore:easy_install command is deprecated', 'setup.py', 'develop', '--editable', '--build-directory', '/home/bryan/Workspace/ros2_ws/build/examples_rclpy_executors/build', '--no-deps', 'symlink_data'], 'cwd': '/home/bryan/Workspace/ros2_ws/build/examples_rclpy_executors', 'env': {'LESSOPEN': '| /usr/bin/lesspipe %s', 'USER': 'bryan', 'XDG_SESSION_TYPE': 'wayland', 'SHLVL': '1', 'LD_LIBRARY_PATH': '/opt/ros/humble/opt/rviz_ogre_vendor/lib:/opt/ros/humble/lib/x86_64-linux-gnu:/opt/ros/humble/lib', 'HOME': '/home/bryan', 'OLDPWD': '/home/bryan/Workspace/ros2_ws/src/ros2_sumo-main', 'DESKTOP_SESSION': 'ubuntu', 'ROS_PYTHON_VERSION': '3', 'GNOME_SHELL_SESSION_MODE': 'ubuntu', 'GTK_MODULES': 'gail:atk-bridge', 'SYSTEMD_EXEC_PID': '1570', 'DBUS_SESSION_BUS_ADDRESS': 'unix:path=/run/user/1000/bus', 'COLORTERM': 'truecolor', 'IM_CONFIG_PHASE': '1', 'WAYLAND_DISPLAY': 'wayland-0', 'ROS_DISTRO': 'humble', 'LOGNAME': 'bryan', 'SUMO_HOME': '/usr/share/sumo/', '_': '/usr/bin/colcon', 'ROS_VERSION': '2', 'XDG_SESSION_CLASS': 'user', 'USERNAME': 'bryan', 'TERM': 'xterm-256color', 'GNOME_DESKTOP_SESSION_ID': 'this-is-deprecated', 'ROS_LOCALHOST_ONLY': '0', 'PATH': '/opt/ros/humble/bin:/usr/local/sbin:/usr/local/bin:/usr/sbin:/usr/bin:/sbin:/bin:/usr/games:/usr/local/games:/snap/bin:/snap/bin', 'SESSION_MANAGER': 'local/bryan-VirtualBox:@/tmp/.ICE-unix/1372,unix/bryan-VirtualBox:/tmp/.ICE-unix/1372', 'XDG_MENU_PREFIX': 'gnome-', 'GNOME_TERMINAL_SCREEN': '/org/gnome/Terminal/screen/71407a0b_323a_4971_8a7b_4147209295e5', 'GNOME_SETUP_DISPLAY': ':1', 'XDG_RUNTIME_DIR': '/run/user/1000', 'DISPLAY': ':0', 'LANG': 'en_US.UTF-8', 'XDG_CURRENT_DESKTOP': 'ubuntu:GNOME', 'XMODIFIERS': '@im=ibus', 'XDG_SESSION_DESKTOP': 'ubuntu', 'XAUTHORITY': '/run/user/1000/.mutter-Xwaylandauth.GH7FP3', 'LS_COLORS': 'rs=0:di=01;34:ln=01;36:mh=00:pi=40;33:so=01;35:do=01;35:bd=40;33;01:cd=40;33;01:or=40;31;01:mi=00:su=37;41:sg=30;43:ca=30;41:tw=30;42:ow=34;42:st=37;44:ex=01;32:*.tar=01;31:*.tgz=01;31:*.arc=01;31:*.arj=01;31:*.taz=01;31:*.lha=01;31:*.lz4=01;31:*.lzh=01;31:*.lzma=01;31:*.tlz=01;31:*.txz=01;31:*.tzo=01;31:*.t7z=01;31:*.zip=01;31:*.z=01;31:*.dz=01;31:*.gz=01;31:*.lrz=01;31:*.lz=01;31:*.lzo=01;31:*.xz=01;31:*.zst=01;31:*.tzst=01;31:*.bz2=01;31:*.bz=01;31:*.tbz=01;31:*.tbz2=01;31:*.tz=01;31:*.deb=01;31:*.rpm=01;31:*.jar=01;31:*.war=01;31:*.ear=01;31:*.sar=01;31:*.rar=01;31:*.alz=01;31:*.ace=01;31:*.zoo=01;31:*.cpio=01;31:*.7z=01;31:*.rz=01;31:*.cab=01;31:*.wim=01;31:*.swm=01;31:*.dwm=01;31:*.esd=01;31:*.jpg=01;35:*.jpeg=01;35:*.mjpg=01;35:*.mjpeg=01;35:*.gif=01;35:*.bmp=01;35:*.pbm=01;35:*.pgm=01;35:*.ppm=01;35:*.tga=01;35:*.xbm=01;35:*.xpm=01;35:*.tif=01;35:*.tiff=01;35:*.png=01;35:*.svg=01;35:*.svgz=01;35:*.mng=01;35:*.pcx=01;35:*.mov=01;35:*.mpg=01;35:*.mpeg=01;35:*.m2v=01;35:*.mkv=01;35:*.webm=01;35:*.webp=01;35:*.ogm=01;35:*.mp4=01;35:*.m4v=01;35:*.mp4v=01;35:*.vob=01;35:*.qt=01;35:*.nuv=01;35:*.wmv=01;35:*.asf=01;35:*.rm=01;35:*.rmvb=01;35:*.flc=01;35:*.avi=01;35:*.fli=01;35:*.flv=01;35:*.gl=01;35:*.dl=01;35:*.xcf=01;35:*.xwd=01;35:*.yuv=01;35:*.cgm=01;35:*.emf=01;35:*.ogv=01;35:*.ogx=01;35:*.aac=00;36:*.au=00;36:*.flac=00;36:*.m4a=00;36:*.mid=00;36:*.midi=00;36:*.mka=00;36:*.mp3=00;36:*.mpc=00;36:*.ogg=00;36:*.ra=00;36:*.wav=00;36:*.oga=00;36:*.opus=00;36:*.spx=00;36:*.xspf=00;36:', 'GNOME_TERMINAL_SERVICE': ':1.91', 'SSH_AGENT_LAUNCHER': 'gnome-keyring', 'SSH_AUTH_SOCK': '/run/user/1000/keyring/ssh', 'AMENT_PREFIX_PATH': '/opt/ros/humble', 'SHELL': '/bin/bash', 'QT_ACCESSIBILITY': '1', 'GDMSESSION': 'ubuntu', 'LESSCLOSE': '/usr/bin/lesspipe %s %s', 'QT_IM_MODULE': 'ibus', 'PWD': '/home/bryan/Workspace/ros2_ws/build/examples_rclpy_executors', 'LC_ALL': 'en_US.UTF-8', 'XDG_CONFIG_DIRS': '/etc/xdg/xdg-ubuntu:/etc/xdg', 'XDG_DATA_DIRS': '/usr/share/ubuntu:/usr/local/share/:/usr/share/:/var/lib/snapd/desktop', 'PYTHONPATH': '/home/bryan/Workspace/ros2_ws/build/examples_rclpy_executors/prefix_override:/usr/lib/python3/dist-packages/colcon_core/task/python/colcon_distutils_commands:/home/bryan/Workspace/ros2_ws/install/examples_rclpy_executors/lib/python3.10/site-packages:/opt/ros/humble/lib/python3.10/site-packages:/opt/ros/humble/local/lib/python3.10/dist-packages', 'COLCON': '1', 'VTE_VERSION': '6800'}, 'shell': False}
[310.838348] (-) TimerEvent: {}
[310.842116] (examples_rclpy_executors) StdoutLine: {'line': b'running develop\n'}
[311.050673] (examples_rclpy_executors) StdoutLine: {'line': b'running egg_info\n'}
[311.050915] (-) TimerEvent: {}
[311.051572] (examples_rclpy_executors) StdoutLine: {'line': b'creating examples_rclpy_executors.egg-info\n'}
[311.052629] (examples_rclpy_executors) StdoutLine: {'line': b'writing examples_rclpy_executors.egg-info/PKG-INFO\n'}
[311.053646] (examples_rclpy_executors) StdoutLine: {'line': b'writing dependency_links to examples_rclpy_executors.egg-info/dependency_links.txt\n'}
[311.054428] (examples_rclpy_executors) StdoutLine: {'line': b'writing entry points to examples_rclpy_executors.egg-info/entry_points.txt\n'}
[311.055254] (examples_rclpy_executors) StdoutLine: {'line': b'writing requirements to examples_rclpy_executors.egg-info/requires.txt\n'}
[311.055815] (examples_rclpy_executors) StdoutLine: {'line': b'writing top-level names to examples_rclpy_executors.egg-info/top_level.txt\n'}
[311.063895] (examples_rclpy_executors) StdoutLine: {'line': b"writing manifest file 'examples_rclpy_executors.egg-info/SOURCES.txt'\n"}
[311.069550] (examples_rclpy_executors) StdoutLine: {'line': b"reading manifest file 'examples_rclpy_executors.egg-info/SOURCES.txt'\n"}
[311.071086] (examples_rclpy_executors) StdoutLine: {'line': b"writing manifest file 'examples_rclpy_executors.egg-info/SOURCES.txt'\n"}
[311.074789] (examples_rclpy_executors) StdoutLine: {'line': b'running build_ext\n'}
[311.075054] (examples_rclpy_executors) StdoutLine: {'line': b'Creating /home/bryan/Workspace/ros2_ws/install/examples_rclpy_executors/lib/python3.10/site-packages/examples-rclpy-executors.egg-link (link to .)\n'}
[311.076649] (examples_rclpy_executors) StdoutLine: {'line': b'Installing callback_group script to /home/bryan/Workspace/ros2_ws/install/examples_rclpy_executors/lib/examples_rclpy_executors\n'}
[311.077456] (examples_rclpy_executors) StdoutLine: {'line': b'Installing composed script to /home/bryan/Workspace/ros2_ws/install/examples_rclpy_executors/lib/examples_rclpy_executors\n'}
[311.078189] (examples_rclpy_executors) StdoutLine: {'line': b'Installing custom_callback_group script to /home/bryan/Workspace/ros2_ws/install/examples_rclpy_executors/lib/examples_rclpy_executors\n'}
[311.078416] (examples_rclpy_executors) StdoutLine: {'line': b'Installing custom_executor script to /home/bryan/Workspace/ros2_ws/install/examples_rclpy_executors/lib/examples_rclpy_executors\n'}
[311.078848] (examples_rclpy_executors) StdoutLine: {'line': b'Installing listener script to /home/bryan/Workspace/ros2_ws/install/examples_rclpy_executors/lib/examples_rclpy_executors\n'}
[311.079209] (examples_rclpy_executors) StdoutLine: {'line': b'Installing talker script to /home/bryan/Workspace/ros2_ws/install/examples_rclpy_executors/lib/examples_rclpy_executors\n'}
[311.079872] (examples_rclpy_executors) StdoutLine: {'line': b'\n'}
[311.079995] (examples_rclpy_executors) StdoutLine: {'line': b'Installed /home/bryan/Workspace/ros2_ws/build/examples_rclpy_executors\n'}
[311.080452] (examples_rclpy_executors) StdoutLine: {'line': b'running symlink_data\n'}
[311.080831] (examples_rclpy_executors) StdoutLine: {'line': b'creating /home/bryan/Workspace/ros2_ws/install/examples_rclpy_executors/share/ament_index\n'}
[311.081103] (examples_rclpy_executors) StdoutLine: {'line': b'creating /home/bryan/Workspace/ros2_ws/install/examples_rclpy_executors/share/ament_index/resource_index\n'}
[311.081255] (examples_rclpy_executors) StdoutLine: {'line': b'creating /home/bryan/Workspace/ros2_ws/install/examples_rclpy_executors/share/ament_index/resource_index/packages\n'}
[311.081856] (examples_rclpy_executors) StdoutLine: {'line': b'symbolically linking /home/bryan/Workspace/ros2_ws/build/examples_rclpy_executors/resource/examples_rclpy_executors -> /home/bryan/Workspace/ros2_ws/install/examples_rclpy_executors/share/ament_index/resource_index/packages\n'}
[311.082035] (examples_rclpy_executors) StdoutLine: {'line': b'symbolically linking /home/bryan/Workspace/ros2_ws/build/examples_rclpy_executors/package.xml -> /home/bryan/Workspace/ros2_ws/install/examples_rclpy_executors/share/examples_rclpy_executors\n'}
[311.141121] (examples_rclpy_executors) CommandEnded: {'returncode': 0}
[311.146297] (examples_rclpy_executors) JobEnded: {'identifier': 'examples_rclpy_executors', 'rc': 0}
[311.147254] (examples_rclpy_guard_conditions) JobStarted: {'identifier': 'examples_rclpy_guard_conditions'}
[311.157678] (-) TimerEvent: {}
[311.295853] (-) TimerEvent: {}
[311.362973] (examples_rclcpp_wait_set) StdoutLine: {'line': b'[  8%] \x1b[32m\x1b[1mLinking CXX shared library libtalker.so\x1b[0m\n'}
[311.530178] (-) TimerEvent: {}
[311.672452] (examples_rclcpp_wait_set) StdoutLine: {'line': b'[  8%] Built target talker\n'}
[311.672875] (-) TimerEvent: {}
[311.714402] (examples_rclcpp_wait_set) StdoutLine: {'line': b'[ 12%] \x1b[32mBuilding CXX object CMakeFiles/listener.dir/src/listener.cpp.o\x1b[0m\n'}
[312.032578] (examples_rclpy_guard_conditions) Command: {'cmd': ['/usr/bin/python3', '-W', 'ignore:setup.py install is deprecated', '-W', 'ignore:easy_install command is deprecated', 'setup.py', 'develop', '--editable', '--build-directory', '/home/bryan/Workspace/ros2_ws/build/examples_rclpy_guard_conditions/build', '--no-deps', 'symlink_data'], 'cwd': '/home/bryan/Workspace/ros2_ws/build/examples_rclpy_guard_conditions', 'env': {'LESSOPEN': '| /usr/bin/lesspipe %s', 'USER': 'bryan', 'XDG_SESSION_TYPE': 'wayland', 'SHLVL': '1', 'LD_LIBRARY_PATH': '/opt/ros/humble/opt/rviz_ogre_vendor/lib:/opt/ros/humble/lib/x86_64-linux-gnu:/opt/ros/humble/lib', 'HOME': '/home/bryan', 'OLDPWD': '/home/bryan/Workspace/ros2_ws/src/ros2_sumo-main', 'DESKTOP_SESSION': 'ubuntu', 'ROS_PYTHON_VERSION': '3', 'GNOME_SHELL_SESSION_MODE': 'ubuntu', 'GTK_MODULES': 'gail:atk-bridge', 'SYSTEMD_EXEC_PID': '1570', 'DBUS_SESSION_BUS_ADDRESS': 'unix:path=/run/user/1000/bus', 'COLORTERM': 'truecolor', 'IM_CONFIG_PHASE': '1', 'WAYLAND_DISPLAY': 'wayland-0', 'ROS_DISTRO': 'humble', 'LOGNAME': 'bryan', 'SUMO_HOME': '/usr/share/sumo/', '_': '/usr/bin/colcon', 'ROS_VERSION': '2', 'XDG_SESSION_CLASS': 'user', 'USERNAME': 'bryan', 'TERM': 'xterm-256color', 'GNOME_DESKTOP_SESSION_ID': 'this-is-deprecated', 'ROS_LOCALHOST_ONLY': '0', 'PATH': '/opt/ros/humble/bin:/usr/local/sbin:/usr/local/bin:/usr/sbin:/usr/bin:/sbin:/bin:/usr/games:/usr/local/games:/snap/bin:/snap/bin', 'SESSION_MANAGER': 'local/bryan-VirtualBox:@/tmp/.ICE-unix/1372,unix/bryan-VirtualBox:/tmp/.ICE-unix/1372', 'XDG_MENU_PREFIX': 'gnome-', 'GNOME_TERMINAL_SCREEN': '/org/gnome/Terminal/screen/71407a0b_323a_4971_8a7b_4147209295e5', 'GNOME_SETUP_DISPLAY': ':1', 'XDG_RUNTIME_DIR': '/run/user/1000', 'DISPLAY': ':0', 'LANG': 'en_US.UTF-8', 'XDG_CURRENT_DESKTOP': 'ubuntu:GNOME', 'XMODIFIERS': '@im=ibus', 'XDG_SESSION_DESKTOP': 'ubuntu', 'XAUTHORITY': '/run/user/1000/.mutter-Xwaylandauth.GH7FP3', 'LS_COLORS': 'rs=0:di=01;34:ln=01;36:mh=00:pi=40;33:so=01;35:do=01;35:bd=40;33;01:cd=40;33;01:or=40;31;01:mi=00:su=37;41:sg=30;43:ca=30;41:tw=30;42:ow=34;42:st=37;44:ex=01;32:*.tar=01;31:*.tgz=01;31:*.arc=01;31:*.arj=01;31:*.taz=01;31:*.lha=01;31:*.lz4=01;31:*.lzh=01;31:*.lzma=01;31:*.tlz=01;31:*.txz=01;31:*.tzo=01;31:*.t7z=01;31:*.zip=01;31:*.z=01;31:*.dz=01;31:*.gz=01;31:*.lrz=01;31:*.lz=01;31:*.lzo=01;31:*.xz=01;31:*.zst=01;31:*.tzst=01;31:*.bz2=01;31:*.bz=01;31:*.tbz=01;31:*.tbz2=01;31:*.tz=01;31:*.deb=01;31:*.rpm=01;31:*.jar=01;31:*.war=01;31:*.ear=01;31:*.sar=01;31:*.rar=01;31:*.alz=01;31:*.ace=01;31:*.zoo=01;31:*.cpio=01;31:*.7z=01;31:*.rz=01;31:*.cab=01;31:*.wim=01;31:*.swm=01;31:*.dwm=01;31:*.esd=01;31:*.jpg=01;35:*.jpeg=01;35:*.mjpg=01;35:*.mjpeg=01;35:*.gif=01;35:*.bmp=01;35:*.pbm=01;35:*.pgm=01;35:*.ppm=01;35:*.tga=01;35:*.xbm=01;35:*.xpm=01;35:*.tif=01;35:*.tiff=01;35:*.png=01;35:*.svg=01;35:*.svgz=01;35:*.mng=01;35:*.pcx=01;35:*.mov=01;35:*.mpg=01;35:*.mpeg=01;35:*.m2v=01;35:*.mkv=01;35:*.webm=01;35:*.webp=01;35:*.ogm=01;35:*.mp4=01;35:*.m4v=01;35:*.mp4v=01;35:*.vob=01;35:*.qt=01;35:*.nuv=01;35:*.wmv=01;35:*.asf=01;35:*.rm=01;35:*.rmvb=01;35:*.flc=01;35:*.avi=01;35:*.fli=01;35:*.flv=01;35:*.gl=01;35:*.dl=01;35:*.xcf=01;35:*.xwd=01;35:*.yuv=01;35:*.cgm=01;35:*.emf=01;35:*.ogv=01;35:*.ogx=01;35:*.aac=00;36:*.au=00;36:*.flac=00;36:*.m4a=00;36:*.mid=00;36:*.midi=00;36:*.mka=00;36:*.mp3=00;36:*.mpc=00;36:*.ogg=00;36:*.ra=00;36:*.wav=00;36:*.oga=00;36:*.opus=00;36:*.spx=00;36:*.xspf=00;36:', 'GNOME_TERMINAL_SERVICE': ':1.91', 'SSH_AGENT_LAUNCHER': 'gnome-keyring', 'SSH_AUTH_SOCK': '/run/user/1000/keyring/ssh', 'AMENT_PREFIX_PATH': '/opt/ros/humble', 'SHELL': '/bin/bash', 'QT_ACCESSIBILITY': '1', 'GDMSESSION': 'ubuntu', 'LESSCLOSE': '/usr/bin/lesspipe %s %s', 'QT_IM_MODULE': 'ibus', 'PWD': '/home/bryan/Workspace/ros2_ws/build/examples_rclpy_guard_conditions', 'LC_ALL': 'en_US.UTF-8', 'XDG_CONFIG_DIRS': '/etc/xdg/xdg-ubuntu:/etc/xdg', 'XDG_DATA_DIRS': '/usr/share/ubuntu:/usr/local/share/:/usr/share/:/var/lib/snapd/desktop', 'PYTHONPATH': '/home/bryan/Workspace/ros2_ws/build/examples_rclpy_guard_conditions/prefix_override:/usr/lib/python3/dist-packages/colcon_core/task/python/colcon_distutils_commands:/home/bryan/Workspace/ros2_ws/install/examples_rclpy_guard_conditions/lib/python3.10/site-packages:/opt/ros/humble/lib/python3.10/site-packages:/opt/ros/humble/local/lib/python3.10/dist-packages', 'COLCON': '1', 'VTE_VERSION': '6800'}, 'shell': False}
[312.033825] (-) TimerEvent: {}
[312.296382] (-) TimerEvent: {}
[312.355635] (examples_rclpy_guard_conditions) StdoutLine: {'line': b'running develop\n'}
[312.559054] (examples_rclpy_guard_conditions) StdoutLine: {'line': b'running egg_info\n'}
[312.559202] (-) TimerEvent: {}
[312.560062] (examples_rclpy_guard_conditions) StdoutLine: {'line': b'creating examples_rclpy_guard_conditions.egg-info\n'}
[312.560612] (examples_rclpy_guard_conditions) StdoutLine: {'line': b'writing examples_rclpy_guard_conditions.egg-info/PKG-INFO\n'}
[312.561530] (examples_rclpy_guard_conditions) StdoutLine: {'line': b'writing dependency_links to examples_rclpy_guard_conditions.egg-info/dependency_links.txt\n'}
[312.561797] (examples_rclpy_guard_conditions) StdoutLine: {'line': b'writing entry points to examples_rclpy_guard_conditions.egg-info/entry_points.txt\n'}
[312.562236] (examples_rclpy_guard_conditions) StdoutLine: {'line': b'writing requirements to examples_rclpy_guard_conditions.egg-info/requires.txt\n'}
[312.562563] (examples_rclpy_guard_conditions) StdoutLine: {'line': b'writing top-level names to examples_rclpy_guard_conditions.egg-info/top_level.txt\n'}
[312.565193] (examples_rclpy_guard_conditions) StdoutLine: {'line': b"writing manifest file 'examples_rclpy_guard_conditions.egg-info/SOURCES.txt'\n"}
[312.568946] (examples_rclpy_guard_conditions) StdoutLine: {'line': b"reading manifest file 'examples_rclpy_guard_conditions.egg-info/SOURCES.txt'\n"}
[312.570068] (examples_rclpy_guard_conditions) StdoutLine: {'line': b"writing manifest file 'examples_rclpy_guard_conditions.egg-info/SOURCES.txt'\n"}
[312.573859] (examples_rclpy_guard_conditions) StdoutLine: {'line': b'running build_ext\n'}
[312.574573] (examples_rclpy_guard_conditions) StdoutLine: {'line': b'Creating /home/bryan/Workspace/ros2_ws/install/examples_rclpy_guard_conditions/lib/python3.10/site-packages/examples-rclpy-guard-conditions.egg-link (link to .)\n'}
[312.575774] (examples_rclpy_guard_conditions) StdoutLine: {'line': b'Installing trigger_guard_condition script to /home/bryan/Workspace/ros2_ws/install/examples_rclpy_guard_conditions/lib/examples_rclpy_guard_conditions\n'}
[312.576288] (examples_rclpy_guard_conditions) StdoutLine: {'line': b'\n'}
[312.576427] (examples_rclpy_guard_conditions) StdoutLine: {'line': b'Installed /home/bryan/Workspace/ros2_ws/build/examples_rclpy_guard_conditions\n'}
[312.576609] (examples_rclpy_guard_conditions) StdoutLine: {'line': b'running symlink_data\n'}
[312.576831] (examples_rclpy_guard_conditions) StdoutLine: {'line': b'creating /home/bryan/Workspace/ros2_ws/install/examples_rclpy_guard_conditions/share/ament_index\n'}
[312.577077] (examples_rclpy_guard_conditions) StdoutLine: {'line': b'creating /home/bryan/Workspace/ros2_ws/install/examples_rclpy_guard_conditions/share/ament_index/resource_index\n'}
[312.577189] (examples_rclpy_guard_conditions) StdoutLine: {'line': b'creating /home/bryan/Workspace/ros2_ws/install/examples_rclpy_guard_conditions/share/ament_index/resource_index/packages\n'}
[312.577524] (examples_rclpy_guard_conditions) StdoutLine: {'line': b'symbolically linking /home/bryan/Workspace/ros2_ws/build/examples_rclpy_guard_conditions/resource/examples_rclpy_guard_conditions -> /home/bryan/Workspace/ros2_ws/install/examples_rclpy_guard_conditions/share/ament_index/resource_index/packages\n'}
[312.577626] (examples_rclpy_guard_conditions) StdoutLine: {'line': b'symbolically linking /home/bryan/Workspace/ros2_ws/build/examples_rclpy_guard_conditions/package.xml -> /home/bryan/Workspace/ros2_ws/install/examples_rclpy_guard_conditions/share/examples_rclpy_guard_conditions\n'}
[312.631104] (examples_rclpy_guard_conditions) CommandEnded: {'returncode': 0}
[312.649572] (examples_rclpy_guard_conditions) JobEnded: {'identifier': 'examples_rclpy_guard_conditions', 'rc': 0}
[312.650403] (examples_rclpy_minimal_action_client) JobStarted: {'identifier': 'examples_rclpy_minimal_action_client'}
[313.304851] (-) TimerEvent: {}
[313.547436] (-) TimerEvent: {}
[313.587009] (examples_rclpy_minimal_action_client) Command: {'cmd': ['/usr/bin/python3', '-W', 'ignore:setup.py install is deprecated', '-W', 'ignore:easy_install command is deprecated', 'setup.py', 'develop', '--editable', '--build-directory', '/home/bryan/Workspace/ros2_ws/build/examples_rclpy_minimal_action_client/build', '--no-deps', 'symlink_data'], 'cwd': '/home/bryan/Workspace/ros2_ws/build/examples_rclpy_minimal_action_client', 'env': {'LESSOPEN': '| /usr/bin/lesspipe %s', 'USER': 'bryan', 'XDG_SESSION_TYPE': 'wayland', 'SHLVL': '1', 'LD_LIBRARY_PATH': '/opt/ros/humble/opt/rviz_ogre_vendor/lib:/opt/ros/humble/lib/x86_64-linux-gnu:/opt/ros/humble/lib', 'HOME': '/home/bryan', 'OLDPWD': '/home/bryan/Workspace/ros2_ws/src/ros2_sumo-main', 'DESKTOP_SESSION': 'ubuntu', 'ROS_PYTHON_VERSION': '3', 'GNOME_SHELL_SESSION_MODE': 'ubuntu', 'GTK_MODULES': 'gail:atk-bridge', 'SYSTEMD_EXEC_PID': '1570', 'DBUS_SESSION_BUS_ADDRESS': 'unix:path=/run/user/1000/bus', 'COLORTERM': 'truecolor', 'IM_CONFIG_PHASE': '1', 'WAYLAND_DISPLAY': 'wayland-0', 'ROS_DISTRO': 'humble', 'LOGNAME': 'bryan', 'SUMO_HOME': '/usr/share/sumo/', '_': '/usr/bin/colcon', 'ROS_VERSION': '2', 'XDG_SESSION_CLASS': 'user', 'USERNAME': 'bryan', 'TERM': 'xterm-256color', 'GNOME_DESKTOP_SESSION_ID': 'this-is-deprecated', 'ROS_LOCALHOST_ONLY': '0', 'PATH': '/opt/ros/humble/bin:/usr/local/sbin:/usr/local/bin:/usr/sbin:/usr/bin:/sbin:/bin:/usr/games:/usr/local/games:/snap/bin:/snap/bin', 'SESSION_MANAGER': 'local/bryan-VirtualBox:@/tmp/.ICE-unix/1372,unix/bryan-VirtualBox:/tmp/.ICE-unix/1372', 'XDG_MENU_PREFIX': 'gnome-', 'GNOME_TERMINAL_SCREEN': '/org/gnome/Terminal/screen/71407a0b_323a_4971_8a7b_4147209295e5', 'GNOME_SETUP_DISPLAY': ':1', 'XDG_RUNTIME_DIR': '/run/user/1000', 'DISPLAY': ':0', 'LANG': 'en_US.UTF-8', 'XDG_CURRENT_DESKTOP': 'ubuntu:GNOME', 'XMODIFIERS': '@im=ibus', 'XDG_SESSION_DESKTOP': 'ubuntu', 'XAUTHORITY': '/run/user/1000/.mutter-Xwaylandauth.GH7FP3', 'LS_COLORS': 'rs=0:di=01;34:ln=01;36:mh=00:pi=40;33:so=01;35:do=01;35:bd=40;33;01:cd=40;33;01:or=40;31;01:mi=00:su=37;41:sg=30;43:ca=30;41:tw=30;42:ow=34;42:st=37;44:ex=01;32:*.tar=01;31:*.tgz=01;31:*.arc=01;31:*.arj=01;31:*.taz=01;31:*.lha=01;31:*.lz4=01;31:*.lzh=01;31:*.lzma=01;31:*.tlz=01;31:*.txz=01;31:*.tzo=01;31:*.t7z=01;31:*.zip=01;31:*.z=01;31:*.dz=01;31:*.gz=01;31:*.lrz=01;31:*.lz=01;31:*.lzo=01;31:*.xz=01;31:*.zst=01;31:*.tzst=01;31:*.bz2=01;31:*.bz=01;31:*.tbz=01;31:*.tbz2=01;31:*.tz=01;31:*.deb=01;31:*.rpm=01;31:*.jar=01;31:*.war=01;31:*.ear=01;31:*.sar=01;31:*.rar=01;31:*.alz=01;31:*.ace=01;31:*.zoo=01;31:*.cpio=01;31:*.7z=01;31:*.rz=01;31:*.cab=01;31:*.wim=01;31:*.swm=01;31:*.dwm=01;31:*.esd=01;31:*.jpg=01;35:*.jpeg=01;35:*.mjpg=01;35:*.mjpeg=01;35:*.gif=01;35:*.bmp=01;35:*.pbm=01;35:*.pgm=01;35:*.ppm=01;35:*.tga=01;35:*.xbm=01;35:*.xpm=01;35:*.tif=01;35:*.tiff=01;35:*.png=01;35:*.svg=01;35:*.svgz=01;35:*.mng=01;35:*.pcx=01;35:*.mov=01;35:*.mpg=01;35:*.mpeg=01;35:*.m2v=01;35:*.mkv=01;35:*.webm=01;35:*.webp=01;35:*.ogm=01;35:*.mp4=01;35:*.m4v=01;35:*.mp4v=01;35:*.vob=01;35:*.qt=01;35:*.nuv=01;35:*.wmv=01;35:*.asf=01;35:*.rm=01;35:*.rmvb=01;35:*.flc=01;35:*.avi=01;35:*.fli=01;35:*.flv=01;35:*.gl=01;35:*.dl=01;35:*.xcf=01;35:*.xwd=01;35:*.yuv=01;35:*.cgm=01;35:*.emf=01;35:*.ogv=01;35:*.ogx=01;35:*.aac=00;36:*.au=00;36:*.flac=00;36:*.m4a=00;36:*.mid=00;36:*.midi=00;36:*.mka=00;36:*.mp3=00;36:*.mpc=00;36:*.ogg=00;36:*.ra=00;36:*.wav=00;36:*.oga=00;36:*.opus=00;36:*.spx=00;36:*.xspf=00;36:', 'GNOME_TERMINAL_SERVICE': ':1.91', 'SSH_AGENT_LAUNCHER': 'gnome-keyring', 'SSH_AUTH_SOCK': '/run/user/1000/keyring/ssh', 'AMENT_PREFIX_PATH': '/opt/ros/humble', 'SHELL': '/bin/bash', 'QT_ACCESSIBILITY': '1', 'GDMSESSION': 'ubuntu', 'LESSCLOSE': '/usr/bin/lesspipe %s %s', 'QT_IM_MODULE': 'ibus', 'PWD': '/home/bryan/Workspace/ros2_ws/build/examples_rclpy_minimal_action_client', 'LC_ALL': 'en_US.UTF-8', 'XDG_CONFIG_DIRS': '/etc/xdg/xdg-ubuntu:/etc/xdg', 'XDG_DATA_DIRS': '/usr/share/ubuntu:/usr/local/share/:/usr/share/:/var/lib/snapd/desktop', 'PYTHONPATH': '/home/bryan/Workspace/ros2_ws/build/examples_rclpy_minimal_action_client/prefix_override:/usr/lib/python3/dist-packages/colcon_core/task/python/colcon_distutils_commands:/home/bryan/Workspace/ros2_ws/install/examples_rclpy_minimal_action_client/lib/python3.10/site-packages:/opt/ros/humble/lib/python3.10/site-packages:/opt/ros/humble/local/lib/python3.10/dist-packages', 'COLCON': '1', 'VTE_VERSION': '6800'}, 'shell': False}
[313.969746] (-) TimerEvent: {}
[313.971889] (examples_rclpy_minimal_action_client) StdoutLine: {'line': b'running develop\n'}
[314.075277] (-) TimerEvent: {}
[314.178792] (-) TimerEvent: {}
[314.209722] (examples_rclpy_minimal_action_client) StdoutLine: {'line': b'running egg_info\n'}
[314.210602] (examples_rclpy_minimal_action_client) StdoutLine: {'line': b'creating examples_rclpy_minimal_action_client.egg-info\n'}
[314.211224] (examples_rclpy_minimal_action_client) StdoutLine: {'line': b'writing examples_rclpy_minimal_action_client.egg-info/PKG-INFO\n'}
[314.220658] (examples_rclpy_minimal_action_client) StdoutLine: {'line': b'writing dependency_links to examples_rclpy_minimal_action_client.egg-info/dependency_links.txt\n'}
[314.220813] (examples_rclpy_minimal_action_client) StdoutLine: {'line': b'writing entry points to examples_rclpy_minimal_action_client.egg-info/entry_points.txt\n'}
[314.220902] (examples_rclpy_minimal_action_client) StdoutLine: {'line': b'writing requirements to examples_rclpy_minimal_action_client.egg-info/requires.txt\n'}
[314.220952] (examples_rclpy_minimal_action_client) StdoutLine: {'line': b'writing top-level names to examples_rclpy_minimal_action_client.egg-info/top_level.txt\n'}
[314.220998] (examples_rclpy_minimal_action_client) StdoutLine: {'line': b"writing manifest file 'examples_rclpy_minimal_action_client.egg-info/SOURCES.txt'\n"}
[314.221050] (examples_rclpy_minimal_action_client) StdoutLine: {'line': b"reading manifest file 'examples_rclpy_minimal_action_client.egg-info/SOURCES.txt'\n"}
[314.221095] (examples_rclpy_minimal_action_client) StdoutLine: {'line': b"writing manifest file 'examples_rclpy_minimal_action_client.egg-info/SOURCES.txt'\n"}
[314.222744] (examples_rclpy_minimal_action_client) StdoutLine: {'line': b'running build_ext\n'}
[314.223215] (examples_rclpy_minimal_action_client) StdoutLine: {'line': b'Creating /home/bryan/Workspace/ros2_ws/install/examples_rclpy_minimal_action_client/lib/python3.10/site-packages/examples-rclpy-minimal-action-client.egg-link (link to .)\n'}
[314.224878] (examples_rclpy_minimal_action_client) StdoutLine: {'line': b'Installing client script to /home/bryan/Workspace/ros2_ws/install/examples_rclpy_minimal_action_client/lib/examples_rclpy_minimal_action_client\n'}
[314.225318] (examples_rclpy_minimal_action_client) StdoutLine: {'line': b'Installing client_asyncio script to /home/bryan/Workspace/ros2_ws/install/examples_rclpy_minimal_action_client/lib/examples_rclpy_minimal_action_client\n'}
[314.225641] (examples_rclpy_minimal_action_client) StdoutLine: {'line': b'Installing client_cancel script to /home/bryan/Workspace/ros2_ws/install/examples_rclpy_minimal_action_client/lib/examples_rclpy_minimal_action_client\n'}
[314.225966] (examples_rclpy_minimal_action_client) StdoutLine: {'line': b'Installing client_not_composable script to /home/bryan/Workspace/ros2_ws/install/examples_rclpy_minimal_action_client/lib/examples_rclpy_minimal_action_client\n'}
[314.226639] (examples_rclpy_minimal_action_client) StdoutLine: {'line': b'\n'}
[314.226740] (examples_rclpy_minimal_action_client) StdoutLine: {'line': b'Installed /home/bryan/Workspace/ros2_ws/build/examples_rclpy_minimal_action_client\n'}
[314.227112] (examples_rclpy_minimal_action_client) StdoutLine: {'line': b'running symlink_data\n'}
[314.227387] (examples_rclpy_minimal_action_client) StdoutLine: {'line': b'creating /home/bryan/Workspace/ros2_ws/install/examples_rclpy_minimal_action_client/share/ament_index\n'}
[314.227789] (examples_rclpy_minimal_action_client) StdoutLine: {'line': b'creating /home/bryan/Workspace/ros2_ws/install/examples_rclpy_minimal_action_client/share/ament_index/resource_index\n'}
[314.228251] (examples_rclpy_minimal_action_client) StdoutLine: {'line': b'creating /home/bryan/Workspace/ros2_ws/install/examples_rclpy_minimal_action_client/share/ament_index/resource_index/packages\n'}
[314.228544] (examples_rclpy_minimal_action_client) StdoutLine: {'line': b'symbolically linking /home/bryan/Workspace/ros2_ws/build/examples_rclpy_minimal_action_client/resource/examples_rclpy_minimal_action_client -> /home/bryan/Workspace/ros2_ws/install/examples_rclpy_minimal_action_client/share/ament_index/resource_index/packages\n'}
[314.228867] (examples_rclpy_minimal_action_client) StdoutLine: {'line': b'symbolically linking /home/bryan/Workspace/ros2_ws/build/examples_rclpy_minimal_action_client/package.xml -> /home/bryan/Workspace/ros2_ws/install/examples_rclpy_minimal_action_client/share/examples_rclpy_minimal_action_client\n'}
[314.284134] (examples_rclpy_minimal_action_client) CommandEnded: {'returncode': 0}
[314.285798] (-) TimerEvent: {}
[314.311065] (examples_rclpy_minimal_action_client) JobEnded: {'identifier': 'examples_rclpy_minimal_action_client', 'rc': 0}
[314.312631] (examples_rclpy_minimal_action_server) JobStarted: {'identifier': 'examples_rclpy_minimal_action_server'}
[315.296571] (examples_rclpy_minimal_action_server) Command: {'cmd': ['/usr/bin/python3', '-W', 'ignore:setup.py install is deprecated', '-W', 'ignore:easy_install command is deprecated', 'setup.py', 'develop', '--editable', '--build-directory', '/home/bryan/Workspace/ros2_ws/build/examples_rclpy_minimal_action_server/build', '--no-deps', 'symlink_data'], 'cwd': '/home/bryan/Workspace/ros2_ws/build/examples_rclpy_minimal_action_server', 'env': {'LESSOPEN': '| /usr/bin/lesspipe %s', 'USER': 'bryan', 'XDG_SESSION_TYPE': 'wayland', 'SHLVL': '1', 'LD_LIBRARY_PATH': '/opt/ros/humble/opt/rviz_ogre_vendor/lib:/opt/ros/humble/lib/x86_64-linux-gnu:/opt/ros/humble/lib', 'HOME': '/home/bryan', 'OLDPWD': '/home/bryan/Workspace/ros2_ws/src/ros2_sumo-main', 'DESKTOP_SESSION': 'ubuntu', 'ROS_PYTHON_VERSION': '3', 'GNOME_SHELL_SESSION_MODE': 'ubuntu', 'GTK_MODULES': 'gail:atk-bridge', 'SYSTEMD_EXEC_PID': '1570', 'DBUS_SESSION_BUS_ADDRESS': 'unix:path=/run/user/1000/bus', 'COLORTERM': 'truecolor', 'IM_CONFIG_PHASE': '1', 'WAYLAND_DISPLAY': 'wayland-0', 'ROS_DISTRO': 'humble', 'LOGNAME': 'bryan', 'SUMO_HOME': '/usr/share/sumo/', '_': '/usr/bin/colcon', 'ROS_VERSION': '2', 'XDG_SESSION_CLASS': 'user', 'USERNAME': 'bryan', 'TERM': 'xterm-256color', 'GNOME_DESKTOP_SESSION_ID': 'this-is-deprecated', 'ROS_LOCALHOST_ONLY': '0', 'PATH': '/opt/ros/humble/bin:/usr/local/sbin:/usr/local/bin:/usr/sbin:/usr/bin:/sbin:/bin:/usr/games:/usr/local/games:/snap/bin:/snap/bin', 'SESSION_MANAGER': 'local/bryan-VirtualBox:@/tmp/.ICE-unix/1372,unix/bryan-VirtualBox:/tmp/.ICE-unix/1372', 'XDG_MENU_PREFIX': 'gnome-', 'GNOME_TERMINAL_SCREEN': '/org/gnome/Terminal/screen/71407a0b_323a_4971_8a7b_4147209295e5', 'GNOME_SETUP_DISPLAY': ':1', 'XDG_RUNTIME_DIR': '/run/user/1000', 'DISPLAY': ':0', 'LANG': 'en_US.UTF-8', 'XDG_CURRENT_DESKTOP': 'ubuntu:GNOME', 'XMODIFIERS': '@im=ibus', 'XDG_SESSION_DESKTOP': 'ubuntu', 'XAUTHORITY': '/run/user/1000/.mutter-Xwaylandauth.GH7FP3', 'LS_COLORS': 'rs=0:di=01;34:ln=01;36:mh=00:pi=40;33:so=01;35:do=01;35:bd=40;33;01:cd=40;33;01:or=40;31;01:mi=00:su=37;41:sg=30;43:ca=30;41:tw=30;42:ow=34;42:st=37;44:ex=01;32:*.tar=01;31:*.tgz=01;31:*.arc=01;31:*.arj=01;31:*.taz=01;31:*.lha=01;31:*.lz4=01;31:*.lzh=01;31:*.lzma=01;31:*.tlz=01;31:*.txz=01;31:*.tzo=01;31:*.t7z=01;31:*.zip=01;31:*.z=01;31:*.dz=01;31:*.gz=01;31:*.lrz=01;31:*.lz=01;31:*.lzo=01;31:*.xz=01;31:*.zst=01;31:*.tzst=01;31:*.bz2=01;31:*.bz=01;31:*.tbz=01;31:*.tbz2=01;31:*.tz=01;31:*.deb=01;31:*.rpm=01;31:*.jar=01;31:*.war=01;31:*.ear=01;31:*.sar=01;31:*.rar=01;31:*.alz=01;31:*.ace=01;31:*.zoo=01;31:*.cpio=01;31:*.7z=01;31:*.rz=01;31:*.cab=01;31:*.wim=01;31:*.swm=01;31:*.dwm=01;31:*.esd=01;31:*.jpg=01;35:*.jpeg=01;35:*.mjpg=01;35:*.mjpeg=01;35:*.gif=01;35:*.bmp=01;35:*.pbm=01;35:*.pgm=01;35:*.ppm=01;35:*.tga=01;35:*.xbm=01;35:*.xpm=01;35:*.tif=01;35:*.tiff=01;35:*.png=01;35:*.svg=01;35:*.svgz=01;35:*.mng=01;35:*.pcx=01;35:*.mov=01;35:*.mpg=01;35:*.mpeg=01;35:*.m2v=01;35:*.mkv=01;35:*.webm=01;35:*.webp=01;35:*.ogm=01;35:*.mp4=01;35:*.m4v=01;35:*.mp4v=01;35:*.vob=01;35:*.qt=01;35:*.nuv=01;35:*.wmv=01;35:*.asf=01;35:*.rm=01;35:*.rmvb=01;35:*.flc=01;35:*.avi=01;35:*.fli=01;35:*.flv=01;35:*.gl=01;35:*.dl=01;35:*.xcf=01;35:*.xwd=01;35:*.yuv=01;35:*.cgm=01;35:*.emf=01;35:*.ogv=01;35:*.ogx=01;35:*.aac=00;36:*.au=00;36:*.flac=00;36:*.m4a=00;36:*.mid=00;36:*.midi=00;36:*.mka=00;36:*.mp3=00;36:*.mpc=00;36:*.ogg=00;36:*.ra=00;36:*.wav=00;36:*.oga=00;36:*.opus=00;36:*.spx=00;36:*.xspf=00;36:', 'GNOME_TERMINAL_SERVICE': ':1.91', 'SSH_AGENT_LAUNCHER': 'gnome-keyring', 'SSH_AUTH_SOCK': '/run/user/1000/keyring/ssh', 'AMENT_PREFIX_PATH': '/opt/ros/humble', 'SHELL': '/bin/bash', 'QT_ACCESSIBILITY': '1', 'GDMSESSION': 'ubuntu', 'LESSCLOSE': '/usr/bin/lesspipe %s %s', 'QT_IM_MODULE': 'ibus', 'PWD': '/home/bryan/Workspace/ros2_ws/build/examples_rclpy_minimal_action_server', 'LC_ALL': 'en_US.UTF-8', 'XDG_CONFIG_DIRS': '/etc/xdg/xdg-ubuntu:/etc/xdg', 'XDG_DATA_DIRS': '/usr/share/ubuntu:/usr/local/share/:/usr/share/:/var/lib/snapd/desktop', 'PYTHONPATH': '/home/bryan/Workspace/ros2_ws/build/examples_rclpy_minimal_action_server/prefix_override:/usr/lib/python3/dist-packages/colcon_core/task/python/colcon_distutils_commands:/home/bryan/Workspace/ros2_ws/install/examples_rclpy_minimal_action_server/lib/python3.10/site-packages:/opt/ros/humble/lib/python3.10/site-packages:/opt/ros/humble/local/lib/python3.10/dist-packages', 'COLCON': '1', 'VTE_VERSION': '6800'}, 'shell': False}
[315.310966] (-) TimerEvent: {}
[315.930417] (examples_rclpy_minimal_action_server) StdoutLine: {'line': b'running develop\n'}
[315.930608] (-) TimerEvent: {}
[315.930759] (examples_rclpy_minimal_action_server) StdoutLine: {'line': b'running egg_info\n'}
[315.930873] (examples_rclpy_minimal_action_server) StdoutLine: {'line': b'creating examples_rclpy_minimal_action_server.egg-info\n'}
[315.930948] (examples_rclpy_minimal_action_server) StdoutLine: {'line': b'writing examples_rclpy_minimal_action_server.egg-info/PKG-INFO\n'}
[315.931013] (examples_rclpy_minimal_action_server) StdoutLine: {'line': b'writing dependency_links to examples_rclpy_minimal_action_server.egg-info/dependency_links.txt\n'}
[315.931101] (examples_rclpy_minimal_action_server) StdoutLine: {'line': b'writing entry points to examples_rclpy_minimal_action_server.egg-info/entry_points.txt\n'}
[315.931184] (examples_rclpy_minimal_action_server) StdoutLine: {'line': b'writing requirements to examples_rclpy_minimal_action_server.egg-info/requires.txt\n'}
[315.931251] (examples_rclpy_minimal_action_server) StdoutLine: {'line': b'writing top-level names to examples_rclpy_minimal_action_server.egg-info/top_level.txt\n'}
[315.931299] (examples_rclpy_minimal_action_server) StdoutLine: {'line': b"writing manifest file 'examples_rclpy_minimal_action_server.egg-info/SOURCES.txt'\n"}
[315.931343] (examples_rclpy_minimal_action_server) StdoutLine: {'line': b"reading manifest file 'examples_rclpy_minimal_action_server.egg-info/SOURCES.txt'\n"}
[315.931402] (examples_rclpy_minimal_action_server) StdoutLine: {'line': b"writing manifest file 'examples_rclpy_minimal_action_server.egg-info/SOURCES.txt'\n"}
[315.931484] (examples_rclpy_minimal_action_server) StdoutLine: {'line': b'running build_ext\n'}
[315.931555] (examples_rclpy_minimal_action_server) StdoutLine: {'line': b'Creating /home/bryan/Workspace/ros2_ws/install/examples_rclpy_minimal_action_server/lib/python3.10/site-packages/examples-rclpy-minimal-action-server.egg-link (link to .)\n'}
[315.931610] (examples_rclpy_minimal_action_server) StdoutLine: {'line': b'Installing server script to /home/bryan/Workspace/ros2_ws/install/examples_rclpy_minimal_action_server/lib/examples_rclpy_minimal_action_server\n'}
[315.931658] (examples_rclpy_minimal_action_server) StdoutLine: {'line': b'Installing server_defer script to /home/bryan/Workspace/ros2_ws/install/examples_rclpy_minimal_action_server/lib/examples_rclpy_minimal_action_server\n'}
[315.931725] (examples_rclpy_minimal_action_server) StdoutLine: {'line': b'Installing server_not_composable script to /home/bryan/Workspace/ros2_ws/install/examples_rclpy_minimal_action_server/lib/examples_rclpy_minimal_action_server\n'}
[315.931787] (examples_rclpy_minimal_action_server) StdoutLine: {'line': b'Installing server_queue_goals script to /home/bryan/Workspace/ros2_ws/install/examples_rclpy_minimal_action_server/lib/examples_rclpy_minimal_action_server\n'}
[315.931835] (examples_rclpy_minimal_action_server) StdoutLine: {'line': b'Installing server_single_goal script to /home/bryan/Workspace/ros2_ws/install/examples_rclpy_minimal_action_server/lib/examples_rclpy_minimal_action_server\n'}
[315.931880] (examples_rclpy_minimal_action_server) StdoutLine: {'line': b'\n'}
[315.931934] (examples_rclpy_minimal_action_server) StdoutLine: {'line': b'Installed /home/bryan/Workspace/ros2_ws/build/examples_rclpy_minimal_action_server\n'}
[315.932020] (examples_rclpy_minimal_action_server) StdoutLine: {'line': b'running symlink_data\n'}
[315.932090] (examples_rclpy_minimal_action_server) StdoutLine: {'line': b'creating /home/bryan/Workspace/ros2_ws/install/examples_rclpy_minimal_action_server/share/ament_index\n'}
[315.932157] (examples_rclpy_minimal_action_server) StdoutLine: {'line': b'creating /home/bryan/Workspace/ros2_ws/install/examples_rclpy_minimal_action_server/share/ament_index/resource_index\n'}
[315.932213] (examples_rclpy_minimal_action_server) StdoutLine: {'line': b'creating /home/bryan/Workspace/ros2_ws/install/examples_rclpy_minimal_action_server/share/ament_index/resource_index/packages\n'}
[315.932298] (examples_rclpy_minimal_action_server) StdoutLine: {'line': b'symbolically linking /home/bryan/Workspace/ros2_ws/build/examples_rclpy_minimal_action_server/resource/examples_rclpy_minimal_action_server -> /home/bryan/Workspace/ros2_ws/install/examples_rclpy_minimal_action_server/share/ament_index/resource_index/packages\n'}
[315.932433] (examples_rclpy_minimal_action_server) StdoutLine: {'line': b'symbolically linking /home/bryan/Workspace/ros2_ws/build/examples_rclpy_minimal_action_server/package.xml -> /home/bryan/Workspace/ros2_ws/install/examples_rclpy_minimal_action_server/share/examples_rclpy_minimal_action_server\n'}
[315.954713] (examples_rclpy_minimal_action_server) CommandEnded: {'returncode': 0}
[315.955299] (examples_rclpy_minimal_action_server) JobEnded: {'identifier': 'examples_rclpy_minimal_action_server', 'rc': 0}
[315.955833] (examples_rclpy_minimal_client) JobStarted: {'identifier': 'examples_rclpy_minimal_client'}
[316.302007] (-) TimerEvent: {}
[317.171988] (examples_rclpy_minimal_client) Command: {'cmd': ['/usr/bin/python3', '-W', 'ignore:setup.py install is deprecated', '-W', 'ignore:easy_install command is deprecated', 'setup.py', 'develop', '--editable', '--build-directory', '/home/bryan/Workspace/ros2_ws/build/examples_rclpy_minimal_client/build', '--no-deps', 'symlink_data'], 'cwd': '/home/bryan/Workspace/ros2_ws/build/examples_rclpy_minimal_client', 'env': {'LESSOPEN': '| /usr/bin/lesspipe %s', 'USER': 'bryan', 'XDG_SESSION_TYPE': 'wayland', 'SHLVL': '1', 'LD_LIBRARY_PATH': '/opt/ros/humble/opt/rviz_ogre_vendor/lib:/opt/ros/humble/lib/x86_64-linux-gnu:/opt/ros/humble/lib', 'HOME': '/home/bryan', 'OLDPWD': '/home/bryan/Workspace/ros2_ws/src/ros2_sumo-main', 'DESKTOP_SESSION': 'ubuntu', 'ROS_PYTHON_VERSION': '3', 'GNOME_SHELL_SESSION_MODE': 'ubuntu', 'GTK_MODULES': 'gail:atk-bridge', 'SYSTEMD_EXEC_PID': '1570', 'DBUS_SESSION_BUS_ADDRESS': 'unix:path=/run/user/1000/bus', 'COLORTERM': 'truecolor', 'IM_CONFIG_PHASE': '1', 'WAYLAND_DISPLAY': 'wayland-0', 'ROS_DISTRO': 'humble', 'LOGNAME': 'bryan', 'SUMO_HOME': '/usr/share/sumo/', '_': '/usr/bin/colcon', 'ROS_VERSION': '2', 'XDG_SESSION_CLASS': 'user', 'USERNAME': 'bryan', 'TERM': 'xterm-256color', 'GNOME_DESKTOP_SESSION_ID': 'this-is-deprecated', 'ROS_LOCALHOST_ONLY': '0', 'PATH': '/opt/ros/humble/bin:/usr/local/sbin:/usr/local/bin:/usr/sbin:/usr/bin:/sbin:/bin:/usr/games:/usr/local/games:/snap/bin:/snap/bin', 'SESSION_MANAGER': 'local/bryan-VirtualBox:@/tmp/.ICE-unix/1372,unix/bryan-VirtualBox:/tmp/.ICE-unix/1372', 'XDG_MENU_PREFIX': 'gnome-', 'GNOME_TERMINAL_SCREEN': '/org/gnome/Terminal/screen/71407a0b_323a_4971_8a7b_4147209295e5', 'GNOME_SETUP_DISPLAY': ':1', 'XDG_RUNTIME_DIR': '/run/user/1000', 'DISPLAY': ':0', 'LANG': 'en_US.UTF-8', 'XDG_CURRENT_DESKTOP': 'ubuntu:GNOME', 'XMODIFIERS': '@im=ibus', 'XDG_SESSION_DESKTOP': 'ubuntu', 'XAUTHORITY': '/run/user/1000/.mutter-Xwaylandauth.GH7FP3', 'LS_COLORS': 'rs=0:di=01;34:ln=01;36:mh=00:pi=40;33:so=01;35:do=01;35:bd=40;33;01:cd=40;33;01:or=40;31;01:mi=00:su=37;41:sg=30;43:ca=30;41:tw=30;42:ow=34;42:st=37;44:ex=01;32:*.tar=01;31:*.tgz=01;31:*.arc=01;31:*.arj=01;31:*.taz=01;31:*.lha=01;31:*.lz4=01;31:*.lzh=01;31:*.lzma=01;31:*.tlz=01;31:*.txz=01;31:*.tzo=01;31:*.t7z=01;31:*.zip=01;31:*.z=01;31:*.dz=01;31:*.gz=01;31:*.lrz=01;31:*.lz=01;31:*.lzo=01;31:*.xz=01;31:*.zst=01;31:*.tzst=01;31:*.bz2=01;31:*.bz=01;31:*.tbz=01;31:*.tbz2=01;31:*.tz=01;31:*.deb=01;31:*.rpm=01;31:*.jar=01;31:*.war=01;31:*.ear=01;31:*.sar=01;31:*.rar=01;31:*.alz=01;31:*.ace=01;31:*.zoo=01;31:*.cpio=01;31:*.7z=01;31:*.rz=01;31:*.cab=01;31:*.wim=01;31:*.swm=01;31:*.dwm=01;31:*.esd=01;31:*.jpg=01;35:*.jpeg=01;35:*.mjpg=01;35:*.mjpeg=01;35:*.gif=01;35:*.bmp=01;35:*.pbm=01;35:*.pgm=01;35:*.ppm=01;35:*.tga=01;35:*.xbm=01;35:*.xpm=01;35:*.tif=01;35:*.tiff=01;35:*.png=01;35:*.svg=01;35:*.svgz=01;35:*.mng=01;35:*.pcx=01;35:*.mov=01;35:*.mpg=01;35:*.mpeg=01;35:*.m2v=01;35:*.mkv=01;35:*.webm=01;35:*.webp=01;35:*.ogm=01;35:*.mp4=01;35:*.m4v=01;35:*.mp4v=01;35:*.vob=01;35:*.qt=01;35:*.nuv=01;35:*.wmv=01;35:*.asf=01;35:*.rm=01;35:*.rmvb=01;35:*.flc=01;35:*.avi=01;35:*.fli=01;35:*.flv=01;35:*.gl=01;35:*.dl=01;35:*.xcf=01;35:*.xwd=01;35:*.yuv=01;35:*.cgm=01;35:*.emf=01;35:*.ogv=01;35:*.ogx=01;35:*.aac=00;36:*.au=00;36:*.flac=00;36:*.m4a=00;36:*.mid=00;36:*.midi=00;36:*.mka=00;36:*.mp3=00;36:*.mpc=00;36:*.ogg=00;36:*.ra=00;36:*.wav=00;36:*.oga=00;36:*.opus=00;36:*.spx=00;36:*.xspf=00;36:', 'GNOME_TERMINAL_SERVICE': ':1.91', 'SSH_AGENT_LAUNCHER': 'gnome-keyring', 'SSH_AUTH_SOCK': '/run/user/1000/keyring/ssh', 'AMENT_PREFIX_PATH': '/opt/ros/humble', 'SHELL': '/bin/bash', 'QT_ACCESSIBILITY': '1', 'GDMSESSION': 'ubuntu', 'LESSCLOSE': '/usr/bin/lesspipe %s %s', 'QT_IM_MODULE': 'ibus', 'PWD': '/home/bryan/Workspace/ros2_ws/build/examples_rclpy_minimal_client', 'LC_ALL': 'en_US.UTF-8', 'XDG_CONFIG_DIRS': '/etc/xdg/xdg-ubuntu:/etc/xdg', 'XDG_DATA_DIRS': '/usr/share/ubuntu:/usr/local/share/:/usr/share/:/var/lib/snapd/desktop', 'PYTHONPATH': '/home/bryan/Workspace/ros2_ws/build/examples_rclpy_minimal_client/prefix_override:/usr/lib/python3/dist-packages/colcon_core/task/python/colcon_distutils_commands:/home/bryan/Workspace/ros2_ws/install/examples_rclpy_minimal_client/lib/python3.10/site-packages:/opt/ros/humble/lib/python3.10/site-packages:/opt/ros/humble/local/lib/python3.10/dist-packages', 'COLCON': '1', 'VTE_VERSION': '6800'}, 'shell': False}
[317.172875] (-) TimerEvent: {}
[317.295648] (-) TimerEvent: {}
[317.505919] (examples_rclpy_minimal_client) StdoutLine: {'line': b'running develop\n'}
[317.506092] (-) TimerEvent: {}
[317.669932] (examples_rclpy_minimal_client) StdoutLine: {'line': b'running egg_info\n'}
[317.670068] (-) TimerEvent: {}
[317.670372] (examples_rclpy_minimal_client) StdoutLine: {'line': b'creating examples_rclpy_minimal_client.egg-info\n'}
[317.670747] (examples_rclpy_minimal_client) StdoutLine: {'line': b'writing examples_rclpy_minimal_client.egg-info/PKG-INFO\n'}
[317.671142] (examples_rclpy_minimal_client) StdoutLine: {'line': b'writing dependency_links to examples_rclpy_minimal_client.egg-info/dependency_links.txt\n'}
[317.671630] (examples_rclpy_minimal_client) StdoutLine: {'line': b'writing entry points to examples_rclpy_minimal_client.egg-info/entry_points.txt\n'}
[317.671901] (examples_rclpy_minimal_client) StdoutLine: {'line': b'writing requirements to examples_rclpy_minimal_client.egg-info/requires.txt\n'}
[317.672104] (examples_rclpy_minimal_client) StdoutLine: {'line': b'writing top-level names to examples_rclpy_minimal_client.egg-info/top_level.txt\n'}
[317.672512] (examples_rclpy_minimal_client) StdoutLine: {'line': b"writing manifest file 'examples_rclpy_minimal_client.egg-info/SOURCES.txt'\n"}
[317.676359] (examples_rclpy_minimal_client) StdoutLine: {'line': b"reading manifest file 'examples_rclpy_minimal_client.egg-info/SOURCES.txt'\n"}
[317.677460] (examples_rclpy_minimal_client) StdoutLine: {'line': b"writing manifest file 'examples_rclpy_minimal_client.egg-info/SOURCES.txt'\n"}
[317.680665] (examples_rclpy_minimal_client) StdoutLine: {'line': b'running build_ext\n'}
[317.681245] (examples_rclpy_minimal_client) StdoutLine: {'line': b'Creating /home/bryan/Workspace/ros2_ws/install/examples_rclpy_minimal_client/lib/python3.10/site-packages/examples-rclpy-minimal-client.egg-link (link to .)\n'}
[317.683150] (examples_rclpy_minimal_client) StdoutLine: {'line': b'Installing client script to /home/bryan/Workspace/ros2_ws/install/examples_rclpy_minimal_client/lib/examples_rclpy_minimal_client\n'}
[317.683631] (examples_rclpy_minimal_client) StdoutLine: {'line': b'Installing client_async script to /home/bryan/Workspace/ros2_ws/install/examples_rclpy_minimal_client/lib/examples_rclpy_minimal_client\n'}
[317.683808] (examples_rclpy_minimal_client) StdoutLine: {'line': b'Installing client_async_callback script to /home/bryan/Workspace/ros2_ws/install/examples_rclpy_minimal_client/lib/examples_rclpy_minimal_client\n'}
[317.684302] (examples_rclpy_minimal_client) StdoutLine: {'line': b'Installing client_async_member_function script to /home/bryan/Workspace/ros2_ws/install/examples_rclpy_minimal_client/lib/examples_rclpy_minimal_client\n'}
[317.684426] (examples_rclpy_minimal_client) StdoutLine: {'line': b'\n'}
[317.684532] (examples_rclpy_minimal_client) StdoutLine: {'line': b'Installed /home/bryan/Workspace/ros2_ws/build/examples_rclpy_minimal_client\n'}
[317.684715] (examples_rclpy_minimal_client) StdoutLine: {'line': b'running symlink_data\n'}
[317.685052] (examples_rclpy_minimal_client) StdoutLine: {'line': b'creating /home/bryan/Workspace/ros2_ws/install/examples_rclpy_minimal_client/share/ament_index\n'}
[317.685307] (examples_rclpy_minimal_client) StdoutLine: {'line': b'creating /home/bryan/Workspace/ros2_ws/install/examples_rclpy_minimal_client/share/ament_index/resource_index\n'}
[317.685579] (examples_rclpy_minimal_client) StdoutLine: {'line': b'creating /home/bryan/Workspace/ros2_ws/install/examples_rclpy_minimal_client/share/ament_index/resource_index/packages\n'}
[317.685682] (examples_rclpy_minimal_client) StdoutLine: {'line': b'symbolically linking /home/bryan/Workspace/ros2_ws/build/examples_rclpy_minimal_client/resource/examples_rclpy_minimal_client -> /home/bryan/Workspace/ros2_ws/install/examples_rclpy_minimal_client/share/ament_index/resource_index/packages\n'}
[317.685945] (examples_rclpy_minimal_client) StdoutLine: {'line': b'symbolically linking /home/bryan/Workspace/ros2_ws/build/examples_rclpy_minimal_client/package.xml -> /home/bryan/Workspace/ros2_ws/install/examples_rclpy_minimal_client/share/examples_rclpy_minimal_client\n'}
[317.749696] (examples_rclpy_minimal_client) CommandEnded: {'returncode': 0}
[317.750445] (examples_rclpy_minimal_client) JobEnded: {'identifier': 'examples_rclpy_minimal_client', 'rc': 0}
[317.750961] (examples_rclpy_minimal_publisher) JobStarted: {'identifier': 'examples_rclpy_minimal_publisher'}
[318.190793] (-) TimerEvent: {}
[318.292779] (-) TimerEvent: {}
[318.402998] (-) TimerEvent: {}
[318.841171] (examples_rclpy_minimal_publisher) Command: {'cmd': ['/usr/bin/python3', '-W', 'ignore:setup.py install is deprecated', '-W', 'ignore:easy_install command is deprecated', 'setup.py', 'develop', '--editable', '--build-directory', '/home/bryan/Workspace/ros2_ws/build/examples_rclpy_minimal_publisher/build', '--no-deps', 'symlink_data'], 'cwd': '/home/bryan/Workspace/ros2_ws/build/examples_rclpy_minimal_publisher', 'env': {'LESSOPEN': '| /usr/bin/lesspipe %s', 'USER': 'bryan', 'XDG_SESSION_TYPE': 'wayland', 'SHLVL': '1', 'LD_LIBRARY_PATH': '/opt/ros/humble/opt/rviz_ogre_vendor/lib:/opt/ros/humble/lib/x86_64-linux-gnu:/opt/ros/humble/lib', 'HOME': '/home/bryan', 'OLDPWD': '/home/bryan/Workspace/ros2_ws/src/ros2_sumo-main', 'DESKTOP_SESSION': 'ubuntu', 'ROS_PYTHON_VERSION': '3', 'GNOME_SHELL_SESSION_MODE': 'ubuntu', 'GTK_MODULES': 'gail:atk-bridge', 'SYSTEMD_EXEC_PID': '1570', 'DBUS_SESSION_BUS_ADDRESS': 'unix:path=/run/user/1000/bus', 'COLORTERM': 'truecolor', 'IM_CONFIG_PHASE': '1', 'WAYLAND_DISPLAY': 'wayland-0', 'ROS_DISTRO': 'humble', 'LOGNAME': 'bryan', 'SUMO_HOME': '/usr/share/sumo/', '_': '/usr/bin/colcon', 'ROS_VERSION': '2', 'XDG_SESSION_CLASS': 'user', 'USERNAME': 'bryan', 'TERM': 'xterm-256color', 'GNOME_DESKTOP_SESSION_ID': 'this-is-deprecated', 'ROS_LOCALHOST_ONLY': '0', 'PATH': '/opt/ros/humble/bin:/usr/local/sbin:/usr/local/bin:/usr/sbin:/usr/bin:/sbin:/bin:/usr/games:/usr/local/games:/snap/bin:/snap/bin', 'SESSION_MANAGER': 'local/bryan-VirtualBox:@/tmp/.ICE-unix/1372,unix/bryan-VirtualBox:/tmp/.ICE-unix/1372', 'XDG_MENU_PREFIX': 'gnome-', 'GNOME_TERMINAL_SCREEN': '/org/gnome/Terminal/screen/71407a0b_323a_4971_8a7b_4147209295e5', 'GNOME_SETUP_DISPLAY': ':1', 'XDG_RUNTIME_DIR': '/run/user/1000', 'DISPLAY': ':0', 'LANG': 'en_US.UTF-8', 'XDG_CURRENT_DESKTOP': 'ubuntu:GNOME', 'XMODIFIERS': '@im=ibus', 'XDG_SESSION_DESKTOP': 'ubuntu', 'XAUTHORITY': '/run/user/1000/.mutter-Xwaylandauth.GH7FP3', 'LS_COLORS': 'rs=0:di=01;34:ln=01;36:mh=00:pi=40;33:so=01;35:do=01;35:bd=40;33;01:cd=40;33;01:or=40;31;01:mi=00:su=37;41:sg=30;43:ca=30;41:tw=30;42:ow=34;42:st=37;44:ex=01;32:*.tar=01;31:*.tgz=01;31:*.arc=01;31:*.arj=01;31:*.taz=01;31:*.lha=01;31:*.lz4=01;31:*.lzh=01;31:*.lzma=01;31:*.tlz=01;31:*.txz=01;31:*.tzo=01;31:*.t7z=01;31:*.zip=01;31:*.z=01;31:*.dz=01;31:*.gz=01;31:*.lrz=01;31:*.lz=01;31:*.lzo=01;31:*.xz=01;31:*.zst=01;31:*.tzst=01;31:*.bz2=01;31:*.bz=01;31:*.tbz=01;31:*.tbz2=01;31:*.tz=01;31:*.deb=01;31:*.rpm=01;31:*.jar=01;31:*.war=01;31:*.ear=01;31:*.sar=01;31:*.rar=01;31:*.alz=01;31:*.ace=01;31:*.zoo=01;31:*.cpio=01;31:*.7z=01;31:*.rz=01;31:*.cab=01;31:*.wim=01;31:*.swm=01;31:*.dwm=01;31:*.esd=01;31:*.jpg=01;35:*.jpeg=01;35:*.mjpg=01;35:*.mjpeg=01;35:*.gif=01;35:*.bmp=01;35:*.pbm=01;35:*.pgm=01;35:*.ppm=01;35:*.tga=01;35:*.xbm=01;35:*.xpm=01;35:*.tif=01;35:*.tiff=01;35:*.png=01;35:*.svg=01;35:*.svgz=01;35:*.mng=01;35:*.pcx=01;35:*.mov=01;35:*.mpg=01;35:*.mpeg=01;35:*.m2v=01;35:*.mkv=01;35:*.webm=01;35:*.webp=01;35:*.ogm=01;35:*.mp4=01;35:*.m4v=01;35:*.mp4v=01;35:*.vob=01;35:*.qt=01;35:*.nuv=01;35:*.wmv=01;35:*.asf=01;35:*.rm=01;35:*.rmvb=01;35:*.flc=01;35:*.avi=01;35:*.fli=01;35:*.flv=01;35:*.gl=01;35:*.dl=01;35:*.xcf=01;35:*.xwd=01;35:*.yuv=01;35:*.cgm=01;35:*.emf=01;35:*.ogv=01;35:*.ogx=01;35:*.aac=00;36:*.au=00;36:*.flac=00;36:*.m4a=00;36:*.mid=00;36:*.midi=00;36:*.mka=00;36:*.mp3=00;36:*.mpc=00;36:*.ogg=00;36:*.ra=00;36:*.wav=00;36:*.oga=00;36:*.opus=00;36:*.spx=00;36:*.xspf=00;36:', 'GNOME_TERMINAL_SERVICE': ':1.91', 'SSH_AGENT_LAUNCHER': 'gnome-keyring', 'SSH_AUTH_SOCK': '/run/user/1000/keyring/ssh', 'AMENT_PREFIX_PATH': '/opt/ros/humble', 'SHELL': '/bin/bash', 'QT_ACCESSIBILITY': '1', 'GDMSESSION': 'ubuntu', 'LESSCLOSE': '/usr/bin/lesspipe %s %s', 'QT_IM_MODULE': 'ibus', 'PWD': '/home/bryan/Workspace/ros2_ws/build/examples_rclpy_minimal_publisher', 'LC_ALL': 'en_US.UTF-8', 'XDG_CONFIG_DIRS': '/etc/xdg/xdg-ubuntu:/etc/xdg', 'XDG_DATA_DIRS': '/usr/share/ubuntu:/usr/local/share/:/usr/share/:/var/lib/snapd/desktop', 'PYTHONPATH': '/home/bryan/Workspace/ros2_ws/build/examples_rclpy_minimal_publisher/prefix_override:/usr/lib/python3/dist-packages/colcon_core/task/python/colcon_distutils_commands:/home/bryan/Workspace/ros2_ws/install/examples_rclpy_minimal_publisher/lib/python3.10/site-packages:/opt/ros/humble/lib/python3.10/site-packages:/opt/ros/humble/local/lib/python3.10/dist-packages', 'COLCON': '1', 'VTE_VERSION': '6800'}, 'shell': False}
[318.841923] (-) TimerEvent: {}
[319.134273] (-) TimerEvent: {}
[319.239059] (examples_rclpy_minimal_publisher) StdoutLine: {'line': b'running develop\n'}
[319.239845] (-) TimerEvent: {}
[319.262647] (examples_rclcpp_minimal_subscriber) StdoutLine: {'line': b'[ 25%] \x1b[32m\x1b[1mLinking CXX executable subscriber_member_function_with_type_adapter\x1b[0m\n'}
[319.349395] (examples_rclpy_minimal_publisher) StdoutLine: {'line': b'running egg_info\n'}
[319.349592] (-) TimerEvent: {}
[319.350800] (examples_rclpy_minimal_publisher) StdoutLine: {'line': b'creating examples_rclpy_minimal_publisher.egg-info\n'}
[319.351658] (examples_rclpy_minimal_publisher) StdoutLine: {'line': b'writing examples_rclpy_minimal_publisher.egg-info/PKG-INFO\n'}
[319.351791] (examples_rclpy_minimal_publisher) StdoutLine: {'line': b'writing dependency_links to examples_rclpy_minimal_publisher.egg-info/dependency_links.txt\n'}
[319.351866] (examples_rclpy_minimal_publisher) StdoutLine: {'line': b'writing entry points to examples_rclpy_minimal_publisher.egg-info/entry_points.txt\n'}
[319.351938] (examples_rclpy_minimal_publisher) StdoutLine: {'line': b'writing requirements to examples_rclpy_minimal_publisher.egg-info/requires.txt\n'}
[319.352009] (examples_rclpy_minimal_publisher) StdoutLine: {'line': b'writing top-level names to examples_rclpy_minimal_publisher.egg-info/top_level.txt\n'}
[319.352078] (examples_rclpy_minimal_publisher) StdoutLine: {'line': b"writing manifest file 'examples_rclpy_minimal_publisher.egg-info/SOURCES.txt'\n"}
[319.361153] (examples_rclpy_minimal_publisher) StdoutLine: {'line': b"reading manifest file 'examples_rclpy_minimal_publisher.egg-info/SOURCES.txt'\n"}
[319.363418] (examples_rclpy_minimal_publisher) StdoutLine: {'line': b"writing manifest file 'examples_rclpy_minimal_publisher.egg-info/SOURCES.txt'\n"}
[319.365561] (examples_rclpy_minimal_publisher) StdoutLine: {'line': b'running build_ext\n'}
[319.367789] (examples_rclpy_minimal_publisher) StdoutLine: {'line': b'Creating /home/bryan/Workspace/ros2_ws/install/examples_rclpy_minimal_publisher/lib/python3.10/site-packages/examples-rclpy-minimal-publisher.egg-link (link to .)\n'}
[319.369081] (examples_rclpy_minimal_publisher) StdoutLine: {'line': b'Installing publisher_local_function script to /home/bryan/Workspace/ros2_ws/install/examples_rclpy_minimal_publisher/lib/examples_rclpy_minimal_publisher\n'}
[319.369410] (examples_rclpy_minimal_publisher) StdoutLine: {'line': b'Installing publisher_member_function script to /home/bryan/Workspace/ros2_ws/install/examples_rclpy_minimal_publisher/lib/examples_rclpy_minimal_publisher\n'}
[319.379009] (examples_rclpy_minimal_publisher) StdoutLine: {'line': b'Installing publisher_member_function_with_wait_for_all_acked script to /home/bryan/Workspace/ros2_ws/install/examples_rclpy_minimal_publisher/lib/examples_rclpy_minimal_publisher\n'}
[319.379194] (examples_rclpy_minimal_publisher) StdoutLine: {'line': b'Installing publisher_old_school script to /home/bryan/Workspace/ros2_ws/install/examples_rclpy_minimal_publisher/lib/examples_rclpy_minimal_publisher\n'}
[319.379279] (examples_rclpy_minimal_publisher) StdoutLine: {'line': b'\n'}
[319.379355] (examples_rclpy_minimal_publisher) StdoutLine: {'line': b'Installed /home/bryan/Workspace/ros2_ws/build/examples_rclpy_minimal_publisher\n'}
[319.379429] (examples_rclpy_minimal_publisher) StdoutLine: {'line': b'running symlink_data\n'}
[319.379503] (examples_rclpy_minimal_publisher) StdoutLine: {'line': b'creating /home/bryan/Workspace/ros2_ws/install/examples_rclpy_minimal_publisher/share/ament_index\n'}
[319.379581] (examples_rclpy_minimal_publisher) StdoutLine: {'line': b'creating /home/bryan/Workspace/ros2_ws/install/examples_rclpy_minimal_publisher/share/ament_index/resource_index\n'}
[319.379658] (examples_rclpy_minimal_publisher) StdoutLine: {'line': b'creating /home/bryan/Workspace/ros2_ws/install/examples_rclpy_minimal_publisher/share/ament_index/resource_index/packages\n'}
[319.379734] (examples_rclpy_minimal_publisher) StdoutLine: {'line': b'symbolically linking /home/bryan/Workspace/ros2_ws/build/examples_rclpy_minimal_publisher/resource/examples_rclpy_minimal_publisher -> /home/bryan/Workspace/ros2_ws/install/examples_rclpy_minimal_publisher/share/ament_index/resource_index/packages\n'}
[319.379848] (examples_rclpy_minimal_publisher) StdoutLine: {'line': b'symbolically linking /home/bryan/Workspace/ros2_ws/build/examples_rclpy_minimal_publisher/package.xml -> /home/bryan/Workspace/ros2_ws/install/examples_rclpy_minimal_publisher/share/examples_rclpy_minimal_publisher\n'}
[319.430663] (examples_rclpy_minimal_publisher) CommandEnded: {'returncode': 0}
[319.926609] (-) TimerEvent: {}
[319.931420] (examples_rclpy_minimal_publisher) JobEnded: {'identifier': 'examples_rclpy_minimal_publisher', 'rc': 0}
[319.935946] (examples_rclpy_minimal_service) JobStarted: {'identifier': 'examples_rclpy_minimal_service'}
[319.951332] (examples_rclcpp_minimal_subscriber) StdoutLine: {'line': b'[ 25%] Built target subscriber_member_function_with_type_adapter\n'}
[320.053135] (-) TimerEvent: {}
[320.081171] (examples_rclcpp_minimal_subscriber) StdoutLine: {'line': b'[ 29%] \x1b[32mBuilding CXX object CMakeFiles/subscriber_member_function_with_unique_network_flow_endpoints.dir/member_function_with_unique_network_flow_endpoints.cpp.o\x1b[0m\n'}
[320.319520] (-) TimerEvent: {}
[321.215093] (examples_rclpy_minimal_service) Command: {'cmd': ['/usr/bin/python3', '-W', 'ignore:setup.py install is deprecated', '-W', 'ignore:easy_install command is deprecated', 'setup.py', 'develop', '--editable', '--build-directory', '/home/bryan/Workspace/ros2_ws/build/examples_rclpy_minimal_service/build', '--no-deps', 'symlink_data'], 'cwd': '/home/bryan/Workspace/ros2_ws/build/examples_rclpy_minimal_service', 'env': {'LESSOPEN': '| /usr/bin/lesspipe %s', 'USER': 'bryan', 'XDG_SESSION_TYPE': 'wayland', 'SHLVL': '1', 'LD_LIBRARY_PATH': '/opt/ros/humble/opt/rviz_ogre_vendor/lib:/opt/ros/humble/lib/x86_64-linux-gnu:/opt/ros/humble/lib', 'HOME': '/home/bryan', 'OLDPWD': '/home/bryan/Workspace/ros2_ws/src/ros2_sumo-main', 'DESKTOP_SESSION': 'ubuntu', 'ROS_PYTHON_VERSION': '3', 'GNOME_SHELL_SESSION_MODE': 'ubuntu', 'GTK_MODULES': 'gail:atk-bridge', 'SYSTEMD_EXEC_PID': '1570', 'DBUS_SESSION_BUS_ADDRESS': 'unix:path=/run/user/1000/bus', 'COLORTERM': 'truecolor', 'IM_CONFIG_PHASE': '1', 'WAYLAND_DISPLAY': 'wayland-0', 'ROS_DISTRO': 'humble', 'LOGNAME': 'bryan', 'SUMO_HOME': '/usr/share/sumo/', '_': '/usr/bin/colcon', 'ROS_VERSION': '2', 'XDG_SESSION_CLASS': 'user', 'USERNAME': 'bryan', 'TERM': 'xterm-256color', 'GNOME_DESKTOP_SESSION_ID': 'this-is-deprecated', 'ROS_LOCALHOST_ONLY': '0', 'PATH': '/opt/ros/humble/bin:/usr/local/sbin:/usr/local/bin:/usr/sbin:/usr/bin:/sbin:/bin:/usr/games:/usr/local/games:/snap/bin:/snap/bin', 'SESSION_MANAGER': 'local/bryan-VirtualBox:@/tmp/.ICE-unix/1372,unix/bryan-VirtualBox:/tmp/.ICE-unix/1372', 'XDG_MENU_PREFIX': 'gnome-', 'GNOME_TERMINAL_SCREEN': '/org/gnome/Terminal/screen/71407a0b_323a_4971_8a7b_4147209295e5', 'GNOME_SETUP_DISPLAY': ':1', 'XDG_RUNTIME_DIR': '/run/user/1000', 'DISPLAY': ':0', 'LANG': 'en_US.UTF-8', 'XDG_CURRENT_DESKTOP': 'ubuntu:GNOME', 'XMODIFIERS': '@im=ibus', 'XDG_SESSION_DESKTOP': 'ubuntu', 'XAUTHORITY': '/run/user/1000/.mutter-Xwaylandauth.GH7FP3', 'LS_COLORS': 'rs=0:di=01;34:ln=01;36:mh=00:pi=40;33:so=01;35:do=01;35:bd=40;33;01:cd=40;33;01:or=40;31;01:mi=00:su=37;41:sg=30;43:ca=30;41:tw=30;42:ow=34;42:st=37;44:ex=01;32:*.tar=01;31:*.tgz=01;31:*.arc=01;31:*.arj=01;31:*.taz=01;31:*.lha=01;31:*.lz4=01;31:*.lzh=01;31:*.lzma=01;31:*.tlz=01;31:*.txz=01;31:*.tzo=01;31:*.t7z=01;31:*.zip=01;31:*.z=01;31:*.dz=01;31:*.gz=01;31:*.lrz=01;31:*.lz=01;31:*.lzo=01;31:*.xz=01;31:*.zst=01;31:*.tzst=01;31:*.bz2=01;31:*.bz=01;31:*.tbz=01;31:*.tbz2=01;31:*.tz=01;31:*.deb=01;31:*.rpm=01;31:*.jar=01;31:*.war=01;31:*.ear=01;31:*.sar=01;31:*.rar=01;31:*.alz=01;31:*.ace=01;31:*.zoo=01;31:*.cpio=01;31:*.7z=01;31:*.rz=01;31:*.cab=01;31:*.wim=01;31:*.swm=01;31:*.dwm=01;31:*.esd=01;31:*.jpg=01;35:*.jpeg=01;35:*.mjpg=01;35:*.mjpeg=01;35:*.gif=01;35:*.bmp=01;35:*.pbm=01;35:*.pgm=01;35:*.ppm=01;35:*.tga=01;35:*.xbm=01;35:*.xpm=01;35:*.tif=01;35:*.tiff=01;35:*.png=01;35:*.svg=01;35:*.svgz=01;35:*.mng=01;35:*.pcx=01;35:*.mov=01;35:*.mpg=01;35:*.mpeg=01;35:*.m2v=01;35:*.mkv=01;35:*.webm=01;35:*.webp=01;35:*.ogm=01;35:*.mp4=01;35:*.m4v=01;35:*.mp4v=01;35:*.vob=01;35:*.qt=01;35:*.nuv=01;35:*.wmv=01;35:*.asf=01;35:*.rm=01;35:*.rmvb=01;35:*.flc=01;35:*.avi=01;35:*.fli=01;35:*.flv=01;35:*.gl=01;35:*.dl=01;35:*.xcf=01;35:*.xwd=01;35:*.yuv=01;35:*.cgm=01;35:*.emf=01;35:*.ogv=01;35:*.ogx=01;35:*.aac=00;36:*.au=00;36:*.flac=00;36:*.m4a=00;36:*.mid=00;36:*.midi=00;36:*.mka=00;36:*.mp3=00;36:*.mpc=00;36:*.ogg=00;36:*.ra=00;36:*.wav=00;36:*.oga=00;36:*.opus=00;36:*.spx=00;36:*.xspf=00;36:', 'GNOME_TERMINAL_SERVICE': ':1.91', 'SSH_AGENT_LAUNCHER': 'gnome-keyring', 'SSH_AUTH_SOCK': '/run/user/1000/keyring/ssh', 'AMENT_PREFIX_PATH': '/opt/ros/humble', 'SHELL': '/bin/bash', 'QT_ACCESSIBILITY': '1', 'GDMSESSION': 'ubuntu', 'LESSCLOSE': '/usr/bin/lesspipe %s %s', 'QT_IM_MODULE': 'ibus', 'PWD': '/home/bryan/Workspace/ros2_ws/build/examples_rclpy_minimal_service', 'LC_ALL': 'en_US.UTF-8', 'XDG_CONFIG_DIRS': '/etc/xdg/xdg-ubuntu:/etc/xdg', 'XDG_DATA_DIRS': '/usr/share/ubuntu:/usr/local/share/:/usr/share/:/var/lib/snapd/desktop', 'PYTHONPATH': '/home/bryan/Workspace/ros2_ws/build/examples_rclpy_minimal_service/prefix_override:/usr/lib/python3/dist-packages/colcon_core/task/python/colcon_distutils_commands:/home/bryan/Workspace/ros2_ws/install/examples_rclpy_minimal_service/lib/python3.10/site-packages:/opt/ros/humble/lib/python3.10/site-packages:/opt/ros/humble/local/lib/python3.10/dist-packages', 'COLCON': '1', 'VTE_VERSION': '6800'}, 'shell': False}
[321.215841] (-) TimerEvent: {}
[321.429354] (examples_rclpy_minimal_service) StdoutLine: {'line': b'running develop\n'}
[321.429578] (-) TimerEvent: {}
[321.429825] (examples_rclpy_minimal_service) StdoutLine: {'line': b'running egg_info\n'}
[321.429947] (examples_rclpy_minimal_service) StdoutLine: {'line': b'creating examples_rclpy_minimal_service.egg-info\n'}
[321.430042] (examples_rclpy_minimal_service) StdoutLine: {'line': b'writing examples_rclpy_minimal_service.egg-info/PKG-INFO\n'}
[321.430129] (examples_rclpy_minimal_service) StdoutLine: {'line': b'writing dependency_links to examples_rclpy_minimal_service.egg-info/dependency_links.txt\n'}
[321.430241] (examples_rclpy_minimal_service) StdoutLine: {'line': b'writing entry points to examples_rclpy_minimal_service.egg-info/entry_points.txt\n'}
[321.430326] (examples_rclpy_minimal_service) StdoutLine: {'line': b'writing requirements to examples_rclpy_minimal_service.egg-info/requires.txt\n'}
[321.430408] (examples_rclpy_minimal_service) StdoutLine: {'line': b'writing top-level names to examples_rclpy_minimal_service.egg-info/top_level.txt\n'}
[321.430496] (examples_rclpy_minimal_service) StdoutLine: {'line': b"writing manifest file 'examples_rclpy_minimal_service.egg-info/SOURCES.txt'\n"}
[321.433169] (examples_rclpy_minimal_service) StdoutLine: {'line': b"reading manifest file 'examples_rclpy_minimal_service.egg-info/SOURCES.txt'\n"}
[321.435464] (examples_rclpy_minimal_service) StdoutLine: {'line': b"writing manifest file 'examples_rclpy_minimal_service.egg-info/SOURCES.txt'\n"}
[321.472508] (examples_rclpy_minimal_service) StdoutLine: {'line': b'running build_ext\n'}
[321.472678] (examples_rclpy_minimal_service) StdoutLine: {'line': b'Creating /home/bryan/Workspace/ros2_ws/install/examples_rclpy_minimal_service/lib/python3.10/site-packages/examples-rclpy-minimal-service.egg-link (link to .)\n'}
[321.521601] (examples_rclpy_minimal_service) StdoutLine: {'line': b'Installing service script to /home/bryan/Workspace/ros2_ws/install/examples_rclpy_minimal_service/lib/examples_rclpy_minimal_service\n'}
[321.521810] (examples_rclpy_minimal_service) StdoutLine: {'line': b'Installing service_member_function script to /home/bryan/Workspace/ros2_ws/install/examples_rclpy_minimal_service/lib/examples_rclpy_minimal_service\n'}
[321.521971] (examples_rclpy_minimal_service) StdoutLine: {'line': b'\n'}
[321.522111] (examples_rclpy_minimal_service) StdoutLine: {'line': b'Installed /home/bryan/Workspace/ros2_ws/build/examples_rclpy_minimal_service\n'}
[321.522244] (examples_rclpy_minimal_service) StdoutLine: {'line': b'running symlink_data\n'}
[321.522300] (examples_rclpy_minimal_service) StdoutLine: {'line': b'creating /home/bryan/Workspace/ros2_ws/install/examples_rclpy_minimal_service/share/ament_index\n'}
[321.522445] (examples_rclpy_minimal_service) StdoutLine: {'line': b'creating /home/bryan/Workspace/ros2_ws/install/examples_rclpy_minimal_service/share/ament_index/resource_index\n'}
[321.522584] (examples_rclpy_minimal_service) StdoutLine: {'line': b'creating /home/bryan/Workspace/ros2_ws/install/examples_rclpy_minimal_service/share/ament_index/resource_index/packages\n'}
[321.522639] (examples_rclpy_minimal_service) StdoutLine: {'line': b'symbolically linking /home/bryan/Workspace/ros2_ws/build/examples_rclpy_minimal_service/resource/examples_rclpy_minimal_service -> /home/bryan/Workspace/ros2_ws/install/examples_rclpy_minimal_service/share/ament_index/resource_index/packages\n'}
[321.522776] (examples_rclpy_minimal_service) StdoutLine: {'line': b'symbolically linking /home/bryan/Workspace/ros2_ws/build/examples_rclpy_minimal_service/package.xml -> /home/bryan/Workspace/ros2_ws/install/examples_rclpy_minimal_service/share/examples_rclpy_minimal_service\n'}
[321.530262] (examples_rclpy_minimal_service) CommandEnded: {'returncode': 0}
[321.530964] (-) TimerEvent: {}
[321.545034] (examples_rclpy_minimal_service) JobEnded: {'identifier': 'examples_rclpy_minimal_service', 'rc': 0}
[321.549169] (examples_rclpy_minimal_subscriber) JobStarted: {'identifier': 'examples_rclpy_minimal_subscriber'}
[322.313277] (-) TimerEvent: {}
[323.307715] (examples_rclpy_minimal_subscriber) Command: {'cmd': ['/usr/bin/python3', '-W', 'ignore:setup.py install is deprecated', '-W', 'ignore:easy_install command is deprecated', 'setup.py', 'develop', '--editable', '--build-directory', '/home/bryan/Workspace/ros2_ws/build/examples_rclpy_minimal_subscriber/build', '--no-deps', 'symlink_data'], 'cwd': '/home/bryan/Workspace/ros2_ws/build/examples_rclpy_minimal_subscriber', 'env': {'LESSOPEN': '| /usr/bin/lesspipe %s', 'USER': 'bryan', 'XDG_SESSION_TYPE': 'wayland', 'SHLVL': '1', 'LD_LIBRARY_PATH': '/opt/ros/humble/opt/rviz_ogre_vendor/lib:/opt/ros/humble/lib/x86_64-linux-gnu:/opt/ros/humble/lib', 'HOME': '/home/bryan', 'OLDPWD': '/home/bryan/Workspace/ros2_ws/src/ros2_sumo-main', 'DESKTOP_SESSION': 'ubuntu', 'ROS_PYTHON_VERSION': '3', 'GNOME_SHELL_SESSION_MODE': 'ubuntu', 'GTK_MODULES': 'gail:atk-bridge', 'SYSTEMD_EXEC_PID': '1570', 'DBUS_SESSION_BUS_ADDRESS': 'unix:path=/run/user/1000/bus', 'COLORTERM': 'truecolor', 'IM_CONFIG_PHASE': '1', 'WAYLAND_DISPLAY': 'wayland-0', 'ROS_DISTRO': 'humble', 'LOGNAME': 'bryan', 'SUMO_HOME': '/usr/share/sumo/', '_': '/usr/bin/colcon', 'ROS_VERSION': '2', 'XDG_SESSION_CLASS': 'user', 'USERNAME': 'bryan', 'TERM': 'xterm-256color', 'GNOME_DESKTOP_SESSION_ID': 'this-is-deprecated', 'ROS_LOCALHOST_ONLY': '0', 'PATH': '/opt/ros/humble/bin:/usr/local/sbin:/usr/local/bin:/usr/sbin:/usr/bin:/sbin:/bin:/usr/games:/usr/local/games:/snap/bin:/snap/bin', 'SESSION_MANAGER': 'local/bryan-VirtualBox:@/tmp/.ICE-unix/1372,unix/bryan-VirtualBox:/tmp/.ICE-unix/1372', 'XDG_MENU_PREFIX': 'gnome-', 'GNOME_TERMINAL_SCREEN': '/org/gnome/Terminal/screen/71407a0b_323a_4971_8a7b_4147209295e5', 'GNOME_SETUP_DISPLAY': ':1', 'XDG_RUNTIME_DIR': '/run/user/1000', 'DISPLAY': ':0', 'LANG': 'en_US.UTF-8', 'XDG_CURRENT_DESKTOP': 'ubuntu:GNOME', 'XMODIFIERS': '@im=ibus', 'XDG_SESSION_DESKTOP': 'ubuntu', 'XAUTHORITY': '/run/user/1000/.mutter-Xwaylandauth.GH7FP3', 'LS_COLORS': 'rs=0:di=01;34:ln=01;36:mh=00:pi=40;33:so=01;35:do=01;35:bd=40;33;01:cd=40;33;01:or=40;31;01:mi=00:su=37;41:sg=30;43:ca=30;41:tw=30;42:ow=34;42:st=37;44:ex=01;32:*.tar=01;31:*.tgz=01;31:*.arc=01;31:*.arj=01;31:*.taz=01;31:*.lha=01;31:*.lz4=01;31:*.lzh=01;31:*.lzma=01;31:*.tlz=01;31:*.txz=01;31:*.tzo=01;31:*.t7z=01;31:*.zip=01;31:*.z=01;31:*.dz=01;31:*.gz=01;31:*.lrz=01;31:*.lz=01;31:*.lzo=01;31:*.xz=01;31:*.zst=01;31:*.tzst=01;31:*.bz2=01;31:*.bz=01;31:*.tbz=01;31:*.tbz2=01;31:*.tz=01;31:*.deb=01;31:*.rpm=01;31:*.jar=01;31:*.war=01;31:*.ear=01;31:*.sar=01;31:*.rar=01;31:*.alz=01;31:*.ace=01;31:*.zoo=01;31:*.cpio=01;31:*.7z=01;31:*.rz=01;31:*.cab=01;31:*.wim=01;31:*.swm=01;31:*.dwm=01;31:*.esd=01;31:*.jpg=01;35:*.jpeg=01;35:*.mjpg=01;35:*.mjpeg=01;35:*.gif=01;35:*.bmp=01;35:*.pbm=01;35:*.pgm=01;35:*.ppm=01;35:*.tga=01;35:*.xbm=01;35:*.xpm=01;35:*.tif=01;35:*.tiff=01;35:*.png=01;35:*.svg=01;35:*.svgz=01;35:*.mng=01;35:*.pcx=01;35:*.mov=01;35:*.mpg=01;35:*.mpeg=01;35:*.m2v=01;35:*.mkv=01;35:*.webm=01;35:*.webp=01;35:*.ogm=01;35:*.mp4=01;35:*.m4v=01;35:*.mp4v=01;35:*.vob=01;35:*.qt=01;35:*.nuv=01;35:*.wmv=01;35:*.asf=01;35:*.rm=01;35:*.rmvb=01;35:*.flc=01;35:*.avi=01;35:*.fli=01;35:*.flv=01;35:*.gl=01;35:*.dl=01;35:*.xcf=01;35:*.xwd=01;35:*.yuv=01;35:*.cgm=01;35:*.emf=01;35:*.ogv=01;35:*.ogx=01;35:*.aac=00;36:*.au=00;36:*.flac=00;36:*.m4a=00;36:*.mid=00;36:*.midi=00;36:*.mka=00;36:*.mp3=00;36:*.mpc=00;36:*.ogg=00;36:*.ra=00;36:*.wav=00;36:*.oga=00;36:*.opus=00;36:*.spx=00;36:*.xspf=00;36:', 'GNOME_TERMINAL_SERVICE': ':1.91', 'SSH_AGENT_LAUNCHER': 'gnome-keyring', 'SSH_AUTH_SOCK': '/run/user/1000/keyring/ssh', 'AMENT_PREFIX_PATH': '/opt/ros/humble', 'SHELL': '/bin/bash', 'QT_ACCESSIBILITY': '1', 'GDMSESSION': 'ubuntu', 'LESSCLOSE': '/usr/bin/lesspipe %s %s', 'QT_IM_MODULE': 'ibus', 'PWD': '/home/bryan/Workspace/ros2_ws/build/examples_rclpy_minimal_subscriber', 'LC_ALL': 'en_US.UTF-8', 'XDG_CONFIG_DIRS': '/etc/xdg/xdg-ubuntu:/etc/xdg', 'XDG_DATA_DIRS': '/usr/share/ubuntu:/usr/local/share/:/usr/share/:/var/lib/snapd/desktop', 'PYTHONPATH': '/home/bryan/Workspace/ros2_ws/build/examples_rclpy_minimal_subscriber/prefix_override:/usr/lib/python3/dist-packages/colcon_core/task/python/colcon_distutils_commands:/home/bryan/Workspace/ros2_ws/install/examples_rclpy_minimal_subscriber/lib/python3.10/site-packages:/opt/ros/humble/lib/python3.10/site-packages:/opt/ros/humble/local/lib/python3.10/dist-packages', 'COLCON': '1', 'VTE_VERSION': '6800'}, 'shell': False}
[323.308860] (-) TimerEvent: {}
[323.409301] (-) TimerEvent: {}
[323.468242] (examples_rclpy_minimal_subscriber) StdoutLine: {'line': b'running develop\n'}
[323.659112] (examples_rclpy_minimal_subscriber) StdoutLine: {'line': b'running egg_info\n'}
[323.659345] (-) TimerEvent: {}
[323.660315] (examples_rclpy_minimal_subscriber) StdoutLine: {'line': b'creating examples_rclpy_minimal_subscriber.egg-info\n'}
[323.661034] (examples_rclpy_minimal_subscriber) StdoutLine: {'line': b'writing examples_rclpy_minimal_subscriber.egg-info/PKG-INFO\n'}
[323.662076] (examples_rclpy_minimal_subscriber) StdoutLine: {'line': b'writing dependency_links to examples_rclpy_minimal_subscriber.egg-info/dependency_links.txt\n'}
[323.662411] (examples_rclpy_minimal_subscriber) StdoutLine: {'line': b'writing entry points to examples_rclpy_minimal_subscriber.egg-info/entry_points.txt\n'}
[323.662877] (examples_rclpy_minimal_subscriber) StdoutLine: {'line': b'writing requirements to examples_rclpy_minimal_subscriber.egg-info/requires.txt\n'}
[323.663216] (examples_rclpy_minimal_subscriber) StdoutLine: {'line': b'writing top-level names to examples_rclpy_minimal_subscriber.egg-info/top_level.txt\n'}
[323.663771] (examples_rclpy_minimal_subscriber) StdoutLine: {'line': b"writing manifest file 'examples_rclpy_minimal_subscriber.egg-info/SOURCES.txt'\n"}
[323.670032] (examples_rclpy_minimal_subscriber) StdoutLine: {'line': b"reading manifest file 'examples_rclpy_minimal_subscriber.egg-info/SOURCES.txt'\n"}
[323.670241] (examples_rclpy_minimal_subscriber) StdoutLine: {'line': b"writing manifest file 'examples_rclpy_minimal_subscriber.egg-info/SOURCES.txt'\n"}
[323.672270] (examples_rclpy_minimal_subscriber) StdoutLine: {'line': b'running build_ext\n'}
[323.672746] (examples_rclpy_minimal_subscriber) StdoutLine: {'line': b'Creating /home/bryan/Workspace/ros2_ws/install/examples_rclpy_minimal_subscriber/lib/python3.10/site-packages/examples-rclpy-minimal-subscriber.egg-link (link to .)\n'}
[323.673882] (examples_rclpy_minimal_subscriber) StdoutLine: {'line': b'Installing subscriber_lambda script to /home/bryan/Workspace/ros2_ws/install/examples_rclpy_minimal_subscriber/lib/examples_rclpy_minimal_subscriber\n'}
[323.674274] (examples_rclpy_minimal_subscriber) StdoutLine: {'line': b'Installing subscriber_member_function script to /home/bryan/Workspace/ros2_ws/install/examples_rclpy_minimal_subscriber/lib/examples_rclpy_minimal_subscriber\n'}
[323.674533] (examples_rclpy_minimal_subscriber) StdoutLine: {'line': b'Installing subscriber_old_school script to /home/bryan/Workspace/ros2_ws/install/examples_rclpy_minimal_subscriber/lib/examples_rclpy_minimal_subscriber\n'}
[323.674940] (examples_rclpy_minimal_subscriber) StdoutLine: {'line': b'\n'}
[323.675058] (examples_rclpy_minimal_subscriber) StdoutLine: {'line': b'Installed /home/bryan/Workspace/ros2_ws/build/examples_rclpy_minimal_subscriber\n'}
[323.675355] (examples_rclpy_minimal_subscriber) StdoutLine: {'line': b'running symlink_data\n'}
[323.675464] (examples_rclpy_minimal_subscriber) StdoutLine: {'line': b'creating /home/bryan/Workspace/ros2_ws/install/examples_rclpy_minimal_subscriber/share/ament_index\n'}
[323.675670] (examples_rclpy_minimal_subscriber) StdoutLine: {'line': b'creating /home/bryan/Workspace/ros2_ws/install/examples_rclpy_minimal_subscriber/share/ament_index/resource_index\n'}
[323.675958] (examples_rclpy_minimal_subscriber) StdoutLine: {'line': b'creating /home/bryan/Workspace/ros2_ws/install/examples_rclpy_minimal_subscriber/share/ament_index/resource_index/packages\n'}
[323.676071] (examples_rclpy_minimal_subscriber) StdoutLine: {'line': b'symbolically linking /home/bryan/Workspace/ros2_ws/build/examples_rclpy_minimal_subscriber/resource/examples_rclpy_minimal_subscriber -> /home/bryan/Workspace/ros2_ws/install/examples_rclpy_minimal_subscriber/share/ament_index/resource_index/packages\n'}
[323.676289] (examples_rclpy_minimal_subscriber) StdoutLine: {'line': b'symbolically linking /home/bryan/Workspace/ros2_ws/build/examples_rclpy_minimal_subscriber/package.xml -> /home/bryan/Workspace/ros2_ws/install/examples_rclpy_minimal_subscriber/share/examples_rclpy_minimal_subscriber\n'}
[323.716852] (examples_rclpy_minimal_subscriber) CommandEnded: {'returncode': 0}
[323.727257] (examples_rclpy_minimal_subscriber) JobEnded: {'identifier': 'examples_rclpy_minimal_subscriber', 'rc': 0}
[323.729250] (examples_rclpy_pointcloud_publisher) JobStarted: {'identifier': 'examples_rclpy_pointcloud_publisher'}
[324.227461] (-) TimerEvent: {}
[324.329356] (-) TimerEvent: {}
[324.657181] (-) TimerEvent: {}
[325.041373] (examples_rclpy_pointcloud_publisher) Command: {'cmd': ['/usr/bin/python3', '-W', 'ignore:setup.py install is deprecated', '-W', 'ignore:easy_install command is deprecated', 'setup.py', 'develop', '--editable', '--build-directory', '/home/bryan/Workspace/ros2_ws/build/examples_rclpy_pointcloud_publisher/build', '--no-deps', 'symlink_data'], 'cwd': '/home/bryan/Workspace/ros2_ws/build/examples_rclpy_pointcloud_publisher', 'env': {'LESSOPEN': '| /usr/bin/lesspipe %s', 'USER': 'bryan', 'XDG_SESSION_TYPE': 'wayland', 'SHLVL': '1', 'LD_LIBRARY_PATH': '/opt/ros/humble/opt/rviz_ogre_vendor/lib:/opt/ros/humble/lib/x86_64-linux-gnu:/opt/ros/humble/lib', 'HOME': '/home/bryan', 'OLDPWD': '/home/bryan/Workspace/ros2_ws/src/ros2_sumo-main', 'DESKTOP_SESSION': 'ubuntu', 'ROS_PYTHON_VERSION': '3', 'GNOME_SHELL_SESSION_MODE': 'ubuntu', 'GTK_MODULES': 'gail:atk-bridge', 'SYSTEMD_EXEC_PID': '1570', 'DBUS_SESSION_BUS_ADDRESS': 'unix:path=/run/user/1000/bus', 'COLORTERM': 'truecolor', 'IM_CONFIG_PHASE': '1', 'WAYLAND_DISPLAY': 'wayland-0', 'ROS_DISTRO': 'humble', 'LOGNAME': 'bryan', 'SUMO_HOME': '/usr/share/sumo/', '_': '/usr/bin/colcon', 'ROS_VERSION': '2', 'XDG_SESSION_CLASS': 'user', 'USERNAME': 'bryan', 'TERM': 'xterm-256color', 'GNOME_DESKTOP_SESSION_ID': 'this-is-deprecated', 'ROS_LOCALHOST_ONLY': '0', 'PATH': '/opt/ros/humble/bin:/usr/local/sbin:/usr/local/bin:/usr/sbin:/usr/bin:/sbin:/bin:/usr/games:/usr/local/games:/snap/bin:/snap/bin', 'SESSION_MANAGER': 'local/bryan-VirtualBox:@/tmp/.ICE-unix/1372,unix/bryan-VirtualBox:/tmp/.ICE-unix/1372', 'XDG_MENU_PREFIX': 'gnome-', 'GNOME_TERMINAL_SCREEN': '/org/gnome/Terminal/screen/71407a0b_323a_4971_8a7b_4147209295e5', 'GNOME_SETUP_DISPLAY': ':1', 'XDG_RUNTIME_DIR': '/run/user/1000', 'DISPLAY': ':0', 'LANG': 'en_US.UTF-8', 'XDG_CURRENT_DESKTOP': 'ubuntu:GNOME', 'XMODIFIERS': '@im=ibus', 'XDG_SESSION_DESKTOP': 'ubuntu', 'XAUTHORITY': '/run/user/1000/.mutter-Xwaylandauth.GH7FP3', 'LS_COLORS': 'rs=0:di=01;34:ln=01;36:mh=00:pi=40;33:so=01;35:do=01;35:bd=40;33;01:cd=40;33;01:or=40;31;01:mi=00:su=37;41:sg=30;43:ca=30;41:tw=30;42:ow=34;42:st=37;44:ex=01;32:*.tar=01;31:*.tgz=01;31:*.arc=01;31:*.arj=01;31:*.taz=01;31:*.lha=01;31:*.lz4=01;31:*.lzh=01;31:*.lzma=01;31:*.tlz=01;31:*.txz=01;31:*.tzo=01;31:*.t7z=01;31:*.zip=01;31:*.z=01;31:*.dz=01;31:*.gz=01;31:*.lrz=01;31:*.lz=01;31:*.lzo=01;31:*.xz=01;31:*.zst=01;31:*.tzst=01;31:*.bz2=01;31:*.bz=01;31:*.tbz=01;31:*.tbz2=01;31:*.tz=01;31:*.deb=01;31:*.rpm=01;31:*.jar=01;31:*.war=01;31:*.ear=01;31:*.sar=01;31:*.rar=01;31:*.alz=01;31:*.ace=01;31:*.zoo=01;31:*.cpio=01;31:*.7z=01;31:*.rz=01;31:*.cab=01;31:*.wim=01;31:*.swm=01;31:*.dwm=01;31:*.esd=01;31:*.jpg=01;35:*.jpeg=01;35:*.mjpg=01;35:*.mjpeg=01;35:*.gif=01;35:*.bmp=01;35:*.pbm=01;35:*.pgm=01;35:*.ppm=01;35:*.tga=01;35:*.xbm=01;35:*.xpm=01;35:*.tif=01;35:*.tiff=01;35:*.png=01;35:*.svg=01;35:*.svgz=01;35:*.mng=01;35:*.pcx=01;35:*.mov=01;35:*.mpg=01;35:*.mpeg=01;35:*.m2v=01;35:*.mkv=01;35:*.webm=01;35:*.webp=01;35:*.ogm=01;35:*.mp4=01;35:*.m4v=01;35:*.mp4v=01;35:*.vob=01;35:*.qt=01;35:*.nuv=01;35:*.wmv=01;35:*.asf=01;35:*.rm=01;35:*.rmvb=01;35:*.flc=01;35:*.avi=01;35:*.fli=01;35:*.flv=01;35:*.gl=01;35:*.dl=01;35:*.xcf=01;35:*.xwd=01;35:*.yuv=01;35:*.cgm=01;35:*.emf=01;35:*.ogv=01;35:*.ogx=01;35:*.aac=00;36:*.au=00;36:*.flac=00;36:*.m4a=00;36:*.mid=00;36:*.midi=00;36:*.mka=00;36:*.mp3=00;36:*.mpc=00;36:*.ogg=00;36:*.ra=00;36:*.wav=00;36:*.oga=00;36:*.opus=00;36:*.spx=00;36:*.xspf=00;36:', 'GNOME_TERMINAL_SERVICE': ':1.91', 'SSH_AGENT_LAUNCHER': 'gnome-keyring', 'SSH_AUTH_SOCK': '/run/user/1000/keyring/ssh', 'AMENT_PREFIX_PATH': '/opt/ros/humble', 'SHELL': '/bin/bash', 'QT_ACCESSIBILITY': '1', 'GDMSESSION': 'ubuntu', 'LESSCLOSE': '/usr/bin/lesspipe %s %s', 'QT_IM_MODULE': 'ibus', 'PWD': '/home/bryan/Workspace/ros2_ws/build/examples_rclpy_pointcloud_publisher', 'LC_ALL': 'en_US.UTF-8', 'XDG_CONFIG_DIRS': '/etc/xdg/xdg-ubuntu:/etc/xdg', 'XDG_DATA_DIRS': '/usr/share/ubuntu:/usr/local/share/:/usr/share/:/var/lib/snapd/desktop', 'PYTHONPATH': '/home/bryan/Workspace/ros2_ws/build/examples_rclpy_pointcloud_publisher/prefix_override:/usr/lib/python3/dist-packages/colcon_core/task/python/colcon_distutils_commands:/home/bryan/Workspace/ros2_ws/install/examples_rclpy_pointcloud_publisher/lib/python3.10/site-packages:/opt/ros/humble/lib/python3.10/site-packages:/opt/ros/humble/local/lib/python3.10/dist-packages', 'COLCON': '1', 'VTE_VERSION': '6800'}, 'shell': False}
[325.042212] (-) TimerEvent: {}
[325.167383] (-) TimerEvent: {}
[325.183935] (examples_rclcpp_wait_set) StdoutLine: {'line': b'[ 16%] \x1b[32m\x1b[1mLinking CXX shared library liblistener.so\x1b[0m\n'}
[325.307127] (-) TimerEvent: {}
[325.360871] (examples_rclpy_pointcloud_publisher) StdoutLine: {'line': b'running develop\n'}
[325.552249] (examples_rclpy_pointcloud_publisher) StdoutLine: {'line': b'running egg_info\n'}
[325.552394] (-) TimerEvent: {}
[325.552929] (examples_rclpy_pointcloud_publisher) StdoutLine: {'line': b'creating examples_rclpy_pointcloud_publisher.egg-info\n'}
[325.553188] (examples_rclpy_pointcloud_publisher) StdoutLine: {'line': b'writing examples_rclpy_pointcloud_publisher.egg-info/PKG-INFO\n'}
[325.553367] (examples_rclpy_pointcloud_publisher) StdoutLine: {'line': b'writing dependency_links to examples_rclpy_pointcloud_publisher.egg-info/dependency_links.txt\n'}
[325.553733] (examples_rclpy_pointcloud_publisher) StdoutLine: {'line': b'writing entry points to examples_rclpy_pointcloud_publisher.egg-info/entry_points.txt\n'}
[325.553838] (examples_rclpy_pointcloud_publisher) StdoutLine: {'line': b'writing requirements to examples_rclpy_pointcloud_publisher.egg-info/requires.txt\n'}
[325.554156] (examples_rclpy_pointcloud_publisher) StdoutLine: {'line': b'writing top-level names to examples_rclpy_pointcloud_publisher.egg-info/top_level.txt\n'}
[325.554257] (examples_rclpy_pointcloud_publisher) StdoutLine: {'line': b"writing manifest file 'examples_rclpy_pointcloud_publisher.egg-info/SOURCES.txt'\n"}
[325.563357] (examples_rclpy_pointcloud_publisher) StdoutLine: {'line': b"reading manifest file 'examples_rclpy_pointcloud_publisher.egg-info/SOURCES.txt'\n"}
[325.563502] (examples_rclpy_pointcloud_publisher) StdoutLine: {'line': b"writing manifest file 'examples_rclpy_pointcloud_publisher.egg-info/SOURCES.txt'\n"}
[325.565611] (examples_rclpy_pointcloud_publisher) StdoutLine: {'line': b'running build_ext\n'}
[325.566014] (examples_rclpy_pointcloud_publisher) StdoutLine: {'line': b'Creating /home/bryan/Workspace/ros2_ws/install/examples_rclpy_pointcloud_publisher/lib/python3.10/site-packages/examples-rclpy-pointcloud-publisher.egg-link (link to .)\n'}
[325.567284] (examples_rclpy_pointcloud_publisher) StdoutLine: {'line': b'Installing pointcloud_publisher script to /home/bryan/Workspace/ros2_ws/install/examples_rclpy_pointcloud_publisher/lib/examples_rclpy_pointcloud_publisher\n'}
[325.567821] (examples_rclpy_pointcloud_publisher) StdoutLine: {'line': b'\n'}
[325.568273] (examples_rclpy_pointcloud_publisher) StdoutLine: {'line': b'Installed /home/bryan/Workspace/ros2_ws/build/examples_rclpy_pointcloud_publisher\n'}
[325.568545] (examples_rclpy_pointcloud_publisher) StdoutLine: {'line': b'running symlink_data\n'}
[325.568692] (examples_rclpy_pointcloud_publisher) StdoutLine: {'line': b'creating /home/bryan/Workspace/ros2_ws/install/examples_rclpy_pointcloud_publisher/share/ament_index\n'}
[325.569002] (examples_rclpy_pointcloud_publisher) StdoutLine: {'line': b'creating /home/bryan/Workspace/ros2_ws/install/examples_rclpy_pointcloud_publisher/share/ament_index/resource_index\n'}
[325.569110] (examples_rclpy_pointcloud_publisher) StdoutLine: {'line': b'creating /home/bryan/Workspace/ros2_ws/install/examples_rclpy_pointcloud_publisher/share/ament_index/resource_index/packages\n'}
[325.569456] (examples_rclpy_pointcloud_publisher) StdoutLine: {'line': b'symbolically linking /home/bryan/Workspace/ros2_ws/build/examples_rclpy_pointcloud_publisher/resource/examples_rclpy_pointcloud_publisher -> /home/bryan/Workspace/ros2_ws/install/examples_rclpy_pointcloud_publisher/share/ament_index/resource_index/packages\n'}
[325.569532] (examples_rclpy_pointcloud_publisher) StdoutLine: {'line': b'symbolically linking /home/bryan/Workspace/ros2_ws/build/examples_rclpy_pointcloud_publisher/package.xml -> /home/bryan/Workspace/ros2_ws/install/examples_rclpy_pointcloud_publisher/share/examples_rclpy_pointcloud_publisher\n'}
[325.608224] (examples_rclpy_pointcloud_publisher) CommandEnded: {'returncode': 0}
[325.616764] (examples_rclpy_pointcloud_publisher) JobEnded: {'identifier': 'examples_rclpy_pointcloud_publisher', 'rc': 0}
[325.617389] (first_package) JobStarted: {'identifier': 'first_package'}
[325.830815] (-) TimerEvent: {}
[325.851632] (examples_rclcpp_wait_set) StdoutLine: {'line': b'[ 16%] Built target listener\n'}
[325.905634] (examples_rclcpp_wait_set) StdoutLine: {'line': b'[ 20%] \x1b[32mBuilding CXX object CMakeFiles/wait_set_listener.dir/rclcpp_components/node_main_wait_set_listener.cpp.o\x1b[0m\n'}
[326.310294] (-) TimerEvent: {}
[326.589742] (first_package) Command: {'cmd': ['/usr/bin/python3', '-W', 'ignore:setup.py install is deprecated', '-W', 'ignore:easy_install command is deprecated', 'setup.py', 'develop', '--editable', '--build-directory', '/home/bryan/Workspace/ros2_ws/build/first_package/build', '--no-deps', 'symlink_data'], 'cwd': '/home/bryan/Workspace/ros2_ws/build/first_package', 'env': {'LESSOPEN': '| /usr/bin/lesspipe %s', 'USER': 'bryan', 'XDG_SESSION_TYPE': 'wayland', 'SHLVL': '1', 'LD_LIBRARY_PATH': '/opt/ros/humble/opt/rviz_ogre_vendor/lib:/opt/ros/humble/lib/x86_64-linux-gnu:/opt/ros/humble/lib', 'HOME': '/home/bryan', 'OLDPWD': '/home/bryan/Workspace/ros2_ws/src/ros2_sumo-main', 'DESKTOP_SESSION': 'ubuntu', 'ROS_PYTHON_VERSION': '3', 'GNOME_SHELL_SESSION_MODE': 'ubuntu', 'GTK_MODULES': 'gail:atk-bridge', 'SYSTEMD_EXEC_PID': '1570', 'DBUS_SESSION_BUS_ADDRESS': 'unix:path=/run/user/1000/bus', 'COLORTERM': 'truecolor', 'IM_CONFIG_PHASE': '1', 'WAYLAND_DISPLAY': 'wayland-0', 'ROS_DISTRO': 'humble', 'LOGNAME': 'bryan', 'SUMO_HOME': '/usr/share/sumo/', '_': '/usr/bin/colcon', 'ROS_VERSION': '2', 'XDG_SESSION_CLASS': 'user', 'USERNAME': 'bryan', 'TERM': 'xterm-256color', 'GNOME_DESKTOP_SESSION_ID': 'this-is-deprecated', 'ROS_LOCALHOST_ONLY': '0', 'PATH': '/opt/ros/humble/bin:/usr/local/sbin:/usr/local/bin:/usr/sbin:/usr/bin:/sbin:/bin:/usr/games:/usr/local/games:/snap/bin:/snap/bin', 'SESSION_MANAGER': 'local/bryan-VirtualBox:@/tmp/.ICE-unix/1372,unix/bryan-VirtualBox:/tmp/.ICE-unix/1372', 'XDG_MENU_PREFIX': 'gnome-', 'GNOME_TERMINAL_SCREEN': '/org/gnome/Terminal/screen/71407a0b_323a_4971_8a7b_4147209295e5', 'GNOME_SETUP_DISPLAY': ':1', 'XDG_RUNTIME_DIR': '/run/user/1000', 'DISPLAY': ':0', 'LANG': 'en_US.UTF-8', 'XDG_CURRENT_DESKTOP': 'ubuntu:GNOME', 'XMODIFIERS': '@im=ibus', 'XDG_SESSION_DESKTOP': 'ubuntu', 'XAUTHORITY': '/run/user/1000/.mutter-Xwaylandauth.GH7FP3', 'LS_COLORS': 'rs=0:di=01;34:ln=01;36:mh=00:pi=40;33:so=01;35:do=01;35:bd=40;33;01:cd=40;33;01:or=40;31;01:mi=00:su=37;41:sg=30;43:ca=30;41:tw=30;42:ow=34;42:st=37;44:ex=01;32:*.tar=01;31:*.tgz=01;31:*.arc=01;31:*.arj=01;31:*.taz=01;31:*.lha=01;31:*.lz4=01;31:*.lzh=01;31:*.lzma=01;31:*.tlz=01;31:*.txz=01;31:*.tzo=01;31:*.t7z=01;31:*.zip=01;31:*.z=01;31:*.dz=01;31:*.gz=01;31:*.lrz=01;31:*.lz=01;31:*.lzo=01;31:*.xz=01;31:*.zst=01;31:*.tzst=01;31:*.bz2=01;31:*.bz=01;31:*.tbz=01;31:*.tbz2=01;31:*.tz=01;31:*.deb=01;31:*.rpm=01;31:*.jar=01;31:*.war=01;31:*.ear=01;31:*.sar=01;31:*.rar=01;31:*.alz=01;31:*.ace=01;31:*.zoo=01;31:*.cpio=01;31:*.7z=01;31:*.rz=01;31:*.cab=01;31:*.wim=01;31:*.swm=01;31:*.dwm=01;31:*.esd=01;31:*.jpg=01;35:*.jpeg=01;35:*.mjpg=01;35:*.mjpeg=01;35:*.gif=01;35:*.bmp=01;35:*.pbm=01;35:*.pgm=01;35:*.ppm=01;35:*.tga=01;35:*.xbm=01;35:*.xpm=01;35:*.tif=01;35:*.tiff=01;35:*.png=01;35:*.svg=01;35:*.svgz=01;35:*.mng=01;35:*.pcx=01;35:*.mov=01;35:*.mpg=01;35:*.mpeg=01;35:*.m2v=01;35:*.mkv=01;35:*.webm=01;35:*.webp=01;35:*.ogm=01;35:*.mp4=01;35:*.m4v=01;35:*.mp4v=01;35:*.vob=01;35:*.qt=01;35:*.nuv=01;35:*.wmv=01;35:*.asf=01;35:*.rm=01;35:*.rmvb=01;35:*.flc=01;35:*.avi=01;35:*.fli=01;35:*.flv=01;35:*.gl=01;35:*.dl=01;35:*.xcf=01;35:*.xwd=01;35:*.yuv=01;35:*.cgm=01;35:*.emf=01;35:*.ogv=01;35:*.ogx=01;35:*.aac=00;36:*.au=00;36:*.flac=00;36:*.m4a=00;36:*.mid=00;36:*.midi=00;36:*.mka=00;36:*.mp3=00;36:*.mpc=00;36:*.ogg=00;36:*.ra=00;36:*.wav=00;36:*.oga=00;36:*.opus=00;36:*.spx=00;36:*.xspf=00;36:', 'GNOME_TERMINAL_SERVICE': ':1.91', 'SSH_AGENT_LAUNCHER': 'gnome-keyring', 'SSH_AUTH_SOCK': '/run/user/1000/keyring/ssh', 'AMENT_PREFIX_PATH': '/opt/ros/humble', 'SHELL': '/bin/bash', 'QT_ACCESSIBILITY': '1', 'GDMSESSION': 'ubuntu', 'LESSCLOSE': '/usr/bin/lesspipe %s %s', 'QT_IM_MODULE': 'ibus', 'PWD': '/home/bryan/Workspace/ros2_ws/build/first_package', 'LC_ALL': 'en_US.UTF-8', 'XDG_CONFIG_DIRS': '/etc/xdg/xdg-ubuntu:/etc/xdg', 'XDG_DATA_DIRS': '/usr/share/ubuntu:/usr/local/share/:/usr/share/:/var/lib/snapd/desktop', 'PYTHONPATH': '/home/bryan/Workspace/ros2_ws/build/first_package/prefix_override:/usr/lib/python3/dist-packages/colcon_core/task/python/colcon_distutils_commands:/home/bryan/Workspace/ros2_ws/install/first_package/lib/python3.10/site-packages:/opt/ros/humble/lib/python3.10/site-packages:/opt/ros/humble/local/lib/python3.10/dist-packages', 'COLCON': '1', 'VTE_VERSION': '6800'}, 'shell': False}
[326.590932] (-) TimerEvent: {}
[326.591866] (first_package) StdoutLine: {'line': b'running develop\n'}
[326.824577] (first_package) StdoutLine: {'line': b'running egg_info\n'}
[326.824869] (-) TimerEvent: {}
[326.825655] (first_package) StdoutLine: {'line': b'creating first_package.egg-info\n'}
[326.826294] (first_package) StdoutLine: {'line': b'writing first_package.egg-info/PKG-INFO\n'}
[326.826938] (first_package) StdoutLine: {'line': b'writing dependency_links to first_package.egg-info/dependency_links.txt\n'}
[326.827225] (first_package) StdoutLine: {'line': b'writing entry points to first_package.egg-info/entry_points.txt\n'}
[326.827545] (first_package) StdoutLine: {'line': b'writing requirements to first_package.egg-info/requires.txt\n'}
[326.827745] (first_package) StdoutLine: {'line': b'writing top-level names to first_package.egg-info/top_level.txt\n'}
[326.828269] (first_package) StdoutLine: {'line': b"writing manifest file 'first_package.egg-info/SOURCES.txt'\n"}
[326.830065] (first_package) StdoutLine: {'line': b"reading manifest file 'first_package.egg-info/SOURCES.txt'\n"}
[326.830840] (first_package) StdoutLine: {'line': b"writing manifest file 'first_package.egg-info/SOURCES.txt'\n"}
[326.833109] (first_package) StdoutLine: {'line': b'running build_ext\n'}
[326.833637] (first_package) StdoutLine: {'line': b'Creating /home/bryan/Workspace/ros2_ws/install/first_package/lib/python3.10/site-packages/first-package.egg-link (link to .)\n'}
[326.835236] (first_package) StdoutLine: {'line': b'\n'}
[326.835434] (first_package) StdoutLine: {'line': b'Installed /home/bryan/Workspace/ros2_ws/build/first_package\n'}
[326.835756] (first_package) StdoutLine: {'line': b'running symlink_data\n'}
[326.836241] (first_package) StdoutLine: {'line': b'creating /home/bryan/Workspace/ros2_ws/install/first_package/share/ament_index\n'}
[326.869933] (first_package) StdoutLine: {'line': b'creating /home/bryan/Workspace/ros2_ws/install/first_package/share/ament_index/resource_index\n'}
[326.870111] (first_package) StdoutLine: {'line': b'creating /home/bryan/Workspace/ros2_ws/install/first_package/share/ament_index/resource_index/packages\n'}
[326.870183] (first_package) StdoutLine: {'line': b'symbolically linking /home/bryan/Workspace/ros2_ws/build/first_package/resource/first_package -> /home/bryan/Workspace/ros2_ws/install/first_package/share/ament_index/resource_index/packages\n'}
[326.870265] (first_package) StdoutLine: {'line': b'symbolically linking /home/bryan/Workspace/ros2_ws/build/first_package/package.xml -> /home/bryan/Workspace/ros2_ws/install/first_package/share/first_package\n'}
[326.886405] (first_package) CommandEnded: {'returncode': 0}
[326.886907] (first_package) JobEnded: {'identifier': 'first_package', 'rc': 0}
[326.887497] (image_converter) JobStarted: {'identifier': 'image_converter'}
[327.237809] (-) TimerEvent: {}
[327.340881] (-) TimerEvent: {}
[327.598457] (-) TimerEvent: {}
[327.650544] (image_converter) Command: {'cmd': ['/usr/bin/python3', '-W', 'ignore:setup.py install is deprecated', '-W', 'ignore:easy_install command is deprecated', 'setup.py', 'develop', '--editable', '--build-directory', '/home/bryan/Workspace/ros2_ws/build/image_converter/build', '--no-deps', 'symlink_data'], 'cwd': '/home/bryan/Workspace/ros2_ws/build/image_converter', 'env': {'LESSOPEN': '| /usr/bin/lesspipe %s', 'USER': 'bryan', 'XDG_SESSION_TYPE': 'wayland', 'SHLVL': '1', 'LD_LIBRARY_PATH': '/opt/ros/humble/opt/rviz_ogre_vendor/lib:/opt/ros/humble/lib/x86_64-linux-gnu:/opt/ros/humble/lib', 'HOME': '/home/bryan', 'OLDPWD': '/home/bryan/Workspace/ros2_ws/src/ros2_sumo-main', 'DESKTOP_SESSION': 'ubuntu', 'ROS_PYTHON_VERSION': '3', 'GNOME_SHELL_SESSION_MODE': 'ubuntu', 'GTK_MODULES': 'gail:atk-bridge', 'SYSTEMD_EXEC_PID': '1570', 'DBUS_SESSION_BUS_ADDRESS': 'unix:path=/run/user/1000/bus', 'COLORTERM': 'truecolor', 'IM_CONFIG_PHASE': '1', 'WAYLAND_DISPLAY': 'wayland-0', 'ROS_DISTRO': 'humble', 'LOGNAME': 'bryan', 'SUMO_HOME': '/usr/share/sumo/', '_': '/usr/bin/colcon', 'ROS_VERSION': '2', 'XDG_SESSION_CLASS': 'user', 'USERNAME': 'bryan', 'TERM': 'xterm-256color', 'GNOME_DESKTOP_SESSION_ID': 'this-is-deprecated', 'ROS_LOCALHOST_ONLY': '0', 'PATH': '/opt/ros/humble/bin:/usr/local/sbin:/usr/local/bin:/usr/sbin:/usr/bin:/sbin:/bin:/usr/games:/usr/local/games:/snap/bin:/snap/bin', 'SESSION_MANAGER': 'local/bryan-VirtualBox:@/tmp/.ICE-unix/1372,unix/bryan-VirtualBox:/tmp/.ICE-unix/1372', 'XDG_MENU_PREFIX': 'gnome-', 'GNOME_TERMINAL_SCREEN': '/org/gnome/Terminal/screen/71407a0b_323a_4971_8a7b_4147209295e5', 'GNOME_SETUP_DISPLAY': ':1', 'XDG_RUNTIME_DIR': '/run/user/1000', 'DISPLAY': ':0', 'LANG': 'en_US.UTF-8', 'XDG_CURRENT_DESKTOP': 'ubuntu:GNOME', 'XMODIFIERS': '@im=ibus', 'XDG_SESSION_DESKTOP': 'ubuntu', 'XAUTHORITY': '/run/user/1000/.mutter-Xwaylandauth.GH7FP3', 'LS_COLORS': 'rs=0:di=01;34:ln=01;36:mh=00:pi=40;33:so=01;35:do=01;35:bd=40;33;01:cd=40;33;01:or=40;31;01:mi=00:su=37;41:sg=30;43:ca=30;41:tw=30;42:ow=34;42:st=37;44:ex=01;32:*.tar=01;31:*.tgz=01;31:*.arc=01;31:*.arj=01;31:*.taz=01;31:*.lha=01;31:*.lz4=01;31:*.lzh=01;31:*.lzma=01;31:*.tlz=01;31:*.txz=01;31:*.tzo=01;31:*.t7z=01;31:*.zip=01;31:*.z=01;31:*.dz=01;31:*.gz=01;31:*.lrz=01;31:*.lz=01;31:*.lzo=01;31:*.xz=01;31:*.zst=01;31:*.tzst=01;31:*.bz2=01;31:*.bz=01;31:*.tbz=01;31:*.tbz2=01;31:*.tz=01;31:*.deb=01;31:*.rpm=01;31:*.jar=01;31:*.war=01;31:*.ear=01;31:*.sar=01;31:*.rar=01;31:*.alz=01;31:*.ace=01;31:*.zoo=01;31:*.cpio=01;31:*.7z=01;31:*.rz=01;31:*.cab=01;31:*.wim=01;31:*.swm=01;31:*.dwm=01;31:*.esd=01;31:*.jpg=01;35:*.jpeg=01;35:*.mjpg=01;35:*.mjpeg=01;35:*.gif=01;35:*.bmp=01;35:*.pbm=01;35:*.pgm=01;35:*.ppm=01;35:*.tga=01;35:*.xbm=01;35:*.xpm=01;35:*.tif=01;35:*.tiff=01;35:*.png=01;35:*.svg=01;35:*.svgz=01;35:*.mng=01;35:*.pcx=01;35:*.mov=01;35:*.mpg=01;35:*.mpeg=01;35:*.m2v=01;35:*.mkv=01;35:*.webm=01;35:*.webp=01;35:*.ogm=01;35:*.mp4=01;35:*.m4v=01;35:*.mp4v=01;35:*.vob=01;35:*.qt=01;35:*.nuv=01;35:*.wmv=01;35:*.asf=01;35:*.rm=01;35:*.rmvb=01;35:*.flc=01;35:*.avi=01;35:*.fli=01;35:*.flv=01;35:*.gl=01;35:*.dl=01;35:*.xcf=01;35:*.xwd=01;35:*.yuv=01;35:*.cgm=01;35:*.emf=01;35:*.ogv=01;35:*.ogx=01;35:*.aac=00;36:*.au=00;36:*.flac=00;36:*.m4a=00;36:*.mid=00;36:*.midi=00;36:*.mka=00;36:*.mp3=00;36:*.mpc=00;36:*.ogg=00;36:*.ra=00;36:*.wav=00;36:*.oga=00;36:*.opus=00;36:*.spx=00;36:*.xspf=00;36:', 'GNOME_TERMINAL_SERVICE': ':1.91', 'SSH_AGENT_LAUNCHER': 'gnome-keyring', 'SSH_AUTH_SOCK': '/run/user/1000/keyring/ssh', 'AMENT_PREFIX_PATH': '/opt/ros/humble', 'SHELL': '/bin/bash', 'QT_ACCESSIBILITY': '1', 'GDMSESSION': 'ubuntu', 'LESSCLOSE': '/usr/bin/lesspipe %s %s', 'QT_IM_MODULE': 'ibus', 'PWD': '/home/bryan/Workspace/ros2_ws/build/image_converter', 'LC_ALL': 'en_US.UTF-8', 'XDG_CONFIG_DIRS': '/etc/xdg/xdg-ubuntu:/etc/xdg', 'XDG_DATA_DIRS': '/usr/share/ubuntu:/usr/local/share/:/usr/share/:/var/lib/snapd/desktop', 'PYTHONPATH': '/home/bryan/Workspace/ros2_ws/build/image_converter/prefix_override:/usr/lib/python3/dist-packages/colcon_core/task/python/colcon_distutils_commands:/home/bryan/Workspace/ros2_ws/install/image_converter/lib/python3.10/site-packages:/opt/ros/humble/lib/python3.10/site-packages:/opt/ros/humble/local/lib/python3.10/dist-packages', 'COLCON': '1', 'VTE_VERSION': '6800'}, 'shell': False}
[327.931884] (image_converter) StdoutLine: {'line': b'running develop\n'}
[327.932087] (-) TimerEvent: {}
[328.045949] (-) TimerEvent: {}
[328.149028] (-) TimerEvent: {}
[328.156481] (image_converter) StdoutLine: {'line': b'running egg_info\n'}
[328.156793] (image_converter) StdoutLine: {'line': b'creating image_converter.egg-info\n'}
[328.157156] (image_converter) StdoutLine: {'line': b'writing image_converter.egg-info/PKG-INFO\n'}
[328.157582] (image_converter) StdoutLine: {'line': b'writing dependency_links to image_converter.egg-info/dependency_links.txt\n'}
[328.157915] (image_converter) StdoutLine: {'line': b'writing entry points to image_converter.egg-info/entry_points.txt\n'}
[328.158217] (image_converter) StdoutLine: {'line': b'writing requirements to image_converter.egg-info/requires.txt\n'}
[328.158318] (image_converter) StdoutLine: {'line': b'writing top-level names to image_converter.egg-info/top_level.txt\n'}
[328.159397] (image_converter) StdoutLine: {'line': b"writing manifest file 'image_converter.egg-info/SOURCES.txt'\n"}
[328.160969] (image_converter) StdoutLine: {'line': b"reading manifest file 'image_converter.egg-info/SOURCES.txt'\n"}
[328.161773] (image_converter) StdoutLine: {'line': b"writing manifest file 'image_converter.egg-info/SOURCES.txt'\n"}
[328.164100] (image_converter) StdoutLine: {'line': b'running build_ext\n'}
[328.164301] (image_converter) StdoutLine: {'line': b'Creating /home/bryan/Workspace/ros2_ws/install/image_converter/lib/python3.10/site-packages/image-converter.egg-link (link to .)\n'}
[328.165580] (image_converter) StdoutLine: {'line': b'Installing image_converter_pkg script to /home/bryan/Workspace/ros2_ws/install/image_converter/lib/image_converter\n'}
[328.165690] (image_converter) StdoutLine: {'line': b'\n'}
[328.165784] (image_converter) StdoutLine: {'line': b'Installed /home/bryan/Workspace/ros2_ws/build/image_converter\n'}
[328.166015] (image_converter) StdoutLine: {'line': b'running symlink_data\n'}
[328.166234] (image_converter) StdoutLine: {'line': b'creating /home/bryan/Workspace/ros2_ws/install/image_converter/share/ament_index\n'}
[328.166400] (image_converter) StdoutLine: {'line': b'creating /home/bryan/Workspace/ros2_ws/install/image_converter/share/ament_index/resource_index\n'}
[328.166566] (image_converter) StdoutLine: {'line': b'creating /home/bryan/Workspace/ros2_ws/install/image_converter/share/ament_index/resource_index/packages\n'}
[328.166770] (image_converter) StdoutLine: {'line': b'symbolically linking /home/bryan/Workspace/ros2_ws/build/image_converter/resource/image_converter -> /home/bryan/Workspace/ros2_ws/install/image_converter/share/ament_index/resource_index/packages\n'}
[328.167035] (image_converter) StdoutLine: {'line': b'symbolically linking /home/bryan/Workspace/ros2_ws/build/image_converter/package.xml -> /home/bryan/Workspace/ros2_ws/install/image_converter/share/image_converter\n'}
[328.167252] (image_converter) StdoutLine: {'line': b'creating /home/bryan/Workspace/ros2_ws/install/image_converter/share/image_converter/launch\n'}
[328.167432] (image_converter) StdoutLine: {'line': b'symbolically linking /home/bryan/Workspace/ros2_ws/build/image_converter/launch/image_conversion_launch.py -> /home/bryan/Workspace/ros2_ws/install/image_converter/share/image_converter/launch\n'}
[328.202491] (image_converter) CommandEnded: {'returncode': 0}
[328.325940] (image_converter) JobEnded: {'identifier': 'image_converter', 'rc': 0}
[328.326657] (-) TimerEvent: {}
[328.326769] (launch_testing_examples) JobStarted: {'identifier': 'launch_testing_examples'}
[328.677777] (-) TimerEvent: {}
[329.308379] (-) TimerEvent: {}
[329.675058] (launch_testing_examples) Command: {'cmd': ['/usr/bin/python3', '-W', 'ignore:setup.py install is deprecated', '-W', 'ignore:easy_install command is deprecated', 'setup.py', 'develop', '--editable', '--build-directory', '/home/bryan/Workspace/ros2_ws/build/launch_testing_examples/build', '--no-deps', 'symlink_data'], 'cwd': '/home/bryan/Workspace/ros2_ws/build/launch_testing_examples', 'env': {'LESSOPEN': '| /usr/bin/lesspipe %s', 'USER': 'bryan', 'XDG_SESSION_TYPE': 'wayland', 'SHLVL': '1', 'LD_LIBRARY_PATH': '/opt/ros/humble/opt/rviz_ogre_vendor/lib:/opt/ros/humble/lib/x86_64-linux-gnu:/opt/ros/humble/lib', 'HOME': '/home/bryan', 'OLDPWD': '/home/bryan/Workspace/ros2_ws/src/ros2_sumo-main', 'DESKTOP_SESSION': 'ubuntu', 'ROS_PYTHON_VERSION': '3', 'GNOME_SHELL_SESSION_MODE': 'ubuntu', 'GTK_MODULES': 'gail:atk-bridge', 'SYSTEMD_EXEC_PID': '1570', 'DBUS_SESSION_BUS_ADDRESS': 'unix:path=/run/user/1000/bus', 'COLORTERM': 'truecolor', 'IM_CONFIG_PHASE': '1', 'WAYLAND_DISPLAY': 'wayland-0', 'ROS_DISTRO': 'humble', 'LOGNAME': 'bryan', 'SUMO_HOME': '/usr/share/sumo/', '_': '/usr/bin/colcon', 'ROS_VERSION': '2', 'XDG_SESSION_CLASS': 'user', 'USERNAME': 'bryan', 'TERM': 'xterm-256color', 'GNOME_DESKTOP_SESSION_ID': 'this-is-deprecated', 'ROS_LOCALHOST_ONLY': '0', 'PATH': '/opt/ros/humble/bin:/usr/local/sbin:/usr/local/bin:/usr/sbin:/usr/bin:/sbin:/bin:/usr/games:/usr/local/games:/snap/bin:/snap/bin', 'SESSION_MANAGER': 'local/bryan-VirtualBox:@/tmp/.ICE-unix/1372,unix/bryan-VirtualBox:/tmp/.ICE-unix/1372', 'XDG_MENU_PREFIX': 'gnome-', 'GNOME_TERMINAL_SCREEN': '/org/gnome/Terminal/screen/71407a0b_323a_4971_8a7b_4147209295e5', 'GNOME_SETUP_DISPLAY': ':1', 'XDG_RUNTIME_DIR': '/run/user/1000', 'DISPLAY': ':0', 'LANG': 'en_US.UTF-8', 'XDG_CURRENT_DESKTOP': 'ubuntu:GNOME', 'XMODIFIERS': '@im=ibus', 'XDG_SESSION_DESKTOP': 'ubuntu', 'XAUTHORITY': '/run/user/1000/.mutter-Xwaylandauth.GH7FP3', 'LS_COLORS': 'rs=0:di=01;34:ln=01;36:mh=00:pi=40;33:so=01;35:do=01;35:bd=40;33;01:cd=40;33;01:or=40;31;01:mi=00:su=37;41:sg=30;43:ca=30;41:tw=30;42:ow=34;42:st=37;44:ex=01;32:*.tar=01;31:*.tgz=01;31:*.arc=01;31:*.arj=01;31:*.taz=01;31:*.lha=01;31:*.lz4=01;31:*.lzh=01;31:*.lzma=01;31:*.tlz=01;31:*.txz=01;31:*.tzo=01;31:*.t7z=01;31:*.zip=01;31:*.z=01;31:*.dz=01;31:*.gz=01;31:*.lrz=01;31:*.lz=01;31:*.lzo=01;31:*.xz=01;31:*.zst=01;31:*.tzst=01;31:*.bz2=01;31:*.bz=01;31:*.tbz=01;31:*.tbz2=01;31:*.tz=01;31:*.deb=01;31:*.rpm=01;31:*.jar=01;31:*.war=01;31:*.ear=01;31:*.sar=01;31:*.rar=01;31:*.alz=01;31:*.ace=01;31:*.zoo=01;31:*.cpio=01;31:*.7z=01;31:*.rz=01;31:*.cab=01;31:*.wim=01;31:*.swm=01;31:*.dwm=01;31:*.esd=01;31:*.jpg=01;35:*.jpeg=01;35:*.mjpg=01;35:*.mjpeg=01;35:*.gif=01;35:*.bmp=01;35:*.pbm=01;35:*.pgm=01;35:*.ppm=01;35:*.tga=01;35:*.xbm=01;35:*.xpm=01;35:*.tif=01;35:*.tiff=01;35:*.png=01;35:*.svg=01;35:*.svgz=01;35:*.mng=01;35:*.pcx=01;35:*.mov=01;35:*.mpg=01;35:*.mpeg=01;35:*.m2v=01;35:*.mkv=01;35:*.webm=01;35:*.webp=01;35:*.ogm=01;35:*.mp4=01;35:*.m4v=01;35:*.mp4v=01;35:*.vob=01;35:*.qt=01;35:*.nuv=01;35:*.wmv=01;35:*.asf=01;35:*.rm=01;35:*.rmvb=01;35:*.flc=01;35:*.avi=01;35:*.fli=01;35:*.flv=01;35:*.gl=01;35:*.dl=01;35:*.xcf=01;35:*.xwd=01;35:*.yuv=01;35:*.cgm=01;35:*.emf=01;35:*.ogv=01;35:*.ogx=01;35:*.aac=00;36:*.au=00;36:*.flac=00;36:*.m4a=00;36:*.mid=00;36:*.midi=00;36:*.mka=00;36:*.mp3=00;36:*.mpc=00;36:*.ogg=00;36:*.ra=00;36:*.wav=00;36:*.oga=00;36:*.opus=00;36:*.spx=00;36:*.xspf=00;36:', 'GNOME_TERMINAL_SERVICE': ':1.91', 'SSH_AGENT_LAUNCHER': 'gnome-keyring', 'SSH_AUTH_SOCK': '/run/user/1000/keyring/ssh', 'AMENT_PREFIX_PATH': '/opt/ros/humble', 'SHELL': '/bin/bash', 'QT_ACCESSIBILITY': '1', 'GDMSESSION': 'ubuntu', 'LESSCLOSE': '/usr/bin/lesspipe %s %s', 'QT_IM_MODULE': 'ibus', 'PWD': '/home/bryan/Workspace/ros2_ws/build/launch_testing_examples', 'LC_ALL': 'en_US.UTF-8', 'XDG_CONFIG_DIRS': '/etc/xdg/xdg-ubuntu:/etc/xdg', 'XDG_DATA_DIRS': '/usr/share/ubuntu:/usr/local/share/:/usr/share/:/var/lib/snapd/desktop', 'PYTHONPATH': '/home/bryan/Workspace/ros2_ws/build/launch_testing_examples/prefix_override:/usr/lib/python3/dist-packages/colcon_core/task/python/colcon_distutils_commands:/home/bryan/Workspace/ros2_ws/install/launch_testing_examples/lib/python3.10/site-packages:/opt/ros/humble/lib/python3.10/site-packages:/opt/ros/humble/local/lib/python3.10/dist-packages', 'COLCON': '1', 'VTE_VERSION': '6800'}, 'shell': False}
[329.676816] (-) TimerEvent: {}
[330.341936] (-) TimerEvent: {}
[330.834337] (launch_testing_examples) StdoutLine: {'line': b'running develop\n'}
[330.834957] (-) TimerEvent: {}
[331.315510] (-) TimerEvent: {}
[331.577352] (launch_testing_examples) StdoutLine: {'line': b'running egg_info\n'}
[331.577893] (-) TimerEvent: {}
[331.579952] (launch_testing_examples) StdoutLine: {'line': b'creating launch_testing_examples.egg-info\n'}
[331.580689] (launch_testing_examples) StdoutLine: {'line': b'writing launch_testing_examples.egg-info/PKG-INFO\n'}
[331.583185] (launch_testing_examples) StdoutLine: {'line': b'writing dependency_links to launch_testing_examples.egg-info/dependency_links.txt\n'}
[331.583801] (launch_testing_examples) StdoutLine: {'line': b'writing entry points to launch_testing_examples.egg-info/entry_points.txt\n'}
[331.586473] (launch_testing_examples) StdoutLine: {'line': b'writing requirements to launch_testing_examples.egg-info/requires.txt\n'}
[331.588500] (launch_testing_examples) StdoutLine: {'line': b'writing top-level names to launch_testing_examples.egg-info/top_level.txt\n'}
[331.593547] (launch_testing_examples) StdoutLine: {'line': b"writing manifest file 'launch_testing_examples.egg-info/SOURCES.txt'\n"}
[331.612449] (launch_testing_examples) StdoutLine: {'line': b"reading manifest file 'launch_testing_examples.egg-info/SOURCES.txt'\n"}
[331.618585] (launch_testing_examples) StdoutLine: {'line': b"writing manifest file 'launch_testing_examples.egg-info/SOURCES.txt'\n"}
[331.622515] (launch_testing_examples) StdoutLine: {'line': b'running build_ext\n'}
[331.623980] (launch_testing_examples) StdoutLine: {'line': b'Creating /home/bryan/Workspace/ros2_ws/install/launch_testing_examples/lib/python3.10/site-packages/launch-testing-examples.egg-link (link to .)\n'}
[331.627129] (launch_testing_examples) StdoutLine: {'line': b'\n'}
[331.627818] (launch_testing_examples) StdoutLine: {'line': b'Installed /home/bryan/Workspace/ros2_ws/build/launch_testing_examples\n'}
[331.628464] (launch_testing_examples) StdoutLine: {'line': b'running symlink_data\n'}
[331.629746] (launch_testing_examples) StdoutLine: {'line': b'creating /home/bryan/Workspace/ros2_ws/install/launch_testing_examples/share/ament_index\n'}
[331.629993] (launch_testing_examples) StdoutLine: {'line': b'creating /home/bryan/Workspace/ros2_ws/install/launch_testing_examples/share/ament_index/resource_index\n'}
[331.630676] (launch_testing_examples) StdoutLine: {'line': b'creating /home/bryan/Workspace/ros2_ws/install/launch_testing_examples/share/ament_index/resource_index/packages\n'}
[331.631642] (launch_testing_examples) StdoutLine: {'line': b'symbolically linking /home/bryan/Workspace/ros2_ws/build/launch_testing_examples/resource/launch_testing_examples -> /home/bryan/Workspace/ros2_ws/install/launch_testing_examples/share/ament_index/resource_index/packages\n'}
[331.632000] (launch_testing_examples) StdoutLine: {'line': b'symbolically linking /home/bryan/Workspace/ros2_ws/build/launch_testing_examples/package.xml -> /home/bryan/Workspace/ros2_ws/install/launch_testing_examples/share/launch_testing_examples\n'}
[331.753982] (-) TimerEvent: {}
[331.778955] (launch_testing_examples) CommandEnded: {'returncode': 0}
[331.940367] (-) TimerEvent: {}
[332.022102] (launch_testing_examples) JobEnded: {'identifier': 'launch_testing_examples', 'rc': 0}
[332.026583] (ros2_sumo) JobStarted: {'identifier': 'ros2_sumo'}
[332.057252] (-) TimerEvent: {}
[332.315358] (-) TimerEvent: {}
[333.232775] (-) TimerEvent: {}
[333.342218] (-) TimerEvent: {}
[333.475828] (examples_rclcpp_wait_set) StdoutLine: {'line': b'[ 25%] \x1b[32m\x1b[1mLinking CXX executable wait_set_listener\x1b[0m\n'}
[333.476363] (-) TimerEvent: {}
[333.892844] (-) TimerEvent: {}
[333.952225] (examples_rclcpp_wait_set) StdoutLine: {'line': b'[ 25%] Built target wait_set_listener\n'}
[334.093605] (examples_rclcpp_wait_set) StdoutLine: {'line': b'[ 29%] \x1b[32mBuilding CXX object CMakeFiles/wait_set.dir/src/wait_set.cpp.o\x1b[0m\n'}
[334.094450] (-) TimerEvent: {}
[334.317964] (-) TimerEvent: {}
[334.583050] (-) TimerEvent: {}
[334.909964] (ros2_sumo) Command: {'cmd': ['/usr/bin/python3', '-W', 'ignore:setup.py install is deprecated', '-W', 'ignore:easy_install command is deprecated', 'setup.py', 'develop', '--editable', '--build-directory', '/home/bryan/Workspace/ros2_ws/build/ros2_sumo/build', '--no-deps', 'symlink_data'], 'cwd': '/home/bryan/Workspace/ros2_ws/build/ros2_sumo', 'env': {'LESSOPEN': '| /usr/bin/lesspipe %s', 'USER': 'bryan', 'XDG_SESSION_TYPE': 'wayland', 'SHLVL': '1', 'LD_LIBRARY_PATH': '/opt/ros/humble/opt/rviz_ogre_vendor/lib:/opt/ros/humble/lib/x86_64-linux-gnu:/opt/ros/humble/lib', 'HOME': '/home/bryan', 'OLDPWD': '/home/bryan/Workspace/ros2_ws/src/ros2_sumo-main', 'DESKTOP_SESSION': 'ubuntu', 'ROS_PYTHON_VERSION': '3', 'GNOME_SHELL_SESSION_MODE': 'ubuntu', 'GTK_MODULES': 'gail:atk-bridge', 'SYSTEMD_EXEC_PID': '1570', 'DBUS_SESSION_BUS_ADDRESS': 'unix:path=/run/user/1000/bus', 'COLORTERM': 'truecolor', 'IM_CONFIG_PHASE': '1', 'WAYLAND_DISPLAY': 'wayland-0', 'ROS_DISTRO': 'humble', 'LOGNAME': 'bryan', 'SUMO_HOME': '/usr/share/sumo/', '_': '/usr/bin/colcon', 'ROS_VERSION': '2', 'XDG_SESSION_CLASS': 'user', 'USERNAME': 'bryan', 'TERM': 'xterm-256color', 'GNOME_DESKTOP_SESSION_ID': 'this-is-deprecated', 'ROS_LOCALHOST_ONLY': '0', 'PATH': '/opt/ros/humble/bin:/usr/local/sbin:/usr/local/bin:/usr/sbin:/usr/bin:/sbin:/bin:/usr/games:/usr/local/games:/snap/bin:/snap/bin', 'SESSION_MANAGER': 'local/bryan-VirtualBox:@/tmp/.ICE-unix/1372,unix/bryan-VirtualBox:/tmp/.ICE-unix/1372', 'XDG_MENU_PREFIX': 'gnome-', 'GNOME_TERMINAL_SCREEN': '/org/gnome/Terminal/screen/71407a0b_323a_4971_8a7b_4147209295e5', 'GNOME_SETUP_DISPLAY': ':1', 'XDG_RUNTIME_DIR': '/run/user/1000', 'DISPLAY': ':0', 'LANG': 'en_US.UTF-8', 'XDG_CURRENT_DESKTOP': 'ubuntu:GNOME', 'XMODIFIERS': '@im=ibus', 'XDG_SESSION_DESKTOP': 'ubuntu', 'XAUTHORITY': '/run/user/1000/.mutter-Xwaylandauth.GH7FP3', 'LS_COLORS': 'rs=0:di=01;34:ln=01;36:mh=00:pi=40;33:so=01;35:do=01;35:bd=40;33;01:cd=40;33;01:or=40;31;01:mi=00:su=37;41:sg=30;43:ca=30;41:tw=30;42:ow=34;42:st=37;44:ex=01;32:*.tar=01;31:*.tgz=01;31:*.arc=01;31:*.arj=01;31:*.taz=01;31:*.lha=01;31:*.lz4=01;31:*.lzh=01;31:*.lzma=01;31:*.tlz=01;31:*.txz=01;31:*.tzo=01;31:*.t7z=01;31:*.zip=01;31:*.z=01;31:*.dz=01;31:*.gz=01;31:*.lrz=01;31:*.lz=01;31:*.lzo=01;31:*.xz=01;31:*.zst=01;31:*.tzst=01;31:*.bz2=01;31:*.bz=01;31:*.tbz=01;31:*.tbz2=01;31:*.tz=01;31:*.deb=01;31:*.rpm=01;31:*.jar=01;31:*.war=01;31:*.ear=01;31:*.sar=01;31:*.rar=01;31:*.alz=01;31:*.ace=01;31:*.zoo=01;31:*.cpio=01;31:*.7z=01;31:*.rz=01;31:*.cab=01;31:*.wim=01;31:*.swm=01;31:*.dwm=01;31:*.esd=01;31:*.jpg=01;35:*.jpeg=01;35:*.mjpg=01;35:*.mjpeg=01;35:*.gif=01;35:*.bmp=01;35:*.pbm=01;35:*.pgm=01;35:*.ppm=01;35:*.tga=01;35:*.xbm=01;35:*.xpm=01;35:*.tif=01;35:*.tiff=01;35:*.png=01;35:*.svg=01;35:*.svgz=01;35:*.mng=01;35:*.pcx=01;35:*.mov=01;35:*.mpg=01;35:*.mpeg=01;35:*.m2v=01;35:*.mkv=01;35:*.webm=01;35:*.webp=01;35:*.ogm=01;35:*.mp4=01;35:*.m4v=01;35:*.mp4v=01;35:*.vob=01;35:*.qt=01;35:*.nuv=01;35:*.wmv=01;35:*.asf=01;35:*.rm=01;35:*.rmvb=01;35:*.flc=01;35:*.avi=01;35:*.fli=01;35:*.flv=01;35:*.gl=01;35:*.dl=01;35:*.xcf=01;35:*.xwd=01;35:*.yuv=01;35:*.cgm=01;35:*.emf=01;35:*.ogv=01;35:*.ogx=01;35:*.aac=00;36:*.au=00;36:*.flac=00;36:*.m4a=00;36:*.mid=00;36:*.midi=00;36:*.mka=00;36:*.mp3=00;36:*.mpc=00;36:*.ogg=00;36:*.ra=00;36:*.wav=00;36:*.oga=00;36:*.opus=00;36:*.spx=00;36:*.xspf=00;36:', 'GNOME_TERMINAL_SERVICE': ':1.91', 'SSH_AGENT_LAUNCHER': 'gnome-keyring', 'SSH_AUTH_SOCK': '/run/user/1000/keyring/ssh', 'AMENT_PREFIX_PATH': '/opt/ros/humble', 'SHELL': '/bin/bash', 'QT_ACCESSIBILITY': '1', 'GDMSESSION': 'ubuntu', 'LESSCLOSE': '/usr/bin/lesspipe %s %s', 'QT_IM_MODULE': 'ibus', 'PWD': '/home/bryan/Workspace/ros2_ws/build/ros2_sumo', 'LC_ALL': 'en_US.UTF-8', 'XDG_CONFIG_DIRS': '/etc/xdg/xdg-ubuntu:/etc/xdg', 'XDG_DATA_DIRS': '/usr/share/ubuntu:/usr/local/share/:/usr/share/:/var/lib/snapd/desktop', 'PYTHONPATH': '/home/bryan/Workspace/ros2_ws/build/ros2_sumo/prefix_override:/usr/lib/python3/dist-packages/colcon_core/task/python/colcon_distutils_commands:/home/bryan/Workspace/ros2_ws/install/ros2_sumo/lib/python3.10/site-packages:/opt/ros/humble/lib/python3.10/site-packages:/opt/ros/humble/local/lib/python3.10/dist-packages', 'COLCON': '1', 'VTE_VERSION': '6800'}, 'shell': False}
[334.929376] (-) TimerEvent: {}
[335.321965] (-) TimerEvent: {}
[335.573780] (-) TimerEvent: {}
[335.676552] (-) TimerEvent: {}
[336.215996] (ros2_sumo) StdoutLine: {'line': b'running develop\n'}
[336.216781] (-) TimerEvent: {}
[336.824135] (ros2_sumo) StdoutLine: {'line': b'running egg_info\n'}
[336.824693] (-) TimerEvent: {}
[336.828013] (ros2_sumo) StdoutLine: {'line': b'creating ros2_sumo.egg-info\n'}
[336.829064] (ros2_sumo) StdoutLine: {'line': b'writing ros2_sumo.egg-info/PKG-INFO\n'}
[336.829439] (ros2_sumo) StdoutLine: {'line': b'writing dependency_links to ros2_sumo.egg-info/dependency_links.txt\n'}
[336.829621] (ros2_sumo) StdoutLine: {'line': b'writing entry points to ros2_sumo.egg-info/entry_points.txt\n'}
[336.836079] (ros2_sumo) StdoutLine: {'line': b'writing requirements to ros2_sumo.egg-info/requires.txt\n'}
[336.836347] (ros2_sumo) StdoutLine: {'line': b'writing top-level names to ros2_sumo.egg-info/top_level.txt\n'}
[336.836640] (ros2_sumo) StdoutLine: {'line': b"writing manifest file 'ros2_sumo.egg-info/SOURCES.txt'\n"}
[336.837292] (ros2_sumo) StdoutLine: {'line': b"reading manifest file 'ros2_sumo.egg-info/SOURCES.txt'\n"}
[336.842483] (ros2_sumo) StdoutLine: {'line': b"writing manifest file 'ros2_sumo.egg-info/SOURCES.txt'\n"}
[336.851646] (ros2_sumo) StdoutLine: {'line': b'running build_ext\n'}
[336.854097] (ros2_sumo) StdoutLine: {'line': b'Creating /home/bryan/Workspace/ros2_ws/install/ros2_sumo/lib/python3.10/site-packages/ros2-sumo.egg-link (link to .)\n'}
[336.859166] (ros2_sumo) StdoutLine: {'line': b'Installing arduino_read_write script to /home/bryan/Workspace/ros2_ws/install/ros2_sumo/lib/ros2_sumo\n'}
[336.859818] (ros2_sumo) StdoutLine: {'line': b'Installing multi_sim_publisher script to /home/bryan/Workspace/ros2_ws/install/ros2_sumo/lib/ros2_sumo\n'}
[336.963374] (ros2_sumo) StdoutLine: {'line': b'Installing traffic_lights_publisher script to /home/bryan/Workspace/ros2_ws/install/ros2_sumo/lib/ros2_sumo\n'}
[336.966452] (-) TimerEvent: {}
[336.971193] (ros2_sumo) StdoutLine: {'line': b'Installing vehicle_publisher script to /home/bryan/Workspace/ros2_ws/install/ros2_sumo/lib/ros2_sumo\n'}
[336.972924] (ros2_sumo) StdoutLine: {'line': b'\n'}
[336.973263] (ros2_sumo) StdoutLine: {'line': b'Installed /home/bryan/Workspace/ros2_ws/build/ros2_sumo\n'}
[336.973546] (ros2_sumo) StdoutLine: {'line': b'running symlink_data\n'}
[336.973958] (ros2_sumo) StdoutLine: {'line': b'creating /home/bryan/Workspace/ros2_ws/install/ros2_sumo/share/ament_index\n'}
[336.974293] (ros2_sumo) StdoutLine: {'line': b'creating /home/bryan/Workspace/ros2_ws/install/ros2_sumo/share/ament_index/resource_index\n'}
[336.974595] (ros2_sumo) StdoutLine: {'line': b'creating /home/bryan/Workspace/ros2_ws/install/ros2_sumo/share/ament_index/resource_index/packages\n'}
[336.974801] (ros2_sumo) StdoutLine: {'line': b'symbolically linking /home/bryan/Workspace/ros2_ws/build/ros2_sumo/resource/ros2_sumo -> /home/bryan/Workspace/ros2_ws/install/ros2_sumo/share/ament_index/resource_index/packages\n'}
[336.974970] (ros2_sumo) StdoutLine: {'line': b'symbolically linking /home/bryan/Workspace/ros2_ws/build/ros2_sumo/package.xml -> /home/bryan/Workspace/ros2_ws/install/ros2_sumo/share/ros2_sumo\n'}
[336.975120] (ros2_sumo) StdoutLine: {'line': b'creating /home/bryan/Workspace/ros2_ws/install/ros2_sumo/share/ros2_sumo/launch\n'}
[336.975264] (ros2_sumo) StdoutLine: {'line': b'symbolically linking /home/bryan/Workspace/ros2_ws/build/ros2_sumo/launch/vehicle_publisher_with_rviz2_launch.py -> /home/bryan/Workspace/ros2_ws/install/ros2_sumo/share/ros2_sumo/launch\n'}
[336.975405] (ros2_sumo) StdoutLine: {'line': b'creating /home/bryan/Workspace/ros2_ws/install/ros2_sumo/share/ros2_sumo/config\n'}
[336.975556] (ros2_sumo) StdoutLine: {'line': b'symbolically linking /home/bryan/Workspace/ros2_ws/build/ros2_sumo/config/vehicle_publisher_rviz_config.rviz -> /home/bryan/Workspace/ros2_ws/install/ros2_sumo/share/ros2_sumo/config\n'}
[336.975698] (ros2_sumo) StdoutLine: {'line': b'creating /home/bryan/Workspace/ros2_ws/install/ros2_sumo/share/ros2_sumo/scenarios\n'}
[336.979729] (ros2_sumo) CommandEnded: {'returncode': 0}
[337.058483] (ros2_sumo) JobEnded: {'identifier': 'ros2_sumo', 'rc': 0}
[337.069430] (-) TimerEvent: {}
[337.070481] (sprint2) JobStarted: {'identifier': 'sprint2'}
[337.317654] (-) TimerEvent: {}
[337.649061] (-) TimerEvent: {}
[337.661365] (examples_rclcpp_minimal_subscriber) StdoutLine: {'line': b'[ 33%] \x1b[32m\x1b[1mLinking CXX executable subscriber_member_function_with_unique_network_flow_endpoints\x1b[0m\n'}
[337.749994] (-) TimerEvent: {}
[338.309127] (-) TimerEvent: {}
[339.314540] (-) TimerEvent: {}
[339.423071] (-) TimerEvent: {}
[339.467395] (examples_rclcpp_minimal_subscriber) StdoutLine: {'line': b'[ 33%] Built target subscriber_member_function_with_unique_network_flow_endpoints\n'}
[339.524068] (-) TimerEvent: {}
[339.636048] (-) TimerEvent: {}
[339.671296] (examples_rclcpp_minimal_subscriber) StdoutLine: {'line': b'[ 37%] \x1b[32mBuilding CXX object CMakeFiles/subscriber_not_composable.dir/not_composable.cpp.o\x1b[0m\n'}
[339.740825] (-) TimerEvent: {}
[340.122707] (-) TimerEvent: {}
[340.317141] (sprint2) Command: {'cmd': ['/usr/bin/python3', '-W', 'ignore:setup.py install is deprecated', '-W', 'ignore:easy_install command is deprecated', 'setup.py', 'develop', '--editable', '--build-directory', '/home/bryan/Workspace/ros2_ws/build/sprint2/build', '--no-deps', 'symlink_data'], 'cwd': '/home/bryan/Workspace/ros2_ws/build/sprint2', 'env': {'LESSOPEN': '| /usr/bin/lesspipe %s', 'USER': 'bryan', 'XDG_SESSION_TYPE': 'wayland', 'SHLVL': '1', 'LD_LIBRARY_PATH': '/opt/ros/humble/opt/rviz_ogre_vendor/lib:/opt/ros/humble/lib/x86_64-linux-gnu:/opt/ros/humble/lib', 'HOME': '/home/bryan', 'OLDPWD': '/home/bryan/Workspace/ros2_ws/src/ros2_sumo-main', 'DESKTOP_SESSION': 'ubuntu', 'ROS_PYTHON_VERSION': '3', 'GNOME_SHELL_SESSION_MODE': 'ubuntu', 'GTK_MODULES': 'gail:atk-bridge', 'SYSTEMD_EXEC_PID': '1570', 'DBUS_SESSION_BUS_ADDRESS': 'unix:path=/run/user/1000/bus', 'COLORTERM': 'truecolor', 'IM_CONFIG_PHASE': '1', 'WAYLAND_DISPLAY': 'wayland-0', 'ROS_DISTRO': 'humble', 'LOGNAME': 'bryan', 'SUMO_HOME': '/usr/share/sumo/', '_': '/usr/bin/colcon', 'ROS_VERSION': '2', 'XDG_SESSION_CLASS': 'user', 'USERNAME': 'bryan', 'TERM': 'xterm-256color', 'GNOME_DESKTOP_SESSION_ID': 'this-is-deprecated', 'ROS_LOCALHOST_ONLY': '0', 'PATH': '/opt/ros/humble/bin:/usr/local/sbin:/usr/local/bin:/usr/sbin:/usr/bin:/sbin:/bin:/usr/games:/usr/local/games:/snap/bin:/snap/bin', 'SESSION_MANAGER': 'local/bryan-VirtualBox:@/tmp/.ICE-unix/1372,unix/bryan-VirtualBox:/tmp/.ICE-unix/1372', 'XDG_MENU_PREFIX': 'gnome-', 'GNOME_TERMINAL_SCREEN': '/org/gnome/Terminal/screen/71407a0b_323a_4971_8a7b_4147209295e5', 'GNOME_SETUP_DISPLAY': ':1', 'XDG_RUNTIME_DIR': '/run/user/1000', 'DISPLAY': ':0', 'LANG': 'en_US.UTF-8', 'XDG_CURRENT_DESKTOP': 'ubuntu:GNOME', 'XMODIFIERS': '@im=ibus', 'XDG_SESSION_DESKTOP': 'ubuntu', 'XAUTHORITY': '/run/user/1000/.mutter-Xwaylandauth.GH7FP3', 'LS_COLORS': 'rs=0:di=01;34:ln=01;36:mh=00:pi=40;33:so=01;35:do=01;35:bd=40;33;01:cd=40;33;01:or=40;31;01:mi=00:su=37;41:sg=30;43:ca=30;41:tw=30;42:ow=34;42:st=37;44:ex=01;32:*.tar=01;31:*.tgz=01;31:*.arc=01;31:*.arj=01;31:*.taz=01;31:*.lha=01;31:*.lz4=01;31:*.lzh=01;31:*.lzma=01;31:*.tlz=01;31:*.txz=01;31:*.tzo=01;31:*.t7z=01;31:*.zip=01;31:*.z=01;31:*.dz=01;31:*.gz=01;31:*.lrz=01;31:*.lz=01;31:*.lzo=01;31:*.xz=01;31:*.zst=01;31:*.tzst=01;31:*.bz2=01;31:*.bz=01;31:*.tbz=01;31:*.tbz2=01;31:*.tz=01;31:*.deb=01;31:*.rpm=01;31:*.jar=01;31:*.war=01;31:*.ear=01;31:*.sar=01;31:*.rar=01;31:*.alz=01;31:*.ace=01;31:*.zoo=01;31:*.cpio=01;31:*.7z=01;31:*.rz=01;31:*.cab=01;31:*.wim=01;31:*.swm=01;31:*.dwm=01;31:*.esd=01;31:*.jpg=01;35:*.jpeg=01;35:*.mjpg=01;35:*.mjpeg=01;35:*.gif=01;35:*.bmp=01;35:*.pbm=01;35:*.pgm=01;35:*.ppm=01;35:*.tga=01;35:*.xbm=01;35:*.xpm=01;35:*.tif=01;35:*.tiff=01;35:*.png=01;35:*.svg=01;35:*.svgz=01;35:*.mng=01;35:*.pcx=01;35:*.mov=01;35:*.mpg=01;35:*.mpeg=01;35:*.m2v=01;35:*.mkv=01;35:*.webm=01;35:*.webp=01;35:*.ogm=01;35:*.mp4=01;35:*.m4v=01;35:*.mp4v=01;35:*.vob=01;35:*.qt=01;35:*.nuv=01;35:*.wmv=01;35:*.asf=01;35:*.rm=01;35:*.rmvb=01;35:*.flc=01;35:*.avi=01;35:*.fli=01;35:*.flv=01;35:*.gl=01;35:*.dl=01;35:*.xcf=01;35:*.xwd=01;35:*.yuv=01;35:*.cgm=01;35:*.emf=01;35:*.ogv=01;35:*.ogx=01;35:*.aac=00;36:*.au=00;36:*.flac=00;36:*.m4a=00;36:*.mid=00;36:*.midi=00;36:*.mka=00;36:*.mp3=00;36:*.mpc=00;36:*.ogg=00;36:*.ra=00;36:*.wav=00;36:*.oga=00;36:*.opus=00;36:*.spx=00;36:*.xspf=00;36:', 'GNOME_TERMINAL_SERVICE': ':1.91', 'SSH_AGENT_LAUNCHER': 'gnome-keyring', 'SSH_AUTH_SOCK': '/run/user/1000/keyring/ssh', 'AMENT_PREFIX_PATH': '/opt/ros/humble', 'SHELL': '/bin/bash', 'QT_ACCESSIBILITY': '1', 'GDMSESSION': 'ubuntu', 'LESSCLOSE': '/usr/bin/lesspipe %s %s', 'QT_IM_MODULE': 'ibus', 'PWD': '/home/bryan/Workspace/ros2_ws/build/sprint2', 'LC_ALL': 'en_US.UTF-8', 'XDG_CONFIG_DIRS': '/etc/xdg/xdg-ubuntu:/etc/xdg', 'XDG_DATA_DIRS': '/usr/share/ubuntu:/usr/local/share/:/usr/share/:/var/lib/snapd/desktop', 'PYTHONPATH': '/home/bryan/Workspace/ros2_ws/build/sprint2/prefix_override:/usr/lib/python3/dist-packages/colcon_core/task/python/colcon_distutils_commands:/home/bryan/Workspace/ros2_ws/install/sprint2/lib/python3.10/site-packages:/opt/ros/humble/lib/python3.10/site-packages:/opt/ros/humble/local/lib/python3.10/dist-packages', 'COLCON': '1', 'VTE_VERSION': '6800'}, 'shell': False}
[340.319012] (-) TimerEvent: {}
[341.307275] (-) TimerEvent: {}
[341.376145] (sprint2) StdoutLine: {'line': b'running develop\n'}
[342.198274] (sprint2) StdoutLine: {'line': b'running egg_info\n'}
[342.198843] (-) TimerEvent: {}
[342.200005] (sprint2) StdoutLine: {'line': b'creating sprint2.egg-info\n'}
[342.202337] (sprint2) StdoutLine: {'line': b'writing sprint2.egg-info/PKG-INFO\n'}
[342.202712] (sprint2) StdoutLine: {'line': b'writing dependency_links to sprint2.egg-info/dependency_links.txt\n'}
[342.203125] (sprint2) StdoutLine: {'line': b'writing entry points to sprint2.egg-info/entry_points.txt\n'}
[342.203439] (sprint2) StdoutLine: {'line': b'writing requirements to sprint2.egg-info/requires.txt\n'}
[342.203737] (sprint2) StdoutLine: {'line': b'writing top-level names to sprint2.egg-info/top_level.txt\n'}
[342.204015] (sprint2) StdoutLine: {'line': b"writing manifest file 'sprint2.egg-info/SOURCES.txt'\n"}
[342.204302] (sprint2) StdoutLine: {'line': b"reading manifest file 'sprint2.egg-info/SOURCES.txt'\n"}
[342.204625] (sprint2) StdoutLine: {'line': b"writing manifest file 'sprint2.egg-info/SOURCES.txt'\n"}
[342.318963] (sprint2) StdoutLine: {'line': b'running build_ext\n'}
[342.319362] (-) TimerEvent: {}
[342.320722] (sprint2) StdoutLine: {'line': b'Creating /home/bryan/Workspace/ros2_ws/install/sprint2/lib/python3.10/site-packages/sprint2.egg-link (link to .)\n'}
[342.321107] (sprint2) StdoutLine: {'line': b'\n'}
[342.321280] (sprint2) StdoutLine: {'line': b'Installed /home/bryan/Workspace/ros2_ws/build/sprint2\n'}
[342.321431] (sprint2) StdoutLine: {'line': b'running symlink_data\n'}
[342.321579] (sprint2) StdoutLine: {'line': b'creating /home/bryan/Workspace/ros2_ws/install/sprint2/share/ament_index\n'}
[342.321727] (sprint2) StdoutLine: {'line': b'creating /home/bryan/Workspace/ros2_ws/install/sprint2/share/ament_index/resource_index\n'}
[342.321876] (sprint2) StdoutLine: {'line': b'creating /home/bryan/Workspace/ros2_ws/install/sprint2/share/ament_index/resource_index/packages\n'}
[342.322021] (sprint2) StdoutLine: {'line': b'symbolically linking /home/bryan/Workspace/ros2_ws/build/sprint2/resource/sprint2 -> /home/bryan/Workspace/ros2_ws/install/sprint2/share/ament_index/resource_index/packages\n'}
[342.322171] (sprint2) StdoutLine: {'line': b'symbolically linking /home/bryan/Workspace/ros2_ws/build/sprint2/package.xml -> /home/bryan/Workspace/ros2_ws/install/sprint2/share/sprint2\n'}
[342.334088] (sprint2) CommandEnded: {'returncode': 0}
[342.368260] (sprint2) JobEnded: {'identifier': 'sprint2', 'rc': 0}
[342.382375] (opencv_tests) JobStarted: {'identifier': 'opencv_tests'}
[343.339487] (-) TimerEvent: {}
[344.314192] (-) TimerEvent: {}
[344.674182] (-) TimerEvent: {}
[345.335199] (-) TimerEvent: {}
[346.127136] (opencv_tests) Command: {'cmd': ['/usr/bin/python3', '-W', 'ignore:setup.py install is deprecated', '-W', 'ignore:easy_install command is deprecated', 'setup.py', 'develop', '--editable', '--build-directory', '/home/bryan/Workspace/ros2_ws/build/opencv_tests/build', '--no-deps', 'symlink_data'], 'cwd': '/home/bryan/Workspace/ros2_ws/build/opencv_tests', 'env': {'LESSOPEN': '| /usr/bin/lesspipe %s', 'USER': 'bryan', 'XDG_SESSION_TYPE': 'wayland', 'SHLVL': '1', 'LD_LIBRARY_PATH': '/home/bryan/Workspace/ros2_ws/install/cv_bridge/lib:/opt/ros/humble/opt/rviz_ogre_vendor/lib:/opt/ros/humble/lib/x86_64-linux-gnu:/opt/ros/humble/lib', 'HOME': '/home/bryan', 'OLDPWD': '/home/bryan/Workspace/ros2_ws/src/ros2_sumo-main', 'DESKTOP_SESSION': 'ubuntu', 'ROS_PYTHON_VERSION': '3', 'GNOME_SHELL_SESSION_MODE': 'ubuntu', 'GTK_MODULES': 'gail:atk-bridge', 'SYSTEMD_EXEC_PID': '1570', 'DBUS_SESSION_BUS_ADDRESS': 'unix:path=/run/user/1000/bus', 'COLORTERM': 'truecolor', 'IM_CONFIG_PHASE': '1', 'WAYLAND_DISPLAY': 'wayland-0', 'ROS_DISTRO': 'humble', 'LOGNAME': 'bryan', 'SUMO_HOME': '/usr/share/sumo/', '_': '/usr/bin/colcon', 'ROS_VERSION': '2', 'XDG_SESSION_CLASS': 'user', 'USERNAME': 'bryan', 'TERM': 'xterm-256color', 'GNOME_DESKTOP_SESSION_ID': 'this-is-deprecated', 'ROS_LOCALHOST_ONLY': '0', 'PATH': '/opt/ros/humble/bin:/usr/local/sbin:/usr/local/bin:/usr/sbin:/usr/bin:/sbin:/bin:/usr/games:/usr/local/games:/snap/bin:/snap/bin', 'SESSION_MANAGER': 'local/bryan-VirtualBox:@/tmp/.ICE-unix/1372,unix/bryan-VirtualBox:/tmp/.ICE-unix/1372', 'XDG_MENU_PREFIX': 'gnome-', 'GNOME_TERMINAL_SCREEN': '/org/gnome/Terminal/screen/71407a0b_323a_4971_8a7b_4147209295e5', 'GNOME_SETUP_DISPLAY': ':1', 'XDG_RUNTIME_DIR': '/run/user/1000', 'DISPLAY': ':0', 'LANG': 'en_US.UTF-8', 'XDG_CURRENT_DESKTOP': 'ubuntu:GNOME', 'XMODIFIERS': '@im=ibus', 'XDG_SESSION_DESKTOP': 'ubuntu', 'XAUTHORITY': '/run/user/1000/.mutter-Xwaylandauth.GH7FP3', 'LS_COLORS': 'rs=0:di=01;34:ln=01;36:mh=00:pi=40;33:so=01;35:do=01;35:bd=40;33;01:cd=40;33;01:or=40;31;01:mi=00:su=37;41:sg=30;43:ca=30;41:tw=30;42:ow=34;42:st=37;44:ex=01;32:*.tar=01;31:*.tgz=01;31:*.arc=01;31:*.arj=01;31:*.taz=01;31:*.lha=01;31:*.lz4=01;31:*.lzh=01;31:*.lzma=01;31:*.tlz=01;31:*.txz=01;31:*.tzo=01;31:*.t7z=01;31:*.zip=01;31:*.z=01;31:*.dz=01;31:*.gz=01;31:*.lrz=01;31:*.lz=01;31:*.lzo=01;31:*.xz=01;31:*.zst=01;31:*.tzst=01;31:*.bz2=01;31:*.bz=01;31:*.tbz=01;31:*.tbz2=01;31:*.tz=01;31:*.deb=01;31:*.rpm=01;31:*.jar=01;31:*.war=01;31:*.ear=01;31:*.sar=01;31:*.rar=01;31:*.alz=01;31:*.ace=01;31:*.zoo=01;31:*.cpio=01;31:*.7z=01;31:*.rz=01;31:*.cab=01;31:*.wim=01;31:*.swm=01;31:*.dwm=01;31:*.esd=01;31:*.jpg=01;35:*.jpeg=01;35:*.mjpg=01;35:*.mjpeg=01;35:*.gif=01;35:*.bmp=01;35:*.pbm=01;35:*.pgm=01;35:*.ppm=01;35:*.tga=01;35:*.xbm=01;35:*.xpm=01;35:*.tif=01;35:*.tiff=01;35:*.png=01;35:*.svg=01;35:*.svgz=01;35:*.mng=01;35:*.pcx=01;35:*.mov=01;35:*.mpg=01;35:*.mpeg=01;35:*.m2v=01;35:*.mkv=01;35:*.webm=01;35:*.webp=01;35:*.ogm=01;35:*.mp4=01;35:*.m4v=01;35:*.mp4v=01;35:*.vob=01;35:*.qt=01;35:*.nuv=01;35:*.wmv=01;35:*.asf=01;35:*.rm=01;35:*.rmvb=01;35:*.flc=01;35:*.avi=01;35:*.fli=01;35:*.flv=01;35:*.gl=01;35:*.dl=01;35:*.xcf=01;35:*.xwd=01;35:*.yuv=01;35:*.cgm=01;35:*.emf=01;35:*.ogv=01;35:*.ogx=01;35:*.aac=00;36:*.au=00;36:*.flac=00;36:*.m4a=00;36:*.mid=00;36:*.midi=00;36:*.mka=00;36:*.mp3=00;36:*.mpc=00;36:*.ogg=00;36:*.ra=00;36:*.wav=00;36:*.oga=00;36:*.opus=00;36:*.spx=00;36:*.xspf=00;36:', 'GNOME_TERMINAL_SERVICE': ':1.91', 'SSH_AGENT_LAUNCHER': 'gnome-keyring', 'SSH_AUTH_SOCK': '/run/user/1000/keyring/ssh', 'AMENT_PREFIX_PATH': '/home/bryan/Workspace/ros2_ws/install/cv_bridge:/opt/ros/humble', 'SHELL': '/bin/bash', 'QT_ACCESSIBILITY': '1', 'GDMSESSION': 'ubuntu', 'LESSCLOSE': '/usr/bin/lesspipe %s %s', 'QT_IM_MODULE': 'ibus', 'PWD': '/home/bryan/Workspace/ros2_ws/build/opencv_tests', 'LC_ALL': 'en_US.UTF-8', 'XDG_CONFIG_DIRS': '/etc/xdg/xdg-ubuntu:/etc/xdg', 'XDG_DATA_DIRS': '/usr/share/ubuntu:/usr/local/share/:/usr/share/:/var/lib/snapd/desktop', 'PYTHONPATH': '/home/bryan/Workspace/ros2_ws/build/opencv_tests/prefix_override:/usr/lib/python3/dist-packages/colcon_core/task/python/colcon_distutils_commands:/home/bryan/Workspace/ros2_ws/install/opencv_tests/lib/python3.10/site-packages:/home/bryan/Workspace/ros2_ws/install/cv_bridge/local/lib/python3.10/dist-packages:/opt/ros/humble/lib/python3.10/site-packages:/opt/ros/humble/local/lib/python3.10/dist-packages', 'COLCON': '1', 'VTE_VERSION': '6800', 'CMAKE_PREFIX_PATH': '/home/bryan/Workspace/ros2_ws/install/cv_bridge'}, 'shell': False}
[346.130515] (-) TimerEvent: {}
[347.286557] (opencv_tests) StdoutLine: {'line': b'running develop\n'}
[347.287026] (-) TimerEvent: {}
[347.395282] (-) TimerEvent: {}
[348.104874] (opencv_tests) StdoutLine: {'line': b'running egg_info\n'}
[348.105696] (-) TimerEvent: {}
[348.107146] (opencv_tests) StdoutLine: {'line': b'creating opencv_tests.egg-info\n'}
[348.107747] (opencv_tests) StdoutLine: {'line': b'writing opencv_tests.egg-info/PKG-INFO\n'}
[348.108247] (opencv_tests) StdoutLine: {'line': b'writing dependency_links to opencv_tests.egg-info/dependency_links.txt\n'}
[348.217901] (opencv_tests) StdoutLine: {'line': b'writing entry points to opencv_tests.egg-info/entry_points.txt\n'}
[348.218438] (-) TimerEvent: {}
[348.223336] (opencv_tests) StdoutLine: {'line': b'writing requirements to opencv_tests.egg-info/requires.txt\n'}
[348.224620] (opencv_tests) StdoutLine: {'line': b'writing top-level names to opencv_tests.egg-info/top_level.txt\n'}
[348.225257] (opencv_tests) StdoutLine: {'line': b"writing manifest file 'opencv_tests.egg-info/SOURCES.txt'\n"}
[348.225951] (opencv_tests) StdoutLine: {'line': b"reading manifest file 'opencv_tests.egg-info/SOURCES.txt'\n"}
[348.226633] (opencv_tests) StdoutLine: {'line': b"writing manifest file 'opencv_tests.egg-info/SOURCES.txt'\n"}
[348.227252] (opencv_tests) StdoutLine: {'line': b'running build_ext\n'}
[348.227854] (opencv_tests) StdoutLine: {'line': b'Creating /home/bryan/Workspace/ros2_ws/install/opencv_tests/lib/python3.10/site-packages/opencv-tests.egg-link (link to .)\n'}
[348.228502] (opencv_tests) StdoutLine: {'line': b'Installing broadcast script to /home/bryan/Workspace/ros2_ws/install/opencv_tests/lib/opencv_tests\n'}
[348.229897] (opencv_tests) StdoutLine: {'line': b'Installing rosfacedetect script to /home/bryan/Workspace/ros2_ws/install/opencv_tests/lib/opencv_tests\n'}
[348.230996] (opencv_tests) StdoutLine: {'line': b'Installing source script to /home/bryan/Workspace/ros2_ws/install/opencv_tests/lib/opencv_tests\n'}
[348.231311] (opencv_tests) StdoutLine: {'line': b'\n'}
[348.231566] (opencv_tests) StdoutLine: {'line': b'Installed /home/bryan/Workspace/ros2_ws/build/opencv_tests\n'}
[348.231833] (opencv_tests) StdoutLine: {'line': b'running symlink_data\n'}
[348.232745] (opencv_tests) StdoutLine: {'line': b'creating /home/bryan/Workspace/ros2_ws/install/opencv_tests/share/ament_index\n'}
[348.233361] (opencv_tests) StdoutLine: {'line': b'creating /home/bryan/Workspace/ros2_ws/install/opencv_tests/share/ament_index/resource_index\n'}
[348.234128] (opencv_tests) StdoutLine: {'line': b'creating /home/bryan/Workspace/ros2_ws/install/opencv_tests/share/ament_index/resource_index/packages\n'}
[348.234467] (opencv_tests) StdoutLine: {'line': b'symbolically linking /home/bryan/Workspace/ros2_ws/build/opencv_tests/resource/opencv_tests -> /home/bryan/Workspace/ros2_ws/install/opencv_tests/share/ament_index/resource_index/packages\n'}
[348.234757] (opencv_tests) StdoutLine: {'line': b'symbolically linking /home/bryan/Workspace/ros2_ws/build/opencv_tests/package.xml -> /home/bryan/Workspace/ros2_ws/install/opencv_tests/share/opencv_tests\n'}
[348.286285] (opencv_tests) CommandEnded: {'returncode': 0}
[348.289281] (opencv_tests) JobEnded: {'identifier': 'opencv_tests', 'rc': 0}
[348.293003] (vision_opencv) JobStarted: {'identifier': 'vision_opencv'}
[348.312570] (vision_opencv) JobProgress: {'identifier': 'vision_opencv', 'progress': 'cmake'}
[348.314803] (vision_opencv) Command: {'cmd': ['/usr/bin/cmake', '/home/bryan/Workspace/ros2_ws/src/vision_opencv/vision_opencv', '-DAMENT_CMAKE_SYMLINK_INSTALL=1', '-DCMAKE_INSTALL_PREFIX=/home/bryan/Workspace/ros2_ws/install/vision_opencv'], 'cwd': '/home/bryan/Workspace/ros2_ws/build/vision_opencv', 'env': OrderedDict([('LESSOPEN', '| /usr/bin/lesspipe %s'), ('USER', 'bryan'), ('XDG_SESSION_TYPE', 'wayland'), ('SHLVL', '1'), ('LD_LIBRARY_PATH', '/home/bryan/Workspace/ros2_ws/install/image_geometry/lib:/home/bryan/Workspace/ros2_ws/install/cv_bridge/lib:/opt/ros/humble/opt/rviz_ogre_vendor/lib:/opt/ros/humble/lib/x86_64-linux-gnu:/opt/ros/humble/lib'), ('HOME', '/home/bryan'), ('OLDPWD', '/home/bryan/Workspace/ros2_ws/src/ros2_sumo-main'), ('DESKTOP_SESSION', 'ubuntu'), ('ROS_PYTHON_VERSION', '3'), ('GNOME_SHELL_SESSION_MODE', 'ubuntu'), ('GTK_MODULES', 'gail:atk-bridge'), ('SYSTEMD_EXEC_PID', '1570'), ('DBUS_SESSION_BUS_ADDRESS', 'unix:path=/run/user/1000/bus'), ('COLORTERM', 'truecolor'), ('IM_CONFIG_PHASE', '1'), ('WAYLAND_DISPLAY', 'wayland-0'), ('ROS_DISTRO', 'humble'), ('LOGNAME', 'bryan'), ('SUMO_HOME', '/usr/share/sumo/'), ('_', '/usr/bin/colcon'), ('ROS_VERSION', '2'), ('XDG_SESSION_CLASS', 'user'), ('USERNAME', 'bryan'), ('TERM', 'xterm-256color'), ('GNOME_DESKTOP_SESSION_ID', 'this-is-deprecated'), ('ROS_LOCALHOST_ONLY', '0'), ('PATH', '/opt/ros/humble/bin:/usr/local/sbin:/usr/local/bin:/usr/sbin:/usr/bin:/sbin:/bin:/usr/games:/usr/local/games:/snap/bin:/snap/bin'), ('SESSION_MANAGER', 'local/bryan-VirtualBox:@/tmp/.ICE-unix/1372,unix/bryan-VirtualBox:/tmp/.ICE-unix/1372'), ('XDG_MENU_PREFIX', 'gnome-'), ('GNOME_TERMINAL_SCREEN', '/org/gnome/Terminal/screen/71407a0b_323a_4971_8a7b_4147209295e5'), ('GNOME_SETUP_DISPLAY', ':1'), ('XDG_RUNTIME_DIR', '/run/user/1000'), ('DISPLAY', ':0'), ('LANG', 'en_US.UTF-8'), ('XDG_CURRENT_DESKTOP', 'ubuntu:GNOME'), ('XMODIFIERS', '@im=ibus'), ('XDG_SESSION_DESKTOP', 'ubuntu'), ('XAUTHORITY', '/run/user/1000/.mutter-Xwaylandauth.GH7FP3'), ('LS_COLORS', 'rs=0:di=01;34:ln=01;36:mh=00:pi=40;33:so=01;35:do=01;35:bd=40;33;01:cd=40;33;01:or=40;31;01:mi=00:su=37;41:sg=30;43:ca=30;41:tw=30;42:ow=34;42:st=37;44:ex=01;32:*.tar=01;31:*.tgz=01;31:*.arc=01;31:*.arj=01;31:*.taz=01;31:*.lha=01;31:*.lz4=01;31:*.lzh=01;31:*.lzma=01;31:*.tlz=01;31:*.txz=01;31:*.tzo=01;31:*.t7z=01;31:*.zip=01;31:*.z=01;31:*.dz=01;31:*.gz=01;31:*.lrz=01;31:*.lz=01;31:*.lzo=01;31:*.xz=01;31:*.zst=01;31:*.tzst=01;31:*.bz2=01;31:*.bz=01;31:*.tbz=01;31:*.tbz2=01;31:*.tz=01;31:*.deb=01;31:*.rpm=01;31:*.jar=01;31:*.war=01;31:*.ear=01;31:*.sar=01;31:*.rar=01;31:*.alz=01;31:*.ace=01;31:*.zoo=01;31:*.cpio=01;31:*.7z=01;31:*.rz=01;31:*.cab=01;31:*.wim=01;31:*.swm=01;31:*.dwm=01;31:*.esd=01;31:*.jpg=01;35:*.jpeg=01;35:*.mjpg=01;35:*.mjpeg=01;35:*.gif=01;35:*.bmp=01;35:*.pbm=01;35:*.pgm=01;35:*.ppm=01;35:*.tga=01;35:*.xbm=01;35:*.xpm=01;35:*.tif=01;35:*.tiff=01;35:*.png=01;35:*.svg=01;35:*.svgz=01;35:*.mng=01;35:*.pcx=01;35:*.mov=01;35:*.mpg=01;35:*.mpeg=01;35:*.m2v=01;35:*.mkv=01;35:*.webm=01;35:*.webp=01;35:*.ogm=01;35:*.mp4=01;35:*.m4v=01;35:*.mp4v=01;35:*.vob=01;35:*.qt=01;35:*.nuv=01;35:*.wmv=01;35:*.asf=01;35:*.rm=01;35:*.rmvb=01;35:*.flc=01;35:*.avi=01;35:*.fli=01;35:*.flv=01;35:*.gl=01;35:*.dl=01;35:*.xcf=01;35:*.xwd=01;35:*.yuv=01;35:*.cgm=01;35:*.emf=01;35:*.ogv=01;35:*.ogx=01;35:*.aac=00;36:*.au=00;36:*.flac=00;36:*.m4a=00;36:*.mid=00;36:*.midi=00;36:*.mka=00;36:*.mp3=00;36:*.mpc=00;36:*.ogg=00;36:*.ra=00;36:*.wav=00;36:*.oga=00;36:*.opus=00;36:*.spx=00;36:*.xspf=00;36:'), ('GNOME_TERMINAL_SERVICE', ':1.91'), ('SSH_AGENT_LAUNCHER', 'gnome-keyring'), ('SSH_AUTH_SOCK', '/run/user/1000/keyring/ssh'), ('AMENT_PREFIX_PATH', '/home/bryan/Workspace/ros2_ws/install/image_geometry:/home/bryan/Workspace/ros2_ws/install/cv_bridge:/opt/ros/humble'), ('SHELL', '/bin/bash'), ('QT_ACCESSIBILITY', '1'), ('GDMSESSION', 'ubuntu'), ('LESSCLOSE', '/usr/bin/lesspipe %s %s'), ('QT_IM_MODULE', 'ibus'), ('PWD', '/home/bryan/Workspace/ros2_ws/build/vision_opencv'), ('LC_ALL', 'en_US.UTF-8'), ('XDG_CONFIG_DIRS', '/etc/xdg/xdg-ubuntu:/etc/xdg'), ('XDG_DATA_DIRS', '/usr/share/ubuntu:/usr/local/share/:/usr/share/:/var/lib/snapd/desktop'), ('PYTHONPATH', '/home/bryan/Workspace/ros2_ws/install/image_geometry/local/lib/python3.10/dist-packages:/home/bryan/Workspace/ros2_ws/install/cv_bridge/local/lib/python3.10/dist-packages:/opt/ros/humble/lib/python3.10/site-packages:/opt/ros/humble/local/lib/python3.10/dist-packages'), ('COLCON', '1'), ('VTE_VERSION', '6800'), ('CMAKE_PREFIX_PATH', '/home/bryan/Workspace/ros2_ws/install/image_geometry:/home/bryan/Workspace/ros2_ws/install/cv_bridge:/opt/ros/humble')]), 'shell': False}
[348.319965] (-) TimerEvent: {}
[349.306848] (-) TimerEvent: {}
[349.419249] (-) TimerEvent: {}
[349.637846] (vision_opencv) StdoutLine: {'line': b'-- The C compiler identification is GNU 11.4.0\n'}
[349.638517] (-) TimerEvent: {}
[349.904437] (vision_opencv) StdoutLine: {'line': b'-- The CXX compiler identification is GNU 11.4.0\n'}
[349.905133] (-) TimerEvent: {}
[349.948041] (vision_opencv) StdoutLine: {'line': b'-- Detecting C compiler ABI info\n'}
[350.307617] (-) TimerEvent: {}
[350.324501] (vision_opencv) StdoutLine: {'line': b'-- Detecting C compiler ABI info - done\n'}
[350.354842] (vision_opencv) StdoutLine: {'line': b'-- Check for working C compiler: /usr/bin/cc - skipped\n'}
[350.357146] (vision_opencv) StdoutLine: {'line': b'-- Detecting C compile features\n'}
[350.360174] (vision_opencv) StdoutLine: {'line': b'-- Detecting C compile features - done\n'}
[350.376185] (vision_opencv) StdoutLine: {'line': b'-- Detecting CXX compiler ABI info\n'}
[350.814992] (vision_opencv) StdoutLine: {'line': b'-- Detecting CXX compiler ABI info - done\n'}
[350.815358] (-) TimerEvent: {}
[350.846892] (vision_opencv) StdoutLine: {'line': b'-- Check for working CXX compiler: /usr/bin/c++ - skipped\n'}
[350.851262] (vision_opencv) StdoutLine: {'line': b'-- Detecting CXX compile features\n'}
[350.851936] (vision_opencv) StdoutLine: {'line': b'-- Detecting CXX compile features - done\n'}
[350.863440] (vision_opencv) StdoutLine: {'line': b'-- Found ament_cmake: 1.3.14 (/opt/ros/humble/share/ament_cmake/cmake)\n'}
[351.323006] (-) TimerEvent: {}
[351.605757] (vision_opencv) StdoutLine: {'line': b'-- Found Python3: /usr/bin/python3 (found version "3.10.12") found components: Interpreter \n'}
[351.606424] (-) TimerEvent: {}
[351.862919] (vision_opencv) StdoutLine: {'line': b'-- Override CMake install command with custom implementation using symlinks instead of copying resources\n'}
[351.864657] (-) TimerEvent: {}
[352.219774] (vision_opencv) StdoutLine: {'line': b'-- Configuring done\n'}
[352.220269] (-) TimerEvent: {}
[352.241587] (vision_opencv) StdoutLine: {'line': b'-- Generating done\n'}
[352.252353] (vision_opencv) StdoutLine: {'line': b'-- Build files have been written to: /home/bryan/Workspace/ros2_ws/build/vision_opencv\n'}
[352.269370] (vision_opencv) CommandEnded: {'returncode': 0}
[352.271599] (vision_opencv) JobProgress: {'identifier': 'vision_opencv', 'progress': 'build'}
[352.272645] (vision_opencv) Command: {'cmd': ['/usr/bin/cmake', '--build', '/home/bryan/Workspace/ros2_ws/build/vision_opencv', '--', '-j3', '-l3'], 'cwd': '/home/bryan/Workspace/ros2_ws/build/vision_opencv', 'env': OrderedDict([('LESSOPEN', '| /usr/bin/lesspipe %s'), ('USER', 'bryan'), ('XDG_SESSION_TYPE', 'wayland'), ('SHLVL', '1'), ('LD_LIBRARY_PATH', '/home/bryan/Workspace/ros2_ws/install/image_geometry/lib:/home/bryan/Workspace/ros2_ws/install/cv_bridge/lib:/opt/ros/humble/opt/rviz_ogre_vendor/lib:/opt/ros/humble/lib/x86_64-linux-gnu:/opt/ros/humble/lib'), ('HOME', '/home/bryan'), ('OLDPWD', '/home/bryan/Workspace/ros2_ws/src/ros2_sumo-main'), ('DESKTOP_SESSION', 'ubuntu'), ('ROS_PYTHON_VERSION', '3'), ('GNOME_SHELL_SESSION_MODE', 'ubuntu'), ('GTK_MODULES', 'gail:atk-bridge'), ('SYSTEMD_EXEC_PID', '1570'), ('DBUS_SESSION_BUS_ADDRESS', 'unix:path=/run/user/1000/bus'), ('COLORTERM', 'truecolor'), ('IM_CONFIG_PHASE', '1'), ('WAYLAND_DISPLAY', 'wayland-0'), ('ROS_DISTRO', 'humble'), ('LOGNAME', 'bryan'), ('SUMO_HOME', '/usr/share/sumo/'), ('_', '/usr/bin/colcon'), ('ROS_VERSION', '2'), ('XDG_SESSION_CLASS', 'user'), ('USERNAME', 'bryan'), ('TERM', 'xterm-256color'), ('GNOME_DESKTOP_SESSION_ID', 'this-is-deprecated'), ('ROS_LOCALHOST_ONLY', '0'), ('PATH', '/opt/ros/humble/bin:/usr/local/sbin:/usr/local/bin:/usr/sbin:/usr/bin:/sbin:/bin:/usr/games:/usr/local/games:/snap/bin:/snap/bin'), ('SESSION_MANAGER', 'local/bryan-VirtualBox:@/tmp/.ICE-unix/1372,unix/bryan-VirtualBox:/tmp/.ICE-unix/1372'), ('XDG_MENU_PREFIX', 'gnome-'), ('GNOME_TERMINAL_SCREEN', '/org/gnome/Terminal/screen/71407a0b_323a_4971_8a7b_4147209295e5'), ('GNOME_SETUP_DISPLAY', ':1'), ('XDG_RUNTIME_DIR', '/run/user/1000'), ('DISPLAY', ':0'), ('LANG', 'en_US.UTF-8'), ('XDG_CURRENT_DESKTOP', 'ubuntu:GNOME'), ('XMODIFIERS', '@im=ibus'), ('XDG_SESSION_DESKTOP', 'ubuntu'), ('XAUTHORITY', '/run/user/1000/.mutter-Xwaylandauth.GH7FP3'), ('LS_COLORS', 'rs=0:di=01;34:ln=01;36:mh=00:pi=40;33:so=01;35:do=01;35:bd=40;33;01:cd=40;33;01:or=40;31;01:mi=00:su=37;41:sg=30;43:ca=30;41:tw=30;42:ow=34;42:st=37;44:ex=01;32:*.tar=01;31:*.tgz=01;31:*.arc=01;31:*.arj=01;31:*.taz=01;31:*.lha=01;31:*.lz4=01;31:*.lzh=01;31:*.lzma=01;31:*.tlz=01;31:*.txz=01;31:*.tzo=01;31:*.t7z=01;31:*.zip=01;31:*.z=01;31:*.dz=01;31:*.gz=01;31:*.lrz=01;31:*.lz=01;31:*.lzo=01;31:*.xz=01;31:*.zst=01;31:*.tzst=01;31:*.bz2=01;31:*.bz=01;31:*.tbz=01;31:*.tbz2=01;31:*.tz=01;31:*.deb=01;31:*.rpm=01;31:*.jar=01;31:*.war=01;31:*.ear=01;31:*.sar=01;31:*.rar=01;31:*.alz=01;31:*.ace=01;31:*.zoo=01;31:*.cpio=01;31:*.7z=01;31:*.rz=01;31:*.cab=01;31:*.wim=01;31:*.swm=01;31:*.dwm=01;31:*.esd=01;31:*.jpg=01;35:*.jpeg=01;35:*.mjpg=01;35:*.mjpeg=01;35:*.gif=01;35:*.bmp=01;35:*.pbm=01;35:*.pgm=01;35:*.ppm=01;35:*.tga=01;35:*.xbm=01;35:*.xpm=01;35:*.tif=01;35:*.tiff=01;35:*.png=01;35:*.svg=01;35:*.svgz=01;35:*.mng=01;35:*.pcx=01;35:*.mov=01;35:*.mpg=01;35:*.mpeg=01;35:*.m2v=01;35:*.mkv=01;35:*.webm=01;35:*.webp=01;35:*.ogm=01;35:*.mp4=01;35:*.m4v=01;35:*.mp4v=01;35:*.vob=01;35:*.qt=01;35:*.nuv=01;35:*.wmv=01;35:*.asf=01;35:*.rm=01;35:*.rmvb=01;35:*.flc=01;35:*.avi=01;35:*.fli=01;35:*.flv=01;35:*.gl=01;35:*.dl=01;35:*.xcf=01;35:*.xwd=01;35:*.yuv=01;35:*.cgm=01;35:*.emf=01;35:*.ogv=01;35:*.ogx=01;35:*.aac=00;36:*.au=00;36:*.flac=00;36:*.m4a=00;36:*.mid=00;36:*.midi=00;36:*.mka=00;36:*.mp3=00;36:*.mpc=00;36:*.ogg=00;36:*.ra=00;36:*.wav=00;36:*.oga=00;36:*.opus=00;36:*.spx=00;36:*.xspf=00;36:'), ('GNOME_TERMINAL_SERVICE', ':1.91'), ('SSH_AGENT_LAUNCHER', 'gnome-keyring'), ('SSH_AUTH_SOCK', '/run/user/1000/keyring/ssh'), ('AMENT_PREFIX_PATH', '/home/bryan/Workspace/ros2_ws/install/image_geometry:/home/bryan/Workspace/ros2_ws/install/cv_bridge:/opt/ros/humble'), ('SHELL', '/bin/bash'), ('QT_ACCESSIBILITY', '1'), ('GDMSESSION', 'ubuntu'), ('LESSCLOSE', '/usr/bin/lesspipe %s %s'), ('QT_IM_MODULE', 'ibus'), ('PWD', '/home/bryan/Workspace/ros2_ws/build/vision_opencv'), ('LC_ALL', 'en_US.UTF-8'), ('XDG_CONFIG_DIRS', '/etc/xdg/xdg-ubuntu:/etc/xdg'), ('XDG_DATA_DIRS', '/usr/share/ubuntu:/usr/local/share/:/usr/share/:/var/lib/snapd/desktop'), ('PYTHONPATH', '/home/bryan/Workspace/ros2_ws/install/image_geometry/local/lib/python3.10/dist-packages:/home/bryan/Workspace/ros2_ws/install/cv_bridge/local/lib/python3.10/dist-packages:/opt/ros/humble/lib/python3.10/site-packages:/opt/ros/humble/local/lib/python3.10/dist-packages'), ('COLCON', '1'), ('VTE_VERSION', '6800'), ('CMAKE_PREFIX_PATH', '/home/bryan/Workspace/ros2_ws/install/image_geometry:/home/bryan/Workspace/ros2_ws/install/cv_bridge:/opt/ros/humble')]), 'shell': False}
[352.324585] (-) TimerEvent: {}
[352.510857] (vision_opencv) CommandEnded: {'returncode': 0}
[352.512301] (-) TimerEvent: {}
[352.517068] (vision_opencv) JobProgress: {'identifier': 'vision_opencv', 'progress': 'install'}
[352.517949] (vision_opencv) Command: {'cmd': ['/usr/bin/cmake', '--install', '/home/bryan/Workspace/ros2_ws/build/vision_opencv'], 'cwd': '/home/bryan/Workspace/ros2_ws/build/vision_opencv', 'env': OrderedDict([('LESSOPEN', '| /usr/bin/lesspipe %s'), ('USER', 'bryan'), ('XDG_SESSION_TYPE', 'wayland'), ('SHLVL', '1'), ('LD_LIBRARY_PATH', '/home/bryan/Workspace/ros2_ws/install/image_geometry/lib:/home/bryan/Workspace/ros2_ws/install/cv_bridge/lib:/opt/ros/humble/opt/rviz_ogre_vendor/lib:/opt/ros/humble/lib/x86_64-linux-gnu:/opt/ros/humble/lib'), ('HOME', '/home/bryan'), ('OLDPWD', '/home/bryan/Workspace/ros2_ws/src/ros2_sumo-main'), ('DESKTOP_SESSION', 'ubuntu'), ('ROS_PYTHON_VERSION', '3'), ('GNOME_SHELL_SESSION_MODE', 'ubuntu'), ('GTK_MODULES', 'gail:atk-bridge'), ('SYSTEMD_EXEC_PID', '1570'), ('DBUS_SESSION_BUS_ADDRESS', 'unix:path=/run/user/1000/bus'), ('COLORTERM', 'truecolor'), ('IM_CONFIG_PHASE', '1'), ('WAYLAND_DISPLAY', 'wayland-0'), ('ROS_DISTRO', 'humble'), ('LOGNAME', 'bryan'), ('SUMO_HOME', '/usr/share/sumo/'), ('_', '/usr/bin/colcon'), ('ROS_VERSION', '2'), ('XDG_SESSION_CLASS', 'user'), ('USERNAME', 'bryan'), ('TERM', 'xterm-256color'), ('GNOME_DESKTOP_SESSION_ID', 'this-is-deprecated'), ('ROS_LOCALHOST_ONLY', '0'), ('PATH', '/opt/ros/humble/bin:/usr/local/sbin:/usr/local/bin:/usr/sbin:/usr/bin:/sbin:/bin:/usr/games:/usr/local/games:/snap/bin:/snap/bin'), ('SESSION_MANAGER', 'local/bryan-VirtualBox:@/tmp/.ICE-unix/1372,unix/bryan-VirtualBox:/tmp/.ICE-unix/1372'), ('XDG_MENU_PREFIX', 'gnome-'), ('GNOME_TERMINAL_SCREEN', '/org/gnome/Terminal/screen/71407a0b_323a_4971_8a7b_4147209295e5'), ('GNOME_SETUP_DISPLAY', ':1'), ('XDG_RUNTIME_DIR', '/run/user/1000'), ('DISPLAY', ':0'), ('LANG', 'en_US.UTF-8'), ('XDG_CURRENT_DESKTOP', 'ubuntu:GNOME'), ('XMODIFIERS', '@im=ibus'), ('XDG_SESSION_DESKTOP', 'ubuntu'), ('XAUTHORITY', '/run/user/1000/.mutter-Xwaylandauth.GH7FP3'), ('LS_COLORS', 'rs=0:di=01;34:ln=01;36:mh=00:pi=40;33:so=01;35:do=01;35:bd=40;33;01:cd=40;33;01:or=40;31;01:mi=00:su=37;41:sg=30;43:ca=30;41:tw=30;42:ow=34;42:st=37;44:ex=01;32:*.tar=01;31:*.tgz=01;31:*.arc=01;31:*.arj=01;31:*.taz=01;31:*.lha=01;31:*.lz4=01;31:*.lzh=01;31:*.lzma=01;31:*.tlz=01;31:*.txz=01;31:*.tzo=01;31:*.t7z=01;31:*.zip=01;31:*.z=01;31:*.dz=01;31:*.gz=01;31:*.lrz=01;31:*.lz=01;31:*.lzo=01;31:*.xz=01;31:*.zst=01;31:*.tzst=01;31:*.bz2=01;31:*.bz=01;31:*.tbz=01;31:*.tbz2=01;31:*.tz=01;31:*.deb=01;31:*.rpm=01;31:*.jar=01;31:*.war=01;31:*.ear=01;31:*.sar=01;31:*.rar=01;31:*.alz=01;31:*.ace=01;31:*.zoo=01;31:*.cpio=01;31:*.7z=01;31:*.rz=01;31:*.cab=01;31:*.wim=01;31:*.swm=01;31:*.dwm=01;31:*.esd=01;31:*.jpg=01;35:*.jpeg=01;35:*.mjpg=01;35:*.mjpeg=01;35:*.gif=01;35:*.bmp=01;35:*.pbm=01;35:*.pgm=01;35:*.ppm=01;35:*.tga=01;35:*.xbm=01;35:*.xpm=01;35:*.tif=01;35:*.tiff=01;35:*.png=01;35:*.svg=01;35:*.svgz=01;35:*.mng=01;35:*.pcx=01;35:*.mov=01;35:*.mpg=01;35:*.mpeg=01;35:*.m2v=01;35:*.mkv=01;35:*.webm=01;35:*.webp=01;35:*.ogm=01;35:*.mp4=01;35:*.m4v=01;35:*.mp4v=01;35:*.vob=01;35:*.qt=01;35:*.nuv=01;35:*.wmv=01;35:*.asf=01;35:*.rm=01;35:*.rmvb=01;35:*.flc=01;35:*.avi=01;35:*.fli=01;35:*.flv=01;35:*.gl=01;35:*.dl=01;35:*.xcf=01;35:*.xwd=01;35:*.yuv=01;35:*.cgm=01;35:*.emf=01;35:*.ogv=01;35:*.ogx=01;35:*.aac=00;36:*.au=00;36:*.flac=00;36:*.m4a=00;36:*.mid=00;36:*.midi=00;36:*.mka=00;36:*.mp3=00;36:*.mpc=00;36:*.ogg=00;36:*.ra=00;36:*.wav=00;36:*.oga=00;36:*.opus=00;36:*.spx=00;36:*.xspf=00;36:'), ('GNOME_TERMINAL_SERVICE', ':1.91'), ('SSH_AGENT_LAUNCHER', 'gnome-keyring'), ('SSH_AUTH_SOCK', '/run/user/1000/keyring/ssh'), ('AMENT_PREFIX_PATH', '/home/bryan/Workspace/ros2_ws/install/image_geometry:/home/bryan/Workspace/ros2_ws/install/cv_bridge:/opt/ros/humble'), ('SHELL', '/bin/bash'), ('QT_ACCESSIBILITY', '1'), ('GDMSESSION', 'ubuntu'), ('LESSCLOSE', '/usr/bin/lesspipe %s %s'), ('QT_IM_MODULE', 'ibus'), ('PWD', '/home/bryan/Workspace/ros2_ws/build/vision_opencv'), ('LC_ALL', 'en_US.UTF-8'), ('XDG_CONFIG_DIRS', '/etc/xdg/xdg-ubuntu:/etc/xdg'), ('XDG_DATA_DIRS', '/usr/share/ubuntu:/usr/local/share/:/usr/share/:/var/lib/snapd/desktop'), ('PYTHONPATH', '/home/bryan/Workspace/ros2_ws/install/image_geometry/local/lib/python3.10/dist-packages:/home/bryan/Workspace/ros2_ws/install/cv_bridge/local/lib/python3.10/dist-packages:/opt/ros/humble/lib/python3.10/site-packages:/opt/ros/humble/local/lib/python3.10/dist-packages'), ('COLCON', '1'), ('VTE_VERSION', '6800'), ('CMAKE_PREFIX_PATH', '/home/bryan/Workspace/ros2_ws/install/image_geometry:/home/bryan/Workspace/ros2_ws/install/cv_bridge:/opt/ros/humble')]), 'shell': False}
[352.567428] (vision_opencv) StdoutLine: {'line': b'-- Install configuration: ""\n'}
[352.569748] (vision_opencv) StdoutLine: {'line': b'-- Execute custom install script\n'}
[352.571949] (vision_opencv) StdoutLine: {'line': b'-- Symlinking: /home/bryan/Workspace/ros2_ws/install/vision_opencv/share/ament_index/resource_index/package_run_dependencies/vision_opencv\n'}
[352.609793] (vision_opencv) StdoutLine: {'line': b'-- Symlinking: /home/bryan/Workspace/ros2_ws/install/vision_opencv/share/ament_index/resource_index/parent_prefix_path/vision_opencv\n'}
[352.647155] (vision_opencv) StdoutLine: {'line': b'-- Symlinking: /home/bryan/Workspace/ros2_ws/install/vision_opencv/share/vision_opencv/environment/ament_prefix_path.sh\n'}
[352.647625] (-) TimerEvent: {}
[352.691710] (vision_opencv) StdoutLine: {'line': b'-- Symlinking: /home/bryan/Workspace/ros2_ws/install/vision_opencv/share/vision_opencv/environment/ament_prefix_path.dsv\n'}
[352.739971] (vision_opencv) StdoutLine: {'line': b'-- Symlinking: /home/bryan/Workspace/ros2_ws/install/vision_opencv/share/vision_opencv/environment/path.sh\n'}
[352.790304] (vision_opencv) StdoutLine: {'line': b'-- Symlinking: /home/bryan/Workspace/ros2_ws/install/vision_opencv/share/vision_opencv/environment/path.dsv\n'}
[352.790819] (-) TimerEvent: {}
[352.834451] (vision_opencv) StdoutLine: {'line': b'-- Symlinking: /home/bryan/Workspace/ros2_ws/install/vision_opencv/share/vision_opencv/local_setup.bash\n'}
[352.879031] (vision_opencv) StdoutLine: {'line': b'-- Symlinking: /home/bryan/Workspace/ros2_ws/install/vision_opencv/share/vision_opencv/local_setup.sh\n'}
[352.920515] (vision_opencv) StdoutLine: {'line': b'-- Symlinking: /home/bryan/Workspace/ros2_ws/install/vision_opencv/share/vision_opencv/local_setup.zsh\n'}
[352.920871] (-) TimerEvent: {}
[352.963264] (vision_opencv) StdoutLine: {'line': b'-- Symlinking: /home/bryan/Workspace/ros2_ws/install/vision_opencv/share/vision_opencv/local_setup.dsv\n'}
[353.014648] (vision_opencv) StdoutLine: {'line': b'-- Symlinking: /home/bryan/Workspace/ros2_ws/install/vision_opencv/share/vision_opencv/package.dsv\n'}
[353.070970] (vision_opencv) StdoutLine: {'line': b'-- Symlinking: /home/bryan/Workspace/ros2_ws/install/vision_opencv/share/ament_index/resource_index/packages/vision_opencv\n'}
[353.071598] (-) TimerEvent: {}
[353.120866] (vision_opencv) StdoutLine: {'line': b'-- Symlinking: /home/bryan/Workspace/ros2_ws/install/vision_opencv/share/vision_opencv/cmake/vision_opencvConfig.cmake\n'}
[353.176892] (vision_opencv) StdoutLine: {'line': b'-- Symlinking: /home/bryan/Workspace/ros2_ws/install/vision_opencv/share/vision_opencv/cmake/vision_opencvConfig-version.cmake\n'}
[353.177622] (-) TimerEvent: {}
[353.226969] (vision_opencv) StdoutLine: {'line': b'-- Symlinking: /home/bryan/Workspace/ros2_ws/install/vision_opencv/share/vision_opencv/package.xml\n'}
[353.321639] (-) TimerEvent: {}
[353.329106] (vision_opencv) CommandEnded: {'returncode': 0}
[353.402971] (vision_opencv) JobEnded: {'identifier': 'vision_opencv', 'rc': 0}
[353.433585] (-) TimerEvent: {}
[353.434636] (image_pipeline) JobStarted: {'identifier': 'image_pipeline'}
[354.315054] (-) TimerEvent: {}
[354.487569] (image_pipeline) JobProgress: {'identifier': 'image_pipeline', 'progress': 'cmake'}
[354.487780] (-) TimerEvent: {}
[354.489232] (image_pipeline) Command: {'cmd': ['/usr/bin/cmake', '/home/bryan/Workspace/ros2_ws/image_pipeline/image_pipeline', '-DAMENT_CMAKE_SYMLINK_INSTALL=1', '-DCMAKE_INSTALL_PREFIX=/home/bryan/Workspace/ros2_ws/install/image_pipeline'], 'cwd': '/home/bryan/Workspace/ros2_ws/build/image_pipeline', 'env': OrderedDict([('LESSOPEN', '| /usr/bin/lesspipe %s'), ('USER', 'bryan'), ('XDG_SESSION_TYPE', 'wayland'), ('SHLVL', '1'), ('LD_LIBRARY_PATH', '/home/bryan/Workspace/ros2_ws/install/stereo_image_proc/lib:/home/bryan/Workspace/ros2_ws/install/image_view/lib:/home/bryan/Workspace/ros2_ws/install/image_rotate/lib:/home/bryan/Workspace/ros2_ws/install/image_publisher/lib:/home/bryan/Workspace/ros2_ws/install/image_proc/lib:/home/bryan/Workspace/ros2_ws/install/depth_image_proc/lib:/home/bryan/Workspace/ros2_ws/install/tracetools_image_pipeline/lib:/home/bryan/Workspace/ros2_ws/install/image_geometry/lib:/home/bryan/Workspace/ros2_ws/install/cv_bridge/lib:/opt/ros/humble/opt/rviz_ogre_vendor/lib:/opt/ros/humble/lib/x86_64-linux-gnu:/opt/ros/humble/lib'), ('HOME', '/home/bryan'), ('OLDPWD', '/home/bryan/Workspace/ros2_ws/src/ros2_sumo-main'), ('DESKTOP_SESSION', 'ubuntu'), ('ROS_PYTHON_VERSION', '3'), ('GNOME_SHELL_SESSION_MODE', 'ubuntu'), ('GTK_MODULES', 'gail:atk-bridge'), ('SYSTEMD_EXEC_PID', '1570'), ('DBUS_SESSION_BUS_ADDRESS', 'unix:path=/run/user/1000/bus'), ('COLORTERM', 'truecolor'), ('IM_CONFIG_PHASE', '1'), ('WAYLAND_DISPLAY', 'wayland-0'), ('ROS_DISTRO', 'humble'), ('LOGNAME', 'bryan'), ('SUMO_HOME', '/usr/share/sumo/'), ('_', '/usr/bin/colcon'), ('ROS_VERSION', '2'), ('XDG_SESSION_CLASS', 'user'), ('USERNAME', 'bryan'), ('TERM', 'xterm-256color'), ('GNOME_DESKTOP_SESSION_ID', 'this-is-deprecated'), ('ROS_LOCALHOST_ONLY', '0'), ('PATH', '/home/bryan/Workspace/ros2_ws/install/image_proc/bin:/opt/ros/humble/bin:/usr/local/sbin:/usr/local/bin:/usr/sbin:/usr/bin:/sbin:/bin:/usr/games:/usr/local/games:/snap/bin:/snap/bin'), ('SESSION_MANAGER', 'local/bryan-VirtualBox:@/tmp/.ICE-unix/1372,unix/bryan-VirtualBox:/tmp/.ICE-unix/1372'), ('XDG_MENU_PREFIX', 'gnome-'), ('GNOME_TERMINAL_SCREEN', '/org/gnome/Terminal/screen/71407a0b_323a_4971_8a7b_4147209295e5'), ('GNOME_SETUP_DISPLAY', ':1'), ('XDG_RUNTIME_DIR', '/run/user/1000'), ('DISPLAY', ':0'), ('LANG', 'en_US.UTF-8'), ('XDG_CURRENT_DESKTOP', 'ubuntu:GNOME'), ('XMODIFIERS', '@im=ibus'), ('XDG_SESSION_DESKTOP', 'ubuntu'), ('XAUTHORITY', '/run/user/1000/.mutter-Xwaylandauth.GH7FP3'), ('LS_COLORS', 'rs=0:di=01;34:ln=01;36:mh=00:pi=40;33:so=01;35:do=01;35:bd=40;33;01:cd=40;33;01:or=40;31;01:mi=00:su=37;41:sg=30;43:ca=30;41:tw=30;42:ow=34;42:st=37;44:ex=01;32:*.tar=01;31:*.tgz=01;31:*.arc=01;31:*.arj=01;31:*.taz=01;31:*.lha=01;31:*.lz4=01;31:*.lzh=01;31:*.lzma=01;31:*.tlz=01;31:*.txz=01;31:*.tzo=01;31:*.t7z=01;31:*.zip=01;31:*.z=01;31:*.dz=01;31:*.gz=01;31:*.lrz=01;31:*.lz=01;31:*.lzo=01;31:*.xz=01;31:*.zst=01;31:*.tzst=01;31:*.bz2=01;31:*.bz=01;31:*.tbz=01;31:*.tbz2=01;31:*.tz=01;31:*.deb=01;31:*.rpm=01;31:*.jar=01;31:*.war=01;31:*.ear=01;31:*.sar=01;31:*.rar=01;31:*.alz=01;31:*.ace=01;31:*.zoo=01;31:*.cpio=01;31:*.7z=01;31:*.rz=01;31:*.cab=01;31:*.wim=01;31:*.swm=01;31:*.dwm=01;31:*.esd=01;31:*.jpg=01;35:*.jpeg=01;35:*.mjpg=01;35:*.mjpeg=01;35:*.gif=01;35:*.bmp=01;35:*.pbm=01;35:*.pgm=01;35:*.ppm=01;35:*.tga=01;35:*.xbm=01;35:*.xpm=01;35:*.tif=01;35:*.tiff=01;35:*.png=01;35:*.svg=01;35:*.svgz=01;35:*.mng=01;35:*.pcx=01;35:*.mov=01;35:*.mpg=01;35:*.mpeg=01;35:*.m2v=01;35:*.mkv=01;35:*.webm=01;35:*.webp=01;35:*.ogm=01;35:*.mp4=01;35:*.m4v=01;35:*.mp4v=01;35:*.vob=01;35:*.qt=01;35:*.nuv=01;35:*.wmv=01;35:*.asf=01;35:*.rm=01;35:*.rmvb=01;35:*.flc=01;35:*.avi=01;35:*.fli=01;35:*.flv=01;35:*.gl=01;35:*.dl=01;35:*.xcf=01;35:*.xwd=01;35:*.yuv=01;35:*.cgm=01;35:*.emf=01;35:*.ogv=01;35:*.ogx=01;35:*.aac=00;36:*.au=00;36:*.flac=00;36:*.m4a=00;36:*.mid=00;36:*.midi=00;36:*.mka=00;36:*.mp3=00;36:*.mpc=00;36:*.ogg=00;36:*.ra=00;36:*.wav=00;36:*.oga=00;36:*.opus=00;36:*.spx=00;36:*.xspf=00;36:'), ('GNOME_TERMINAL_SERVICE', ':1.91'), ('SSH_AGENT_LAUNCHER', 'gnome-keyring'), ('SSH_AUTH_SOCK', '/run/user/1000/keyring/ssh'), ('AMENT_PREFIX_PATH', '/home/bryan/Workspace/ros2_ws/install/stereo_image_proc:/home/bryan/Workspace/ros2_ws/install/image_view:/home/bryan/Workspace/ros2_ws/install/image_rotate:/home/bryan/Workspace/ros2_ws/install/image_publisher:/home/bryan/Workspace/ros2_ws/install/image_proc:/home/bryan/Workspace/ros2_ws/install/depth_image_proc:/home/bryan/Workspace/ros2_ws/install/camera_calibration:/home/bryan/Workspace/ros2_ws/install/tracetools_image_pipeline:/home/bryan/Workspace/ros2_ws/install/image_geometry:/home/bryan/Workspace/ros2_ws/install/cv_bridge:/opt/ros/humble'), ('SHELL', '/bin/bash'), ('QT_ACCESSIBILITY', '1'), ('GDMSESSION', 'ubuntu'), ('LESSCLOSE', '/usr/bin/lesspipe %s %s'), ('QT_IM_MODULE', 'ibus'), ('PWD', '/home/bryan/Workspace/ros2_ws/build/image_pipeline'), ('LC_ALL', 'en_US.UTF-8'), ('XDG_CONFIG_DIRS', '/etc/xdg/xdg-ubuntu:/etc/xdg'), ('XDG_DATA_DIRS', '/usr/share/ubuntu:/usr/local/share/:/usr/share/:/var/lib/snapd/desktop'), ('PYTHONPATH', '/home/bryan/Workspace/ros2_ws/build/camera_calibration/src:/home/bryan/Workspace/ros2_ws/install/camera_calibration/lib/python3.10/site-packages:/home/bryan/Workspace/ros2_ws/install/image_geometry/local/lib/python3.10/dist-packages:/home/bryan/Workspace/ros2_ws/install/cv_bridge/local/lib/python3.10/dist-packages:/opt/ros/humble/lib/python3.10/site-packages:/opt/ros/humble/local/lib/python3.10/dist-packages'), ('COLCON', '1'), ('VTE_VERSION', '6800'), ('CMAKE_PREFIX_PATH', '/home/bryan/Workspace/ros2_ws/install/stereo_image_proc:/home/bryan/Workspace/ros2_ws/install/image_view:/home/bryan/Workspace/ros2_ws/install/image_rotate:/home/bryan/Workspace/ros2_ws/install/image_publisher:/home/bryan/Workspace/ros2_ws/install/image_proc:/home/bryan/Workspace/ros2_ws/install/depth_image_proc:/home/bryan/Workspace/ros2_ws/install/tracetools_image_pipeline:/home/bryan/Workspace/ros2_ws/install/image_geometry:/home/bryan/Workspace/ros2_ws/install/cv_bridge:/opt/ros/humble')]), 'shell': False}
[354.617639] (-) TimerEvent: {}
[354.772163] (-) TimerEvent: {}
[354.826983] (image_pipeline) StdoutLine: {'line': b'-- The C compiler identification is GNU 11.4.0\n'}
[354.876858] (-) TimerEvent: {}
[355.111936] (image_pipeline) StdoutLine: {'line': b'-- The CXX compiler identification is GNU 11.4.0\n'}
[355.112347] (-) TimerEvent: {}
[355.162103] (image_pipeline) StdoutLine: {'line': b'-- Detecting C compiler ABI info\n'}
[355.321730] (-) TimerEvent: {}
[355.539997] (image_pipeline) StdoutLine: {'line': b'-- Detecting C compiler ABI info - done\n'}
[355.540488] (-) TimerEvent: {}
[355.592998] (image_pipeline) StdoutLine: {'line': b'-- Check for working C compiler: /usr/bin/cc - skipped\n'}
[355.596019] (image_pipeline) StdoutLine: {'line': b'-- Detecting C compile features\n'}
[355.599022] (image_pipeline) StdoutLine: {'line': b'-- Detecting C compile features - done\n'}
[355.618520] (image_pipeline) StdoutLine: {'line': b'-- Detecting CXX compiler ABI info\n'}
[355.646053] (-) TimerEvent: {}
[355.750085] (-) TimerEvent: {}
[355.856629] (-) TimerEvent: {}
[355.959080] (-) TimerEvent: {}
[356.064157] (-) TimerEvent: {}
[356.171106] (-) TimerEvent: {}
[356.315867] (-) TimerEvent: {}
[356.340294] (image_pipeline) StdoutLine: {'line': b'-- Detecting CXX compiler ABI info - done\n'}
[356.374673] (image_pipeline) StdoutLine: {'line': b'-- Check for working CXX compiler: /usr/bin/c++ - skipped\n'}
[356.539773] (image_pipeline) StdoutLine: {'line': b'-- Detecting CXX compile features\n'}
[356.540384] (-) TimerEvent: {}
[356.541682] (image_pipeline) StdoutLine: {'line': b'-- Detecting CXX compile features - done\n'}
[356.542112] (image_pipeline) StdoutLine: {'line': b'-- Found ament_cmake: 1.3.14 (/opt/ros/humble/share/ament_cmake/cmake)\n'}
[356.641311] (-) TimerEvent: {}
[356.750111] (-) TimerEvent: {}
[357.012241] (-) TimerEvent: {}
[357.125111] (-) TimerEvent: {}
[357.205232] (image_pipeline) StdoutLine: {'line': b'-- Found Python3: /usr/bin/python3 (found version "3.10.12") found components: Interpreter \n'}
[357.326787] (-) TimerEvent: {}
[357.474751] (-) TimerEvent: {}
[357.797102] (image_pipeline) StdoutLine: {'line': b'-- Override CMake install command with custom implementation using symlinks instead of copying resources\n'}
[357.797532] (-) TimerEvent: {}
[358.104658] (-) TimerEvent: {}
[358.111763] (image_pipeline) StdoutLine: {'line': b'-- Found ament_lint_auto: 0.12.15 (/opt/ros/humble/share/ament_lint_auto/cmake)\n'}
[358.331535] (-) TimerEvent: {}
[358.668692] (-) TimerEvent: {}
[358.673883] (image_pipeline) StdoutLine: {'line': b"-- Added test 'lint_cmake' to check CMake code style\n"}
[358.683070] (image_pipeline) StdoutLine: {'line': b"-- Added test 'xmllint' to check XML markup files\n"}
[358.704406] (image_pipeline) StdoutLine: {'line': b'-- Configuring done\n'}
[358.705126] (image_pipeline) StdoutLine: {'line': b'-- Generating done\n'}
[358.713464] (image_pipeline) StdoutLine: {'line': b'-- Build files have been written to: /home/bryan/Workspace/ros2_ws/build/image_pipeline\n'}
[358.731686] (image_pipeline) CommandEnded: {'returncode': 0}
[358.732922] (image_pipeline) JobProgress: {'identifier': 'image_pipeline', 'progress': 'build'}
[358.733995] (image_pipeline) Command: {'cmd': ['/usr/bin/cmake', '--build', '/home/bryan/Workspace/ros2_ws/build/image_pipeline', '--', '-j3', '-l3'], 'cwd': '/home/bryan/Workspace/ros2_ws/build/image_pipeline', 'env': OrderedDict([('LESSOPEN', '| /usr/bin/lesspipe %s'), ('USER', 'bryan'), ('XDG_SESSION_TYPE', 'wayland'), ('SHLVL', '1'), ('LD_LIBRARY_PATH', '/home/bryan/Workspace/ros2_ws/install/stereo_image_proc/lib:/home/bryan/Workspace/ros2_ws/install/image_view/lib:/home/bryan/Workspace/ros2_ws/install/image_rotate/lib:/home/bryan/Workspace/ros2_ws/install/image_publisher/lib:/home/bryan/Workspace/ros2_ws/install/image_proc/lib:/home/bryan/Workspace/ros2_ws/install/depth_image_proc/lib:/home/bryan/Workspace/ros2_ws/install/tracetools_image_pipeline/lib:/home/bryan/Workspace/ros2_ws/install/image_geometry/lib:/home/bryan/Workspace/ros2_ws/install/cv_bridge/lib:/opt/ros/humble/opt/rviz_ogre_vendor/lib:/opt/ros/humble/lib/x86_64-linux-gnu:/opt/ros/humble/lib'), ('HOME', '/home/bryan'), ('OLDPWD', '/home/bryan/Workspace/ros2_ws/src/ros2_sumo-main'), ('DESKTOP_SESSION', 'ubuntu'), ('ROS_PYTHON_VERSION', '3'), ('GNOME_SHELL_SESSION_MODE', 'ubuntu'), ('GTK_MODULES', 'gail:atk-bridge'), ('SYSTEMD_EXEC_PID', '1570'), ('DBUS_SESSION_BUS_ADDRESS', 'unix:path=/run/user/1000/bus'), ('COLORTERM', 'truecolor'), ('IM_CONFIG_PHASE', '1'), ('WAYLAND_DISPLAY', 'wayland-0'), ('ROS_DISTRO', 'humble'), ('LOGNAME', 'bryan'), ('SUMO_HOME', '/usr/share/sumo/'), ('_', '/usr/bin/colcon'), ('ROS_VERSION', '2'), ('XDG_SESSION_CLASS', 'user'), ('USERNAME', 'bryan'), ('TERM', 'xterm-256color'), ('GNOME_DESKTOP_SESSION_ID', 'this-is-deprecated'), ('ROS_LOCALHOST_ONLY', '0'), ('PATH', '/home/bryan/Workspace/ros2_ws/install/image_proc/bin:/opt/ros/humble/bin:/usr/local/sbin:/usr/local/bin:/usr/sbin:/usr/bin:/sbin:/bin:/usr/games:/usr/local/games:/snap/bin:/snap/bin'), ('SESSION_MANAGER', 'local/bryan-VirtualBox:@/tmp/.ICE-unix/1372,unix/bryan-VirtualBox:/tmp/.ICE-unix/1372'), ('XDG_MENU_PREFIX', 'gnome-'), ('GNOME_TERMINAL_SCREEN', '/org/gnome/Terminal/screen/71407a0b_323a_4971_8a7b_4147209295e5'), ('GNOME_SETUP_DISPLAY', ':1'), ('XDG_RUNTIME_DIR', '/run/user/1000'), ('DISPLAY', ':0'), ('LANG', 'en_US.UTF-8'), ('XDG_CURRENT_DESKTOP', 'ubuntu:GNOME'), ('XMODIFIERS', '@im=ibus'), ('XDG_SESSION_DESKTOP', 'ubuntu'), ('XAUTHORITY', '/run/user/1000/.mutter-Xwaylandauth.GH7FP3'), ('LS_COLORS', 'rs=0:di=01;34:ln=01;36:mh=00:pi=40;33:so=01;35:do=01;35:bd=40;33;01:cd=40;33;01:or=40;31;01:mi=00:su=37;41:sg=30;43:ca=30;41:tw=30;42:ow=34;42:st=37;44:ex=01;32:*.tar=01;31:*.tgz=01;31:*.arc=01;31:*.arj=01;31:*.taz=01;31:*.lha=01;31:*.lz4=01;31:*.lzh=01;31:*.lzma=01;31:*.tlz=01;31:*.txz=01;31:*.tzo=01;31:*.t7z=01;31:*.zip=01;31:*.z=01;31:*.dz=01;31:*.gz=01;31:*.lrz=01;31:*.lz=01;31:*.lzo=01;31:*.xz=01;31:*.zst=01;31:*.tzst=01;31:*.bz2=01;31:*.bz=01;31:*.tbz=01;31:*.tbz2=01;31:*.tz=01;31:*.deb=01;31:*.rpm=01;31:*.jar=01;31:*.war=01;31:*.ear=01;31:*.sar=01;31:*.rar=01;31:*.alz=01;31:*.ace=01;31:*.zoo=01;31:*.cpio=01;31:*.7z=01;31:*.rz=01;31:*.cab=01;31:*.wim=01;31:*.swm=01;31:*.dwm=01;31:*.esd=01;31:*.jpg=01;35:*.jpeg=01;35:*.mjpg=01;35:*.mjpeg=01;35:*.gif=01;35:*.bmp=01;35:*.pbm=01;35:*.pgm=01;35:*.ppm=01;35:*.tga=01;35:*.xbm=01;35:*.xpm=01;35:*.tif=01;35:*.tiff=01;35:*.png=01;35:*.svg=01;35:*.svgz=01;35:*.mng=01;35:*.pcx=01;35:*.mov=01;35:*.mpg=01;35:*.mpeg=01;35:*.m2v=01;35:*.mkv=01;35:*.webm=01;35:*.webp=01;35:*.ogm=01;35:*.mp4=01;35:*.m4v=01;35:*.mp4v=01;35:*.vob=01;35:*.qt=01;35:*.nuv=01;35:*.wmv=01;35:*.asf=01;35:*.rm=01;35:*.rmvb=01;35:*.flc=01;35:*.avi=01;35:*.fli=01;35:*.flv=01;35:*.gl=01;35:*.dl=01;35:*.xcf=01;35:*.xwd=01;35:*.yuv=01;35:*.cgm=01;35:*.emf=01;35:*.ogv=01;35:*.ogx=01;35:*.aac=00;36:*.au=00;36:*.flac=00;36:*.m4a=00;36:*.mid=00;36:*.midi=00;36:*.mka=00;36:*.mp3=00;36:*.mpc=00;36:*.ogg=00;36:*.ra=00;36:*.wav=00;36:*.oga=00;36:*.opus=00;36:*.spx=00;36:*.xspf=00;36:'), ('GNOME_TERMINAL_SERVICE', ':1.91'), ('SSH_AGENT_LAUNCHER', 'gnome-keyring'), ('SSH_AUTH_SOCK', '/run/user/1000/keyring/ssh'), ('AMENT_PREFIX_PATH', '/home/bryan/Workspace/ros2_ws/install/stereo_image_proc:/home/bryan/Workspace/ros2_ws/install/image_view:/home/bryan/Workspace/ros2_ws/install/image_rotate:/home/bryan/Workspace/ros2_ws/install/image_publisher:/home/bryan/Workspace/ros2_ws/install/image_proc:/home/bryan/Workspace/ros2_ws/install/depth_image_proc:/home/bryan/Workspace/ros2_ws/install/camera_calibration:/home/bryan/Workspace/ros2_ws/install/tracetools_image_pipeline:/home/bryan/Workspace/ros2_ws/install/image_geometry:/home/bryan/Workspace/ros2_ws/install/cv_bridge:/opt/ros/humble'), ('SHELL', '/bin/bash'), ('QT_ACCESSIBILITY', '1'), ('GDMSESSION', 'ubuntu'), ('LESSCLOSE', '/usr/bin/lesspipe %s %s'), ('QT_IM_MODULE', 'ibus'), ('PWD', '/home/bryan/Workspace/ros2_ws/build/image_pipeline'), ('LC_ALL', 'en_US.UTF-8'), ('XDG_CONFIG_DIRS', '/etc/xdg/xdg-ubuntu:/etc/xdg'), ('XDG_DATA_DIRS', '/usr/share/ubuntu:/usr/local/share/:/usr/share/:/var/lib/snapd/desktop'), ('PYTHONPATH', '/home/bryan/Workspace/ros2_ws/build/camera_calibration/src:/home/bryan/Workspace/ros2_ws/install/camera_calibration/lib/python3.10/site-packages:/home/bryan/Workspace/ros2_ws/install/image_geometry/local/lib/python3.10/dist-packages:/home/bryan/Workspace/ros2_ws/install/cv_bridge/local/lib/python3.10/dist-packages:/opt/ros/humble/lib/python3.10/site-packages:/opt/ros/humble/local/lib/python3.10/dist-packages'), ('COLCON', '1'), ('VTE_VERSION', '6800'), ('CMAKE_PREFIX_PATH', '/home/bryan/Workspace/ros2_ws/install/stereo_image_proc:/home/bryan/Workspace/ros2_ws/install/image_view:/home/bryan/Workspace/ros2_ws/install/image_rotate:/home/bryan/Workspace/ros2_ws/install/image_publisher:/home/bryan/Workspace/ros2_ws/install/image_proc:/home/bryan/Workspace/ros2_ws/install/depth_image_proc:/home/bryan/Workspace/ros2_ws/install/tracetools_image_pipeline:/home/bryan/Workspace/ros2_ws/install/image_geometry:/home/bryan/Workspace/ros2_ws/install/cv_bridge:/opt/ros/humble')]), 'shell': False}
[359.352228] (-) TimerEvent: {}
[360.380269] (-) TimerEvent: {}
[360.439680] (image_pipeline) CommandEnded: {'returncode': 0}
[360.441524] (image_pipeline) JobProgress: {'identifier': 'image_pipeline', 'progress': 'install'}
[360.441610] (image_pipeline) Command: {'cmd': ['/usr/bin/cmake', '--install', '/home/bryan/Workspace/ros2_ws/build/image_pipeline'], 'cwd': '/home/bryan/Workspace/ros2_ws/build/image_pipeline', 'env': OrderedDict([('LESSOPEN', '| /usr/bin/lesspipe %s'), ('USER', 'bryan'), ('XDG_SESSION_TYPE', 'wayland'), ('SHLVL', '1'), ('LD_LIBRARY_PATH', '/home/bryan/Workspace/ros2_ws/install/stereo_image_proc/lib:/home/bryan/Workspace/ros2_ws/install/image_view/lib:/home/bryan/Workspace/ros2_ws/install/image_rotate/lib:/home/bryan/Workspace/ros2_ws/install/image_publisher/lib:/home/bryan/Workspace/ros2_ws/install/image_proc/lib:/home/bryan/Workspace/ros2_ws/install/depth_image_proc/lib:/home/bryan/Workspace/ros2_ws/install/tracetools_image_pipeline/lib:/home/bryan/Workspace/ros2_ws/install/image_geometry/lib:/home/bryan/Workspace/ros2_ws/install/cv_bridge/lib:/opt/ros/humble/opt/rviz_ogre_vendor/lib:/opt/ros/humble/lib/x86_64-linux-gnu:/opt/ros/humble/lib'), ('HOME', '/home/bryan'), ('OLDPWD', '/home/bryan/Workspace/ros2_ws/src/ros2_sumo-main'), ('DESKTOP_SESSION', 'ubuntu'), ('ROS_PYTHON_VERSION', '3'), ('GNOME_SHELL_SESSION_MODE', 'ubuntu'), ('GTK_MODULES', 'gail:atk-bridge'), ('SYSTEMD_EXEC_PID', '1570'), ('DBUS_SESSION_BUS_ADDRESS', 'unix:path=/run/user/1000/bus'), ('COLORTERM', 'truecolor'), ('IM_CONFIG_PHASE', '1'), ('WAYLAND_DISPLAY', 'wayland-0'), ('ROS_DISTRO', 'humble'), ('LOGNAME', 'bryan'), ('SUMO_HOME', '/usr/share/sumo/'), ('_', '/usr/bin/colcon'), ('ROS_VERSION', '2'), ('XDG_SESSION_CLASS', 'user'), ('USERNAME', 'bryan'), ('TERM', 'xterm-256color'), ('GNOME_DESKTOP_SESSION_ID', 'this-is-deprecated'), ('ROS_LOCALHOST_ONLY', '0'), ('PATH', '/home/bryan/Workspace/ros2_ws/install/image_proc/bin:/opt/ros/humble/bin:/usr/local/sbin:/usr/local/bin:/usr/sbin:/usr/bin:/sbin:/bin:/usr/games:/usr/local/games:/snap/bin:/snap/bin'), ('SESSION_MANAGER', 'local/bryan-VirtualBox:@/tmp/.ICE-unix/1372,unix/bryan-VirtualBox:/tmp/.ICE-unix/1372'), ('XDG_MENU_PREFIX', 'gnome-'), ('GNOME_TERMINAL_SCREEN', '/org/gnome/Terminal/screen/71407a0b_323a_4971_8a7b_4147209295e5'), ('GNOME_SETUP_DISPLAY', ':1'), ('XDG_RUNTIME_DIR', '/run/user/1000'), ('DISPLAY', ':0'), ('LANG', 'en_US.UTF-8'), ('XDG_CURRENT_DESKTOP', 'ubuntu:GNOME'), ('XMODIFIERS', '@im=ibus'), ('XDG_SESSION_DESKTOP', 'ubuntu'), ('XAUTHORITY', '/run/user/1000/.mutter-Xwaylandauth.GH7FP3'), ('LS_COLORS', 'rs=0:di=01;34:ln=01;36:mh=00:pi=40;33:so=01;35:do=01;35:bd=40;33;01:cd=40;33;01:or=40;31;01:mi=00:su=37;41:sg=30;43:ca=30;41:tw=30;42:ow=34;42:st=37;44:ex=01;32:*.tar=01;31:*.tgz=01;31:*.arc=01;31:*.arj=01;31:*.taz=01;31:*.lha=01;31:*.lz4=01;31:*.lzh=01;31:*.lzma=01;31:*.tlz=01;31:*.txz=01;31:*.tzo=01;31:*.t7z=01;31:*.zip=01;31:*.z=01;31:*.dz=01;31:*.gz=01;31:*.lrz=01;31:*.lz=01;31:*.lzo=01;31:*.xz=01;31:*.zst=01;31:*.tzst=01;31:*.bz2=01;31:*.bz=01;31:*.tbz=01;31:*.tbz2=01;31:*.tz=01;31:*.deb=01;31:*.rpm=01;31:*.jar=01;31:*.war=01;31:*.ear=01;31:*.sar=01;31:*.rar=01;31:*.alz=01;31:*.ace=01;31:*.zoo=01;31:*.cpio=01;31:*.7z=01;31:*.rz=01;31:*.cab=01;31:*.wim=01;31:*.swm=01;31:*.dwm=01;31:*.esd=01;31:*.jpg=01;35:*.jpeg=01;35:*.mjpg=01;35:*.mjpeg=01;35:*.gif=01;35:*.bmp=01;35:*.pbm=01;35:*.pgm=01;35:*.ppm=01;35:*.tga=01;35:*.xbm=01;35:*.xpm=01;35:*.tif=01;35:*.tiff=01;35:*.png=01;35:*.svg=01;35:*.svgz=01;35:*.mng=01;35:*.pcx=01;35:*.mov=01;35:*.mpg=01;35:*.mpeg=01;35:*.m2v=01;35:*.mkv=01;35:*.webm=01;35:*.webp=01;35:*.ogm=01;35:*.mp4=01;35:*.m4v=01;35:*.mp4v=01;35:*.vob=01;35:*.qt=01;35:*.nuv=01;35:*.wmv=01;35:*.asf=01;35:*.rm=01;35:*.rmvb=01;35:*.flc=01;35:*.avi=01;35:*.fli=01;35:*.flv=01;35:*.gl=01;35:*.dl=01;35:*.xcf=01;35:*.xwd=01;35:*.yuv=01;35:*.cgm=01;35:*.emf=01;35:*.ogv=01;35:*.ogx=01;35:*.aac=00;36:*.au=00;36:*.flac=00;36:*.m4a=00;36:*.mid=00;36:*.midi=00;36:*.mka=00;36:*.mp3=00;36:*.mpc=00;36:*.ogg=00;36:*.ra=00;36:*.wav=00;36:*.oga=00;36:*.opus=00;36:*.spx=00;36:*.xspf=00;36:'), ('GNOME_TERMINAL_SERVICE', ':1.91'), ('SSH_AGENT_LAUNCHER', 'gnome-keyring'), ('SSH_AUTH_SOCK', '/run/user/1000/keyring/ssh'), ('AMENT_PREFIX_PATH', '/home/bryan/Workspace/ros2_ws/install/stereo_image_proc:/home/bryan/Workspace/ros2_ws/install/image_view:/home/bryan/Workspace/ros2_ws/install/image_rotate:/home/bryan/Workspace/ros2_ws/install/image_publisher:/home/bryan/Workspace/ros2_ws/install/image_proc:/home/bryan/Workspace/ros2_ws/install/depth_image_proc:/home/bryan/Workspace/ros2_ws/install/camera_calibration:/home/bryan/Workspace/ros2_ws/install/tracetools_image_pipeline:/home/bryan/Workspace/ros2_ws/install/image_geometry:/home/bryan/Workspace/ros2_ws/install/cv_bridge:/opt/ros/humble'), ('SHELL', '/bin/bash'), ('QT_ACCESSIBILITY', '1'), ('GDMSESSION', 'ubuntu'), ('LESSCLOSE', '/usr/bin/lesspipe %s %s'), ('QT_IM_MODULE', 'ibus'), ('PWD', '/home/bryan/Workspace/ros2_ws/build/image_pipeline'), ('LC_ALL', 'en_US.UTF-8'), ('XDG_CONFIG_DIRS', '/etc/xdg/xdg-ubuntu:/etc/xdg'), ('XDG_DATA_DIRS', '/usr/share/ubuntu:/usr/local/share/:/usr/share/:/var/lib/snapd/desktop'), ('PYTHONPATH', '/home/bryan/Workspace/ros2_ws/build/camera_calibration/src:/home/bryan/Workspace/ros2_ws/install/camera_calibration/lib/python3.10/site-packages:/home/bryan/Workspace/ros2_ws/install/image_geometry/local/lib/python3.10/dist-packages:/home/bryan/Workspace/ros2_ws/install/cv_bridge/local/lib/python3.10/dist-packages:/opt/ros/humble/lib/python3.10/site-packages:/opt/ros/humble/local/lib/python3.10/dist-packages'), ('COLCON', '1'), ('VTE_VERSION', '6800'), ('CMAKE_PREFIX_PATH', '/home/bryan/Workspace/ros2_ws/install/stereo_image_proc:/home/bryan/Workspace/ros2_ws/install/image_view:/home/bryan/Workspace/ros2_ws/install/image_rotate:/home/bryan/Workspace/ros2_ws/install/image_publisher:/home/bryan/Workspace/ros2_ws/install/image_proc:/home/bryan/Workspace/ros2_ws/install/depth_image_proc:/home/bryan/Workspace/ros2_ws/install/tracetools_image_pipeline:/home/bryan/Workspace/ros2_ws/install/image_geometry:/home/bryan/Workspace/ros2_ws/install/cv_bridge:/opt/ros/humble')]), 'shell': False}
[360.445610] (image_pipeline) StdoutLine: {'line': b'-- Install configuration: ""\n'}
[360.447004] (image_pipeline) StdoutLine: {'line': b'-- Execute custom install script\n'}
[360.449223] (image_pipeline) StdoutLine: {'line': b'-- Symlinking: /home/bryan/Workspace/ros2_ws/install/image_pipeline/share/ament_index/resource_index/package_run_dependencies/image_pipeline\n'}
[360.501716] (image_pipeline) StdoutLine: {'line': b'-- Symlinking: /home/bryan/Workspace/ros2_ws/install/image_pipeline/share/ament_index/resource_index/parent_prefix_path/image_pipeline\n'}
[360.502234] (-) TimerEvent: {}
[360.555536] (image_pipeline) StdoutLine: {'line': b'-- Symlinking: /home/bryan/Workspace/ros2_ws/install/image_pipeline/share/image_pipeline/environment/ament_prefix_path.sh\n'}
[361.131552] (image_pipeline) StdoutLine: {'line': b'-- Symlinking: /home/bryan/Workspace/ros2_ws/install/image_pipeline/share/image_pipeline/environment/ament_prefix_path.dsv\n'}
[361.132207] (-) TimerEvent: {}
[361.132752] (image_pipeline) StdoutLine: {'line': b'-- Symlinking: /home/bryan/Workspace/ros2_ws/install/image_pipeline/share/image_pipeline/environment/path.sh\n'}
[361.133191] (image_pipeline) StdoutLine: {'line': b'-- Symlinking: /home/bryan/Workspace/ros2_ws/install/image_pipeline/share/image_pipeline/environment/path.dsv\n'}
[361.133476] (image_pipeline) StdoutLine: {'line': b'-- Symlinking: /home/bryan/Workspace/ros2_ws/install/image_pipeline/share/image_pipeline/local_setup.bash\n'}
[361.133731] (image_pipeline) StdoutLine: {'line': b'-- Symlinking: /home/bryan/Workspace/ros2_ws/install/image_pipeline/share/image_pipeline/local_setup.sh\n'}
[361.134183] (image_pipeline) StdoutLine: {'line': b'-- Symlinking: /home/bryan/Workspace/ros2_ws/install/image_pipeline/share/image_pipeline/local_setup.zsh\n'}
[361.134457] (image_pipeline) StdoutLine: {'line': b'-- Symlinking: /home/bryan/Workspace/ros2_ws/install/image_pipeline/share/image_pipeline/local_setup.dsv\n'}
[361.134714] (image_pipeline) StdoutLine: {'line': b'-- Symlinking: /home/bryan/Workspace/ros2_ws/install/image_pipeline/share/image_pipeline/package.dsv\n'}
[361.134981] (image_pipeline) StdoutLine: {'line': b'-- Symlinking: /home/bryan/Workspace/ros2_ws/install/image_pipeline/share/ament_index/resource_index/packages/image_pipeline\n'}
[361.135234] (image_pipeline) StdoutLine: {'line': b'-- Symlinking: /home/bryan/Workspace/ros2_ws/install/image_pipeline/share/image_pipeline/cmake/image_pipelineConfig.cmake\n'}
[361.135788] (image_pipeline) StdoutLine: {'line': b'-- Symlinking: /home/bryan/Workspace/ros2_ws/install/image_pipeline/share/image_pipeline/cmake/image_pipelineConfig-version.cmake\n'}
[361.136093] (image_pipeline) StdoutLine: {'line': b'-- Symlinking: /home/bryan/Workspace/ros2_ws/install/image_pipeline/share/image_pipeline/package.xml\n'}
[361.178530] (image_pipeline) CommandEnded: {'returncode': 0}
[361.208883] (image_pipeline) JobEnded: {'identifier': 'image_pipeline', 'rc': 0}
[361.332970] (-) TimerEvent: {}
[361.667224] (-) TimerEvent: {}
[361.769767] (-) TimerEvent: {}
[361.886992] (-) TimerEvent: {}
[361.990625] (-) TimerEvent: {}
[362.094161] (-) TimerEvent: {}
[362.198444] (-) TimerEvent: {}
[362.301661] (-) TimerEvent: {}
[362.410374] (-) TimerEvent: {}
[362.511750] (-) TimerEvent: {}
[362.613743] (-) TimerEvent: {}
[362.717384] (-) TimerEvent: {}
[362.825503] (-) TimerEvent: {}
[362.931415] (-) TimerEvent: {}
[363.032836] (-) TimerEvent: {}
[363.135140] (-) TimerEvent: {}
[363.241755] (-) TimerEvent: {}
[363.350282] (-) TimerEvent: {}
[363.458827] (-) TimerEvent: {}
[363.560979] (-) TimerEvent: {}
[363.682970] (-) TimerEvent: {}
[363.785405] (-) TimerEvent: {}
[363.892285] (-) TimerEvent: {}
[363.998335] (-) TimerEvent: {}
[364.102970] (-) TimerEvent: {}
[364.208057] (-) TimerEvent: {}
[364.312292] (-) TimerEvent: {}
[364.415716] (-) TimerEvent: {}
[364.518607] (-) TimerEvent: {}
[364.629933] (-) TimerEvent: {}
[364.731558] (-) TimerEvent: {}
[364.836776] (-) TimerEvent: {}
[364.944102] (-) TimerEvent: {}
[365.046976] (-) TimerEvent: {}
[365.155798] (-) TimerEvent: {}
[365.263310] (-) TimerEvent: {}
[365.372466] (-) TimerEvent: {}
[365.508090] (-) TimerEvent: {}
[365.616076] (-) TimerEvent: {}
[365.726331] (-) TimerEvent: {}
[365.833772] (-) TimerEvent: {}
[365.939782] (-) TimerEvent: {}
[366.044883] (-) TimerEvent: {}
[366.145787] (-) TimerEvent: {}
[366.249436] (-) TimerEvent: {}
[366.352295] (-) TimerEvent: {}
[366.456188] (-) TimerEvent: {}
[366.558887] (-) TimerEvent: {}
[366.662876] (-) TimerEvent: {}
[366.765194] (-) TimerEvent: {}
[366.871015] (-) TimerEvent: {}
[366.973769] (-) TimerEvent: {}
[367.077434] (-) TimerEvent: {}
[367.179056] (-) TimerEvent: {}
[367.285874] (-) TimerEvent: {}
[367.389786] (-) TimerEvent: {}
[367.493767] (-) TimerEvent: {}
[367.599061] (-) TimerEvent: {}
[367.702351] (-) TimerEvent: {}
[367.807528] (-) TimerEvent: {}
[367.911169] (-) TimerEvent: {}
[368.019716] (-) TimerEvent: {}
[368.128469] (-) TimerEvent: {}
[368.230786] (-) TimerEvent: {}
[368.350444] (-) TimerEvent: {}
[368.453003] (-) TimerEvent: {}
[368.562647] (-) TimerEvent: {}
[368.664275] (-) TimerEvent: {}
[368.770369] (-) TimerEvent: {}
[368.873627] (-) TimerEvent: {}
[368.975991] (-) TimerEvent: {}
[369.079505] (-) TimerEvent: {}
[369.182201] (-) TimerEvent: {}
[369.285587] (-) TimerEvent: {}
[369.387040] (-) TimerEvent: {}
[369.488981] (-) TimerEvent: {}
[369.591082] (-) TimerEvent: {}
[369.692786] (-) TimerEvent: {}
[369.795314] (-) TimerEvent: {}
[369.896802] (-) TimerEvent: {}
[369.998301] (-) TimerEvent: {}
[370.100764] (-) TimerEvent: {}
[370.205236] (-) TimerEvent: {}
[370.306483] (-) TimerEvent: {}
[370.407996] (-) TimerEvent: {}
[370.509755] (-) TimerEvent: {}
[370.630571] (-) TimerEvent: {}
[370.766385] (-) TimerEvent: {}
[370.876299] (-) TimerEvent: {}
[371.001824] (-) TimerEvent: {}
[371.104793] (-) TimerEvent: {}
[371.207451] (-) TimerEvent: {}
[371.311277] (-) TimerEvent: {}
[371.417067] (-) TimerEvent: {}
[371.521182] (-) TimerEvent: {}
[371.623106] (-) TimerEvent: {}
[371.726137] (-) TimerEvent: {}
[371.834028] (-) TimerEvent: {}
[371.940134] (-) TimerEvent: {}
[372.042190] (-) TimerEvent: {}
[372.147432] (-) TimerEvent: {}
[372.255957] (-) TimerEvent: {}
[372.362330] (-) TimerEvent: {}
[372.467610] (-) TimerEvent: {}
[372.571201] (-) TimerEvent: {}
[372.675915] (-) TimerEvent: {}
[372.778673] (-) TimerEvent: {}
[372.891504] (-) TimerEvent: {}
[372.995103] (-) TimerEvent: {}
[373.100477] (-) TimerEvent: {}
[373.204960] (-) TimerEvent: {}
[373.337329] (-) TimerEvent: {}
[373.438767] (-) TimerEvent: {}
[373.549891] (-) TimerEvent: {}
[373.658137] (-) TimerEvent: {}
[373.760919] (-) TimerEvent: {}
[373.868260] (-) TimerEvent: {}
[373.972386] (-) TimerEvent: {}
[374.082076] (-) TimerEvent: {}
[374.187343] (-) TimerEvent: {}
[374.289909] (-) TimerEvent: {}
[374.393180] (-) TimerEvent: {}
[374.495894] (-) TimerEvent: {}
[374.608020] (-) TimerEvent: {}
[374.712987] (-) TimerEvent: {}
[374.817684] (-) TimerEvent: {}
[374.922794] (-) TimerEvent: {}
[375.027036] (-) TimerEvent: {}
[375.135852] (-) TimerEvent: {}
[375.240677] (-) TimerEvent: {}
[375.352856] (-) TimerEvent: {}
[375.464290] (-) TimerEvent: {}
[375.570789] (-) TimerEvent: {}
[375.684248] (-) TimerEvent: {}
[375.786515] (-) TimerEvent: {}
[375.893436] (-) TimerEvent: {}
[375.999936] (-) TimerEvent: {}
[376.102882] (-) TimerEvent: {}
[376.213476] (-) TimerEvent: {}
[376.317329] (-) TimerEvent: {}
[376.421378] (-) TimerEvent: {}
[376.526697] (-) TimerEvent: {}
[376.630137] (-) TimerEvent: {}
[376.733641] (-) TimerEvent: {}
[376.835550] (-) TimerEvent: {}
[376.937296] (-) TimerEvent: {}
[377.038535] (-) TimerEvent: {}
[377.140697] (-) TimerEvent: {}
[377.242349] (-) TimerEvent: {}
[377.344305] (-) TimerEvent: {}
[377.446526] (-) TimerEvent: {}
[377.551461] (-) TimerEvent: {}
[377.656121] (-) TimerEvent: {}
[377.758060] (-) TimerEvent: {}
[377.860792] (-) TimerEvent: {}
[377.974011] (-) TimerEvent: {}
[378.075899] (-) TimerEvent: {}
[378.181536] (-) TimerEvent: {}
[378.285626] (-) TimerEvent: {}
[378.402305] (-) TimerEvent: {}
[378.505305] (-) TimerEvent: {}
[378.618131] (-) TimerEvent: {}
[378.723936] (-) TimerEvent: {}
[378.828671] (-) TimerEvent: {}
[378.933255] (-) TimerEvent: {}
[379.036268] (-) TimerEvent: {}
[379.140614] (-) TimerEvent: {}
[379.249610] (-) TimerEvent: {}
[379.352243] (-) TimerEvent: {}
[379.456313] (-) TimerEvent: {}
[379.558418] (-) TimerEvent: {}
[379.660478] (-) TimerEvent: {}
[379.765661] (-) TimerEvent: {}
[379.869880] (-) TimerEvent: {}
[379.972165] (-) TimerEvent: {}
[380.080028] (-) TimerEvent: {}
[380.193579] (-) TimerEvent: {}
[380.295150] (-) TimerEvent: {}
[380.421912] (-) TimerEvent: {}
[380.620152] (-) TimerEvent: {}
[380.728263] (-) TimerEvent: {}
[381.363737] (-) TimerEvent: {}
[381.466825] (-) TimerEvent: {}
[381.592900] (-) TimerEvent: {}
[381.702755] (-) TimerEvent: {}
[381.815101] (-) TimerEvent: {}
[381.931282] (-) TimerEvent: {}
[382.032968] (-) TimerEvent: {}
[382.135304] (-) TimerEvent: {}
[382.241265] (-) TimerEvent: {}
[382.344342] (-) TimerEvent: {}
[382.461161] (-) TimerEvent: {}
[382.571136] (-) TimerEvent: {}
[382.673091] (-) TimerEvent: {}
[382.780103] (-) TimerEvent: {}
[382.881479] (-) TimerEvent: {}
[382.991805] (-) TimerEvent: {}
[383.016519] (examples_rclcpp_minimal_subscriber) StdoutLine: {'line': b'[ 41%] \x1b[32m\x1b[1mLinking CXX executable subscriber_not_composable\x1b[0m\n'}
[383.093147] (-) TimerEvent: {}
[383.347007] (-) TimerEvent: {}
[383.626393] (examples_rclcpp_wait_set) StdoutLine: {'line': b'[ 33%] \x1b[32m\x1b[1mLinking CXX executable wait_set\x1b[0m\n'}
[383.626965] (-) TimerEvent: {}
[384.362374] (-) TimerEvent: {}
[384.615702] (-) TimerEvent: {}
[384.675113] (examples_rclcpp_minimal_subscriber) StdoutLine: {'line': b'[ 41%] Built target subscriber_not_composable\n'}
[384.800912] (examples_rclcpp_minimal_subscriber) StdoutLine: {'line': b'[ 45%] \x1b[32mBuilding CXX object CMakeFiles/subscriber_content_filtering.dir/content_filtering.cpp.o\x1b[0m\n'}
[384.801531] (-) TimerEvent: {}
[385.353010] (-) TimerEvent: {}
[385.464856] (examples_rclcpp_wait_set) StdoutLine: {'line': b'[ 33%] Built target wait_set\n'}
[385.465411] (-) TimerEvent: {}
[385.582616] (examples_rclcpp_wait_set) StdoutLine: {'line': b'[ 37%] \x1b[32mBuilding CXX object CMakeFiles/static_wait_set.dir/src/static_wait_set.cpp.o\x1b[0m\n'}
[385.583033] (-) TimerEvent: {}
[386.351315] (-) TimerEvent: {}
[387.344100] (-) TimerEvent: {}
[389.359703] (-) TimerEvent: {}
[390.346978] (-) TimerEvent: {}
[391.348923] (-) TimerEvent: {}
[392.370184] (-) TimerEvent: {}
[393.352754] (-) TimerEvent: {}
[394.350433] (-) TimerEvent: {}
[395.352094] (-) TimerEvent: {}
[395.492407] (-) TimerEvent: {}
[395.663913] (-) TimerEvent: {}
[395.875039] (-) TimerEvent: {}
[395.988832] (-) TimerEvent: {}
[396.102303] (-) TimerEvent: {}
[396.207010] (-) TimerEvent: {}
[396.315234] (-) TimerEvent: {}
[396.420652] (-) TimerEvent: {}
[396.524727] (-) TimerEvent: {}
[396.626573] (-) TimerEvent: {}
[396.741862] (-) TimerEvent: {}
[396.844057] (-) TimerEvent: {}
[396.961124] (-) TimerEvent: {}
[397.063169] (-) TimerEvent: {}
[397.168167] (-) TimerEvent: {}
[397.284043] (-) TimerEvent: {}
[397.385864] (-) TimerEvent: {}
[398.344225] (-) TimerEvent: {}
[399.349390] (-) TimerEvent: {}
[400.359155] (-) TimerEvent: {}
[401.358623] (-) TimerEvent: {}
[402.345857] (-) TimerEvent: {}
[403.369198] (-) TimerEvent: {}
[404.344577] (-) TimerEvent: {}
[405.346715] (-) TimerEvent: {}
[406.358400] (-) TimerEvent: {}
[406.486147] (-) TimerEvent: {}
[406.592471] (-) TimerEvent: {}
[406.701733] (-) TimerEvent: {}
[408.416866] (-) TimerEvent: {}
[408.526404] (-) TimerEvent: {}
[408.631550] (-) TimerEvent: {}
[408.740275] (-) TimerEvent: {}
[408.849778] (-) TimerEvent: {}
[408.951604] (-) TimerEvent: {}
[409.063474] (-) TimerEvent: {}
[409.172587] (-) TimerEvent: {}
[409.274368] (-) TimerEvent: {}
[409.376694] (-) TimerEvent: {}
[409.483865] (-) TimerEvent: {}
[409.589216] (-) TimerEvent: {}
[409.691120] (-) TimerEvent: {}
[409.794755] (-) TimerEvent: {}
[409.911414] (-) TimerEvent: {}
[410.015044] (-) TimerEvent: {}
[410.118871] (-) TimerEvent: {}
[410.220529] (-) TimerEvent: {}
[410.325895] (-) TimerEvent: {}
[410.429999] (-) TimerEvent: {}
[410.570043] (-) TimerEvent: {}
[410.680705] (-) TimerEvent: {}
[410.785300] (-) TimerEvent: {}
[410.896149] (-) TimerEvent: {}
[410.997646] (-) TimerEvent: {}
[411.101447] (-) TimerEvent: {}
[411.227946] (-) TimerEvent: {}
[411.331631] (-) TimerEvent: {}
[411.438139] (-) TimerEvent: {}
[411.543030] (-) TimerEvent: {}
[411.647835] (-) TimerEvent: {}
[411.753900] (-) TimerEvent: {}
[411.866977] (-) TimerEvent: {}
[411.976211] (-) TimerEvent: {}
[412.081567] (-) TimerEvent: {}
[412.186689] (-) TimerEvent: {}
[412.289030] (-) TimerEvent: {}
[412.394014] (-) TimerEvent: {}
[412.496321] (-) TimerEvent: {}
[412.598852] (-) TimerEvent: {}
[412.705576] (-) TimerEvent: {}
[412.811556] (-) TimerEvent: {}
[412.916344] (-) TimerEvent: {}
[413.022200] (-) TimerEvent: {}
[413.124723] (-) TimerEvent: {}
[413.230411] (-) TimerEvent: {}
[413.333899] (-) TimerEvent: {}
[413.436997] (-) TimerEvent: {}
[413.540582] (-) TimerEvent: {}
[413.645065] (-) TimerEvent: {}
[413.755752] (-) TimerEvent: {}
[413.874554] (-) TimerEvent: {}
[413.983831] (-) TimerEvent: {}
[414.085004] (-) TimerEvent: {}
[414.192629] (-) TimerEvent: {}
[414.298824] (-) TimerEvent: {}
[414.406274] (-) TimerEvent: {}
[414.508183] (-) TimerEvent: {}
[414.611314] (-) TimerEvent: {}
[414.715241] (-) TimerEvent: {}
[414.821194] (-) TimerEvent: {}
[414.928644] (-) TimerEvent: {}
[415.032386] (-) TimerEvent: {}
[415.138721] (-) TimerEvent: {}
[415.242551] (-) TimerEvent: {}
[415.356611] (-) TimerEvent: {}
[415.459953] (-) TimerEvent: {}
[415.562439] (-) TimerEvent: {}
[415.830268] (-) TimerEvent: {}
[415.938535] (-) TimerEvent: {}
[416.047272] (-) TimerEvent: {}
[416.155703] (-) TimerEvent: {}
[416.258032] (-) TimerEvent: {}
[416.361391] (-) TimerEvent: {}
[416.466315] (-) TimerEvent: {}
[416.570475] (-) TimerEvent: {}
[416.674630] (-) TimerEvent: {}
[416.781028] (-) TimerEvent: {}
[416.884115] (-) TimerEvent: {}
[416.986244] (-) TimerEvent: {}
[417.090350] (-) TimerEvent: {}
[417.196950] (-) TimerEvent: {}
[417.301551] (-) TimerEvent: {}
[417.406362] (-) TimerEvent: {}
[417.512003] (-) TimerEvent: {}
[417.619576] (-) TimerEvent: {}
[417.726482] (-) TimerEvent: {}
[417.833238] (-) TimerEvent: {}
[417.935691] (-) TimerEvent: {}
[418.043402] (-) TimerEvent: {}
[418.151834] (-) TimerEvent: {}
[418.256411] (-) TimerEvent: {}
[418.363748] (-) TimerEvent: {}
[418.469598] (-) TimerEvent: {}
[418.573193] (-) TimerEvent: {}
[418.680332] (-) TimerEvent: {}
[418.787112] (-) TimerEvent: {}
[418.889668] (-) TimerEvent: {}
[418.993336] (-) TimerEvent: {}
[419.100735] (-) TimerEvent: {}
[419.203975] (-) TimerEvent: {}
[419.305193] (-) TimerEvent: {}
[419.418295] (-) TimerEvent: {}
[419.521722] (-) TimerEvent: {}
[419.624301] (-) TimerEvent: {}
[419.729313] (-) TimerEvent: {}
[419.836168] (-) TimerEvent: {}
[419.941563] (-) TimerEvent: {}
[420.047547] (-) TimerEvent: {}
[420.151377] (-) TimerEvent: {}
[420.254954] (-) TimerEvent: {}
[420.358624] (-) TimerEvent: {}
[420.462689] (-) TimerEvent: {}
[420.569070] (-) TimerEvent: {}
[420.675325] (-) TimerEvent: {}
[420.780378] (-) TimerEvent: {}
[420.884898] (-) TimerEvent: {}
[420.989150] (-) TimerEvent: {}
[421.090296] (-) TimerEvent: {}
[421.201284] (-) TimerEvent: {}
[421.348994] (-) TimerEvent: {}
[423.244328] (-) TimerEvent: {}
[423.309105] (examples_rclcpp_minimal_subscriber) StdoutLine: {'line': b'[ 50%] \x1b[32m\x1b[1mLinking CXX executable subscriber_content_filtering\x1b[0m\n'}
[423.350821] (-) TimerEvent: {}
[423.524580] (-) TimerEvent: {}
[423.631437] (-) TimerEvent: {}
[423.814025] (-) TimerEvent: {}
[425.117646] (examples_rclcpp_minimal_subscriber) StdoutLine: {'line': b'[ 50%] Built target subscriber_content_filtering\n'}
[425.118350] (-) TimerEvent: {}
[425.247154] (examples_rclcpp_minimal_subscriber) StdoutLine: {'line': b'[ 54%] \x1b[32mBuilding CXX object CMakeFiles/wait_set_subscriber_library.dir/wait_set_subscriber.cpp.o\x1b[0m\n'}
[425.247814] (-) TimerEvent: {}
[425.373946] (-) TimerEvent: {}
[425.920860] (-) TimerEvent: {}
[426.016224] (examples_rclcpp_wait_set) StdoutLine: {'line': b'[ 41%] \x1b[32m\x1b[1mLinking CXX executable static_wait_set\x1b[0m\n'}
[426.021197] (-) TimerEvent: {}
[426.125539] (-) TimerEvent: {}
[426.346460] (-) TimerEvent: {}
[427.353982] (-) TimerEvent: {}
[427.556913] (-) TimerEvent: {}
[427.660422] (-) TimerEvent: {}
[427.702122] (examples_rclcpp_wait_set) StdoutLine: {'line': b'[ 41%] Built target static_wait_set\n'}
[427.762024] (-) TimerEvent: {}
[427.868524] (-) TimerEvent: {}
[427.971946] (-) TimerEvent: {}
[428.009295] (examples_rclcpp_wait_set) StdoutLine: {'line': b'[ 45%] \x1b[32mBuilding CXX object CMakeFiles/thread_safe_wait_set.dir/src/thread_safe_wait_set.cpp.o\x1b[0m\n'}
[428.072964] (-) TimerEvent: {}
[428.175701] (-) TimerEvent: {}
[428.280264] (-) TimerEvent: {}
[428.382579] (-) TimerEvent: {}
[428.484177] (-) TimerEvent: {}
[428.586195] (-) TimerEvent: {}
[428.688334] (-) TimerEvent: {}
[429.358388] (-) TimerEvent: {}
[430.360144] (-) TimerEvent: {}
[431.341681] (-) TimerEvent: {}
[432.343156] (-) TimerEvent: {}
[433.371566] (-) TimerEvent: {}
[434.353613] (-) TimerEvent: {}
[435.344617] (-) TimerEvent: {}
[436.364359] (-) TimerEvent: {}
[437.349778] (-) TimerEvent: {}
[438.350636] (-) TimerEvent: {}
[439.375882] (-) TimerEvent: {}
[440.345437] (-) TimerEvent: {}
[441.343289] (-) TimerEvent: {}
[442.345868] (-) TimerEvent: {}
[443.407499] (-) TimerEvent: {}
[444.353357] (-) TimerEvent: {}
[445.342651] (-) TimerEvent: {}
[446.346458] (-) TimerEvent: {}
[447.359740] (-) TimerEvent: {}
[448.345111] (-) TimerEvent: {}
[449.348887] (-) TimerEvent: {}
[449.756322] (-) TimerEvent: {}
[449.900335] (-) TimerEvent: {}
[450.002806] (-) TimerEvent: {}
[450.135728] (-) TimerEvent: {}
[450.240873] (-) TimerEvent: {}
[450.344161] (-) TimerEvent: {}
[450.447682] (-) TimerEvent: {}
[450.579144] (-) TimerEvent: {}
[450.686142] (-) TimerEvent: {}
[450.801779] (-) TimerEvent: {}
[450.911385] (-) TimerEvent: {}
[451.021134] (-) TimerEvent: {}
[451.125791] (-) TimerEvent: {}
[451.237634] (-) TimerEvent: {}
[451.347845] (-) TimerEvent: {}
[451.452471] (-) TimerEvent: {}
[451.559477] (-) TimerEvent: {}
[451.667343] (-) TimerEvent: {}
[451.769345] (-) TimerEvent: {}
[451.874657] (-) TimerEvent: {}
[451.978390] (-) TimerEvent: {}
[452.085358] (-) TimerEvent: {}
[452.191440] (-) TimerEvent: {}
[452.298570] (-) TimerEvent: {}
[452.404374] (-) TimerEvent: {}
[452.506603] (-) TimerEvent: {}
[452.609071] (-) TimerEvent: {}
[452.711585] (-) TimerEvent: {}
[452.816738] (-) TimerEvent: {}
[452.919181] (-) TimerEvent: {}
[453.035053] (-) TimerEvent: {}
[453.147455] (-) TimerEvent: {}
[453.260826] (-) TimerEvent: {}
[453.362846] (-) TimerEvent: {}
[453.471077] (-) TimerEvent: {}
[453.573617] (-) TimerEvent: {}
[453.679933] (-) TimerEvent: {}
[453.786828] (-) TimerEvent: {}
[453.895143] (-) TimerEvent: {}
[454.001472] (-) TimerEvent: {}
[454.104578] (-) TimerEvent: {}
[454.213146] (-) TimerEvent: {}
[454.320284] (-) TimerEvent: {}
[454.440272] (-) TimerEvent: {}
[454.544269] (-) TimerEvent: {}
[454.658932] (-) TimerEvent: {}
[454.771292] (-) TimerEvent: {}
[454.886151] (-) TimerEvent: {}
[455.008820] (-) TimerEvent: {}
[455.111552] (-) TimerEvent: {}
[455.213774] (-) TimerEvent: {}
[455.319647] (-) TimerEvent: {}
[455.424536] (-) TimerEvent: {}
[455.527880] (-) TimerEvent: {}
[455.654992] (-) TimerEvent: {}
[455.760422] (-) TimerEvent: {}
[455.863222] (-) TimerEvent: {}
[455.970403] (-) TimerEvent: {}
[456.072250] (-) TimerEvent: {}
[456.177135] (-) TimerEvent: {}
[456.284181] (-) TimerEvent: {}
[456.387046] (-) TimerEvent: {}
[456.492321] (-) TimerEvent: {}
[456.594963] (-) TimerEvent: {}
[456.611988] (examples_rclcpp_minimal_subscriber) StdoutLine: {'line': b'[ 58%] \x1b[32mBuilding CXX object CMakeFiles/wait_set_subscriber.dir/rclcpp_components/node_main_wait_set_subscriber.cpp.o\x1b[0m\n'}
[456.695598] (-) TimerEvent: {}
[456.697874] (examples_rclcpp_wait_set) StdoutLine: {'line': b'[ 50%] \x1b[32mBuilding CXX object CMakeFiles/wait_set_topics_and_timer.dir/src/wait_set_topics_and_timer.cpp.o\x1b[0m\n'}
[456.797605] (-) TimerEvent: {}
[457.348316] (-) TimerEvent: {}
[457.462763] (-) TimerEvent: {}
[457.570412] (-) TimerEvent: {}
[458.352907] (-) TimerEvent: {}
[458.463374] (-) TimerEvent: {}
[460.723955] (-) TimerEvent: {}
[460.805751] (examples_rclcpp_minimal_subscriber) StdoutLine: {'line': b'[ 62%] \x1b[32mBuilding CXX object CMakeFiles/subscriber_member_function.dir/member_function.cpp.o\x1b[0m\n'}
[460.836161] (-) TimerEvent: {}
[460.946877] (-) TimerEvent: {}
[461.347862] (-) TimerEvent: {}
[461.456034] (-) TimerEvent: {}
[461.577007] (-) TimerEvent: {}
[462.342585] (-) TimerEvent: {}
[463.361445] (-) TimerEvent: {}
[464.338864] (-) TimerEvent: {}
[465.371167] (-) TimerEvent: {}
[466.366475] (-) TimerEvent: {}
[466.468173] (-) TimerEvent: {}
[466.570152] (-) TimerEvent: {}
[467.337098] (-) TimerEvent: {}
[468.343191] (-) TimerEvent: {}
[469.368779] (-) TimerEvent: {}
[470.352200] (-) TimerEvent: {}
[470.556228] (-) TimerEvent: {}
[470.683286] (-) TimerEvent: {}
[471.341277] (-) TimerEvent: {}
[472.341940] (-) TimerEvent: {}
[473.364094] (-) TimerEvent: {}
[473.549077] (-) TimerEvent: {}
[473.716436] (-) TimerEvent: {}
[473.824623] (-) TimerEvent: {}
[474.348840] (-) TimerEvent: {}
[475.356759] (-) TimerEvent: {}
[476.371557] (-) TimerEvent: {}
[477.350766] (-) TimerEvent: {}
[478.376601] (-) TimerEvent: {}
[478.377610] (examples_rclcpp_minimal_subscriber) StdoutLine: {'line': b'[ 66%] \x1b[32mBuilding CXX object CMakeFiles/wait_set_subscriber_library.dir/static_wait_set_subscriber.cpp.o\x1b[0m\n'}
[479.339690] (-) TimerEvent: {}
[480.351302] (-) TimerEvent: {}
[480.362087] (examples_rclcpp_wait_set) StdoutLine: {'line': b'[ 54%] \x1b[32m\x1b[1mLinking CXX executable thread_safe_wait_set\x1b[0m\n'}
[481.353350] (-) TimerEvent: {}
[481.457091] (-) TimerEvent: {}
[482.340150] (-) TimerEvent: {}
[483.340087] (-) TimerEvent: {}
[484.370744] (examples_rclcpp_minimal_subscriber) StdoutLine: {'line': b'[ 70%] \x1b[32m\x1b[1mLinking CXX executable wait_set_subscriber\x1b[0m\n'}
[484.375275] (-) TimerEvent: {}
[485.095599] (-) TimerEvent: {}
[485.336016] (-) TimerEvent: {}
[486.348096] (-) TimerEvent: {}
[486.876876] (-) TimerEvent: {}
[487.000207] (-) TimerEvent: {}
[487.010645] (examples_rclcpp_wait_set) StdoutLine: {'line': b'[ 54%] Built target thread_safe_wait_set\n'}
[487.037925] (examples_rclcpp_minimal_subscriber) StdoutLine: {'line': b'[ 70%] Built target wait_set_subscriber\n'}
[487.348597] (-) TimerEvent: {}
[488.347696] (-) TimerEvent: {}
[489.356746] (-) TimerEvent: {}
[490.336960] (-) TimerEvent: {}
[491.346521] (-) TimerEvent: {}
[492.365476] (-) TimerEvent: {}
[492.592706] (-) TimerEvent: {}
[492.703500] (-) TimerEvent: {}
[492.810538] (-) TimerEvent: {}
[492.917971] (-) TimerEvent: {}
[493.020795] (-) TimerEvent: {}
[493.134412] (-) TimerEvent: {}
[493.241819] (-) TimerEvent: {}
[493.343776] (-) TimerEvent: {}
[494.362023] (-) TimerEvent: {}
[494.465110] (-) TimerEvent: {}
[494.572089] (-) TimerEvent: {}
[494.686575] (-) TimerEvent: {}
[494.794733] (-) TimerEvent: {}
[494.903974] (-) TimerEvent: {}
[495.006300] (-) TimerEvent: {}
[495.113188] (-) TimerEvent: {}
[495.217209] (-) TimerEvent: {}
[495.320160] (-) TimerEvent: {}
[495.424277] (-) TimerEvent: {}
[495.525739] (-) TimerEvent: {}
[495.632666] (-) TimerEvent: {}
[495.735050] (-) TimerEvent: {}
[495.840867] (-) TimerEvent: {}
[495.950117] (-) TimerEvent: {}
[496.057361] (-) TimerEvent: {}
[496.169918] (-) TimerEvent: {}
[496.273161] (-) TimerEvent: {}
[496.376697] (-) TimerEvent: {}
[496.478812] (-) TimerEvent: {}
[496.593159] (-) TimerEvent: {}
[496.695318] (-) TimerEvent: {}
[496.798295] (-) TimerEvent: {}
[496.906983] (-) TimerEvent: {}
[497.012097] (-) TimerEvent: {}
[497.115044] (-) TimerEvent: {}
[497.216910] (-) TimerEvent: {}
[497.321906] (-) TimerEvent: {}
[497.434426] (-) TimerEvent: {}
[497.536180] (-) TimerEvent: {}
[497.639117] (-) TimerEvent: {}
[497.742698] (-) TimerEvent: {}
[497.851228] (-) TimerEvent: {}
[497.954684] (-) TimerEvent: {}
[498.058726] (-) TimerEvent: {}
[498.163064] (-) TimerEvent: {}
[498.272871] (-) TimerEvent: {}
[498.381986] (-) TimerEvent: {}
[498.485855] (-) TimerEvent: {}
[498.598619] (-) TimerEvent: {}
[498.704038] (-) TimerEvent: {}
[498.807854] (-) TimerEvent: {}
[498.910638] (-) TimerEvent: {}
[499.016807] (-) TimerEvent: {}
[499.128022] (-) TimerEvent: {}
[499.234123] (-) TimerEvent: {}
[499.337601] (-) TimerEvent: {}
[499.442741] (-) TimerEvent: {}
[499.544069] (-) TimerEvent: {}
[499.648898] (-) TimerEvent: {}
[499.753722] (-) TimerEvent: {}
[499.859547] (-) TimerEvent: {}
[499.973673] (-) TimerEvent: {}
[500.077508] (-) TimerEvent: {}
[500.180931] (-) TimerEvent: {}
[500.285826] (-) TimerEvent: {}
[500.388682] (-) TimerEvent: {}
[500.497001] (-) TimerEvent: {}
[500.604880] (-) TimerEvent: {}
[500.711295] (-) TimerEvent: {}
[500.815798] (-) TimerEvent: {}
[500.922868] (-) TimerEvent: {}
[501.025068] (-) TimerEvent: {}
[501.128710] (-) TimerEvent: {}
[501.240100] (-) TimerEvent: {}
[501.351691] (-) TimerEvent: {}
[501.453531] (-) TimerEvent: {}
[501.555799] (-) TimerEvent: {}
[501.658134] (-) TimerEvent: {}
[501.760127] (-) TimerEvent: {}
[501.868312] (-) TimerEvent: {}
[501.972694] (-) TimerEvent: {}
[502.074159] (-) TimerEvent: {}
[502.177845] (-) TimerEvent: {}
[502.291760] (-) TimerEvent: {}
[502.394818] (-) TimerEvent: {}
[502.496951] (-) TimerEvent: {}
[502.599688] (-) TimerEvent: {}
[502.701652] (-) TimerEvent: {}
[502.803450] (-) TimerEvent: {}
[502.912731] (-) TimerEvent: {}
[503.020066] (-) TimerEvent: {}
[503.126173] (-) TimerEvent: {}
[503.228420] (-) TimerEvent: {}
[503.348905] (-) TimerEvent: {}
[504.340532] (-) TimerEvent: {}
[505.180828] (-) TimerEvent: {}
[505.285769] (-) TimerEvent: {}
[505.390973] (-) TimerEvent: {}
[505.494363] (-) TimerEvent: {}
[505.599868] (-) TimerEvent: {}
[505.721053] (-) TimerEvent: {}
[505.824031] (-) TimerEvent: {}
[505.880292] (examples_rclcpp_wait_set) StdoutLine: {'line': b'[ 58%] \x1b[32m\x1b[1mLinking CXX executable wait_set_topics_and_timer\x1b[0m\n'}
[505.925562] (-) TimerEvent: {}
[506.038858] (-) TimerEvent: {}
[506.146023] (-) TimerEvent: {}
[506.251628] (-) TimerEvent: {}
[506.360680] (-) TimerEvent: {}
[506.461655] (-) TimerEvent: {}
[506.565942] (-) TimerEvent: {}
[506.670344] (-) TimerEvent: {}
[506.773001] (-) TimerEvent: {}
[506.874416] (-) TimerEvent: {}
[506.987498] (-) TimerEvent: {}
[507.347127] (-) TimerEvent: {}
[507.451127] (-) TimerEvent: {}
[507.869627] (-) TimerEvent: {}
[507.928927] (examples_rclcpp_wait_set) StdoutLine: {'line': b'[ 58%] Built target wait_set_topics_and_timer\n'}
[508.043379] (examples_rclcpp_wait_set) StdoutLine: {'line': b'[ 62%] \x1b[32mBuilding CXX object CMakeFiles/wait_set_random_order.dir/src/wait_set_random_order.cpp.o\x1b[0m\n'}
[508.044015] (-) TimerEvent: {}
[508.149027] (-) TimerEvent: {}
[508.254185] (-) TimerEvent: {}
[508.376134] (-) TimerEvent: {}
[508.479960] (-) TimerEvent: {}
[508.594149] (-) TimerEvent: {}
[508.697916] (-) TimerEvent: {}
[509.077397] (-) TimerEvent: {}
[509.177232] (examples_rclcpp_minimal_subscriber) StdoutLine: {'line': b'[ 75%] \x1b[32m\x1b[1mLinking CXX executable subscriber_member_function\x1b[0m\n'}
[509.177816] (-) TimerEvent: {}
[509.352222] (-) TimerEvent: {}
[510.368996] (-) TimerEvent: {}
[510.551690] (-) TimerEvent: {}
[511.095536] (-) TimerEvent: {}
[511.152090] (examples_rclcpp_minimal_subscriber) StdoutLine: {'line': b'[ 75%] Built target subscriber_member_function\n'}
[511.343895] (-) TimerEvent: {}
[512.370572] (-) TimerEvent: {}
[513.352106] (-) TimerEvent: {}
[514.350506] (-) TimerEvent: {}
[515.353084] (-) TimerEvent: {}
[516.338699] (-) TimerEvent: {}
[517.721797] (-) TimerEvent: {}
[518.354343] (-) TimerEvent: {}
[519.345493] (-) TimerEvent: {}
[519.446674] (-) TimerEvent: {}
[519.620769] (-) TimerEvent: {}
[519.857201] (examples_rclcpp_minimal_subscriber) StdoutLine: {'line': b'[ 79%] \x1b[32mBuilding CXX object CMakeFiles/wait_set_subscriber_library.dir/time_triggered_wait_set_subscriber.cpp.o\x1b[0m\n'}
[519.857892] (-) TimerEvent: {}
[520.346502] (-) TimerEvent: {}
[521.360927] (-) TimerEvent: {}
[522.358134] (-) TimerEvent: {}
[523.343359] (-) TimerEvent: {}
[524.357067] (-) TimerEvent: {}
[525.369856] (-) TimerEvent: {}
[526.359230] (-) TimerEvent: {}
[527.349380] (-) TimerEvent: {}
[528.364227] (-) TimerEvent: {}
[529.343207] (-) TimerEvent: {}
[530.353492] (-) TimerEvent: {}
[531.073142] (-) TimerEvent: {}
[531.350696] (-) TimerEvent: {}
[532.349298] (-) TimerEvent: {}
[533.366470] (-) TimerEvent: {}
[534.355062] (-) TimerEvent: {}
[535.350044] (-) TimerEvent: {}
[536.357537] (-) TimerEvent: {}
[537.349116] (-) TimerEvent: {}
[538.356925] (-) TimerEvent: {}
[539.366581] (-) TimerEvent: {}
[540.345138] (-) TimerEvent: {}
[541.472531] (-) TimerEvent: {}
[541.601145] (-) TimerEvent: {}
[541.712399] (-) TimerEvent: {}
[541.815789] (-) TimerEvent: {}
[541.918650] (-) TimerEvent: {}
[542.023917] (-) TimerEvent: {}
[542.127906] (-) TimerEvent: {}
[542.233183] (-) TimerEvent: {}
[542.334453] (-) TimerEvent: {}
[542.440301] (-) TimerEvent: {}
[542.549182] (-) TimerEvent: {}
[542.659021] (-) TimerEvent: {}
[542.761252] (-) TimerEvent: {}
[542.866104] (-) TimerEvent: {}
[542.981910] (-) TimerEvent: {}
[543.094105] (-) TimerEvent: {}
[543.197886] (-) TimerEvent: {}
[543.303813] (-) TimerEvent: {}
[543.407092] (-) TimerEvent: {}
[543.511342] (-) TimerEvent: {}
[543.617500] (-) TimerEvent: {}
[543.723177] (-) TimerEvent: {}
[543.826159] (-) TimerEvent: {}
[543.927430] (-) TimerEvent: {}
[544.029539] (-) TimerEvent: {}
[544.132892] (-) TimerEvent: {}
[544.236206] (-) TimerEvent: {}
[544.338872] (-) TimerEvent: {}
[544.442715] (-) TimerEvent: {}
[544.545300] (-) TimerEvent: {}
[544.654674] (-) TimerEvent: {}
[544.764665] (-) TimerEvent: {}
[544.867615] (-) TimerEvent: {}
[544.973293] (-) TimerEvent: {}
[545.076469] (-) TimerEvent: {}
[545.181198] (-) TimerEvent: {}
[545.289101] (-) TimerEvent: {}
[545.393264] (-) TimerEvent: {}
[545.522623] (-) TimerEvent: {}
[545.627507] (-) TimerEvent: {}
[545.737694] (-) TimerEvent: {}
[545.844549] (-) TimerEvent: {}
[545.948378] (-) TimerEvent: {}
[546.051050] (-) TimerEvent: {}
[546.156833] (-) TimerEvent: {}
[546.265612] (-) TimerEvent: {}
[546.407457] (-) TimerEvent: {}
[546.553135] (-) TimerEvent: {}
[547.364661] (-) TimerEvent: {}
[548.371049] (-) TimerEvent: {}
[548.805933] (-) TimerEvent: {}
[548.861468] (examples_rclcpp_wait_set) StdoutLine: {'line': b'[ 66%] \x1b[32m\x1b[1mLinking CXX executable wait_set_random_order\x1b[0m\n'}
[548.917710] (-) TimerEvent: {}
[549.345269] (-) TimerEvent: {}
[550.361306] (-) TimerEvent: {}
[550.678592] (-) TimerEvent: {}
[550.713376] (examples_rclcpp_wait_set) StdoutLine: {'line': b'[ 66%] Built target wait_set_random_order\n'}
[550.830932] (examples_rclcpp_wait_set) StdoutLine: {'line': b'[ 70%] \x1b[32mBuilding CXX object CMakeFiles/executor_random_order.dir/src/executor_random_order.cpp.o\x1b[0m\n'}
[550.832261] (-) TimerEvent: {}
[551.345600] (-) TimerEvent: {}
[552.350652] (-) TimerEvent: {}
[553.350390] (-) TimerEvent: {}
[553.543384] (-) TimerEvent: {}
[554.344383] (-) TimerEvent: {}
[555.338523] (-) TimerEvent: {}
[556.276646] (-) TimerEvent: {}
[556.477151] (-) TimerEvent: {}
[557.350619] (-) TimerEvent: {}
[558.351912] (-) TimerEvent: {}
[558.682977] (examples_rclcpp_minimal_subscriber) StdoutLine: {'line': b'[ 83%] \x1b[32m\x1b[1mLinking CXX shared library libwait_set_subscriber_library.so\x1b[0m\n'}
[558.683940] (-) TimerEvent: {}
[559.369603] (-) TimerEvent: {}
[560.348325] (-) TimerEvent: {}
[561.358418] (-) TimerEvent: {}
[562.342031] (-) TimerEvent: {}
[562.389430] (examples_rclcpp_minimal_subscriber) StdoutLine: {'line': b'[ 83%] Built target wait_set_subscriber_library\n'}
[562.515895] (examples_rclcpp_minimal_subscriber) StdoutLine: {'line': b'[ 87%] \x1b[32mBuilding CXX object CMakeFiles/time_triggered_wait_set_subscriber.dir/rclcpp_components/node_main_time_triggered_wait_set_subscriber.cpp.o\x1b[0m\n'}
[562.516433] (-) TimerEvent: {}
[563.345169] (-) TimerEvent: {}
[564.362385] (-) TimerEvent: {}
[565.355360] (-) TimerEvent: {}
[566.351851] (-) TimerEvent: {}
[567.346396] (-) TimerEvent: {}
[568.342458] (-) TimerEvent: {}
[569.352234] (-) TimerEvent: {}
[570.338778] (-) TimerEvent: {}
[571.347299] (-) TimerEvent: {}
[572.345065] (-) TimerEvent: {}
[573.032582] (-) TimerEvent: {}
[573.348763] (-) TimerEvent: {}
[574.344370] (-) TimerEvent: {}
[574.658182] (-) TimerEvent: {}
[574.787856] (-) TimerEvent: {}
[574.889482] (-) TimerEvent: {}
[574.993823] (-) TimerEvent: {}
[575.104799] (-) TimerEvent: {}
[575.206622] (-) TimerEvent: {}
[575.308802] (-) TimerEvent: {}
[575.418549] (-) TimerEvent: {}
[575.524670] (-) TimerEvent: {}
[575.627171] (-) TimerEvent: {}
[575.966408] (examples_rclcpp_minimal_subscriber) StdoutLine: {'line': b'[ 91%] \x1b[32m\x1b[1mLinking CXX executable time_triggered_wait_set_subscriber\x1b[0m\n'}
[575.967042] (-) TimerEvent: {}
[576.347784] (-) TimerEvent: {}
[576.476963] (-) TimerEvent: {}
[576.557662] (examples_rclcpp_minimal_subscriber) StdoutLine: {'line': b'[ 91%] Built target time_triggered_wait_set_subscriber\n'}
[576.680274] (examples_rclcpp_minimal_subscriber) StdoutLine: {'line': b'[ 95%] \x1b[32mBuilding CXX object CMakeFiles/static_wait_set_subscriber.dir/rclcpp_components/node_main_static_wait_set_subscriber.cpp.o\x1b[0m\n'}
[576.680832] (-) TimerEvent: {}
[577.352143] (-) TimerEvent: {}
[578.347103] (-) TimerEvent: {}
[579.354437] (-) TimerEvent: {}
[579.611229] (-) TimerEvent: {}
[579.716763] (-) TimerEvent: {}
[579.818813] (-) TimerEvent: {}
[579.920418] (-) TimerEvent: {}
[580.033389] (-) TimerEvent: {}
[580.138140] (-) TimerEvent: {}
[580.264558] (-) TimerEvent: {}
[580.367498] (-) TimerEvent: {}
[580.470682] (-) TimerEvent: {}
[580.577624] (-) TimerEvent: {}
[580.690166] (-) TimerEvent: {}
[580.792028] (-) TimerEvent: {}
[580.904110] (-) TimerEvent: {}
[581.053664] (-) TimerEvent: {}
[581.157576] (-) TimerEvent: {}
[581.270314] (-) TimerEvent: {}
[581.376234] (-) TimerEvent: {}
[581.760246] (-) TimerEvent: {}
[582.352930] (-) TimerEvent: {}
[583.352837] (-) TimerEvent: {}
[584.358772] (-) TimerEvent: {}
[585.356485] (-) TimerEvent: {}
[586.342310] (-) TimerEvent: {}
[587.353631] (-) TimerEvent: {}
[587.733238] (examples_rclcpp_wait_set) StdoutLine: {'line': b'[ 75%] \x1b[32m\x1b[1mLinking CXX executable executor_random_order\x1b[0m\n'}
[587.734082] (-) TimerEvent: {}
[588.352269] (-) TimerEvent: {}
[589.339960] (-) TimerEvent: {}
[589.474637] (examples_rclcpp_wait_set) StdoutLine: {'line': b'[ 75%] Built target executor_random_order\n'}
[589.475177] (-) TimerEvent: {}
[589.611777] (examples_rclcpp_wait_set) StdoutLine: {'line': b'[ 79%] \x1b[32mBuilding CXX object CMakeFiles/wait_set_topics_with_different_rates.dir/src/wait_set_topics_with_different_rates.cpp.o\x1b[0m\n'}
[589.612351] (-) TimerEvent: {}
[590.340890] (-) TimerEvent: {}
[590.476322] (-) TimerEvent: {}
[590.601089] (-) TimerEvent: {}
[590.762748] (-) TimerEvent: {}
[590.848088] (examples_rclcpp_minimal_subscriber) StdoutLine: {'line': b'[100%] \x1b[32m\x1b[1mLinking CXX executable static_wait_set_subscriber\x1b[0m\n'}
[590.863721] (-) TimerEvent: {}
[590.972271] (-) TimerEvent: {}
[591.350335] (-) TimerEvent: {}
[591.453037] (-) TimerEvent: {}
[591.492855] (examples_rclcpp_minimal_subscriber) StdoutLine: {'line': b'[100%] Built target static_wait_set_subscriber\n'}
[591.554583] (-) TimerEvent: {}
[591.608192] (examples_rclcpp_minimal_subscriber) CommandEnded: {'returncode': 0}
[591.611660] (examples_rclcpp_minimal_subscriber) JobProgress: {'identifier': 'examples_rclcpp_minimal_subscriber', 'progress': 'install'}
[591.621012] (examples_rclcpp_minimal_subscriber) Command: {'cmd': ['/usr/bin/cmake', '--install', '/home/bryan/Workspace/ros2_ws/build/examples_rclcpp_minimal_subscriber'], 'cwd': '/home/bryan/Workspace/ros2_ws/build/examples_rclcpp_minimal_subscriber', 'env': OrderedDict([('LESSOPEN', '| /usr/bin/lesspipe %s'), ('USER', 'bryan'), ('XDG_SESSION_TYPE', 'wayland'), ('SHLVL', '1'), ('LD_LIBRARY_PATH', '/opt/ros/humble/opt/rviz_ogre_vendor/lib:/opt/ros/humble/lib/x86_64-linux-gnu:/opt/ros/humble/lib'), ('HOME', '/home/bryan'), ('OLDPWD', '/home/bryan/Workspace/ros2_ws/src/ros2_sumo-main'), ('DESKTOP_SESSION', 'ubuntu'), ('ROS_PYTHON_VERSION', '3'), ('GNOME_SHELL_SESSION_MODE', 'ubuntu'), ('GTK_MODULES', 'gail:atk-bridge'), ('SYSTEMD_EXEC_PID', '1570'), ('DBUS_SESSION_BUS_ADDRESS', 'unix:path=/run/user/1000/bus'), ('COLORTERM', 'truecolor'), ('IM_CONFIG_PHASE', '1'), ('WAYLAND_DISPLAY', 'wayland-0'), ('ROS_DISTRO', 'humble'), ('LOGNAME', 'bryan'), ('SUMO_HOME', '/usr/share/sumo/'), ('_', '/usr/bin/colcon'), ('ROS_VERSION', '2'), ('XDG_SESSION_CLASS', 'user'), ('USERNAME', 'bryan'), ('TERM', 'xterm-256color'), ('GNOME_DESKTOP_SESSION_ID', 'this-is-deprecated'), ('ROS_LOCALHOST_ONLY', '0'), ('PATH', '/opt/ros/humble/bin:/usr/local/sbin:/usr/local/bin:/usr/sbin:/usr/bin:/sbin:/bin:/usr/games:/usr/local/games:/snap/bin:/snap/bin'), ('SESSION_MANAGER', 'local/bryan-VirtualBox:@/tmp/.ICE-unix/1372,unix/bryan-VirtualBox:/tmp/.ICE-unix/1372'), ('XDG_MENU_PREFIX', 'gnome-'), ('GNOME_TERMINAL_SCREEN', '/org/gnome/Terminal/screen/71407a0b_323a_4971_8a7b_4147209295e5'), ('GNOME_SETUP_DISPLAY', ':1'), ('XDG_RUNTIME_DIR', '/run/user/1000'), ('DISPLAY', ':0'), ('LANG', 'en_US.UTF-8'), ('XDG_CURRENT_DESKTOP', 'ubuntu:GNOME'), ('XMODIFIERS', '@im=ibus'), ('XDG_SESSION_DESKTOP', 'ubuntu'), ('XAUTHORITY', '/run/user/1000/.mutter-Xwaylandauth.GH7FP3'), ('LS_COLORS', 'rs=0:di=01;34:ln=01;36:mh=00:pi=40;33:so=01;35:do=01;35:bd=40;33;01:cd=40;33;01:or=40;31;01:mi=00:su=37;41:sg=30;43:ca=30;41:tw=30;42:ow=34;42:st=37;44:ex=01;32:*.tar=01;31:*.tgz=01;31:*.arc=01;31:*.arj=01;31:*.taz=01;31:*.lha=01;31:*.lz4=01;31:*.lzh=01;31:*.lzma=01;31:*.tlz=01;31:*.txz=01;31:*.tzo=01;31:*.t7z=01;31:*.zip=01;31:*.z=01;31:*.dz=01;31:*.gz=01;31:*.lrz=01;31:*.lz=01;31:*.lzo=01;31:*.xz=01;31:*.zst=01;31:*.tzst=01;31:*.bz2=01;31:*.bz=01;31:*.tbz=01;31:*.tbz2=01;31:*.tz=01;31:*.deb=01;31:*.rpm=01;31:*.jar=01;31:*.war=01;31:*.ear=01;31:*.sar=01;31:*.rar=01;31:*.alz=01;31:*.ace=01;31:*.zoo=01;31:*.cpio=01;31:*.7z=01;31:*.rz=01;31:*.cab=01;31:*.wim=01;31:*.swm=01;31:*.dwm=01;31:*.esd=01;31:*.jpg=01;35:*.jpeg=01;35:*.mjpg=01;35:*.mjpeg=01;35:*.gif=01;35:*.bmp=01;35:*.pbm=01;35:*.pgm=01;35:*.ppm=01;35:*.tga=01;35:*.xbm=01;35:*.xpm=01;35:*.tif=01;35:*.tiff=01;35:*.png=01;35:*.svg=01;35:*.svgz=01;35:*.mng=01;35:*.pcx=01;35:*.mov=01;35:*.mpg=01;35:*.mpeg=01;35:*.m2v=01;35:*.mkv=01;35:*.webm=01;35:*.webp=01;35:*.ogm=01;35:*.mp4=01;35:*.m4v=01;35:*.mp4v=01;35:*.vob=01;35:*.qt=01;35:*.nuv=01;35:*.wmv=01;35:*.asf=01;35:*.rm=01;35:*.rmvb=01;35:*.flc=01;35:*.avi=01;35:*.fli=01;35:*.flv=01;35:*.gl=01;35:*.dl=01;35:*.xcf=01;35:*.xwd=01;35:*.yuv=01;35:*.cgm=01;35:*.emf=01;35:*.ogv=01;35:*.ogx=01;35:*.aac=00;36:*.au=00;36:*.flac=00;36:*.m4a=00;36:*.mid=00;36:*.midi=00;36:*.mka=00;36:*.mp3=00;36:*.mpc=00;36:*.ogg=00;36:*.ra=00;36:*.wav=00;36:*.oga=00;36:*.opus=00;36:*.spx=00;36:*.xspf=00;36:'), ('GNOME_TERMINAL_SERVICE', ':1.91'), ('SSH_AGENT_LAUNCHER', 'gnome-keyring'), ('SSH_AUTH_SOCK', '/run/user/1000/keyring/ssh'), ('AMENT_PREFIX_PATH', '/opt/ros/humble'), ('SHELL', '/bin/bash'), ('QT_ACCESSIBILITY', '1'), ('GDMSESSION', 'ubuntu'), ('LESSCLOSE', '/usr/bin/lesspipe %s %s'), ('QT_IM_MODULE', 'ibus'), ('PWD', '/home/bryan/Workspace/ros2_ws/build/examples_rclcpp_minimal_subscriber'), ('LC_ALL', 'en_US.UTF-8'), ('XDG_CONFIG_DIRS', '/etc/xdg/xdg-ubuntu:/etc/xdg'), ('XDG_DATA_DIRS', '/usr/share/ubuntu:/usr/local/share/:/usr/share/:/var/lib/snapd/desktop'), ('PYTHONPATH', '/opt/ros/humble/lib/python3.10/site-packages:/opt/ros/humble/local/lib/python3.10/dist-packages'), ('COLCON', '1'), ('VTE_VERSION', '6800'), ('CMAKE_PREFIX_PATH', '/opt/ros/humble')]), 'shell': False}
[591.670144] (-) TimerEvent: {}
[591.690853] (examples_rclcpp_minimal_subscriber) StdoutLine: {'line': b'-- Install configuration: ""\n'}
[591.694039] (examples_rclcpp_minimal_subscriber) StdoutLine: {'line': b'-- Execute custom install script\n'}
[591.696260] (examples_rclcpp_minimal_subscriber) StdoutLine: {'line': b'-- Symlinking: /home/bryan/Workspace/ros2_ws/install/examples_rclcpp_minimal_subscriber/lib/examples_rclcpp_minimal_subscriber/wait_set_subscriber\n'}
[591.778112] (-) TimerEvent: {}
[591.798319] (examples_rclcpp_minimal_subscriber) StdoutLine: {'line': b'-- Symlinking: /home/bryan/Workspace/ros2_ws/install/examples_rclcpp_minimal_subscriber/lib/examples_rclcpp_minimal_subscriber/static_wait_set_subscriber\n'}
[591.856316] (examples_rclcpp_minimal_subscriber) StdoutLine: {'line': b'-- Symlinking: /home/bryan/Workspace/ros2_ws/install/examples_rclcpp_minimal_subscriber/lib/examples_rclcpp_minimal_subscriber/time_triggered_wait_set_subscriber\n'}
[591.879277] (-) TimerEvent: {}
[591.933347] (examples_rclcpp_minimal_subscriber) StdoutLine: {'line': b'-- Symlinking: /home/bryan/Workspace/ros2_ws/install/examples_rclcpp_minimal_subscriber/lib/libwait_set_subscriber_library.so\n'}
[591.996354] (-) TimerEvent: {}
[592.019103] (examples_rclcpp_minimal_subscriber) StdoutLine: {'line': b'-- Symlinking: /home/bryan/Workspace/ros2_ws/install/examples_rclcpp_minimal_subscriber/lib/examples_rclcpp_minimal_subscriber/subscriber_lambda\n'}
[592.088094] (examples_rclcpp_minimal_subscriber) StdoutLine: {'line': b'-- Symlinking: /home/bryan/Workspace/ros2_ws/install/examples_rclcpp_minimal_subscriber/lib/examples_rclcpp_minimal_subscriber/subscriber_member_function\n'}
[592.098310] (-) TimerEvent: {}
[592.168774] (examples_rclcpp_minimal_subscriber) StdoutLine: {'line': b'-- Symlinking: /home/bryan/Workspace/ros2_ws/install/examples_rclcpp_minimal_subscriber/lib/examples_rclcpp_minimal_subscriber/subscriber_member_function_with_topic_statistics\n'}
[592.213387] (-) TimerEvent: {}
[592.225502] (examples_rclcpp_minimal_subscriber) StdoutLine: {'line': b'-- Symlinking: /home/bryan/Workspace/ros2_ws/install/examples_rclcpp_minimal_subscriber/lib/examples_rclcpp_minimal_subscriber/subscriber_member_function_with_type_adapter\n'}
[592.273407] (examples_rclcpp_minimal_subscriber) StdoutLine: {'line': b'-- Symlinking: /home/bryan/Workspace/ros2_ws/install/examples_rclcpp_minimal_subscriber/lib/examples_rclcpp_minimal_subscriber/subscriber_member_function_with_unique_network_flow_endpoints\n'}
[592.317133] (examples_rclcpp_minimal_subscriber) StdoutLine: {'line': b'-- Symlinking: /home/bryan/Workspace/ros2_ws/install/examples_rclcpp_minimal_subscriber/lib/examples_rclcpp_minimal_subscriber/subscriber_not_composable\n'}
[592.317681] (-) TimerEvent: {}
[592.407278] (examples_rclcpp_minimal_subscriber) StdoutLine: {'line': b'-- Symlinking: /home/bryan/Workspace/ros2_ws/install/examples_rclcpp_minimal_subscriber/lib/examples_rclcpp_minimal_subscriber/subscriber_content_filtering\n'}
[592.418519] (-) TimerEvent: {}
[592.479567] (examples_rclcpp_minimal_subscriber) StdoutLine: {'line': b'-- Symlinking: /home/bryan/Workspace/ros2_ws/install/examples_rclcpp_minimal_subscriber/share/ament_index/resource_index/package_run_dependencies/examples_rclcpp_minimal_subscriber\n'}
[592.530300] (-) TimerEvent: {}
[592.557893] (examples_rclcpp_minimal_subscriber) StdoutLine: {'line': b'-- Symlinking: /home/bryan/Workspace/ros2_ws/install/examples_rclcpp_minimal_subscriber/share/ament_index/resource_index/parent_prefix_path/examples_rclcpp_minimal_subscriber\n'}
[592.621783] (examples_rclcpp_minimal_subscriber) StdoutLine: {'line': b'-- Symlinking: /home/bryan/Workspace/ros2_ws/install/examples_rclcpp_minimal_subscriber/share/examples_rclcpp_minimal_subscriber/environment/ament_prefix_path.sh\n'}
[592.631185] (-) TimerEvent: {}
[592.686094] (examples_rclcpp_minimal_subscriber) StdoutLine: {'line': b'-- Symlinking: /home/bryan/Workspace/ros2_ws/install/examples_rclcpp_minimal_subscriber/share/examples_rclcpp_minimal_subscriber/environment/ament_prefix_path.dsv\n'}
[592.732489] (-) TimerEvent: {}
[592.751656] (examples_rclcpp_minimal_subscriber) StdoutLine: {'line': b'-- Symlinking: /home/bryan/Workspace/ros2_ws/install/examples_rclcpp_minimal_subscriber/share/examples_rclcpp_minimal_subscriber/environment/path.sh\n'}
[592.867878] (-) TimerEvent: {}
[592.935888] (examples_rclcpp_minimal_subscriber) StdoutLine: {'line': b'-- Symlinking: /home/bryan/Workspace/ros2_ws/install/examples_rclcpp_minimal_subscriber/share/examples_rclcpp_minimal_subscriber/environment/path.dsv\n'}
[592.978039] (examples_rclcpp_minimal_subscriber) StdoutLine: {'line': b'-- Symlinking: /home/bryan/Workspace/ros2_ws/install/examples_rclcpp_minimal_subscriber/share/examples_rclcpp_minimal_subscriber/local_setup.bash\n'}
[592.978623] (-) TimerEvent: {}
[593.017558] (examples_rclcpp_minimal_subscriber) StdoutLine: {'line': b'-- Symlinking: /home/bryan/Workspace/ros2_ws/install/examples_rclcpp_minimal_subscriber/share/examples_rclcpp_minimal_subscriber/local_setup.sh\n'}
[593.056626] (examples_rclcpp_minimal_subscriber) StdoutLine: {'line': b'-- Symlinking: /home/bryan/Workspace/ros2_ws/install/examples_rclcpp_minimal_subscriber/share/examples_rclcpp_minimal_subscriber/local_setup.zsh\n'}
[593.111503] (examples_rclcpp_minimal_subscriber) StdoutLine: {'line': b'-- Symlinking: /home/bryan/Workspace/ros2_ws/install/examples_rclcpp_minimal_subscriber/share/examples_rclcpp_minimal_subscriber/local_setup.dsv\n'}
[593.112173] (-) TimerEvent: {}
[593.162887] (examples_rclcpp_minimal_subscriber) StdoutLine: {'line': b'-- Symlinking: /home/bryan/Workspace/ros2_ws/install/examples_rclcpp_minimal_subscriber/share/examples_rclcpp_minimal_subscriber/package.dsv\n'}
[593.203515] (examples_rclcpp_minimal_subscriber) StdoutLine: {'line': b'-- Symlinking: /home/bryan/Workspace/ros2_ws/install/examples_rclcpp_minimal_subscriber/share/ament_index/resource_index/packages/examples_rclcpp_minimal_subscriber\n'}
[593.252282] (examples_rclcpp_minimal_subscriber) StdoutLine: {'line': b'-- Symlinking: /home/bryan/Workspace/ros2_ws/install/examples_rclcpp_minimal_subscriber/share/ament_index/resource_index/rclcpp_components/examples_rclcpp_minimal_subscriber\n'}
[593.252854] (-) TimerEvent: {}
[593.311105] (examples_rclcpp_minimal_subscriber) StdoutLine: {'line': b'-- Symlinking: /home/bryan/Workspace/ros2_ws/install/examples_rclcpp_minimal_subscriber/share/examples_rclcpp_minimal_subscriber/cmake/examples_rclcpp_minimal_subscriberConfig.cmake\n'}
[593.355260] (examples_rclcpp_minimal_subscriber) StdoutLine: {'line': b'-- Symlinking: /home/bryan/Workspace/ros2_ws/install/examples_rclcpp_minimal_subscriber/share/examples_rclcpp_minimal_subscriber/cmake/examples_rclcpp_minimal_subscriberConfig-version.cmake\n'}
[593.356091] (-) TimerEvent: {}
[593.396006] (examples_rclcpp_minimal_subscriber) StdoutLine: {'line': b'-- Symlinking: /home/bryan/Workspace/ros2_ws/install/examples_rclcpp_minimal_subscriber/share/examples_rclcpp_minimal_subscriber/package.xml\n'}
[593.447018] (examples_rclcpp_minimal_subscriber) CommandEnded: {'returncode': 0}
[593.550566] (examples_rclcpp_minimal_subscriber) JobEnded: {'identifier': 'examples_rclcpp_minimal_subscriber', 'rc': 0}
[593.552947] (-) TimerEvent: {}
[594.358194] (-) TimerEvent: {}
[595.351200] (-) TimerEvent: {}
[596.356173] (-) TimerEvent: {}
[597.341662] (-) TimerEvent: {}
[598.348952] (-) TimerEvent: {}
[599.359185] (-) TimerEvent: {}
[599.482361] (-) TimerEvent: {}
[599.675344] (-) TimerEvent: {}
[600.364333] (-) TimerEvent: {}
[601.352007] (-) TimerEvent: {}
[602.372251] (-) TimerEvent: {}
[603.356357] (-) TimerEvent: {}
[604.337283] (-) TimerEvent: {}
[605.343253] (-) TimerEvent: {}
[606.338443] (-) TimerEvent: {}
[607.339644] (-) TimerEvent: {}
[608.348794] (-) TimerEvent: {}
[611.357901] (-) TimerEvent: {}
[612.346646] (-) TimerEvent: {}
[613.369845] (-) TimerEvent: {}
[614.354584] (-) TimerEvent: {}
[615.347890] (-) TimerEvent: {}
[616.351305] (-) TimerEvent: {}
[617.345740] (-) TimerEvent: {}
[618.342730] (-) TimerEvent: {}
[619.356434] (-) TimerEvent: {}
[620.339522] (-) TimerEvent: {}
[622.348395] (-) TimerEvent: {}
[622.532919] (-) TimerEvent: {}
[622.639152] (-) TimerEvent: {}
[622.744253] (-) TimerEvent: {}
[622.868629] (-) TimerEvent: {}
[622.980164] (-) TimerEvent: {}
[623.092379] (-) TimerEvent: {}
[623.196323] (-) TimerEvent: {}
[623.299663] (-) TimerEvent: {}
[623.408120] (-) TimerEvent: {}
[623.511191] (-) TimerEvent: {}
[623.613925] (-) TimerEvent: {}
[623.733602] (-) TimerEvent: {}
[623.838735] (-) TimerEvent: {}
[623.942327] (-) TimerEvent: {}
[624.051505] (-) TimerEvent: {}
[624.159514] (-) TimerEvent: {}
[624.262042] (-) TimerEvent: {}
[624.363920] (-) TimerEvent: {}
[624.468097] (-) TimerEvent: {}
[624.572709] (-) TimerEvent: {}
[624.677984] (-) TimerEvent: {}
[624.782139] (-) TimerEvent: {}
[624.885763] (-) TimerEvent: {}
[624.989888] (-) TimerEvent: {}
[625.095817] (-) TimerEvent: {}
[625.207895] (-) TimerEvent: {}
[625.310596] (-) TimerEvent: {}
[625.417277] (-) TimerEvent: {}
[625.520121] (-) TimerEvent: {}
[625.622216] (-) TimerEvent: {}
[625.726606] (-) TimerEvent: {}
[625.829873] (-) TimerEvent: {}
[625.937070] (-) TimerEvent: {}
[626.039754] (-) TimerEvent: {}
[626.142157] (-) TimerEvent: {}
[626.243545] (-) TimerEvent: {}
[626.293303] (examples_rclcpp_wait_set) StdoutLine: {'line': b'[ 83%] \x1b[32m\x1b[1mLinking CXX executable wait_set_topics_with_different_rates\x1b[0m\n'}
[626.347112] (-) TimerEvent: {}
[626.451297] (-) TimerEvent: {}
[626.557927] (-) TimerEvent: {}
[626.662074] (-) TimerEvent: {}
[626.764638] (-) TimerEvent: {}
[626.871198] (-) TimerEvent: {}
[626.996795] (-) TimerEvent: {}
[627.105969] (-) TimerEvent: {}
[627.223170] (-) TimerEvent: {}
[627.328090] (-) TimerEvent: {}
[627.430015] (-) TimerEvent: {}
[627.534542] (-) TimerEvent: {}
[627.641225] (-) TimerEvent: {}
[627.754538] (-) TimerEvent: {}
[627.859235] (-) TimerEvent: {}
[627.971138] (-) TimerEvent: {}
[628.078167] (-) TimerEvent: {}
[628.180079] (-) TimerEvent: {}
[628.281965] (-) TimerEvent: {}
[628.364353] (examples_rclcpp_wait_set) StdoutLine: {'line': b'[ 83%] Built target wait_set_topics_with_different_rates\n'}
[628.389042] (-) TimerEvent: {}
[628.494066] (-) TimerEvent: {}
[628.599198] (-) TimerEvent: {}
[628.631423] (examples_rclcpp_wait_set) StdoutLine: {'line': b'[ 87%] \x1b[32mBuilding CXX object CMakeFiles/wait_set_composed.dir/src/wait_set_composed.cpp.o\x1b[0m\n'}
[628.665233] (examples_rclcpp_wait_set) StdoutLine: {'line': b'[ 91%] \x1b[32mBuilding CXX object CMakeFiles/wait_set_talker.dir/rclcpp_components/node_main_wait_set_talker.cpp.o\x1b[0m\n'}
[628.700092] (-) TimerEvent: {}
[629.346079] (-) TimerEvent: {}
[630.354158] (-) TimerEvent: {}
[631.357833] (-) TimerEvent: {}
[632.345944] (-) TimerEvent: {}
[633.351180] (-) TimerEvent: {}
[634.359541] (-) TimerEvent: {}
[635.349925] (-) TimerEvent: {}
[636.347696] (-) TimerEvent: {}
[637.358666] (-) TimerEvent: {}
[638.346718] (-) TimerEvent: {}
[639.350022] (-) TimerEvent: {}
[640.373327] (-) TimerEvent: {}
[640.747889] (-) TimerEvent: {}
[641.051734] (-) TimerEvent: {}
[641.154764] (-) TimerEvent: {}
[641.342773] (-) TimerEvent: {}
[641.370726] (examples_rclcpp_wait_set) StdoutLine: {'line': b'[ 95%] \x1b[32m\x1b[1mLinking CXX executable wait_set_composed\x1b[0m\n'}
[642.109703] (-) TimerEvent: {}
[642.211232] (-) TimerEvent: {}
[642.288749] (examples_rclcpp_wait_set) StdoutLine: {'line': b'[ 95%] Built target wait_set_composed\n'}
[642.348492] (-) TimerEvent: {}
[642.449913] (-) TimerEvent: {}
[642.477553] (examples_rclcpp_wait_set) StdoutLine: {'line': b'[100%] \x1b[32m\x1b[1mLinking CXX executable wait_set_talker\x1b[0m\n'}
[642.551463] (-) TimerEvent: {}
[642.654712] (-) TimerEvent: {}
[642.758887] (-) TimerEvent: {}
[642.865479] (-) TimerEvent: {}
[642.967704] (-) TimerEvent: {}
[643.074366] (-) TimerEvent: {}
[643.182196] (-) TimerEvent: {}
[643.285270] (-) TimerEvent: {}
[643.363001] (examples_rclcpp_wait_set) StdoutLine: {'line': b'[100%] Built target wait_set_talker\n'}
[643.385998] (-) TimerEvent: {}
[643.455224] (examples_rclcpp_wait_set) CommandEnded: {'returncode': 0}
[643.471095] (examples_rclcpp_wait_set) JobProgress: {'identifier': 'examples_rclcpp_wait_set', 'progress': 'install'}
[643.471313] (examples_rclcpp_wait_set) Command: {'cmd': ['/usr/bin/cmake', '--install', '/home/bryan/Workspace/ros2_ws/build/examples_rclcpp_wait_set'], 'cwd': '/home/bryan/Workspace/ros2_ws/build/examples_rclcpp_wait_set', 'env': OrderedDict([('LESSOPEN', '| /usr/bin/lesspipe %s'), ('USER', 'bryan'), ('XDG_SESSION_TYPE', 'wayland'), ('SHLVL', '1'), ('LD_LIBRARY_PATH', '/opt/ros/humble/opt/rviz_ogre_vendor/lib:/opt/ros/humble/lib/x86_64-linux-gnu:/opt/ros/humble/lib'), ('HOME', '/home/bryan'), ('OLDPWD', '/home/bryan/Workspace/ros2_ws/src/ros2_sumo-main'), ('DESKTOP_SESSION', 'ubuntu'), ('ROS_PYTHON_VERSION', '3'), ('GNOME_SHELL_SESSION_MODE', 'ubuntu'), ('GTK_MODULES', 'gail:atk-bridge'), ('SYSTEMD_EXEC_PID', '1570'), ('DBUS_SESSION_BUS_ADDRESS', 'unix:path=/run/user/1000/bus'), ('COLORTERM', 'truecolor'), ('IM_CONFIG_PHASE', '1'), ('WAYLAND_DISPLAY', 'wayland-0'), ('ROS_DISTRO', 'humble'), ('LOGNAME', 'bryan'), ('SUMO_HOME', '/usr/share/sumo/'), ('_', '/usr/bin/colcon'), ('ROS_VERSION', '2'), ('XDG_SESSION_CLASS', 'user'), ('USERNAME', 'bryan'), ('TERM', 'xterm-256color'), ('GNOME_DESKTOP_SESSION_ID', 'this-is-deprecated'), ('ROS_LOCALHOST_ONLY', '0'), ('PATH', '/opt/ros/humble/bin:/usr/local/sbin:/usr/local/bin:/usr/sbin:/usr/bin:/sbin:/bin:/usr/games:/usr/local/games:/snap/bin:/snap/bin'), ('SESSION_MANAGER', 'local/bryan-VirtualBox:@/tmp/.ICE-unix/1372,unix/bryan-VirtualBox:/tmp/.ICE-unix/1372'), ('XDG_MENU_PREFIX', 'gnome-'), ('GNOME_TERMINAL_SCREEN', '/org/gnome/Terminal/screen/71407a0b_323a_4971_8a7b_4147209295e5'), ('GNOME_SETUP_DISPLAY', ':1'), ('XDG_RUNTIME_DIR', '/run/user/1000'), ('DISPLAY', ':0'), ('LANG', 'en_US.UTF-8'), ('XDG_CURRENT_DESKTOP', 'ubuntu:GNOME'), ('XMODIFIERS', '@im=ibus'), ('XDG_SESSION_DESKTOP', 'ubuntu'), ('XAUTHORITY', '/run/user/1000/.mutter-Xwaylandauth.GH7FP3'), ('LS_COLORS', 'rs=0:di=01;34:ln=01;36:mh=00:pi=40;33:so=01;35:do=01;35:bd=40;33;01:cd=40;33;01:or=40;31;01:mi=00:su=37;41:sg=30;43:ca=30;41:tw=30;42:ow=34;42:st=37;44:ex=01;32:*.tar=01;31:*.tgz=01;31:*.arc=01;31:*.arj=01;31:*.taz=01;31:*.lha=01;31:*.lz4=01;31:*.lzh=01;31:*.lzma=01;31:*.tlz=01;31:*.txz=01;31:*.tzo=01;31:*.t7z=01;31:*.zip=01;31:*.z=01;31:*.dz=01;31:*.gz=01;31:*.lrz=01;31:*.lz=01;31:*.lzo=01;31:*.xz=01;31:*.zst=01;31:*.tzst=01;31:*.bz2=01;31:*.bz=01;31:*.tbz=01;31:*.tbz2=01;31:*.tz=01;31:*.deb=01;31:*.rpm=01;31:*.jar=01;31:*.war=01;31:*.ear=01;31:*.sar=01;31:*.rar=01;31:*.alz=01;31:*.ace=01;31:*.zoo=01;31:*.cpio=01;31:*.7z=01;31:*.rz=01;31:*.cab=01;31:*.wim=01;31:*.swm=01;31:*.dwm=01;31:*.esd=01;31:*.jpg=01;35:*.jpeg=01;35:*.mjpg=01;35:*.mjpeg=01;35:*.gif=01;35:*.bmp=01;35:*.pbm=01;35:*.pgm=01;35:*.ppm=01;35:*.tga=01;35:*.xbm=01;35:*.xpm=01;35:*.tif=01;35:*.tiff=01;35:*.png=01;35:*.svg=01;35:*.svgz=01;35:*.mng=01;35:*.pcx=01;35:*.mov=01;35:*.mpg=01;35:*.mpeg=01;35:*.m2v=01;35:*.mkv=01;35:*.webm=01;35:*.webp=01;35:*.ogm=01;35:*.mp4=01;35:*.m4v=01;35:*.mp4v=01;35:*.vob=01;35:*.qt=01;35:*.nuv=01;35:*.wmv=01;35:*.asf=01;35:*.rm=01;35:*.rmvb=01;35:*.flc=01;35:*.avi=01;35:*.fli=01;35:*.flv=01;35:*.gl=01;35:*.dl=01;35:*.xcf=01;35:*.xwd=01;35:*.yuv=01;35:*.cgm=01;35:*.emf=01;35:*.ogv=01;35:*.ogx=01;35:*.aac=00;36:*.au=00;36:*.flac=00;36:*.m4a=00;36:*.mid=00;36:*.midi=00;36:*.mka=00;36:*.mp3=00;36:*.mpc=00;36:*.ogg=00;36:*.ra=00;36:*.wav=00;36:*.oga=00;36:*.opus=00;36:*.spx=00;36:*.xspf=00;36:'), ('GNOME_TERMINAL_SERVICE', ':1.91'), ('SSH_AGENT_LAUNCHER', 'gnome-keyring'), ('SSH_AUTH_SOCK', '/run/user/1000/keyring/ssh'), ('AMENT_PREFIX_PATH', '/opt/ros/humble'), ('SHELL', '/bin/bash'), ('QT_ACCESSIBILITY', '1'), ('GDMSESSION', 'ubuntu'), ('LESSCLOSE', '/usr/bin/lesspipe %s %s'), ('QT_IM_MODULE', 'ibus'), ('PWD', '/home/bryan/Workspace/ros2_ws/build/examples_rclcpp_wait_set'), ('LC_ALL', 'en_US.UTF-8'), ('XDG_CONFIG_DIRS', '/etc/xdg/xdg-ubuntu:/etc/xdg'), ('XDG_DATA_DIRS', '/usr/share/ubuntu:/usr/local/share/:/usr/share/:/var/lib/snapd/desktop'), ('PYTHONPATH', '/opt/ros/humble/lib/python3.10/site-packages:/opt/ros/humble/local/lib/python3.10/dist-packages'), ('COLCON', '1'), ('VTE_VERSION', '6800'), ('CMAKE_PREFIX_PATH', '/opt/ros/humble')]), 'shell': False}
[643.492952] (-) TimerEvent: {}
[643.584952] (examples_rclcpp_wait_set) StdoutLine: {'line': b'-- Install configuration: ""\n'}
[643.593716] (examples_rclcpp_wait_set) StdoutLine: {'line': b'-- Execute custom install script\n'}
[643.594087] (-) TimerEvent: {}
[643.603581] (examples_rclcpp_wait_set) StdoutLine: {'line': b'-- Symlinking: /home/bryan/Workspace/ros2_ws/install/examples_rclcpp_wait_set/lib/examples_rclcpp_wait_set/wait_set_talker\n'}
[643.687602] (examples_rclcpp_wait_set) StdoutLine: {'line': b'-- Symlinking: /home/bryan/Workspace/ros2_ws/install/examples_rclcpp_wait_set/lib/examples_rclcpp_wait_set/wait_set_listener\n'}
[643.714114] (-) TimerEvent: {}
[643.728837] (examples_rclcpp_wait_set) StdoutLine: {'line': b'-- Symlinking: /home/bryan/Workspace/ros2_ws/install/examples_rclcpp_wait_set/lib/libtalker.so\n'}
[643.815280] (-) TimerEvent: {}
[643.825252] (examples_rclcpp_wait_set) StdoutLine: {'line': b'-- Symlinking: /home/bryan/Workspace/ros2_ws/install/examples_rclcpp_wait_set/lib/liblistener.so\n'}
[643.914361] (examples_rclcpp_wait_set) StdoutLine: {'line': b'-- Symlinking: /home/bryan/Workspace/ros2_ws/install/examples_rclcpp_wait_set/lib/examples_rclcpp_wait_set/wait_set\n'}
[643.916715] (-) TimerEvent: {}
[644.014690] (examples_rclcpp_wait_set) StdoutLine: {'line': b'-- Symlinking: /home/bryan/Workspace/ros2_ws/install/examples_rclcpp_wait_set/lib/examples_rclcpp_wait_set/static_wait_set\n'}
[644.017359] (-) TimerEvent: {}
[644.091337] (examples_rclcpp_wait_set) StdoutLine: {'line': b'-- Symlinking: /home/bryan/Workspace/ros2_ws/install/examples_rclcpp_wait_set/lib/examples_rclcpp_wait_set/thread_safe_wait_set\n'}
[644.120008] (-) TimerEvent: {}
[644.156127] (examples_rclcpp_wait_set) StdoutLine: {'line': b'-- Symlinking: /home/bryan/Workspace/ros2_ws/install/examples_rclcpp_wait_set/lib/examples_rclcpp_wait_set/wait_set_topics_and_timer\n'}
[644.220785] (-) TimerEvent: {}
[644.221729] (examples_rclcpp_wait_set) StdoutLine: {'line': b'-- Symlinking: /home/bryan/Workspace/ros2_ws/install/examples_rclcpp_wait_set/lib/examples_rclcpp_wait_set/wait_set_random_order\n'}
[644.294202] (examples_rclcpp_wait_set) StdoutLine: {'line': b'-- Symlinking: /home/bryan/Workspace/ros2_ws/install/examples_rclcpp_wait_set/lib/examples_rclcpp_wait_set/executor_random_order\n'}
[644.322228] (-) TimerEvent: {}
[644.391446] (examples_rclcpp_wait_set) StdoutLine: {'line': b'-- Symlinking: /home/bryan/Workspace/ros2_ws/install/examples_rclcpp_wait_set/lib/examples_rclcpp_wait_set/wait_set_topics_with_different_rates\n'}
[644.422761] (-) TimerEvent: {}
[644.462216] (examples_rclcpp_wait_set) StdoutLine: {'line': b'-- Symlinking: /home/bryan/Workspace/ros2_ws/install/examples_rclcpp_wait_set/lib/examples_rclcpp_wait_set/wait_set_composed\n'}
[644.523813] (-) TimerEvent: {}
[644.570211] (examples_rclcpp_wait_set) StdoutLine: {'line': b'-- Symlinking: /home/bryan/Workspace/ros2_ws/install/examples_rclcpp_wait_set/share/ament_index/resource_index/package_run_dependencies/examples_rclcpp_wait_set\n'}
[644.626924] (-) TimerEvent: {}
[644.668131] (examples_rclcpp_wait_set) StdoutLine: {'line': b'-- Symlinking: /home/bryan/Workspace/ros2_ws/install/examples_rclcpp_wait_set/share/ament_index/resource_index/parent_prefix_path/examples_rclcpp_wait_set\n'}
[644.727782] (-) TimerEvent: {}
[644.778447] (examples_rclcpp_wait_set) StdoutLine: {'line': b'-- Symlinking: /home/bryan/Workspace/ros2_ws/install/examples_rclcpp_wait_set/share/examples_rclcpp_wait_set/environment/ament_prefix_path.sh\n'}
[644.828657] (-) TimerEvent: {}
[644.859979] (examples_rclcpp_wait_set) StdoutLine: {'line': b'-- Symlinking: /home/bryan/Workspace/ros2_ws/install/examples_rclcpp_wait_set/share/examples_rclcpp_wait_set/environment/ament_prefix_path.dsv\n'}
[644.929825] (-) TimerEvent: {}
[644.955350] (examples_rclcpp_wait_set) StdoutLine: {'line': b'-- Symlinking: /home/bryan/Workspace/ros2_ws/install/examples_rclcpp_wait_set/share/examples_rclcpp_wait_set/environment/path.sh\n'}
[645.036032] (-) TimerEvent: {}
[645.041344] (examples_rclcpp_wait_set) StdoutLine: {'line': b'-- Symlinking: /home/bryan/Workspace/ros2_ws/install/examples_rclcpp_wait_set/share/examples_rclcpp_wait_set/environment/path.dsv\n'}
[645.128219] (examples_rclcpp_wait_set) StdoutLine: {'line': b'-- Symlinking: /home/bryan/Workspace/ros2_ws/install/examples_rclcpp_wait_set/share/examples_rclcpp_wait_set/local_setup.bash\n'}
[645.136834] (-) TimerEvent: {}
[645.191343] (examples_rclcpp_wait_set) StdoutLine: {'line': b'-- Symlinking: /home/bryan/Workspace/ros2_ws/install/examples_rclcpp_wait_set/share/examples_rclcpp_wait_set/local_setup.sh\n'}
[645.242142] (-) TimerEvent: {}
[645.246023] (examples_rclcpp_wait_set) StdoutLine: {'line': b'-- Symlinking: /home/bryan/Workspace/ros2_ws/install/examples_rclcpp_wait_set/share/examples_rclcpp_wait_set/local_setup.zsh\n'}
[645.307347] (examples_rclcpp_wait_set) StdoutLine: {'line': b'-- Symlinking: /home/bryan/Workspace/ros2_ws/install/examples_rclcpp_wait_set/share/examples_rclcpp_wait_set/local_setup.dsv\n'}
[645.344200] (-) TimerEvent: {}
[645.376280] (examples_rclcpp_wait_set) StdoutLine: {'line': b'-- Symlinking: /home/bryan/Workspace/ros2_ws/install/examples_rclcpp_wait_set/share/examples_rclcpp_wait_set/package.dsv\n'}
[645.436613] (examples_rclcpp_wait_set) StdoutLine: {'line': b'-- Symlinking: /home/bryan/Workspace/ros2_ws/install/examples_rclcpp_wait_set/share/ament_index/resource_index/packages/examples_rclcpp_wait_set\n'}
[645.446373] (-) TimerEvent: {}
[645.510168] (examples_rclcpp_wait_set) StdoutLine: {'line': b'-- Symlinking: /home/bryan/Workspace/ros2_ws/install/examples_rclcpp_wait_set/share/ament_index/resource_index/rclcpp_components/examples_rclcpp_wait_set\n'}
[645.547216] (-) TimerEvent: {}
[645.594074] (examples_rclcpp_wait_set) StdoutLine: {'line': b'-- Symlinking: /home/bryan/Workspace/ros2_ws/install/examples_rclcpp_wait_set/share/examples_rclcpp_wait_set/cmake/examples_rclcpp_wait_setConfig.cmake\n'}
[645.649183] (-) TimerEvent: {}
[645.663882] (examples_rclcpp_wait_set) StdoutLine: {'line': b'-- Symlinking: /home/bryan/Workspace/ros2_ws/install/examples_rclcpp_wait_set/share/examples_rclcpp_wait_set/cmake/examples_rclcpp_wait_setConfig-version.cmake\n'}
[645.728514] (examples_rclcpp_wait_set) StdoutLine: {'line': b'-- Symlinking: /home/bryan/Workspace/ros2_ws/install/examples_rclcpp_wait_set/share/examples_rclcpp_wait_set/package.xml\n'}
[645.750348] (-) TimerEvent: {}
[645.839615] (examples_rclcpp_wait_set) CommandEnded: {'returncode': 0}
[645.878654] (-) TimerEvent: {}
[645.942834] (examples_rclcpp_wait_set) JobEnded: {'identifier': 'examples_rclcpp_wait_set', 'rc': 0}
[645.954920] (-) EventReactorShutdown: {}
