[0.151s] DEBUG:colcon:Command line arguments: ['/usr/bin/colcon', 'build']
[0.152s] DEBUG:colcon:Parsed command line arguments: Namespace(log_base=None, log_level=None, verb_name='build', build_base='build', install_base='install', merge_install=False, symlink_install=False, test_result_base=None, continue_on_error=False, executor='parallel', parallel_workers=3, event_handlers=None, ignore_user_meta=False, metas=['./colcon.meta'], base_paths=['.'], packages_ignore=None, packages_ignore_regex=None, paths=None, packages_up_to=None, packages_up_to_regex=None, packages_above=None, packages_above_and_dependencies=None, packages_above_depth=None, packages_select_by_dep=None, packages_skip_by_dep=None, packages_skip_up_to=None, packages_select_build_failed=False, packages_skip_build_finished=False, packages_select_test_failures=False, packages_skip_test_passed=False, packages_select=None, packages_skip=None, packages_select_regex=None, packages_skip_regex=None, packages_start=None, packages_end=None, allow_overriding=[], cmake_args=None, cmake_target=None, cmake_target_skip_unavailable=False, cmake_clean_cache=False, cmake_clean_first=False, cmake_force_configure=False, ament_cmake_args=None, catkin_cmake_args=None, catkin_skip_building_tests=False, mixin_files=None, mixin=None, verb_parser=<colcon_mixin.mixin.mixin_argument.MixinArgumentDecorator object at 0x738b30574fa0>, verb_extension=<colcon_core.verb.build.BuildVerb object at 0x738b30574a60>, main=<bound method BuildVerb.main of <colcon_core.verb.build.BuildVerb object at 0x738b30574a60>>, mixin_verb=('build',))
[0.349s] Level 1:colcon.colcon_core.package_discovery:discover_packages(colcon_meta) check parameters
[0.350s] Level 1:colcon.colcon_core.package_discovery:discover_packages(recursive) check parameters
[0.350s] Level 1:colcon.colcon_core.package_discovery:discover_packages(ignore) check parameters
[0.350s] Level 1:colcon.colcon_core.package_discovery:discover_packages(path) check parameters
[0.350s] Level 1:colcon.colcon_core.package_discovery:discover_packages(colcon_meta) discover
[0.350s] Level 1:colcon.colcon_core.package_discovery:discover_packages(recursive) discover
[0.350s] INFO:colcon.colcon_core.package_discovery:Crawling recursively for packages in '/home/bryan/Workspace/ros2_ws'
[0.350s] Level 1:colcon.colcon_core.package_identification:_identify(.) by extensions ['ignore', 'ignore_ament_install']
[0.351s] Level 1:colcon.colcon_core.package_identification:_identify(.) by extension 'ignore'
[0.351s] Level 1:colcon.colcon_core.package_identification:_identify(.) by extension 'ignore_ament_install'
[0.351s] Level 1:colcon.colcon_core.package_identification:_identify(.) by extensions ['colcon_pkg']
[0.351s] Level 1:colcon.colcon_core.package_identification:_identify(.) by extension 'colcon_pkg'
[0.351s] Level 1:colcon.colcon_core.package_identification:_identify(.) by extensions ['colcon_meta']
[0.351s] Level 1:colcon.colcon_core.package_identification:_identify(.) by extension 'colcon_meta'
[0.351s] Level 1:colcon.colcon_core.package_identification:_identify(.) by extensions ['ros']
[0.351s] Level 1:colcon.colcon_core.package_identification:_identify(.) by extension 'ros'
[0.364s] Level 1:colcon.colcon_core.package_identification:_identify(.) by extensions ['cmake', 'python']
[0.364s] Level 1:colcon.colcon_core.package_identification:_identify(.) by extension 'cmake'
[0.364s] Level 1:colcon.colcon_core.package_identification:_identify(.) by extension 'python'
[0.364s] Level 1:colcon.colcon_core.package_identification:_identify(.) by extensions ['python_setup_py']
[0.365s] Level 1:colcon.colcon_core.package_identification:_identify(.) by extension 'python_setup_py'
[0.365s] Level 1:colcon.colcon_core.package_identification:_identify(build) by extensions ['ignore', 'ignore_ament_install']
[0.365s] Level 1:colcon.colcon_core.package_identification:_identify(build) by extension 'ignore'
[0.365s] Level 1:colcon.colcon_core.package_identification:_identify(build) ignored
[0.365s] Level 1:colcon.colcon_core.package_identification:_identify(first_package) by extensions ['ignore', 'ignore_ament_install']
[0.365s] Level 1:colcon.colcon_core.package_identification:_identify(first_package) by extension 'ignore'
[0.365s] Level 1:colcon.colcon_core.package_identification:_identify(first_package) by extension 'ignore_ament_install'
[0.365s] Level 1:colcon.colcon_core.package_identification:_identify(first_package) by extensions ['colcon_pkg']
[0.366s] Level 1:colcon.colcon_core.package_identification:_identify(first_package) by extension 'colcon_pkg'
[0.366s] Level 1:colcon.colcon_core.package_identification:_identify(first_package) by extensions ['colcon_meta']
[0.366s] Level 1:colcon.colcon_core.package_identification:_identify(first_package) by extension 'colcon_meta'
[0.366s] Level 1:colcon.colcon_core.package_identification:_identify(first_package) by extensions ['ros']
[0.366s] Level 1:colcon.colcon_core.package_identification:_identify(first_package) by extension 'ros'
[0.369s] DEBUG:colcon.colcon_core.package_identification:Package 'first_package' with type 'ros.ament_python' and name 'first_package'
[0.370s] Level 1:colcon.colcon_core.package_identification:_identify(image_pipeline) by extensions ['ignore', 'ignore_ament_install']
[0.370s] Level 1:colcon.colcon_core.package_identification:_identify(image_pipeline) by extension 'ignore'
[0.370s] Level 1:colcon.colcon_core.package_identification:_identify(image_pipeline) by extension 'ignore_ament_install'
[0.370s] Level 1:colcon.colcon_core.package_identification:_identify(image_pipeline) by extensions ['colcon_pkg']
[0.370s] Level 1:colcon.colcon_core.package_identification:_identify(image_pipeline) by extension 'colcon_pkg'
[0.370s] Level 1:colcon.colcon_core.package_identification:_identify(image_pipeline) by extensions ['colcon_meta']
[0.370s] Level 1:colcon.colcon_core.package_identification:_identify(image_pipeline) by extension 'colcon_meta'
[0.370s] Level 1:colcon.colcon_core.package_identification:_identify(image_pipeline) by extensions ['ros']
[0.370s] Level 1:colcon.colcon_core.package_identification:_identify(image_pipeline) by extension 'ros'
[0.370s] Level 1:colcon.colcon_core.package_identification:_identify(image_pipeline) by extensions ['cmake', 'python']
[0.370s] Level 1:colcon.colcon_core.package_identification:_identify(image_pipeline) by extension 'cmake'
[0.370s] Level 1:colcon.colcon_core.package_identification:_identify(image_pipeline) by extension 'python'
[0.370s] Level 1:colcon.colcon_core.package_identification:_identify(image_pipeline) by extensions ['python_setup_py']
[0.370s] Level 1:colcon.colcon_core.package_identification:_identify(image_pipeline) by extension 'python_setup_py'
[0.371s] Level 1:colcon.colcon_core.package_identification:_identify(image_pipeline/camera_calibration) by extensions ['ignore', 'ignore_ament_install']
[0.371s] Level 1:colcon.colcon_core.package_identification:_identify(image_pipeline/camera_calibration) by extension 'ignore'
[0.371s] Level 1:colcon.colcon_core.package_identification:_identify(image_pipeline/camera_calibration) by extension 'ignore_ament_install'
[0.371s] Level 1:colcon.colcon_core.package_identification:_identify(image_pipeline/camera_calibration) by extensions ['colcon_pkg']
[0.371s] Level 1:colcon.colcon_core.package_identification:_identify(image_pipeline/camera_calibration) by extension 'colcon_pkg'
[0.371s] Level 1:colcon.colcon_core.package_identification:_identify(image_pipeline/camera_calibration) by extensions ['colcon_meta']
[0.371s] Level 1:colcon.colcon_core.package_identification:_identify(image_pipeline/camera_calibration) by extension 'colcon_meta'
[0.371s] Level 1:colcon.colcon_core.package_identification:_identify(image_pipeline/camera_calibration) by extensions ['ros']
[0.371s] Level 1:colcon.colcon_core.package_identification:_identify(image_pipeline/camera_calibration) by extension 'ros'
[0.372s] DEBUG:colcon.colcon_core.package_identification:Package 'image_pipeline/camera_calibration' with type 'ros.ament_python' and name 'camera_calibration'
[0.373s] Level 1:colcon.colcon_core.package_identification:_identify(image_pipeline/depth_image_proc) by extensions ['ignore', 'ignore_ament_install']
[0.373s] Level 1:colcon.colcon_core.package_identification:_identify(image_pipeline/depth_image_proc) by extension 'ignore'
[0.373s] Level 1:colcon.colcon_core.package_identification:_identify(image_pipeline/depth_image_proc) by extension 'ignore_ament_install'
[0.373s] Level 1:colcon.colcon_core.package_identification:_identify(image_pipeline/depth_image_proc) by extensions ['colcon_pkg']
[0.373s] Level 1:colcon.colcon_core.package_identification:_identify(image_pipeline/depth_image_proc) by extension 'colcon_pkg'
[0.373s] Level 1:colcon.colcon_core.package_identification:_identify(image_pipeline/depth_image_proc) by extensions ['colcon_meta']
[0.373s] Level 1:colcon.colcon_core.package_identification:_identify(image_pipeline/depth_image_proc) by extension 'colcon_meta'
[0.373s] Level 1:colcon.colcon_core.package_identification:_identify(image_pipeline/depth_image_proc) by extensions ['ros']
[0.373s] Level 1:colcon.colcon_core.package_identification:_identify(image_pipeline/depth_image_proc) by extension 'ros'
[0.375s] DEBUG:colcon.colcon_core.package_identification:Package 'image_pipeline/depth_image_proc' with type 'ros.ament_cmake' and name 'depth_image_proc'
[0.376s] Level 1:colcon.colcon_core.package_identification:_identify(image_pipeline/image_pipeline) by extensions ['ignore', 'ignore_ament_install']
[0.376s] Level 1:colcon.colcon_core.package_identification:_identify(image_pipeline/image_pipeline) by extension 'ignore'
[0.376s] Level 1:colcon.colcon_core.package_identification:_identify(image_pipeline/image_pipeline) by extension 'ignore_ament_install'
[0.376s] Level 1:colcon.colcon_core.package_identification:_identify(image_pipeline/image_pipeline) by extensions ['colcon_pkg']
[0.376s] Level 1:colcon.colcon_core.package_identification:_identify(image_pipeline/image_pipeline) by extension 'colcon_pkg'
[0.377s] Level 1:colcon.colcon_core.package_identification:_identify(image_pipeline/image_pipeline) by extensions ['colcon_meta']
[0.377s] Level 1:colcon.colcon_core.package_identification:_identify(image_pipeline/image_pipeline) by extension 'colcon_meta'
[0.377s] Level 1:colcon.colcon_core.package_identification:_identify(image_pipeline/image_pipeline) by extensions ['ros']
[0.377s] Level 1:colcon.colcon_core.package_identification:_identify(image_pipeline/image_pipeline) by extension 'ros'
[0.378s] DEBUG:colcon.colcon_core.package_identification:Package 'image_pipeline/image_pipeline' with type 'ros.ament_cmake' and name 'image_pipeline'
[0.379s] Level 1:colcon.colcon_core.package_identification:_identify(image_pipeline/image_proc) by extensions ['ignore', 'ignore_ament_install']
[0.379s] Level 1:colcon.colcon_core.package_identification:_identify(image_pipeline/image_proc) by extension 'ignore'
[0.379s] Level 1:colcon.colcon_core.package_identification:_identify(image_pipeline/image_proc) by extension 'ignore_ament_install'
[0.379s] Level 1:colcon.colcon_core.package_identification:_identify(image_pipeline/image_proc) by extensions ['colcon_pkg']
[0.379s] Level 1:colcon.colcon_core.package_identification:_identify(image_pipeline/image_proc) by extension 'colcon_pkg'
[0.379s] Level 1:colcon.colcon_core.package_identification:_identify(image_pipeline/image_proc) by extensions ['colcon_meta']
[0.379s] Level 1:colcon.colcon_core.package_identification:_identify(image_pipeline/image_proc) by extension 'colcon_meta'
[0.379s] Level 1:colcon.colcon_core.package_identification:_identify(image_pipeline/image_proc) by extensions ['ros']
[0.379s] Level 1:colcon.colcon_core.package_identification:_identify(image_pipeline/image_proc) by extension 'ros'
[0.380s] DEBUG:colcon.colcon_core.package_identification:Package 'image_pipeline/image_proc' with type 'ros.ament_cmake' and name 'image_proc'
[0.381s] Level 1:colcon.colcon_core.package_identification:_identify(image_pipeline/image_publisher) by extensions ['ignore', 'ignore_ament_install']
[0.381s] Level 1:colcon.colcon_core.package_identification:_identify(image_pipeline/image_publisher) by extension 'ignore'
[0.381s] Level 1:colcon.colcon_core.package_identification:_identify(image_pipeline/image_publisher) by extension 'ignore_ament_install'
[0.381s] Level 1:colcon.colcon_core.package_identification:_identify(image_pipeline/image_publisher) by extensions ['colcon_pkg']
[0.381s] Level 1:colcon.colcon_core.package_identification:_identify(image_pipeline/image_publisher) by extension 'colcon_pkg'
[0.381s] Level 1:colcon.colcon_core.package_identification:_identify(image_pipeline/image_publisher) by extensions ['colcon_meta']
[0.381s] Level 1:colcon.colcon_core.package_identification:_identify(image_pipeline/image_publisher) by extension 'colcon_meta'
[0.381s] Level 1:colcon.colcon_core.package_identification:_identify(image_pipeline/image_publisher) by extensions ['ros']
[0.381s] Level 1:colcon.colcon_core.package_identification:_identify(image_pipeline/image_publisher) by extension 'ros'
[0.382s] DEBUG:colcon.colcon_core.package_identification:Package 'image_pipeline/image_publisher' with type 'ros.ament_cmake' and name 'image_publisher'
[0.382s] Level 1:colcon.colcon_core.package_identification:_identify(image_pipeline/image_rotate) by extensions ['ignore', 'ignore_ament_install']
[0.382s] Level 1:colcon.colcon_core.package_identification:_identify(image_pipeline/image_rotate) by extension 'ignore'
[0.382s] Level 1:colcon.colcon_core.package_identification:_identify(image_pipeline/image_rotate) by extension 'ignore_ament_install'
[0.383s] Level 1:colcon.colcon_core.package_identification:_identify(image_pipeline/image_rotate) by extensions ['colcon_pkg']
[0.383s] Level 1:colcon.colcon_core.package_identification:_identify(image_pipeline/image_rotate) by extension 'colcon_pkg'
[0.383s] Level 1:colcon.colcon_core.package_identification:_identify(image_pipeline/image_rotate) by extensions ['colcon_meta']
[0.383s] Level 1:colcon.colcon_core.package_identification:_identify(image_pipeline/image_rotate) by extension 'colcon_meta'
[0.383s] Level 1:colcon.colcon_core.package_identification:_identify(image_pipeline/image_rotate) by extensions ['ros']
[0.383s] Level 1:colcon.colcon_core.package_identification:_identify(image_pipeline/image_rotate) by extension 'ros'
[0.384s] DEBUG:colcon.colcon_core.package_identification:Package 'image_pipeline/image_rotate' with type 'ros.ament_cmake' and name 'image_rotate'
[0.384s] Level 1:colcon.colcon_core.package_identification:_identify(image_pipeline/image_view) by extensions ['ignore', 'ignore_ament_install']
[0.385s] Level 1:colcon.colcon_core.package_identification:_identify(image_pipeline/image_view) by extension 'ignore'
[0.385s] Level 1:colcon.colcon_core.package_identification:_identify(image_pipeline/image_view) by extension 'ignore_ament_install'
[0.385s] Level 1:colcon.colcon_core.package_identification:_identify(image_pipeline/image_view) by extensions ['colcon_pkg']
[0.385s] Level 1:colcon.colcon_core.package_identification:_identify(image_pipeline/image_view) by extension 'colcon_pkg'
[0.385s] Level 1:colcon.colcon_core.package_identification:_identify(image_pipeline/image_view) by extensions ['colcon_meta']
[0.385s] Level 1:colcon.colcon_core.package_identification:_identify(image_pipeline/image_view) by extension 'colcon_meta'
[0.385s] Level 1:colcon.colcon_core.package_identification:_identify(image_pipeline/image_view) by extensions ['ros']
[0.385s] Level 1:colcon.colcon_core.package_identification:_identify(image_pipeline/image_view) by extension 'ros'
[0.388s] DEBUG:colcon.colcon_core.package_identification:Package 'image_pipeline/image_view' with type 'ros.ament_cmake' and name 'image_view'
[0.388s] Level 1:colcon.colcon_core.package_identification:_identify(image_pipeline/stereo_image_proc) by extensions ['ignore', 'ignore_ament_install']
[0.388s] Level 1:colcon.colcon_core.package_identification:_identify(image_pipeline/stereo_image_proc) by extension 'ignore'
[0.388s] Level 1:colcon.colcon_core.package_identification:_identify(image_pipeline/stereo_image_proc) by extension 'ignore_ament_install'
[0.388s] Level 1:colcon.colcon_core.package_identification:_identify(image_pipeline/stereo_image_proc) by extensions ['colcon_pkg']
[0.388s] Level 1:colcon.colcon_core.package_identification:_identify(image_pipeline/stereo_image_proc) by extension 'colcon_pkg'
[0.388s] Level 1:colcon.colcon_core.package_identification:_identify(image_pipeline/stereo_image_proc) by extensions ['colcon_meta']
[0.388s] Level 1:colcon.colcon_core.package_identification:_identify(image_pipeline/stereo_image_proc) by extension 'colcon_meta'
[0.388s] Level 1:colcon.colcon_core.package_identification:_identify(image_pipeline/stereo_image_proc) by extensions ['ros']
[0.389s] Level 1:colcon.colcon_core.package_identification:_identify(image_pipeline/stereo_image_proc) by extension 'ros'
[0.390s] DEBUG:colcon.colcon_core.package_identification:Package 'image_pipeline/stereo_image_proc' with type 'ros.ament_cmake' and name 'stereo_image_proc'
[0.390s] Level 1:colcon.colcon_core.package_identification:_identify(image_pipeline/tools) by extensions ['ignore', 'ignore_ament_install']
[0.390s] Level 1:colcon.colcon_core.package_identification:_identify(image_pipeline/tools) by extension 'ignore'
[0.390s] Level 1:colcon.colcon_core.package_identification:_identify(image_pipeline/tools) by extension 'ignore_ament_install'
[0.390s] Level 1:colcon.colcon_core.package_identification:_identify(image_pipeline/tools) by extensions ['colcon_pkg']
[0.390s] Level 1:colcon.colcon_core.package_identification:_identify(image_pipeline/tools) by extension 'colcon_pkg'
[0.390s] Level 1:colcon.colcon_core.package_identification:_identify(image_pipeline/tools) by extensions ['colcon_meta']
[0.390s] Level 1:colcon.colcon_core.package_identification:_identify(image_pipeline/tools) by extension 'colcon_meta'
[0.391s] Level 1:colcon.colcon_core.package_identification:_identify(image_pipeline/tools) by extensions ['ros']
[0.391s] Level 1:colcon.colcon_core.package_identification:_identify(image_pipeline/tools) by extension 'ros'
[0.391s] Level 1:colcon.colcon_core.package_identification:_identify(image_pipeline/tools) by extensions ['cmake', 'python']
[0.391s] Level 1:colcon.colcon_core.package_identification:_identify(image_pipeline/tools) by extension 'cmake'
[0.391s] Level 1:colcon.colcon_core.package_identification:_identify(image_pipeline/tools) by extension 'python'
[0.391s] Level 1:colcon.colcon_core.package_identification:_identify(image_pipeline/tools) by extensions ['python_setup_py']
[0.391s] Level 1:colcon.colcon_core.package_identification:_identify(image_pipeline/tools) by extension 'python_setup_py'
[0.391s] Level 1:colcon.colcon_core.package_identification:_identify(image_pipeline/tracetools_image_pipeline) by extensions ['ignore', 'ignore_ament_install']
[0.391s] Level 1:colcon.colcon_core.package_identification:_identify(image_pipeline/tracetools_image_pipeline) by extension 'ignore'
[0.391s] Level 1:colcon.colcon_core.package_identification:_identify(image_pipeline/tracetools_image_pipeline) by extension 'ignore_ament_install'
[0.391s] Level 1:colcon.colcon_core.package_identification:_identify(image_pipeline/tracetools_image_pipeline) by extensions ['colcon_pkg']
[0.391s] Level 1:colcon.colcon_core.package_identification:_identify(image_pipeline/tracetools_image_pipeline) by extension 'colcon_pkg'
[0.391s] Level 1:colcon.colcon_core.package_identification:_identify(image_pipeline/tracetools_image_pipeline) by extensions ['colcon_meta']
[0.391s] Level 1:colcon.colcon_core.package_identification:_identify(image_pipeline/tracetools_image_pipeline) by extension 'colcon_meta'
[0.391s] Level 1:colcon.colcon_core.package_identification:_identify(image_pipeline/tracetools_image_pipeline) by extensions ['ros']
[0.391s] Level 1:colcon.colcon_core.package_identification:_identify(image_pipeline/tracetools_image_pipeline) by extension 'ros'
[0.392s] DEBUG:colcon.colcon_core.package_identification:Package 'image_pipeline/tracetools_image_pipeline' with type 'ros.ament_cmake' and name 'tracetools_image_pipeline'
[0.392s] Level 1:colcon.colcon_core.package_identification:_identify(image_pipeline/wiki_files) by extensions ['ignore', 'ignore_ament_install']
[0.392s] Level 1:colcon.colcon_core.package_identification:_identify(image_pipeline/wiki_files) by extension 'ignore'
[0.392s] Level 1:colcon.colcon_core.package_identification:_identify(image_pipeline/wiki_files) by extension 'ignore_ament_install'
[0.392s] Level 1:colcon.colcon_core.package_identification:_identify(image_pipeline/wiki_files) by extensions ['colcon_pkg']
[0.393s] Level 1:colcon.colcon_core.package_identification:_identify(image_pipeline/wiki_files) by extension 'colcon_pkg'
[0.393s] Level 1:colcon.colcon_core.package_identification:_identify(image_pipeline/wiki_files) by extensions ['colcon_meta']
[0.393s] Level 1:colcon.colcon_core.package_identification:_identify(image_pipeline/wiki_files) by extension 'colcon_meta'
[0.393s] Level 1:colcon.colcon_core.package_identification:_identify(image_pipeline/wiki_files) by extensions ['ros']
[0.393s] Level 1:colcon.colcon_core.package_identification:_identify(image_pipeline/wiki_files) by extension 'ros'
[0.393s] Level 1:colcon.colcon_core.package_identification:_identify(image_pipeline/wiki_files) by extensions ['cmake', 'python']
[0.393s] Level 1:colcon.colcon_core.package_identification:_identify(image_pipeline/wiki_files) by extension 'cmake'
[0.393s] Level 1:colcon.colcon_core.package_identification:_identify(image_pipeline/wiki_files) by extension 'python'
[0.393s] Level 1:colcon.colcon_core.package_identification:_identify(image_pipeline/wiki_files) by extensions ['python_setup_py']
[0.393s] Level 1:colcon.colcon_core.package_identification:_identify(image_pipeline/wiki_files) by extension 'python_setup_py'
[0.393s] Level 1:colcon.colcon_core.package_identification:_identify(install) by extensions ['ignore', 'ignore_ament_install']
[0.393s] Level 1:colcon.colcon_core.package_identification:_identify(install) by extension 'ignore'
[0.393s] Level 1:colcon.colcon_core.package_identification:_identify(install) ignored
[0.393s] Level 1:colcon.colcon_core.package_identification:_identify(launch) by extensions ['ignore', 'ignore_ament_install']
[0.393s] Level 1:colcon.colcon_core.package_identification:_identify(launch) by extension 'ignore'
[0.393s] Level 1:colcon.colcon_core.package_identification:_identify(launch) by extension 'ignore_ament_install'
[0.394s] Level 1:colcon.colcon_core.package_identification:_identify(launch) by extensions ['colcon_pkg']
[0.394s] Level 1:colcon.colcon_core.package_identification:_identify(launch) by extension 'colcon_pkg'
[0.394s] Level 1:colcon.colcon_core.package_identification:_identify(launch) by extensions ['colcon_meta']
[0.394s] Level 1:colcon.colcon_core.package_identification:_identify(launch) by extension 'colcon_meta'
[0.394s] Level 1:colcon.colcon_core.package_identification:_identify(launch) by extensions ['ros']
[0.394s] Level 1:colcon.colcon_core.package_identification:_identify(launch) by extension 'ros'
[0.394s] Level 1:colcon.colcon_core.package_identification:_identify(launch) by extensions ['cmake', 'python']
[0.394s] Level 1:colcon.colcon_core.package_identification:_identify(launch) by extension 'cmake'
[0.394s] Level 1:colcon.colcon_core.package_identification:_identify(launch) by extension 'python'
[0.394s] Level 1:colcon.colcon_core.package_identification:_identify(launch) by extensions ['python_setup_py']
[0.394s] Level 1:colcon.colcon_core.package_identification:_identify(launch) by extension 'python_setup_py'
[0.394s] Level 1:colcon.colcon_core.package_identification:_identify(launch/build) by extensions ['ignore', 'ignore_ament_install']
[0.394s] Level 1:colcon.colcon_core.package_identification:_identify(launch/build) by extension 'ignore'
[0.394s] Level 1:colcon.colcon_core.package_identification:_identify(launch/build) ignored
[0.394s] Level 1:colcon.colcon_core.package_identification:_identify(launch/install) by extensions ['ignore', 'ignore_ament_install']
[0.394s] Level 1:colcon.colcon_core.package_identification:_identify(launch/install) by extension 'ignore'
[0.394s] Level 1:colcon.colcon_core.package_identification:_identify(launch/install) ignored
[0.395s] Level 1:colcon.colcon_core.package_identification:_identify(launch/log) by extensions ['ignore', 'ignore_ament_install']
[0.395s] Level 1:colcon.colcon_core.package_identification:_identify(launch/log) by extension 'ignore'
[0.395s] Level 1:colcon.colcon_core.package_identification:_identify(launch/log) ignored
[0.395s] Level 1:colcon.colcon_core.package_identification:_identify(log) by extensions ['ignore', 'ignore_ament_install']
[0.395s] Level 1:colcon.colcon_core.package_identification:_identify(log) by extension 'ignore'
[0.395s] Level 1:colcon.colcon_core.package_identification:_identify(log) ignored
[0.395s] Level 1:colcon.colcon_core.package_identification:_identify(sprint2) by extensions ['ignore', 'ignore_ament_install']
[0.395s] Level 1:colcon.colcon_core.package_identification:_identify(sprint2) by extension 'ignore'
[0.395s] Level 1:colcon.colcon_core.package_identification:_identify(sprint2) by extension 'ignore_ament_install'
[0.395s] Level 1:colcon.colcon_core.package_identification:_identify(sprint2) by extensions ['colcon_pkg']
[0.395s] Level 1:colcon.colcon_core.package_identification:_identify(sprint2) by extension 'colcon_pkg'
[0.395s] Level 1:colcon.colcon_core.package_identification:_identify(sprint2) by extensions ['colcon_meta']
[0.395s] Level 1:colcon.colcon_core.package_identification:_identify(sprint2) by extension 'colcon_meta'
[0.395s] Level 1:colcon.colcon_core.package_identification:_identify(sprint2) by extensions ['ros']
[0.395s] Level 1:colcon.colcon_core.package_identification:_identify(sprint2) by extension 'ros'
[0.396s] DEBUG:colcon.colcon_core.package_identification:Package 'sprint2' with type 'ros.ament_python' and name 'sprint2'
[0.396s] Level 1:colcon.colcon_core.package_identification:_identify(src) by extensions ['ignore', 'ignore_ament_install']
[0.396s] Level 1:colcon.colcon_core.package_identification:_identify(src) by extension 'ignore'
[0.397s] Level 1:colcon.colcon_core.package_identification:_identify(src) by extension 'ignore_ament_install'
[0.397s] Level 1:colcon.colcon_core.package_identification:_identify(src) by extensions ['colcon_pkg']
[0.397s] Level 1:colcon.colcon_core.package_identification:_identify(src) by extension 'colcon_pkg'
[0.397s] Level 1:colcon.colcon_core.package_identification:_identify(src) by extensions ['colcon_meta']
[0.397s] Level 1:colcon.colcon_core.package_identification:_identify(src) by extension 'colcon_meta'
[0.397s] Level 1:colcon.colcon_core.package_identification:_identify(src) by extensions ['ros']
[0.397s] Level 1:colcon.colcon_core.package_identification:_identify(src) by extension 'ros'
[0.397s] Level 1:colcon.colcon_core.package_identification:_identify(src) by extensions ['cmake', 'python']
[0.397s] Level 1:colcon.colcon_core.package_identification:_identify(src) by extension 'cmake'
[0.397s] Level 1:colcon.colcon_core.package_identification:_identify(src) by extension 'python'
[0.397s] Level 1:colcon.colcon_core.package_identification:_identify(src) by extensions ['python_setup_py']
[0.397s] Level 1:colcon.colcon_core.package_identification:_identify(src) by extension 'python_setup_py'
[0.397s] Level 1:colcon.colcon_core.package_identification:_identify(src/examples) by extensions ['ignore', 'ignore_ament_install']
[0.397s] Level 1:colcon.colcon_core.package_identification:_identify(src/examples) by extension 'ignore'
[0.397s] Level 1:colcon.colcon_core.package_identification:_identify(src/examples) by extension 'ignore_ament_install'
[0.397s] Level 1:colcon.colcon_core.package_identification:_identify(src/examples) by extensions ['colcon_pkg']
[0.397s] Level 1:colcon.colcon_core.package_identification:_identify(src/examples) by extension 'colcon_pkg'
[0.397s] Level 1:colcon.colcon_core.package_identification:_identify(src/examples) by extensions ['colcon_meta']
[0.397s] Level 1:colcon.colcon_core.package_identification:_identify(src/examples) by extension 'colcon_meta'
[0.397s] Level 1:colcon.colcon_core.package_identification:_identify(src/examples) by extensions ['ros']
[0.397s] Level 1:colcon.colcon_core.package_identification:_identify(src/examples) by extension 'ros'
[0.398s] Level 1:colcon.colcon_core.package_identification:_identify(src/examples) by extensions ['cmake', 'python']
[0.398s] Level 1:colcon.colcon_core.package_identification:_identify(src/examples) by extension 'cmake'
[0.398s] Level 1:colcon.colcon_core.package_identification:_identify(src/examples) by extension 'python'
[0.398s] Level 1:colcon.colcon_core.package_identification:_identify(src/examples) by extensions ['python_setup_py']
[0.398s] Level 1:colcon.colcon_core.package_identification:_identify(src/examples) by extension 'python_setup_py'
[0.398s] Level 1:colcon.colcon_core.package_identification:_identify(src/examples/launch_testing) by extensions ['ignore', 'ignore_ament_install']
[0.398s] Level 1:colcon.colcon_core.package_identification:_identify(src/examples/launch_testing) by extension 'ignore'
[0.398s] Level 1:colcon.colcon_core.package_identification:_identify(src/examples/launch_testing) by extension 'ignore_ament_install'
[0.398s] Level 1:colcon.colcon_core.package_identification:_identify(src/examples/launch_testing) by extensions ['colcon_pkg']
[0.398s] Level 1:colcon.colcon_core.package_identification:_identify(src/examples/launch_testing) by extension 'colcon_pkg'
[0.398s] Level 1:colcon.colcon_core.package_identification:_identify(src/examples/launch_testing) by extensions ['colcon_meta']
[0.398s] Level 1:colcon.colcon_core.package_identification:_identify(src/examples/launch_testing) by extension 'colcon_meta'
[0.398s] Level 1:colcon.colcon_core.package_identification:_identify(src/examples/launch_testing) by extensions ['ros']
[0.398s] Level 1:colcon.colcon_core.package_identification:_identify(src/examples/launch_testing) by extension 'ros'
[0.399s] Level 1:colcon.colcon_core.package_identification:_identify(src/examples/launch_testing) by extensions ['cmake', 'python']
[0.399s] Level 1:colcon.colcon_core.package_identification:_identify(src/examples/launch_testing) by extension 'cmake'
[0.399s] Level 1:colcon.colcon_core.package_identification:_identify(src/examples/launch_testing) by extension 'python'
[0.399s] Level 1:colcon.colcon_core.package_identification:_identify(src/examples/launch_testing) by extensions ['python_setup_py']
[0.399s] Level 1:colcon.colcon_core.package_identification:_identify(src/examples/launch_testing) by extension 'python_setup_py'
[0.399s] Level 1:colcon.colcon_core.package_identification:_identify(src/examples/launch_testing/launch_testing_examples) by extensions ['ignore', 'ignore_ament_install']
[0.399s] Level 1:colcon.colcon_core.package_identification:_identify(src/examples/launch_testing/launch_testing_examples) by extension 'ignore'
[0.399s] Level 1:colcon.colcon_core.package_identification:_identify(src/examples/launch_testing/launch_testing_examples) by extension 'ignore_ament_install'
[0.399s] Level 1:colcon.colcon_core.package_identification:_identify(src/examples/launch_testing/launch_testing_examples) by extensions ['colcon_pkg']
[0.399s] Level 1:colcon.colcon_core.package_identification:_identify(src/examples/launch_testing/launch_testing_examples) by extension 'colcon_pkg'
[0.399s] Level 1:colcon.colcon_core.package_identification:_identify(src/examples/launch_testing/launch_testing_examples) by extensions ['colcon_meta']
[0.399s] Level 1:colcon.colcon_core.package_identification:_identify(src/examples/launch_testing/launch_testing_examples) by extension 'colcon_meta'
[0.399s] Level 1:colcon.colcon_core.package_identification:_identify(src/examples/launch_testing/launch_testing_examples) by extensions ['ros']
[0.399s] Level 1:colcon.colcon_core.package_identification:_identify(src/examples/launch_testing/launch_testing_examples) by extension 'ros'
[0.411s] DEBUG:colcon.colcon_core.package_identification:Package 'src/examples/launch_testing/launch_testing_examples' with type 'ros.ament_python' and name 'launch_testing_examples'
[0.412s] Level 1:colcon.colcon_core.package_identification:_identify(src/examples/rclcpp) by extensions ['ignore', 'ignore_ament_install']
[0.412s] Level 1:colcon.colcon_core.package_identification:_identify(src/examples/rclcpp) by extension 'ignore'
[0.412s] Level 1:colcon.colcon_core.package_identification:_identify(src/examples/rclcpp) by extension 'ignore_ament_install'
[0.412s] Level 1:colcon.colcon_core.package_identification:_identify(src/examples/rclcpp) by extensions ['colcon_pkg']
[0.412s] Level 1:colcon.colcon_core.package_identification:_identify(src/examples/rclcpp) by extension 'colcon_pkg'
[0.412s] Level 1:colcon.colcon_core.package_identification:_identify(src/examples/rclcpp) by extensions ['colcon_meta']
[0.412s] Level 1:colcon.colcon_core.package_identification:_identify(src/examples/rclcpp) by extension 'colcon_meta'
[0.412s] Level 1:colcon.colcon_core.package_identification:_identify(src/examples/rclcpp) by extensions ['ros']
[0.412s] Level 1:colcon.colcon_core.package_identification:_identify(src/examples/rclcpp) by extension 'ros'
[0.412s] Level 1:colcon.colcon_core.package_identification:_identify(src/examples/rclcpp) by extensions ['cmake', 'python']
[0.412s] Level 1:colcon.colcon_core.package_identification:_identify(src/examples/rclcpp) by extension 'cmake'
[0.412s] Level 1:colcon.colcon_core.package_identification:_identify(src/examples/rclcpp) by extension 'python'
[0.412s] Level 1:colcon.colcon_core.package_identification:_identify(src/examples/rclcpp) by extensions ['python_setup_py']
[0.412s] Level 1:colcon.colcon_core.package_identification:_identify(src/examples/rclcpp) by extension 'python_setup_py'
[0.413s] Level 1:colcon.colcon_core.package_identification:_identify(src/examples/rclcpp/actions) by extensions ['ignore', 'ignore_ament_install']
[0.413s] Level 1:colcon.colcon_core.package_identification:_identify(src/examples/rclcpp/actions) by extension 'ignore'
[0.413s] Level 1:colcon.colcon_core.package_identification:_identify(src/examples/rclcpp/actions) by extension 'ignore_ament_install'
[0.413s] Level 1:colcon.colcon_core.package_identification:_identify(src/examples/rclcpp/actions) by extensions ['colcon_pkg']
[0.413s] Level 1:colcon.colcon_core.package_identification:_identify(src/examples/rclcpp/actions) by extension 'colcon_pkg'
[0.413s] Level 1:colcon.colcon_core.package_identification:_identify(src/examples/rclcpp/actions) by extensions ['colcon_meta']
[0.413s] Level 1:colcon.colcon_core.package_identification:_identify(src/examples/rclcpp/actions) by extension 'colcon_meta'
[0.413s] Level 1:colcon.colcon_core.package_identification:_identify(src/examples/rclcpp/actions) by extensions ['ros']
[0.413s] Level 1:colcon.colcon_core.package_identification:_identify(src/examples/rclcpp/actions) by extension 'ros'
[0.413s] Level 1:colcon.colcon_core.package_identification:_identify(src/examples/rclcpp/actions) by extensions ['cmake', 'python']
[0.413s] Level 1:colcon.colcon_core.package_identification:_identify(src/examples/rclcpp/actions) by extension 'cmake'
[0.413s] Level 1:colcon.colcon_core.package_identification:_identify(src/examples/rclcpp/actions) by extension 'python'
[0.413s] Level 1:colcon.colcon_core.package_identification:_identify(src/examples/rclcpp/actions) by extensions ['python_setup_py']
[0.413s] Level 1:colcon.colcon_core.package_identification:_identify(src/examples/rclcpp/actions) by extension 'python_setup_py'
[0.414s] Level 1:colcon.colcon_core.package_identification:_identify(src/examples/rclcpp/actions/minimal_action_client) by extensions ['ignore', 'ignore_ament_install']
[0.414s] Level 1:colcon.colcon_core.package_identification:_identify(src/examples/rclcpp/actions/minimal_action_client) by extension 'ignore'
[0.414s] Level 1:colcon.colcon_core.package_identification:_identify(src/examples/rclcpp/actions/minimal_action_client) by extension 'ignore_ament_install'
[0.414s] Level 1:colcon.colcon_core.package_identification:_identify(src/examples/rclcpp/actions/minimal_action_client) by extensions ['colcon_pkg']
[0.414s] Level 1:colcon.colcon_core.package_identification:_identify(src/examples/rclcpp/actions/minimal_action_client) by extension 'colcon_pkg'
[0.414s] Level 1:colcon.colcon_core.package_identification:_identify(src/examples/rclcpp/actions/minimal_action_client) by extensions ['colcon_meta']
[0.414s] Level 1:colcon.colcon_core.package_identification:_identify(src/examples/rclcpp/actions/minimal_action_client) by extension 'colcon_meta'
[0.414s] Level 1:colcon.colcon_core.package_identification:_identify(src/examples/rclcpp/actions/minimal_action_client) by extensions ['ros']
[0.414s] Level 1:colcon.colcon_core.package_identification:_identify(src/examples/rclcpp/actions/minimal_action_client) by extension 'ros'
[0.415s] DEBUG:colcon.colcon_core.package_identification:Package 'src/examples/rclcpp/actions/minimal_action_client' with type 'ros.ament_cmake' and name 'examples_rclcpp_minimal_action_client'
[0.415s] Level 1:colcon.colcon_core.package_identification:_identify(src/examples/rclcpp/actions/minimal_action_server) by extensions ['ignore', 'ignore_ament_install']
[0.415s] Level 1:colcon.colcon_core.package_identification:_identify(src/examples/rclcpp/actions/minimal_action_server) by extension 'ignore'
[0.415s] Level 1:colcon.colcon_core.package_identification:_identify(src/examples/rclcpp/actions/minimal_action_server) by extension 'ignore_ament_install'
[0.415s] Level 1:colcon.colcon_core.package_identification:_identify(src/examples/rclcpp/actions/minimal_action_server) by extensions ['colcon_pkg']
[0.415s] Level 1:colcon.colcon_core.package_identification:_identify(src/examples/rclcpp/actions/minimal_action_server) by extension 'colcon_pkg'
[0.415s] Level 1:colcon.colcon_core.package_identification:_identify(src/examples/rclcpp/actions/minimal_action_server) by extensions ['colcon_meta']
[0.415s] Level 1:colcon.colcon_core.package_identification:_identify(src/examples/rclcpp/actions/minimal_action_server) by extension 'colcon_meta'
[0.415s] Level 1:colcon.colcon_core.package_identification:_identify(src/examples/rclcpp/actions/minimal_action_server) by extensions ['ros']
[0.416s] Level 1:colcon.colcon_core.package_identification:_identify(src/examples/rclcpp/actions/minimal_action_server) by extension 'ros'
[0.416s] DEBUG:colcon.colcon_core.package_identification:Package 'src/examples/rclcpp/actions/minimal_action_server' with type 'ros.ament_cmake' and name 'examples_rclcpp_minimal_action_server'
[0.417s] Level 1:colcon.colcon_core.package_identification:_identify(src/examples/rclcpp/composition) by extensions ['ignore', 'ignore_ament_install']
[0.417s] Level 1:colcon.colcon_core.package_identification:_identify(src/examples/rclcpp/composition) by extension 'ignore'
[0.417s] Level 1:colcon.colcon_core.package_identification:_identify(src/examples/rclcpp/composition) by extension 'ignore_ament_install'
[0.417s] Level 1:colcon.colcon_core.package_identification:_identify(src/examples/rclcpp/composition) by extensions ['colcon_pkg']
[0.417s] Level 1:colcon.colcon_core.package_identification:_identify(src/examples/rclcpp/composition) by extension 'colcon_pkg'
[0.417s] Level 1:colcon.colcon_core.package_identification:_identify(src/examples/rclcpp/composition) by extensions ['colcon_meta']
[0.417s] Level 1:colcon.colcon_core.package_identification:_identify(src/examples/rclcpp/composition) by extension 'colcon_meta'
[0.417s] Level 1:colcon.colcon_core.package_identification:_identify(src/examples/rclcpp/composition) by extensions ['ros']
[0.417s] Level 1:colcon.colcon_core.package_identification:_identify(src/examples/rclcpp/composition) by extension 'ros'
[0.417s] Level 1:colcon.colcon_core.package_identification:_identify(src/examples/rclcpp/composition) by extensions ['cmake', 'python']
[0.417s] Level 1:colcon.colcon_core.package_identification:_identify(src/examples/rclcpp/composition) by extension 'cmake'
[0.417s] Level 1:colcon.colcon_core.package_identification:_identify(src/examples/rclcpp/composition) by extension 'python'
[0.417s] Level 1:colcon.colcon_core.package_identification:_identify(src/examples/rclcpp/composition) by extensions ['python_setup_py']
[0.417s] Level 1:colcon.colcon_core.package_identification:_identify(src/examples/rclcpp/composition) by extension 'python_setup_py'
[0.417s] Level 1:colcon.colcon_core.package_identification:_identify(src/examples/rclcpp/composition/minimal_composition) by extensions ['ignore', 'ignore_ament_install']
[0.418s] Level 1:colcon.colcon_core.package_identification:_identify(src/examples/rclcpp/composition/minimal_composition) by extension 'ignore'
[0.418s] Level 1:colcon.colcon_core.package_identification:_identify(src/examples/rclcpp/composition/minimal_composition) by extension 'ignore_ament_install'
[0.418s] Level 1:colcon.colcon_core.package_identification:_identify(src/examples/rclcpp/composition/minimal_composition) by extensions ['colcon_pkg']
[0.418s] Level 1:colcon.colcon_core.package_identification:_identify(src/examples/rclcpp/composition/minimal_composition) by extension 'colcon_pkg'
[0.418s] Level 1:colcon.colcon_core.package_identification:_identify(src/examples/rclcpp/composition/minimal_composition) by extensions ['colcon_meta']
[0.418s] Level 1:colcon.colcon_core.package_identification:_identify(src/examples/rclcpp/composition/minimal_composition) by extension 'colcon_meta'
[0.418s] Level 1:colcon.colcon_core.package_identification:_identify(src/examples/rclcpp/composition/minimal_composition) by extensions ['ros']
[0.418s] Level 1:colcon.colcon_core.package_identification:_identify(src/examples/rclcpp/composition/minimal_composition) by extension 'ros'
[0.418s] DEBUG:colcon.colcon_core.package_identification:Package 'src/examples/rclcpp/composition/minimal_composition' with type 'ros.ament_cmake' and name 'examples_rclcpp_minimal_composition'
[0.419s] Level 1:colcon.colcon_core.package_identification:_identify(src/examples/rclcpp/executors) by extensions ['ignore', 'ignore_ament_install']
[0.419s] Level 1:colcon.colcon_core.package_identification:_identify(src/examples/rclcpp/executors) by extension 'ignore'
[0.419s] Level 1:colcon.colcon_core.package_identification:_identify(src/examples/rclcpp/executors) by extension 'ignore_ament_install'
[0.419s] Level 1:colcon.colcon_core.package_identification:_identify(src/examples/rclcpp/executors) by extensions ['colcon_pkg']
[0.419s] Level 1:colcon.colcon_core.package_identification:_identify(src/examples/rclcpp/executors) by extension 'colcon_pkg'
[0.419s] Level 1:colcon.colcon_core.package_identification:_identify(src/examples/rclcpp/executors) by extensions ['colcon_meta']
[0.419s] Level 1:colcon.colcon_core.package_identification:_identify(src/examples/rclcpp/executors) by extension 'colcon_meta'
[0.419s] Level 1:colcon.colcon_core.package_identification:_identify(src/examples/rclcpp/executors) by extensions ['ros']
[0.419s] Level 1:colcon.colcon_core.package_identification:_identify(src/examples/rclcpp/executors) by extension 'ros'
[0.419s] Level 1:colcon.colcon_core.package_identification:_identify(src/examples/rclcpp/executors) by extensions ['cmake', 'python']
[0.419s] Level 1:colcon.colcon_core.package_identification:_identify(src/examples/rclcpp/executors) by extension 'cmake'
[0.419s] Level 1:colcon.colcon_core.package_identification:_identify(src/examples/rclcpp/executors) by extension 'python'
[0.419s] Level 1:colcon.colcon_core.package_identification:_identify(src/examples/rclcpp/executors) by extensions ['python_setup_py']
[0.419s] Level 1:colcon.colcon_core.package_identification:_identify(src/examples/rclcpp/executors) by extension 'python_setup_py'
[0.420s] Level 1:colcon.colcon_core.package_identification:_identify(src/examples/rclcpp/executors/cbg_executor) by extensions ['ignore', 'ignore_ament_install']
[0.420s] Level 1:colcon.colcon_core.package_identification:_identify(src/examples/rclcpp/executors/cbg_executor) by extension 'ignore'
[0.420s] Level 1:colcon.colcon_core.package_identification:_identify(src/examples/rclcpp/executors/cbg_executor) by extension 'ignore_ament_install'
[0.420s] Level 1:colcon.colcon_core.package_identification:_identify(src/examples/rclcpp/executors/cbg_executor) by extensions ['colcon_pkg']
[0.420s] Level 1:colcon.colcon_core.package_identification:_identify(src/examples/rclcpp/executors/cbg_executor) by extension 'colcon_pkg'
[0.420s] Level 1:colcon.colcon_core.package_identification:_identify(src/examples/rclcpp/executors/cbg_executor) by extensions ['colcon_meta']
[0.420s] Level 1:colcon.colcon_core.package_identification:_identify(src/examples/rclcpp/executors/cbg_executor) by extension 'colcon_meta'
[0.420s] Level 1:colcon.colcon_core.package_identification:_identify(src/examples/rclcpp/executors/cbg_executor) by extensions ['ros']
[0.420s] Level 1:colcon.colcon_core.package_identification:_identify(src/examples/rclcpp/executors/cbg_executor) by extension 'ros'
[0.421s] DEBUG:colcon.colcon_core.package_identification:Package 'src/examples/rclcpp/executors/cbg_executor' with type 'ros.ament_cmake' and name 'examples_rclcpp_cbg_executor'
[0.421s] Level 1:colcon.colcon_core.package_identification:_identify(src/examples/rclcpp/executors/multithreaded_executor) by extensions ['ignore', 'ignore_ament_install']
[0.421s] Level 1:colcon.colcon_core.package_identification:_identify(src/examples/rclcpp/executors/multithreaded_executor) by extension 'ignore'
[0.421s] Level 1:colcon.colcon_core.package_identification:_identify(src/examples/rclcpp/executors/multithreaded_executor) by extension 'ignore_ament_install'
[0.421s] Level 1:colcon.colcon_core.package_identification:_identify(src/examples/rclcpp/executors/multithreaded_executor) by extensions ['colcon_pkg']
[0.421s] Level 1:colcon.colcon_core.package_identification:_identify(src/examples/rclcpp/executors/multithreaded_executor) by extension 'colcon_pkg'
[0.421s] Level 1:colcon.colcon_core.package_identification:_identify(src/examples/rclcpp/executors/multithreaded_executor) by extensions ['colcon_meta']
[0.421s] Level 1:colcon.colcon_core.package_identification:_identify(src/examples/rclcpp/executors/multithreaded_executor) by extension 'colcon_meta'
[0.422s] Level 1:colcon.colcon_core.package_identification:_identify(src/examples/rclcpp/executors/multithreaded_executor) by extensions ['ros']
[0.422s] Level 1:colcon.colcon_core.package_identification:_identify(src/examples/rclcpp/executors/multithreaded_executor) by extension 'ros'
[0.422s] DEBUG:colcon.colcon_core.package_identification:Package 'src/examples/rclcpp/executors/multithreaded_executor' with type 'ros.ament_cmake' and name 'examples_rclcpp_multithreaded_executor'
[0.422s] Level 1:colcon.colcon_core.package_identification:_identify(src/examples/rclcpp/services) by extensions ['ignore', 'ignore_ament_install']
[0.423s] Level 1:colcon.colcon_core.package_identification:_identify(src/examples/rclcpp/services) by extension 'ignore'
[0.423s] Level 1:colcon.colcon_core.package_identification:_identify(src/examples/rclcpp/services) by extension 'ignore_ament_install'
[0.423s] Level 1:colcon.colcon_core.package_identification:_identify(src/examples/rclcpp/services) by extensions ['colcon_pkg']
[0.423s] Level 1:colcon.colcon_core.package_identification:_identify(src/examples/rclcpp/services) by extension 'colcon_pkg'
[0.423s] Level 1:colcon.colcon_core.package_identification:_identify(src/examples/rclcpp/services) by extensions ['colcon_meta']
[0.423s] Level 1:colcon.colcon_core.package_identification:_identify(src/examples/rclcpp/services) by extension 'colcon_meta'
[0.423s] Level 1:colcon.colcon_core.package_identification:_identify(src/examples/rclcpp/services) by extensions ['ros']
[0.423s] Level 1:colcon.colcon_core.package_identification:_identify(src/examples/rclcpp/services) by extension 'ros'
[0.423s] Level 1:colcon.colcon_core.package_identification:_identify(src/examples/rclcpp/services) by extensions ['cmake', 'python']
[0.423s] Level 1:colcon.colcon_core.package_identification:_identify(src/examples/rclcpp/services) by extension 'cmake'
[0.423s] Level 1:colcon.colcon_core.package_identification:_identify(src/examples/rclcpp/services) by extension 'python'
[0.423s] Level 1:colcon.colcon_core.package_identification:_identify(src/examples/rclcpp/services) by extensions ['python_setup_py']
[0.423s] Level 1:colcon.colcon_core.package_identification:_identify(src/examples/rclcpp/services) by extension 'python_setup_py'
[0.423s] Level 1:colcon.colcon_core.package_identification:_identify(src/examples/rclcpp/services/async_client) by extensions ['ignore', 'ignore_ament_install']
[0.424s] Level 1:colcon.colcon_core.package_identification:_identify(src/examples/rclcpp/services/async_client) by extension 'ignore'
[0.424s] Level 1:colcon.colcon_core.package_identification:_identify(src/examples/rclcpp/services/async_client) by extension 'ignore_ament_install'
[0.424s] Level 1:colcon.colcon_core.package_identification:_identify(src/examples/rclcpp/services/async_client) by extensions ['colcon_pkg']
[0.424s] Level 1:colcon.colcon_core.package_identification:_identify(src/examples/rclcpp/services/async_client) by extension 'colcon_pkg'
[0.424s] Level 1:colcon.colcon_core.package_identification:_identify(src/examples/rclcpp/services/async_client) by extensions ['colcon_meta']
[0.424s] Level 1:colcon.colcon_core.package_identification:_identify(src/examples/rclcpp/services/async_client) by extension 'colcon_meta'
[0.424s] Level 1:colcon.colcon_core.package_identification:_identify(src/examples/rclcpp/services/async_client) by extensions ['ros']
[0.424s] Level 1:colcon.colcon_core.package_identification:_identify(src/examples/rclcpp/services/async_client) by extension 'ros'
[0.424s] DEBUG:colcon.colcon_core.package_identification:Package 'src/examples/rclcpp/services/async_client' with type 'ros.ament_cmake' and name 'examples_rclcpp_async_client'
[0.425s] Level 1:colcon.colcon_core.package_identification:_identify(src/examples/rclcpp/services/minimal_client) by extensions ['ignore', 'ignore_ament_install']
[0.425s] Level 1:colcon.colcon_core.package_identification:_identify(src/examples/rclcpp/services/minimal_client) by extension 'ignore'
[0.425s] Level 1:colcon.colcon_core.package_identification:_identify(src/examples/rclcpp/services/minimal_client) by extension 'ignore_ament_install'
[0.425s] Level 1:colcon.colcon_core.package_identification:_identify(src/examples/rclcpp/services/minimal_client) by extensions ['colcon_pkg']
[0.425s] Level 1:colcon.colcon_core.package_identification:_identify(src/examples/rclcpp/services/minimal_client) by extension 'colcon_pkg'
[0.425s] Level 1:colcon.colcon_core.package_identification:_identify(src/examples/rclcpp/services/minimal_client) by extensions ['colcon_meta']
[0.425s] Level 1:colcon.colcon_core.package_identification:_identify(src/examples/rclcpp/services/minimal_client) by extension 'colcon_meta'
[0.425s] Level 1:colcon.colcon_core.package_identification:_identify(src/examples/rclcpp/services/minimal_client) by extensions ['ros']
[0.425s] Level 1:colcon.colcon_core.package_identification:_identify(src/examples/rclcpp/services/minimal_client) by extension 'ros'
[0.426s] DEBUG:colcon.colcon_core.package_identification:Package 'src/examples/rclcpp/services/minimal_client' with type 'ros.ament_cmake' and name 'examples_rclcpp_minimal_client'
[0.426s] Level 1:colcon.colcon_core.package_identification:_identify(src/examples/rclcpp/services/minimal_service) by extensions ['ignore', 'ignore_ament_install']
[0.426s] Level 1:colcon.colcon_core.package_identification:_identify(src/examples/rclcpp/services/minimal_service) by extension 'ignore'
[0.426s] Level 1:colcon.colcon_core.package_identification:_identify(src/examples/rclcpp/services/minimal_service) by extension 'ignore_ament_install'
[0.426s] Level 1:colcon.colcon_core.package_identification:_identify(src/examples/rclcpp/services/minimal_service) by extensions ['colcon_pkg']
[0.427s] Level 1:colcon.colcon_core.package_identification:_identify(src/examples/rclcpp/services/minimal_service) by extension 'colcon_pkg'
[0.427s] Level 1:colcon.colcon_core.package_identification:_identify(src/examples/rclcpp/services/minimal_service) by extensions ['colcon_meta']
[0.427s] Level 1:colcon.colcon_core.package_identification:_identify(src/examples/rclcpp/services/minimal_service) by extension 'colcon_meta'
[0.427s] Level 1:colcon.colcon_core.package_identification:_identify(src/examples/rclcpp/services/minimal_service) by extensions ['ros']
[0.427s] Level 1:colcon.colcon_core.package_identification:_identify(src/examples/rclcpp/services/minimal_service) by extension 'ros'
[0.427s] DEBUG:colcon.colcon_core.package_identification:Package 'src/examples/rclcpp/services/minimal_service' with type 'ros.ament_cmake' and name 'examples_rclcpp_minimal_service'
[0.428s] Level 1:colcon.colcon_core.package_identification:_identify(src/examples/rclcpp/timers) by extensions ['ignore', 'ignore_ament_install']
[0.428s] Level 1:colcon.colcon_core.package_identification:_identify(src/examples/rclcpp/timers) by extension 'ignore'
[0.428s] Level 1:colcon.colcon_core.package_identification:_identify(src/examples/rclcpp/timers) by extension 'ignore_ament_install'
[0.428s] Level 1:colcon.colcon_core.package_identification:_identify(src/examples/rclcpp/timers) by extensions ['colcon_pkg']
[0.428s] Level 1:colcon.colcon_core.package_identification:_identify(src/examples/rclcpp/timers) by extension 'colcon_pkg'
[0.428s] Level 1:colcon.colcon_core.package_identification:_identify(src/examples/rclcpp/timers) by extensions ['colcon_meta']
[0.428s] Level 1:colcon.colcon_core.package_identification:_identify(src/examples/rclcpp/timers) by extension 'colcon_meta'
[0.428s] Level 1:colcon.colcon_core.package_identification:_identify(src/examples/rclcpp/timers) by extensions ['ros']
[0.428s] Level 1:colcon.colcon_core.package_identification:_identify(src/examples/rclcpp/timers) by extension 'ros'
[0.428s] Level 1:colcon.colcon_core.package_identification:_identify(src/examples/rclcpp/timers) by extensions ['cmake', 'python']
[0.428s] Level 1:colcon.colcon_core.package_identification:_identify(src/examples/rclcpp/timers) by extension 'cmake'
[0.428s] Level 1:colcon.colcon_core.package_identification:_identify(src/examples/rclcpp/timers) by extension 'python'
[0.428s] Level 1:colcon.colcon_core.package_identification:_identify(src/examples/rclcpp/timers) by extensions ['python_setup_py']
[0.428s] Level 1:colcon.colcon_core.package_identification:_identify(src/examples/rclcpp/timers) by extension 'python_setup_py'
[0.428s] Level 1:colcon.colcon_core.package_identification:_identify(src/examples/rclcpp/timers/minimal_timer) by extensions ['ignore', 'ignore_ament_install']
[0.429s] Level 1:colcon.colcon_core.package_identification:_identify(src/examples/rclcpp/timers/minimal_timer) by extension 'ignore'
[0.429s] Level 1:colcon.colcon_core.package_identification:_identify(src/examples/rclcpp/timers/minimal_timer) by extension 'ignore_ament_install'
[0.429s] Level 1:colcon.colcon_core.package_identification:_identify(src/examples/rclcpp/timers/minimal_timer) by extensions ['colcon_pkg']
[0.429s] Level 1:colcon.colcon_core.package_identification:_identify(src/examples/rclcpp/timers/minimal_timer) by extension 'colcon_pkg'
[0.429s] Level 1:colcon.colcon_core.package_identification:_identify(src/examples/rclcpp/timers/minimal_timer) by extensions ['colcon_meta']
[0.429s] Level 1:colcon.colcon_core.package_identification:_identify(src/examples/rclcpp/timers/minimal_timer) by extension 'colcon_meta'
[0.429s] Level 1:colcon.colcon_core.package_identification:_identify(src/examples/rclcpp/timers/minimal_timer) by extensions ['ros']
[0.429s] Level 1:colcon.colcon_core.package_identification:_identify(src/examples/rclcpp/timers/minimal_timer) by extension 'ros'
[0.430s] DEBUG:colcon.colcon_core.package_identification:Package 'src/examples/rclcpp/timers/minimal_timer' with type 'ros.ament_cmake' and name 'examples_rclcpp_minimal_timer'
[0.430s] Level 1:colcon.colcon_core.package_identification:_identify(src/examples/rclcpp/topics) by extensions ['ignore', 'ignore_ament_install']
[0.430s] Level 1:colcon.colcon_core.package_identification:_identify(src/examples/rclcpp/topics) by extension 'ignore'
[0.430s] Level 1:colcon.colcon_core.package_identification:_identify(src/examples/rclcpp/topics) by extension 'ignore_ament_install'
[0.430s] Level 1:colcon.colcon_core.package_identification:_identify(src/examples/rclcpp/topics) by extensions ['colcon_pkg']
[0.430s] Level 1:colcon.colcon_core.package_identification:_identify(src/examples/rclcpp/topics) by extension 'colcon_pkg'
[0.430s] Level 1:colcon.colcon_core.package_identification:_identify(src/examples/rclcpp/topics) by extensions ['colcon_meta']
[0.430s] Level 1:colcon.colcon_core.package_identification:_identify(src/examples/rclcpp/topics) by extension 'colcon_meta'
[0.430s] Level 1:colcon.colcon_core.package_identification:_identify(src/examples/rclcpp/topics) by extensions ['ros']
[0.430s] Level 1:colcon.colcon_core.package_identification:_identify(src/examples/rclcpp/topics) by extension 'ros'
[0.431s] Level 1:colcon.colcon_core.package_identification:_identify(src/examples/rclcpp/topics) by extensions ['cmake', 'python']
[0.431s] Level 1:colcon.colcon_core.package_identification:_identify(src/examples/rclcpp/topics) by extension 'cmake'
[0.431s] Level 1:colcon.colcon_core.package_identification:_identify(src/examples/rclcpp/topics) by extension 'python'
[0.431s] Level 1:colcon.colcon_core.package_identification:_identify(src/examples/rclcpp/topics) by extensions ['python_setup_py']
[0.431s] Level 1:colcon.colcon_core.package_identification:_identify(src/examples/rclcpp/topics) by extension 'python_setup_py'
[0.431s] Level 1:colcon.colcon_core.package_identification:_identify(src/examples/rclcpp/topics/minimal_publisher) by extensions ['ignore', 'ignore_ament_install']
[0.431s] Level 1:colcon.colcon_core.package_identification:_identify(src/examples/rclcpp/topics/minimal_publisher) by extension 'ignore'
[0.431s] Level 1:colcon.colcon_core.package_identification:_identify(src/examples/rclcpp/topics/minimal_publisher) by extension 'ignore_ament_install'
[0.431s] Level 1:colcon.colcon_core.package_identification:_identify(src/examples/rclcpp/topics/minimal_publisher) by extensions ['colcon_pkg']
[0.431s] Level 1:colcon.colcon_core.package_identification:_identify(src/examples/rclcpp/topics/minimal_publisher) by extension 'colcon_pkg'
[0.431s] Level 1:colcon.colcon_core.package_identification:_identify(src/examples/rclcpp/topics/minimal_publisher) by extensions ['colcon_meta']
[0.431s] Level 1:colcon.colcon_core.package_identification:_identify(src/examples/rclcpp/topics/minimal_publisher) by extension 'colcon_meta'
[0.431s] Level 1:colcon.colcon_core.package_identification:_identify(src/examples/rclcpp/topics/minimal_publisher) by extensions ['ros']
[0.431s] Level 1:colcon.colcon_core.package_identification:_identify(src/examples/rclcpp/topics/minimal_publisher) by extension 'ros'
[0.432s] DEBUG:colcon.colcon_core.package_identification:Package 'src/examples/rclcpp/topics/minimal_publisher' with type 'ros.ament_cmake' and name 'examples_rclcpp_minimal_publisher'
[0.432s] Level 1:colcon.colcon_core.package_identification:_identify(src/examples/rclcpp/topics/minimal_subscriber) by extensions ['ignore', 'ignore_ament_install']
[0.432s] Level 1:colcon.colcon_core.package_identification:_identify(src/examples/rclcpp/topics/minimal_subscriber) by extension 'ignore'
[0.432s] Level 1:colcon.colcon_core.package_identification:_identify(src/examples/rclcpp/topics/minimal_subscriber) by extension 'ignore_ament_install'
[0.432s] Level 1:colcon.colcon_core.package_identification:_identify(src/examples/rclcpp/topics/minimal_subscriber) by extensions ['colcon_pkg']
[0.432s] Level 1:colcon.colcon_core.package_identification:_identify(src/examples/rclcpp/topics/minimal_subscriber) by extension 'colcon_pkg'
[0.433s] Level 1:colcon.colcon_core.package_identification:_identify(src/examples/rclcpp/topics/minimal_subscriber) by extensions ['colcon_meta']
[0.433s] Level 1:colcon.colcon_core.package_identification:_identify(src/examples/rclcpp/topics/minimal_subscriber) by extension 'colcon_meta'
[0.433s] Level 1:colcon.colcon_core.package_identification:_identify(src/examples/rclcpp/topics/minimal_subscriber) by extensions ['ros']
[0.433s] Level 1:colcon.colcon_core.package_identification:_identify(src/examples/rclcpp/topics/minimal_subscriber) by extension 'ros'
[0.433s] DEBUG:colcon.colcon_core.package_identification:Package 'src/examples/rclcpp/topics/minimal_subscriber' with type 'ros.ament_cmake' and name 'examples_rclcpp_minimal_subscriber'
[0.434s] Level 1:colcon.colcon_core.package_identification:_identify(src/examples/rclcpp/wait_set) by extensions ['ignore', 'ignore_ament_install']
[0.434s] Level 1:colcon.colcon_core.package_identification:_identify(src/examples/rclcpp/wait_set) by extension 'ignore'
[0.434s] Level 1:colcon.colcon_core.package_identification:_identify(src/examples/rclcpp/wait_set) by extension 'ignore_ament_install'
[0.434s] Level 1:colcon.colcon_core.package_identification:_identify(src/examples/rclcpp/wait_set) by extensions ['colcon_pkg']
[0.434s] Level 1:colcon.colcon_core.package_identification:_identify(src/examples/rclcpp/wait_set) by extension 'colcon_pkg'
[0.434s] Level 1:colcon.colcon_core.package_identification:_identify(src/examples/rclcpp/wait_set) by extensions ['colcon_meta']
[0.434s] Level 1:colcon.colcon_core.package_identification:_identify(src/examples/rclcpp/wait_set) by extension 'colcon_meta'
[0.434s] Level 1:colcon.colcon_core.package_identification:_identify(src/examples/rclcpp/wait_set) by extensions ['ros']
[0.434s] Level 1:colcon.colcon_core.package_identification:_identify(src/examples/rclcpp/wait_set) by extension 'ros'
[0.435s] DEBUG:colcon.colcon_core.package_identification:Package 'src/examples/rclcpp/wait_set' with type 'ros.ament_cmake' and name 'examples_rclcpp_wait_set'
[0.435s] Level 1:colcon.colcon_core.package_identification:_identify(src/examples/rclpy) by extensions ['ignore', 'ignore_ament_install']
[0.435s] Level 1:colcon.colcon_core.package_identification:_identify(src/examples/rclpy) by extension 'ignore'
[0.435s] Level 1:colcon.colcon_core.package_identification:_identify(src/examples/rclpy) by extension 'ignore_ament_install'
[0.435s] Level 1:colcon.colcon_core.package_identification:_identify(src/examples/rclpy) by extensions ['colcon_pkg']
[0.435s] Level 1:colcon.colcon_core.package_identification:_identify(src/examples/rclpy) by extension 'colcon_pkg'
[0.435s] Level 1:colcon.colcon_core.package_identification:_identify(src/examples/rclpy) by extensions ['colcon_meta']
[0.435s] Level 1:colcon.colcon_core.package_identification:_identify(src/examples/rclpy) by extension 'colcon_meta'
[0.435s] Level 1:colcon.colcon_core.package_identification:_identify(src/examples/rclpy) by extensions ['ros']
[0.435s] Level 1:colcon.colcon_core.package_identification:_identify(src/examples/rclpy) by extension 'ros'
[0.435s] Level 1:colcon.colcon_core.package_identification:_identify(src/examples/rclpy) by extensions ['cmake', 'python']
[0.435s] Level 1:colcon.colcon_core.package_identification:_identify(src/examples/rclpy) by extension 'cmake'
[0.435s] Level 1:colcon.colcon_core.package_identification:_identify(src/examples/rclpy) by extension 'python'
[0.435s] Level 1:colcon.colcon_core.package_identification:_identify(src/examples/rclpy) by extensions ['python_setup_py']
[0.435s] Level 1:colcon.colcon_core.package_identification:_identify(src/examples/rclpy) by extension 'python_setup_py'
[0.436s] Level 1:colcon.colcon_core.package_identification:_identify(src/examples/rclpy/actions) by extensions ['ignore', 'ignore_ament_install']
[0.436s] Level 1:colcon.colcon_core.package_identification:_identify(src/examples/rclpy/actions) by extension 'ignore'
[0.436s] Level 1:colcon.colcon_core.package_identification:_identify(src/examples/rclpy/actions) by extension 'ignore_ament_install'
[0.436s] Level 1:colcon.colcon_core.package_identification:_identify(src/examples/rclpy/actions) by extensions ['colcon_pkg']
[0.436s] Level 1:colcon.colcon_core.package_identification:_identify(src/examples/rclpy/actions) by extension 'colcon_pkg'
[0.436s] Level 1:colcon.colcon_core.package_identification:_identify(src/examples/rclpy/actions) by extensions ['colcon_meta']
[0.436s] Level 1:colcon.colcon_core.package_identification:_identify(src/examples/rclpy/actions) by extension 'colcon_meta'
[0.436s] Level 1:colcon.colcon_core.package_identification:_identify(src/examples/rclpy/actions) by extensions ['ros']
[0.436s] Level 1:colcon.colcon_core.package_identification:_identify(src/examples/rclpy/actions) by extension 'ros'
[0.436s] Level 1:colcon.colcon_core.package_identification:_identify(src/examples/rclpy/actions) by extensions ['cmake', 'python']
[0.436s] Level 1:colcon.colcon_core.package_identification:_identify(src/examples/rclpy/actions) by extension 'cmake'
[0.436s] Level 1:colcon.colcon_core.package_identification:_identify(src/examples/rclpy/actions) by extension 'python'
[0.436s] Level 1:colcon.colcon_core.package_identification:_identify(src/examples/rclpy/actions) by extensions ['python_setup_py']
[0.436s] Level 1:colcon.colcon_core.package_identification:_identify(src/examples/rclpy/actions) by extension 'python_setup_py'
[0.437s] Level 1:colcon.colcon_core.package_identification:_identify(src/examples/rclpy/actions/minimal_action_client) by extensions ['ignore', 'ignore_ament_install']
[0.437s] Level 1:colcon.colcon_core.package_identification:_identify(src/examples/rclpy/actions/minimal_action_client) by extension 'ignore'
[0.437s] Level 1:colcon.colcon_core.package_identification:_identify(src/examples/rclpy/actions/minimal_action_client) by extension 'ignore_ament_install'
[0.437s] Level 1:colcon.colcon_core.package_identification:_identify(src/examples/rclpy/actions/minimal_action_client) by extensions ['colcon_pkg']
[0.437s] Level 1:colcon.colcon_core.package_identification:_identify(src/examples/rclpy/actions/minimal_action_client) by extension 'colcon_pkg'
[0.437s] Level 1:colcon.colcon_core.package_identification:_identify(src/examples/rclpy/actions/minimal_action_client) by extensions ['colcon_meta']
[0.437s] Level 1:colcon.colcon_core.package_identification:_identify(src/examples/rclpy/actions/minimal_action_client) by extension 'colcon_meta'
[0.437s] Level 1:colcon.colcon_core.package_identification:_identify(src/examples/rclpy/actions/minimal_action_client) by extensions ['ros']
[0.437s] Level 1:colcon.colcon_core.package_identification:_identify(src/examples/rclpy/actions/minimal_action_client) by extension 'ros'
[0.438s] DEBUG:colcon.colcon_core.package_identification:Package 'src/examples/rclpy/actions/minimal_action_client' with type 'ros.ament_python' and name 'examples_rclpy_minimal_action_client'
[0.438s] Level 1:colcon.colcon_core.package_identification:_identify(src/examples/rclpy/actions/minimal_action_server) by extensions ['ignore', 'ignore_ament_install']
[0.438s] Level 1:colcon.colcon_core.package_identification:_identify(src/examples/rclpy/actions/minimal_action_server) by extension 'ignore'
[0.438s] Level 1:colcon.colcon_core.package_identification:_identify(src/examples/rclpy/actions/minimal_action_server) by extension 'ignore_ament_install'
[0.438s] Level 1:colcon.colcon_core.package_identification:_identify(src/examples/rclpy/actions/minimal_action_server) by extensions ['colcon_pkg']
[0.438s] Level 1:colcon.colcon_core.package_identification:_identify(src/examples/rclpy/actions/minimal_action_server) by extension 'colcon_pkg'
[0.438s] Level 1:colcon.colcon_core.package_identification:_identify(src/examples/rclpy/actions/minimal_action_server) by extensions ['colcon_meta']
[0.438s] Level 1:colcon.colcon_core.package_identification:_identify(src/examples/rclpy/actions/minimal_action_server) by extension 'colcon_meta'
[0.439s] Level 1:colcon.colcon_core.package_identification:_identify(src/examples/rclpy/actions/minimal_action_server) by extensions ['ros']
[0.439s] Level 1:colcon.colcon_core.package_identification:_identify(src/examples/rclpy/actions/minimal_action_server) by extension 'ros'
[0.439s] DEBUG:colcon.colcon_core.package_identification:Package 'src/examples/rclpy/actions/minimal_action_server' with type 'ros.ament_python' and name 'examples_rclpy_minimal_action_server'
[0.439s] Level 1:colcon.colcon_core.package_identification:_identify(src/examples/rclpy/executors) by extensions ['ignore', 'ignore_ament_install']
[0.440s] Level 1:colcon.colcon_core.package_identification:_identify(src/examples/rclpy/executors) by extension 'ignore'
[0.440s] Level 1:colcon.colcon_core.package_identification:_identify(src/examples/rclpy/executors) by extension 'ignore_ament_install'
[0.440s] Level 1:colcon.colcon_core.package_identification:_identify(src/examples/rclpy/executors) by extensions ['colcon_pkg']
[0.440s] Level 1:colcon.colcon_core.package_identification:_identify(src/examples/rclpy/executors) by extension 'colcon_pkg'
[0.440s] Level 1:colcon.colcon_core.package_identification:_identify(src/examples/rclpy/executors) by extensions ['colcon_meta']
[0.440s] Level 1:colcon.colcon_core.package_identification:_identify(src/examples/rclpy/executors) by extension 'colcon_meta'
[0.440s] Level 1:colcon.colcon_core.package_identification:_identify(src/examples/rclpy/executors) by extensions ['ros']
[0.440s] Level 1:colcon.colcon_core.package_identification:_identify(src/examples/rclpy/executors) by extension 'ros'
[0.441s] DEBUG:colcon.colcon_core.package_identification:Package 'src/examples/rclpy/executors' with type 'ros.ament_python' and name 'examples_rclpy_executors'
[0.441s] Level 1:colcon.colcon_core.package_identification:_identify(src/examples/rclpy/guard_conditions) by extensions ['ignore', 'ignore_ament_install']
[0.441s] Level 1:colcon.colcon_core.package_identification:_identify(src/examples/rclpy/guard_conditions) by extension 'ignore'
[0.441s] Level 1:colcon.colcon_core.package_identification:_identify(src/examples/rclpy/guard_conditions) by extension 'ignore_ament_install'
[0.442s] Level 1:colcon.colcon_core.package_identification:_identify(src/examples/rclpy/guard_conditions) by extensions ['colcon_pkg']
[0.442s] Level 1:colcon.colcon_core.package_identification:_identify(src/examples/rclpy/guard_conditions) by extension 'colcon_pkg'
[0.442s] Level 1:colcon.colcon_core.package_identification:_identify(src/examples/rclpy/guard_conditions) by extensions ['colcon_meta']
[0.442s] Level 1:colcon.colcon_core.package_identification:_identify(src/examples/rclpy/guard_conditions) by extension 'colcon_meta'
[0.442s] Level 1:colcon.colcon_core.package_identification:_identify(src/examples/rclpy/guard_conditions) by extensions ['ros']
[0.442s] Level 1:colcon.colcon_core.package_identification:_identify(src/examples/rclpy/guard_conditions) by extension 'ros'
[0.442s] DEBUG:colcon.colcon_core.package_identification:Package 'src/examples/rclpy/guard_conditions' with type 'ros.ament_python' and name 'examples_rclpy_guard_conditions'
[0.443s] Level 1:colcon.colcon_core.package_identification:_identify(src/examples/rclpy/services) by extensions ['ignore', 'ignore_ament_install']
[0.443s] Level 1:colcon.colcon_core.package_identification:_identify(src/examples/rclpy/services) by extension 'ignore'
[0.443s] Level 1:colcon.colcon_core.package_identification:_identify(src/examples/rclpy/services) by extension 'ignore_ament_install'
[0.443s] Level 1:colcon.colcon_core.package_identification:_identify(src/examples/rclpy/services) by extensions ['colcon_pkg']
[0.443s] Level 1:colcon.colcon_core.package_identification:_identify(src/examples/rclpy/services) by extension 'colcon_pkg'
[0.443s] Level 1:colcon.colcon_core.package_identification:_identify(src/examples/rclpy/services) by extensions ['colcon_meta']
[0.443s] Level 1:colcon.colcon_core.package_identification:_identify(src/examples/rclpy/services) by extension 'colcon_meta'
[0.443s] Level 1:colcon.colcon_core.package_identification:_identify(src/examples/rclpy/services) by extensions ['ros']
[0.443s] Level 1:colcon.colcon_core.package_identification:_identify(src/examples/rclpy/services) by extension 'ros'
[0.443s] Level 1:colcon.colcon_core.package_identification:_identify(src/examples/rclpy/services) by extensions ['cmake', 'python']
[0.443s] Level 1:colcon.colcon_core.package_identification:_identify(src/examples/rclpy/services) by extension 'cmake'
[0.443s] Level 1:colcon.colcon_core.package_identification:_identify(src/examples/rclpy/services) by extension 'python'
[0.443s] Level 1:colcon.colcon_core.package_identification:_identify(src/examples/rclpy/services) by extensions ['python_setup_py']
[0.443s] Level 1:colcon.colcon_core.package_identification:_identify(src/examples/rclpy/services) by extension 'python_setup_py'
[0.443s] Level 1:colcon.colcon_core.package_identification:_identify(src/examples/rclpy/services/minimal_client) by extensions ['ignore', 'ignore_ament_install']
[0.444s] Level 1:colcon.colcon_core.package_identification:_identify(src/examples/rclpy/services/minimal_client) by extension 'ignore'
[0.444s] Level 1:colcon.colcon_core.package_identification:_identify(src/examples/rclpy/services/minimal_client) by extension 'ignore_ament_install'
[0.444s] Level 1:colcon.colcon_core.package_identification:_identify(src/examples/rclpy/services/minimal_client) by extensions ['colcon_pkg']
[0.444s] Level 1:colcon.colcon_core.package_identification:_identify(src/examples/rclpy/services/minimal_client) by extension 'colcon_pkg'
[0.444s] Level 1:colcon.colcon_core.package_identification:_identify(src/examples/rclpy/services/minimal_client) by extensions ['colcon_meta']
[0.444s] Level 1:colcon.colcon_core.package_identification:_identify(src/examples/rclpy/services/minimal_client) by extension 'colcon_meta'
[0.444s] Level 1:colcon.colcon_core.package_identification:_identify(src/examples/rclpy/services/minimal_client) by extensions ['ros']
[0.444s] Level 1:colcon.colcon_core.package_identification:_identify(src/examples/rclpy/services/minimal_client) by extension 'ros'
[0.445s] DEBUG:colcon.colcon_core.package_identification:Package 'src/examples/rclpy/services/minimal_client' with type 'ros.ament_python' and name 'examples_rclpy_minimal_client'
[0.445s] Level 1:colcon.colcon_core.package_identification:_identify(src/examples/rclpy/services/minimal_service) by extensions ['ignore', 'ignore_ament_install']
[0.445s] Level 1:colcon.colcon_core.package_identification:_identify(src/examples/rclpy/services/minimal_service) by extension 'ignore'
[0.445s] Level 1:colcon.colcon_core.package_identification:_identify(src/examples/rclpy/services/minimal_service) by extension 'ignore_ament_install'
[0.445s] Level 1:colcon.colcon_core.package_identification:_identify(src/examples/rclpy/services/minimal_service) by extensions ['colcon_pkg']
[0.445s] Level 1:colcon.colcon_core.package_identification:_identify(src/examples/rclpy/services/minimal_service) by extension 'colcon_pkg'
[0.445s] Level 1:colcon.colcon_core.package_identification:_identify(src/examples/rclpy/services/minimal_service) by extensions ['colcon_meta']
[0.445s] Level 1:colcon.colcon_core.package_identification:_identify(src/examples/rclpy/services/minimal_service) by extension 'colcon_meta'
[0.445s] Level 1:colcon.colcon_core.package_identification:_identify(src/examples/rclpy/services/minimal_service) by extensions ['ros']
[0.446s] Level 1:colcon.colcon_core.package_identification:_identify(src/examples/rclpy/services/minimal_service) by extension 'ros'
[0.446s] DEBUG:colcon.colcon_core.package_identification:Package 'src/examples/rclpy/services/minimal_service' with type 'ros.ament_python' and name 'examples_rclpy_minimal_service'
[0.447s] Level 1:colcon.colcon_core.package_identification:_identify(src/examples/rclpy/topics) by extensions ['ignore', 'ignore_ament_install']
[0.447s] Level 1:colcon.colcon_core.package_identification:_identify(src/examples/rclpy/topics) by extension 'ignore'
[0.447s] Level 1:colcon.colcon_core.package_identification:_identify(src/examples/rclpy/topics) by extension 'ignore_ament_install'
[0.447s] Level 1:colcon.colcon_core.package_identification:_identify(src/examples/rclpy/topics) by extensions ['colcon_pkg']
[0.447s] Level 1:colcon.colcon_core.package_identification:_identify(src/examples/rclpy/topics) by extension 'colcon_pkg'
[0.447s] Level 1:colcon.colcon_core.package_identification:_identify(src/examples/rclpy/topics) by extensions ['colcon_meta']
[0.447s] Level 1:colcon.colcon_core.package_identification:_identify(src/examples/rclpy/topics) by extension 'colcon_meta'
[0.447s] Level 1:colcon.colcon_core.package_identification:_identify(src/examples/rclpy/topics) by extensions ['ros']
[0.447s] Level 1:colcon.colcon_core.package_identification:_identify(src/examples/rclpy/topics) by extension 'ros'
[0.447s] Level 1:colcon.colcon_core.package_identification:_identify(src/examples/rclpy/topics) by extensions ['cmake', 'python']
[0.447s] Level 1:colcon.colcon_core.package_identification:_identify(src/examples/rclpy/topics) by extension 'cmake'
[0.447s] Level 1:colcon.colcon_core.package_identification:_identify(src/examples/rclpy/topics) by extension 'python'
[0.447s] Level 1:colcon.colcon_core.package_identification:_identify(src/examples/rclpy/topics) by extensions ['python_setup_py']
[0.447s] Level 1:colcon.colcon_core.package_identification:_identify(src/examples/rclpy/topics) by extension 'python_setup_py'
[0.448s] Level 1:colcon.colcon_core.package_identification:_identify(src/examples/rclpy/topics/minimal_publisher) by extensions ['ignore', 'ignore_ament_install']
[0.448s] Level 1:colcon.colcon_core.package_identification:_identify(src/examples/rclpy/topics/minimal_publisher) by extension 'ignore'
[0.448s] Level 1:colcon.colcon_core.package_identification:_identify(src/examples/rclpy/topics/minimal_publisher) by extension 'ignore_ament_install'
[0.448s] Level 1:colcon.colcon_core.package_identification:_identify(src/examples/rclpy/topics/minimal_publisher) by extensions ['colcon_pkg']
[0.448s] Level 1:colcon.colcon_core.package_identification:_identify(src/examples/rclpy/topics/minimal_publisher) by extension 'colcon_pkg'
[0.448s] Level 1:colcon.colcon_core.package_identification:_identify(src/examples/rclpy/topics/minimal_publisher) by extensions ['colcon_meta']
[0.448s] Level 1:colcon.colcon_core.package_identification:_identify(src/examples/rclpy/topics/minimal_publisher) by extension 'colcon_meta'
[0.448s] Level 1:colcon.colcon_core.package_identification:_identify(src/examples/rclpy/topics/minimal_publisher) by extensions ['ros']
[0.448s] Level 1:colcon.colcon_core.package_identification:_identify(src/examples/rclpy/topics/minimal_publisher) by extension 'ros'
[0.449s] DEBUG:colcon.colcon_core.package_identification:Package 'src/examples/rclpy/topics/minimal_publisher' with type 'ros.ament_python' and name 'examples_rclpy_minimal_publisher'
[0.449s] Level 1:colcon.colcon_core.package_identification:_identify(src/examples/rclpy/topics/minimal_subscriber) by extensions ['ignore', 'ignore_ament_install']
[0.449s] Level 1:colcon.colcon_core.package_identification:_identify(src/examples/rclpy/topics/minimal_subscriber) by extension 'ignore'
[0.449s] Level 1:colcon.colcon_core.package_identification:_identify(src/examples/rclpy/topics/minimal_subscriber) by extension 'ignore_ament_install'
[0.449s] Level 1:colcon.colcon_core.package_identification:_identify(src/examples/rclpy/topics/minimal_subscriber) by extensions ['colcon_pkg']
[0.449s] Level 1:colcon.colcon_core.package_identification:_identify(src/examples/rclpy/topics/minimal_subscriber) by extension 'colcon_pkg'
[0.449s] Level 1:colcon.colcon_core.package_identification:_identify(src/examples/rclpy/topics/minimal_subscriber) by extensions ['colcon_meta']
[0.449s] Level 1:colcon.colcon_core.package_identification:_identify(src/examples/rclpy/topics/minimal_subscriber) by extension 'colcon_meta'
[0.449s] Level 1:colcon.colcon_core.package_identification:_identify(src/examples/rclpy/topics/minimal_subscriber) by extensions ['ros']
[0.449s] Level 1:colcon.colcon_core.package_identification:_identify(src/examples/rclpy/topics/minimal_subscriber) by extension 'ros'
[0.450s] DEBUG:colcon.colcon_core.package_identification:Package 'src/examples/rclpy/topics/minimal_subscriber' with type 'ros.ament_python' and name 'examples_rclpy_minimal_subscriber'
[0.450s] Level 1:colcon.colcon_core.package_identification:_identify(src/examples/rclpy/topics/pointcloud_publisher) by extensions ['ignore', 'ignore_ament_install']
[0.451s] Level 1:colcon.colcon_core.package_identification:_identify(src/examples/rclpy/topics/pointcloud_publisher) by extension 'ignore'
[0.451s] Level 1:colcon.colcon_core.package_identification:_identify(src/examples/rclpy/topics/pointcloud_publisher) by extension 'ignore_ament_install'
[0.451s] Level 1:colcon.colcon_core.package_identification:_identify(src/examples/rclpy/topics/pointcloud_publisher) by extensions ['colcon_pkg']
[0.451s] Level 1:colcon.colcon_core.package_identification:_identify(src/examples/rclpy/topics/pointcloud_publisher) by extension 'colcon_pkg'
[0.451s] Level 1:colcon.colcon_core.package_identification:_identify(src/examples/rclpy/topics/pointcloud_publisher) by extensions ['colcon_meta']
[0.451s] Level 1:colcon.colcon_core.package_identification:_identify(src/examples/rclpy/topics/pointcloud_publisher) by extension 'colcon_meta'
[0.451s] Level 1:colcon.colcon_core.package_identification:_identify(src/examples/rclpy/topics/pointcloud_publisher) by extensions ['ros']
[0.451s] Level 1:colcon.colcon_core.package_identification:_identify(src/examples/rclpy/topics/pointcloud_publisher) by extension 'ros'
[0.452s] DEBUG:colcon.colcon_core.package_identification:Package 'src/examples/rclpy/topics/pointcloud_publisher' with type 'ros.ament_python' and name 'examples_rclpy_pointcloud_publisher'
[0.452s] Level 1:colcon.colcon_core.package_identification:_identify(src/image_converter) by extensions ['ignore', 'ignore_ament_install']
[0.452s] Level 1:colcon.colcon_core.package_identification:_identify(src/image_converter) by extension 'ignore'
[0.452s] Level 1:colcon.colcon_core.package_identification:_identify(src/image_converter) by extension 'ignore_ament_install'
[0.452s] Level 1:colcon.colcon_core.package_identification:_identify(src/image_converter) by extensions ['colcon_pkg']
[0.452s] Level 1:colcon.colcon_core.package_identification:_identify(src/image_converter) by extension 'colcon_pkg'
[0.452s] Level 1:colcon.colcon_core.package_identification:_identify(src/image_converter) by extensions ['colcon_meta']
[0.452s] Level 1:colcon.colcon_core.package_identification:_identify(src/image_converter) by extension 'colcon_meta'
[0.452s] Level 1:colcon.colcon_core.package_identification:_identify(src/image_converter) by extensions ['ros']
[0.452s] Level 1:colcon.colcon_core.package_identification:_identify(src/image_converter) by extension 'ros'
[0.453s] DEBUG:colcon.colcon_core.package_identification:Package 'src/image_converter' with type 'ros.ament_python' and name 'image_converter'
[0.453s] Level 1:colcon.colcon_core.package_identification:_identify(src/vision_opencv) by extensions ['ignore', 'ignore_ament_install']
[0.453s] Level 1:colcon.colcon_core.package_identification:_identify(src/vision_opencv) by extension 'ignore'
[0.453s] Level 1:colcon.colcon_core.package_identification:_identify(src/vision_opencv) by extension 'ignore_ament_install'
[0.453s] Level 1:colcon.colcon_core.package_identification:_identify(src/vision_opencv) by extensions ['colcon_pkg']
[0.453s] Level 1:colcon.colcon_core.package_identification:_identify(src/vision_opencv) by extension 'colcon_pkg'
[0.453s] Level 1:colcon.colcon_core.package_identification:_identify(src/vision_opencv) by extensions ['colcon_meta']
[0.453s] Level 1:colcon.colcon_core.package_identification:_identify(src/vision_opencv) by extension 'colcon_meta'
[0.453s] Level 1:colcon.colcon_core.package_identification:_identify(src/vision_opencv) by extensions ['ros']
[0.454s] Level 1:colcon.colcon_core.package_identification:_identify(src/vision_opencv) by extension 'ros'
[0.454s] Level 1:colcon.colcon_core.package_identification:_identify(src/vision_opencv) by extensions ['cmake', 'python']
[0.454s] Level 1:colcon.colcon_core.package_identification:_identify(src/vision_opencv) by extension 'cmake'
[0.454s] Level 1:colcon.colcon_core.package_identification:_identify(src/vision_opencv) by extension 'python'
[0.454s] Level 1:colcon.colcon_core.package_identification:_identify(src/vision_opencv) by extensions ['python_setup_py']
[0.454s] Level 1:colcon.colcon_core.package_identification:_identify(src/vision_opencv) by extension 'python_setup_py'
[0.454s] Level 1:colcon.colcon_core.package_identification:_identify(src/vision_opencv/cv_bridge) by extensions ['ignore', 'ignore_ament_install']
[0.454s] Level 1:colcon.colcon_core.package_identification:_identify(src/vision_opencv/cv_bridge) by extension 'ignore'
[0.454s] Level 1:colcon.colcon_core.package_identification:_identify(src/vision_opencv/cv_bridge) by extension 'ignore_ament_install'
[0.454s] Level 1:colcon.colcon_core.package_identification:_identify(src/vision_opencv/cv_bridge) by extensions ['colcon_pkg']
[0.454s] Level 1:colcon.colcon_core.package_identification:_identify(src/vision_opencv/cv_bridge) by extension 'colcon_pkg'
[0.454s] Level 1:colcon.colcon_core.package_identification:_identify(src/vision_opencv/cv_bridge) by extensions ['colcon_meta']
[0.455s] Level 1:colcon.colcon_core.package_identification:_identify(src/vision_opencv/cv_bridge) by extension 'colcon_meta'
[0.455s] Level 1:colcon.colcon_core.package_identification:_identify(src/vision_opencv/cv_bridge) by extensions ['ros']
[0.455s] Level 1:colcon.colcon_core.package_identification:_identify(src/vision_opencv/cv_bridge) by extension 'ros'
[0.456s] DEBUG:colcon.colcon_core.package_identification:Package 'src/vision_opencv/cv_bridge' with type 'ros.ament_cmake' and name 'cv_bridge'
[0.456s] Level 1:colcon.colcon_core.package_identification:_identify(src/vision_opencv/image_geometry) by extensions ['ignore', 'ignore_ament_install']
[0.456s] Level 1:colcon.colcon_core.package_identification:_identify(src/vision_opencv/image_geometry) by extension 'ignore'
[0.456s] Level 1:colcon.colcon_core.package_identification:_identify(src/vision_opencv/image_geometry) by extension 'ignore_ament_install'
[0.456s] Level 1:colcon.colcon_core.package_identification:_identify(src/vision_opencv/image_geometry) by extensions ['colcon_pkg']
[0.456s] Level 1:colcon.colcon_core.package_identification:_identify(src/vision_opencv/image_geometry) by extension 'colcon_pkg'
[0.456s] Level 1:colcon.colcon_core.package_identification:_identify(src/vision_opencv/image_geometry) by extensions ['colcon_meta']
[0.456s] Level 1:colcon.colcon_core.package_identification:_identify(src/vision_opencv/image_geometry) by extension 'colcon_meta'
[0.456s] Level 1:colcon.colcon_core.package_identification:_identify(src/vision_opencv/image_geometry) by extensions ['ros']
[0.457s] Level 1:colcon.colcon_core.package_identification:_identify(src/vision_opencv/image_geometry) by extension 'ros'
[0.457s] DEBUG:colcon.colcon_core.package_identification:Package 'src/vision_opencv/image_geometry' with type 'ros.ament_cmake' and name 'image_geometry'
[0.458s] Level 1:colcon.colcon_core.package_identification:_identify(src/vision_opencv/opencv_tests) by extensions ['ignore', 'ignore_ament_install']
[0.458s] Level 1:colcon.colcon_core.package_identification:_identify(src/vision_opencv/opencv_tests) by extension 'ignore'
[0.458s] Level 1:colcon.colcon_core.package_identification:_identify(src/vision_opencv/opencv_tests) by extension 'ignore_ament_install'
[0.458s] Level 1:colcon.colcon_core.package_identification:_identify(src/vision_opencv/opencv_tests) by extensions ['colcon_pkg']
[0.458s] Level 1:colcon.colcon_core.package_identification:_identify(src/vision_opencv/opencv_tests) by extension 'colcon_pkg'
[0.458s] Level 1:colcon.colcon_core.package_identification:_identify(src/vision_opencv/opencv_tests) by extensions ['colcon_meta']
[0.458s] Level 1:colcon.colcon_core.package_identification:_identify(src/vision_opencv/opencv_tests) by extension 'colcon_meta'
[0.458s] Level 1:colcon.colcon_core.package_identification:_identify(src/vision_opencv/opencv_tests) by extensions ['ros']
[0.458s] Level 1:colcon.colcon_core.package_identification:_identify(src/vision_opencv/opencv_tests) by extension 'ros'
[0.459s] DEBUG:colcon.colcon_core.package_identification:Package 'src/vision_opencv/opencv_tests' with type 'ros.ament_python' and name 'opencv_tests'
[0.459s] Level 1:colcon.colcon_core.package_identification:_identify(src/vision_opencv/vision_opencv) by extensions ['ignore', 'ignore_ament_install']
[0.459s] Level 1:colcon.colcon_core.package_identification:_identify(src/vision_opencv/vision_opencv) by extension 'ignore'
[0.459s] Level 1:colcon.colcon_core.package_identification:_identify(src/vision_opencv/vision_opencv) by extension 'ignore_ament_install'
[0.459s] Level 1:colcon.colcon_core.package_identification:_identify(src/vision_opencv/vision_opencv) by extensions ['colcon_pkg']
[0.459s] Level 1:colcon.colcon_core.package_identification:_identify(src/vision_opencv/vision_opencv) by extension 'colcon_pkg'
[0.459s] Level 1:colcon.colcon_core.package_identification:_identify(src/vision_opencv/vision_opencv) by extensions ['colcon_meta']
[0.459s] Level 1:colcon.colcon_core.package_identification:_identify(src/vision_opencv/vision_opencv) by extension 'colcon_meta'
[0.459s] Level 1:colcon.colcon_core.package_identification:_identify(src/vision_opencv/vision_opencv) by extensions ['ros']
[0.459s] Level 1:colcon.colcon_core.package_identification:_identify(src/vision_opencv/vision_opencv) by extension 'ros'
[0.460s] DEBUG:colcon.colcon_core.package_identification:Package 'src/vision_opencv/vision_opencv' with type 'ros.ament_cmake' and name 'vision_opencv'
[0.460s] Level 1:colcon.colcon_core.package_discovery:discover_packages(recursive) using defaults
[0.460s] Level 1:colcon.colcon_core.package_discovery:discover_packages(ignore) discover
[0.460s] Level 1:colcon.colcon_core.package_discovery:discover_packages(ignore) using defaults
[0.460s] Level 1:colcon.colcon_core.package_discovery:discover_packages(path) discover
[0.461s] Level 1:colcon.colcon_core.package_discovery:discover_packages(path) using defaults
[0.495s] Level 1:colcon.colcon_core.package_discovery:discover_packages(prefix_path) check parameters
[0.495s] Level 1:colcon.colcon_core.package_discovery:discover_packages(prefix_path) discover
[0.500s] DEBUG:colcon.colcon_installed_package_information.package_discovery:Found 32 installed packages in /home/bryan/Workspace/ros2_ws/install
[0.502s] DEBUG:colcon.colcon_installed_package_information.package_discovery:Found 313 installed packages in /opt/ros/humble
[0.517s] Level 1:colcon.colcon_core.package_discovery:discover_packages(prefix_path) using defaults
[0.563s] WARNING:colcon.colcon_core.package_selection:Some selected packages are already built in one or more underlay workspaces:
	'examples_rclpy_minimal_action_server' is in: /home/bryan/Workspace/ros2_ws/install/examples_rclpy_minimal_action_server, /opt/ros/humble
	'image_geometry' is in: /opt/ros/humble
	'examples_rclcpp_minimal_composition' is in: /home/bryan/Workspace/ros2_ws/install/examples_rclcpp_minimal_composition, /opt/ros/humble
	'examples_rclpy_minimal_publisher' is in: /home/bryan/Workspace/ros2_ws/install/examples_rclpy_minimal_publisher, /opt/ros/humble
	'examples_rclcpp_multithreaded_executor' is in: /home/bryan/Workspace/ros2_ws/install/examples_rclcpp_multithreaded_executor, /opt/ros/humble
	'examples_rclpy_minimal_action_client' is in: /home/bryan/Workspace/ros2_ws/install/examples_rclpy_minimal_action_client, /opt/ros/humble
	'examples_rclcpp_minimal_service' is in: /home/bryan/Workspace/ros2_ws/install/examples_rclcpp_minimal_service, /opt/ros/humble
	'examples_rclpy_minimal_client' is in: /home/bryan/Workspace/ros2_ws/install/examples_rclpy_minimal_client, /opt/ros/humble
	'cv_bridge' is in: /opt/ros/humble
	'examples_rclcpp_minimal_subscriber' is in: /home/bryan/Workspace/ros2_ws/install/examples_rclcpp_minimal_subscriber, /opt/ros/humble
	'image_pipeline' is in: /opt/ros/humble
	'examples_rclcpp_minimal_action_client' is in: /home/bryan/Workspace/ros2_ws/install/examples_rclcpp_minimal_action_client, /opt/ros/humble
	'examples_rclcpp_minimal_client' is in: /home/bryan/Workspace/ros2_ws/install/examples_rclcpp_minimal_client, /opt/ros/humble
	'examples_rclcpp_minimal_timer' is in: /home/bryan/Workspace/ros2_ws/install/examples_rclcpp_minimal_timer, /opt/ros/humble
	'examples_rclpy_executors' is in: /home/bryan/Workspace/ros2_ws/install/examples_rclpy_executors, /opt/ros/humble
	'vision_opencv' is in: /home/bryan/Workspace/ros2_ws/install/vision_opencv, /opt/ros/humble
	'examples_rclcpp_minimal_publisher' is in: /home/bryan/Workspace/ros2_ws/install/examples_rclcpp_minimal_publisher, /opt/ros/humble
	'examples_rclpy_minimal_subscriber' is in: /home/bryan/Workspace/ros2_ws/install/examples_rclpy_minimal_subscriber, /opt/ros/humble
	'examples_rclpy_minimal_service' is in: /home/bryan/Workspace/ros2_ws/install/examples_rclpy_minimal_service, /opt/ros/humble
	'examples_rclcpp_minimal_action_server' is in: /home/bryan/Workspace/ros2_ws/install/examples_rclcpp_minimal_action_server, /opt/ros/humble
If a package in a merged underlay workspace is overridden and it installs headers, then all packages in the overlay must sort their include directories by workspace order. Failure to do so may result in build failures or undefined behavior at run time.
If the overridden package is used by another package in any underlay, then the overriding package in the overlay must be API and ABI compatible or undefined behavior at run time may occur.

If you understand the risks and want to override a package anyways, add the following to the command line:
	--allow-overriding cv_bridge examples_rclcpp_minimal_action_client examples_rclcpp_minimal_action_server examples_rclcpp_minimal_client examples_rclcpp_minimal_composition examples_rclcpp_minimal_publisher examples_rclcpp_minimal_service examples_rclcpp_minimal_subscriber examples_rclcpp_minimal_timer examples_rclcpp_multithreaded_executor examples_rclpy_executors examples_rclpy_minimal_action_client examples_rclpy_minimal_action_server examples_rclpy_minimal_client examples_rclpy_minimal_publisher examples_rclpy_minimal_service examples_rclpy_minimal_subscriber image_geometry image_pipeline vision_opencv

This may be promoted to an error in a future release of colcon-override-check.
[0.564s] Level 5:colcon.colcon_core.verb:set package 'cv_bridge' build argument 'cmake_args' from command line to 'None'
[0.565s] Level 5:colcon.colcon_core.verb:set package 'cv_bridge' build argument 'cmake_target' from command line to 'None'
[0.565s] Level 5:colcon.colcon_core.verb:set package 'cv_bridge' build argument 'cmake_target_skip_unavailable' from command line to 'False'
[0.565s] Level 5:colcon.colcon_core.verb:set package 'cv_bridge' build argument 'cmake_clean_cache' from command line to 'False'
[0.565s] Level 5:colcon.colcon_core.verb:set package 'cv_bridge' build argument 'cmake_clean_first' from command line to 'False'
[0.565s] Level 5:colcon.colcon_core.verb:set package 'cv_bridge' build argument 'cmake_force_configure' from command line to 'False'
[0.565s] Level 5:colcon.colcon_core.verb:set package 'cv_bridge' build argument 'ament_cmake_args' from command line to 'None'
[0.565s] Level 5:colcon.colcon_core.verb:set package 'cv_bridge' build argument 'catkin_cmake_args' from command line to 'None'
[0.565s] Level 5:colcon.colcon_core.verb:set package 'cv_bridge' build argument 'catkin_skip_building_tests' from command line to 'False'
[0.565s] DEBUG:colcon.colcon_core.verb:Building package 'cv_bridge' with the following arguments: {'ament_cmake_args': None, 'build_base': '/home/bryan/Workspace/ros2_ws/build/cv_bridge', 'catkin_cmake_args': None, 'catkin_skip_building_tests': False, 'cmake_args': None, 'cmake_clean_cache': False, 'cmake_clean_first': False, 'cmake_force_configure': False, 'cmake_target': None, 'cmake_target_skip_unavailable': False, 'install_base': '/home/bryan/Workspace/ros2_ws/install/cv_bridge', 'merge_install': False, 'path': '/home/bryan/Workspace/ros2_ws/src/vision_opencv/cv_bridge', 'symlink_install': False, 'test_result_base': None}
[0.565s] Level 5:colcon.colcon_core.verb:set package 'examples_rclcpp_async_client' build argument 'cmake_args' from command line to 'None'
[0.566s] Level 5:colcon.colcon_core.verb:set package 'examples_rclcpp_async_client' build argument 'cmake_target' from command line to 'None'
[0.566s] Level 5:colcon.colcon_core.verb:set package 'examples_rclcpp_async_client' build argument 'cmake_target_skip_unavailable' from command line to 'False'
[0.566s] Level 5:colcon.colcon_core.verb:set package 'examples_rclcpp_async_client' build argument 'cmake_clean_cache' from command line to 'False'
[0.566s] Level 5:colcon.colcon_core.verb:set package 'examples_rclcpp_async_client' build argument 'cmake_clean_first' from command line to 'False'
[0.566s] Level 5:colcon.colcon_core.verb:set package 'examples_rclcpp_async_client' build argument 'cmake_force_configure' from command line to 'False'
[0.566s] Level 5:colcon.colcon_core.verb:set package 'examples_rclcpp_async_client' build argument 'ament_cmake_args' from command line to 'None'
[0.566s] Level 5:colcon.colcon_core.verb:set package 'examples_rclcpp_async_client' build argument 'catkin_cmake_args' from command line to 'None'
[0.566s] Level 5:colcon.colcon_core.verb:set package 'examples_rclcpp_async_client' build argument 'catkin_skip_building_tests' from command line to 'False'
[0.566s] DEBUG:colcon.colcon_core.verb:Building package 'examples_rclcpp_async_client' with the following arguments: {'ament_cmake_args': None, 'build_base': '/home/bryan/Workspace/ros2_ws/build/examples_rclcpp_async_client', 'catkin_cmake_args': None, 'catkin_skip_building_tests': False, 'cmake_args': None, 'cmake_clean_cache': False, 'cmake_clean_first': False, 'cmake_force_configure': False, 'cmake_target': None, 'cmake_target_skip_unavailable': False, 'install_base': '/home/bryan/Workspace/ros2_ws/install/examples_rclcpp_async_client', 'merge_install': False, 'path': '/home/bryan/Workspace/ros2_ws/src/examples/rclcpp/services/async_client', 'symlink_install': False, 'test_result_base': None}
[0.566s] Level 5:colcon.colcon_core.verb:set package 'examples_rclcpp_cbg_executor' build argument 'cmake_args' from command line to 'None'
[0.566s] Level 5:colcon.colcon_core.verb:set package 'examples_rclcpp_cbg_executor' build argument 'cmake_target' from command line to 'None'
[0.566s] Level 5:colcon.colcon_core.verb:set package 'examples_rclcpp_cbg_executor' build argument 'cmake_target_skip_unavailable' from command line to 'False'
[0.566s] Level 5:colcon.colcon_core.verb:set package 'examples_rclcpp_cbg_executor' build argument 'cmake_clean_cache' from command line to 'False'
[0.566s] Level 5:colcon.colcon_core.verb:set package 'examples_rclcpp_cbg_executor' build argument 'cmake_clean_first' from command line to 'False'
[0.566s] Level 5:colcon.colcon_core.verb:set package 'examples_rclcpp_cbg_executor' build argument 'cmake_force_configure' from command line to 'False'
[0.566s] Level 5:colcon.colcon_core.verb:set package 'examples_rclcpp_cbg_executor' build argument 'ament_cmake_args' from command line to 'None'
[0.566s] Level 5:colcon.colcon_core.verb:set package 'examples_rclcpp_cbg_executor' build argument 'catkin_cmake_args' from command line to 'None'
[0.566s] Level 5:colcon.colcon_core.verb:set package 'examples_rclcpp_cbg_executor' build argument 'catkin_skip_building_tests' from command line to 'False'
[0.566s] DEBUG:colcon.colcon_core.verb:Building package 'examples_rclcpp_cbg_executor' with the following arguments: {'ament_cmake_args': None, 'build_base': '/home/bryan/Workspace/ros2_ws/build/examples_rclcpp_cbg_executor', 'catkin_cmake_args': None, 'catkin_skip_building_tests': False, 'cmake_args': None, 'cmake_clean_cache': False, 'cmake_clean_first': False, 'cmake_force_configure': False, 'cmake_target': None, 'cmake_target_skip_unavailable': False, 'install_base': '/home/bryan/Workspace/ros2_ws/install/examples_rclcpp_cbg_executor', 'merge_install': False, 'path': '/home/bryan/Workspace/ros2_ws/src/examples/rclcpp/executors/cbg_executor', 'symlink_install': False, 'test_result_base': None}
[0.567s] Level 5:colcon.colcon_core.verb:set package 'examples_rclcpp_minimal_action_client' build argument 'cmake_args' from command line to 'None'
[0.567s] Level 5:colcon.colcon_core.verb:set package 'examples_rclcpp_minimal_action_client' build argument 'cmake_target' from command line to 'None'
[0.567s] Level 5:colcon.colcon_core.verb:set package 'examples_rclcpp_minimal_action_client' build argument 'cmake_target_skip_unavailable' from command line to 'False'
[0.567s] Level 5:colcon.colcon_core.verb:set package 'examples_rclcpp_minimal_action_client' build argument 'cmake_clean_cache' from command line to 'False'
[0.567s] Level 5:colcon.colcon_core.verb:set package 'examples_rclcpp_minimal_action_client' build argument 'cmake_clean_first' from command line to 'False'
[0.567s] Level 5:colcon.colcon_core.verb:set package 'examples_rclcpp_minimal_action_client' build argument 'cmake_force_configure' from command line to 'False'
[0.567s] Level 5:colcon.colcon_core.verb:set package 'examples_rclcpp_minimal_action_client' build argument 'ament_cmake_args' from command line to 'None'
[0.567s] Level 5:colcon.colcon_core.verb:set package 'examples_rclcpp_minimal_action_client' build argument 'catkin_cmake_args' from command line to 'None'
[0.567s] Level 5:colcon.colcon_core.verb:set package 'examples_rclcpp_minimal_action_client' build argument 'catkin_skip_building_tests' from command line to 'False'
[0.567s] DEBUG:colcon.colcon_core.verb:Building package 'examples_rclcpp_minimal_action_client' with the following arguments: {'ament_cmake_args': None, 'build_base': '/home/bryan/Workspace/ros2_ws/build/examples_rclcpp_minimal_action_client', 'catkin_cmake_args': None, 'catkin_skip_building_tests': False, 'cmake_args': None, 'cmake_clean_cache': False, 'cmake_clean_first': False, 'cmake_force_configure': False, 'cmake_target': None, 'cmake_target_skip_unavailable': False, 'install_base': '/home/bryan/Workspace/ros2_ws/install/examples_rclcpp_minimal_action_client', 'merge_install': False, 'path': '/home/bryan/Workspace/ros2_ws/src/examples/rclcpp/actions/minimal_action_client', 'symlink_install': False, 'test_result_base': None}
[0.568s] Level 5:colcon.colcon_core.verb:set package 'examples_rclcpp_minimal_action_server' build argument 'cmake_args' from command line to 'None'
[0.568s] Level 5:colcon.colcon_core.verb:set package 'examples_rclcpp_minimal_action_server' build argument 'cmake_target' from command line to 'None'
[0.568s] Level 5:colcon.colcon_core.verb:set package 'examples_rclcpp_minimal_action_server' build argument 'cmake_target_skip_unavailable' from command line to 'False'
[0.568s] Level 5:colcon.colcon_core.verb:set package 'examples_rclcpp_minimal_action_server' build argument 'cmake_clean_cache' from command line to 'False'
[0.568s] Level 5:colcon.colcon_core.verb:set package 'examples_rclcpp_minimal_action_server' build argument 'cmake_clean_first' from command line to 'False'
[0.568s] Level 5:colcon.colcon_core.verb:set package 'examples_rclcpp_minimal_action_server' build argument 'cmake_force_configure' from command line to 'False'
[0.568s] Level 5:colcon.colcon_core.verb:set package 'examples_rclcpp_minimal_action_server' build argument 'ament_cmake_args' from command line to 'None'
[0.568s] Level 5:colcon.colcon_core.verb:set package 'examples_rclcpp_minimal_action_server' build argument 'catkin_cmake_args' from command line to 'None'
[0.568s] Level 5:colcon.colcon_core.verb:set package 'examples_rclcpp_minimal_action_server' build argument 'catkin_skip_building_tests' from command line to 'False'
[0.568s] DEBUG:colcon.colcon_core.verb:Building package 'examples_rclcpp_minimal_action_server' with the following arguments: {'ament_cmake_args': None, 'build_base': '/home/bryan/Workspace/ros2_ws/build/examples_rclcpp_minimal_action_server', 'catkin_cmake_args': None, 'catkin_skip_building_tests': False, 'cmake_args': None, 'cmake_clean_cache': False, 'cmake_clean_first': False, 'cmake_force_configure': False, 'cmake_target': None, 'cmake_target_skip_unavailable': False, 'install_base': '/home/bryan/Workspace/ros2_ws/install/examples_rclcpp_minimal_action_server', 'merge_install': False, 'path': '/home/bryan/Workspace/ros2_ws/src/examples/rclcpp/actions/minimal_action_server', 'symlink_install': False, 'test_result_base': None}
[0.568s] Level 5:colcon.colcon_core.verb:set package 'examples_rclcpp_minimal_client' build argument 'cmake_args' from command line to 'None'
[0.568s] Level 5:colcon.colcon_core.verb:set package 'examples_rclcpp_minimal_client' build argument 'cmake_target' from command line to 'None'
[0.568s] Level 5:colcon.colcon_core.verb:set package 'examples_rclcpp_minimal_client' build argument 'cmake_target_skip_unavailable' from command line to 'False'
[0.568s] Level 5:colcon.colcon_core.verb:set package 'examples_rclcpp_minimal_client' build argument 'cmake_clean_cache' from command line to 'False'
[0.568s] Level 5:colcon.colcon_core.verb:set package 'examples_rclcpp_minimal_client' build argument 'cmake_clean_first' from command line to 'False'
[0.568s] Level 5:colcon.colcon_core.verb:set package 'examples_rclcpp_minimal_client' build argument 'cmake_force_configure' from command line to 'False'
[0.568s] Level 5:colcon.colcon_core.verb:set package 'examples_rclcpp_minimal_client' build argument 'ament_cmake_args' from command line to 'None'
[0.569s] Level 5:colcon.colcon_core.verb:set package 'examples_rclcpp_minimal_client' build argument 'catkin_cmake_args' from command line to 'None'
[0.569s] Level 5:colcon.colcon_core.verb:set package 'examples_rclcpp_minimal_client' build argument 'catkin_skip_building_tests' from command line to 'False'
[0.569s] DEBUG:colcon.colcon_core.verb:Building package 'examples_rclcpp_minimal_client' with the following arguments: {'ament_cmake_args': None, 'build_base': '/home/bryan/Workspace/ros2_ws/build/examples_rclcpp_minimal_client', 'catkin_cmake_args': None, 'catkin_skip_building_tests': False, 'cmake_args': None, 'cmake_clean_cache': False, 'cmake_clean_first': False, 'cmake_force_configure': False, 'cmake_target': None, 'cmake_target_skip_unavailable': False, 'install_base': '/home/bryan/Workspace/ros2_ws/install/examples_rclcpp_minimal_client', 'merge_install': False, 'path': '/home/bryan/Workspace/ros2_ws/src/examples/rclcpp/services/minimal_client', 'symlink_install': False, 'test_result_base': None}
[0.569s] Level 5:colcon.colcon_core.verb:set package 'examples_rclcpp_minimal_composition' build argument 'cmake_args' from command line to 'None'
[0.569s] Level 5:colcon.colcon_core.verb:set package 'examples_rclcpp_minimal_composition' build argument 'cmake_target' from command line to 'None'
[0.569s] Level 5:colcon.colcon_core.verb:set package 'examples_rclcpp_minimal_composition' build argument 'cmake_target_skip_unavailable' from command line to 'False'
[0.569s] Level 5:colcon.colcon_core.verb:set package 'examples_rclcpp_minimal_composition' build argument 'cmake_clean_cache' from command line to 'False'
[0.569s] Level 5:colcon.colcon_core.verb:set package 'examples_rclcpp_minimal_composition' build argument 'cmake_clean_first' from command line to 'False'
[0.569s] Level 5:colcon.colcon_core.verb:set package 'examples_rclcpp_minimal_composition' build argument 'cmake_force_configure' from command line to 'False'
[0.569s] Level 5:colcon.colcon_core.verb:set package 'examples_rclcpp_minimal_composition' build argument 'ament_cmake_args' from command line to 'None'
[0.569s] Level 5:colcon.colcon_core.verb:set package 'examples_rclcpp_minimal_composition' build argument 'catkin_cmake_args' from command line to 'None'
[0.569s] Level 5:colcon.colcon_core.verb:set package 'examples_rclcpp_minimal_composition' build argument 'catkin_skip_building_tests' from command line to 'False'
[0.569s] DEBUG:colcon.colcon_core.verb:Building package 'examples_rclcpp_minimal_composition' with the following arguments: {'ament_cmake_args': None, 'build_base': '/home/bryan/Workspace/ros2_ws/build/examples_rclcpp_minimal_composition', 'catkin_cmake_args': None, 'catkin_skip_building_tests': False, 'cmake_args': None, 'cmake_clean_cache': False, 'cmake_clean_first': False, 'cmake_force_configure': False, 'cmake_target': None, 'cmake_target_skip_unavailable': False, 'install_base': '/home/bryan/Workspace/ros2_ws/install/examples_rclcpp_minimal_composition', 'merge_install': False, 'path': '/home/bryan/Workspace/ros2_ws/src/examples/rclcpp/composition/minimal_composition', 'symlink_install': False, 'test_result_base': None}
[0.570s] Level 5:colcon.colcon_core.verb:set package 'examples_rclcpp_minimal_publisher' build argument 'cmake_args' from command line to 'None'
[0.570s] Level 5:colcon.colcon_core.verb:set package 'examples_rclcpp_minimal_publisher' build argument 'cmake_target' from command line to 'None'
[0.570s] Level 5:colcon.colcon_core.verb:set package 'examples_rclcpp_minimal_publisher' build argument 'cmake_target_skip_unavailable' from command line to 'False'
[0.570s] Level 5:colcon.colcon_core.verb:set package 'examples_rclcpp_minimal_publisher' build argument 'cmake_clean_cache' from command line to 'False'
[0.570s] Level 5:colcon.colcon_core.verb:set package 'examples_rclcpp_minimal_publisher' build argument 'cmake_clean_first' from command line to 'False'
[0.570s] Level 5:colcon.colcon_core.verb:set package 'examples_rclcpp_minimal_publisher' build argument 'cmake_force_configure' from command line to 'False'
[0.570s] Level 5:colcon.colcon_core.verb:set package 'examples_rclcpp_minimal_publisher' build argument 'ament_cmake_args' from command line to 'None'
[0.570s] Level 5:colcon.colcon_core.verb:set package 'examples_rclcpp_minimal_publisher' build argument 'catkin_cmake_args' from command line to 'None'
[0.570s] Level 5:colcon.colcon_core.verb:set package 'examples_rclcpp_minimal_publisher' build argument 'catkin_skip_building_tests' from command line to 'False'
[0.570s] DEBUG:colcon.colcon_core.verb:Building package 'examples_rclcpp_minimal_publisher' with the following arguments: {'ament_cmake_args': None, 'build_base': '/home/bryan/Workspace/ros2_ws/build/examples_rclcpp_minimal_publisher', 'catkin_cmake_args': None, 'catkin_skip_building_tests': False, 'cmake_args': None, 'cmake_clean_cache': False, 'cmake_clean_first': False, 'cmake_force_configure': False, 'cmake_target': None, 'cmake_target_skip_unavailable': False, 'install_base': '/home/bryan/Workspace/ros2_ws/install/examples_rclcpp_minimal_publisher', 'merge_install': False, 'path': '/home/bryan/Workspace/ros2_ws/src/examples/rclcpp/topics/minimal_publisher', 'symlink_install': False, 'test_result_base': None}
[0.570s] Level 5:colcon.colcon_core.verb:set package 'examples_rclcpp_minimal_service' build argument 'cmake_args' from command line to 'None'
[0.570s] Level 5:colcon.colcon_core.verb:set package 'examples_rclcpp_minimal_service' build argument 'cmake_target' from command line to 'None'
[0.571s] Level 5:colcon.colcon_core.verb:set package 'examples_rclcpp_minimal_service' build argument 'cmake_target_skip_unavailable' from command line to 'False'
[0.571s] Level 5:colcon.colcon_core.verb:set package 'examples_rclcpp_minimal_service' build argument 'cmake_clean_cache' from command line to 'False'
[0.571s] Level 5:colcon.colcon_core.verb:set package 'examples_rclcpp_minimal_service' build argument 'cmake_clean_first' from command line to 'False'
[0.571s] Level 5:colcon.colcon_core.verb:set package 'examples_rclcpp_minimal_service' build argument 'cmake_force_configure' from command line to 'False'
[0.571s] Level 5:colcon.colcon_core.verb:set package 'examples_rclcpp_minimal_service' build argument 'ament_cmake_args' from command line to 'None'
[0.571s] Level 5:colcon.colcon_core.verb:set package 'examples_rclcpp_minimal_service' build argument 'catkin_cmake_args' from command line to 'None'
[0.571s] Level 5:colcon.colcon_core.verb:set package 'examples_rclcpp_minimal_service' build argument 'catkin_skip_building_tests' from command line to 'False'
[0.571s] DEBUG:colcon.colcon_core.verb:Building package 'examples_rclcpp_minimal_service' with the following arguments: {'ament_cmake_args': None, 'build_base': '/home/bryan/Workspace/ros2_ws/build/examples_rclcpp_minimal_service', 'catkin_cmake_args': None, 'catkin_skip_building_tests': False, 'cmake_args': None, 'cmake_clean_cache': False, 'cmake_clean_first': False, 'cmake_force_configure': False, 'cmake_target': None, 'cmake_target_skip_unavailable': False, 'install_base': '/home/bryan/Workspace/ros2_ws/install/examples_rclcpp_minimal_service', 'merge_install': False, 'path': '/home/bryan/Workspace/ros2_ws/src/examples/rclcpp/services/minimal_service', 'symlink_install': False, 'test_result_base': None}
[0.571s] Level 5:colcon.colcon_core.verb:set package 'examples_rclcpp_minimal_subscriber' build argument 'cmake_args' from command line to 'None'
[0.571s] Level 5:colcon.colcon_core.verb:set package 'examples_rclcpp_minimal_subscriber' build argument 'cmake_target' from command line to 'None'
[0.571s] Level 5:colcon.colcon_core.verb:set package 'examples_rclcpp_minimal_subscriber' build argument 'cmake_target_skip_unavailable' from command line to 'False'
[0.571s] Level 5:colcon.colcon_core.verb:set package 'examples_rclcpp_minimal_subscriber' build argument 'cmake_clean_cache' from command line to 'False'
[0.571s] Level 5:colcon.colcon_core.verb:set package 'examples_rclcpp_minimal_subscriber' build argument 'cmake_clean_first' from command line to 'False'
[0.571s] Level 5:colcon.colcon_core.verb:set package 'examples_rclcpp_minimal_subscriber' build argument 'cmake_force_configure' from command line to 'False'
[0.571s] Level 5:colcon.colcon_core.verb:set package 'examples_rclcpp_minimal_subscriber' build argument 'ament_cmake_args' from command line to 'None'
[0.571s] Level 5:colcon.colcon_core.verb:set package 'examples_rclcpp_minimal_subscriber' build argument 'catkin_cmake_args' from command line to 'None'
[0.571s] Level 5:colcon.colcon_core.verb:set package 'examples_rclcpp_minimal_subscriber' build argument 'catkin_skip_building_tests' from command line to 'False'
[0.571s] DEBUG:colcon.colcon_core.verb:Building package 'examples_rclcpp_minimal_subscriber' with the following arguments: {'ament_cmake_args': None, 'build_base': '/home/bryan/Workspace/ros2_ws/build/examples_rclcpp_minimal_subscriber', 'catkin_cmake_args': None, 'catkin_skip_building_tests': False, 'cmake_args': None, 'cmake_clean_cache': False, 'cmake_clean_first': False, 'cmake_force_configure': False, 'cmake_target': None, 'cmake_target_skip_unavailable': False, 'install_base': '/home/bryan/Workspace/ros2_ws/install/examples_rclcpp_minimal_subscriber', 'merge_install': False, 'path': '/home/bryan/Workspace/ros2_ws/src/examples/rclcpp/topics/minimal_subscriber', 'symlink_install': False, 'test_result_base': None}
[0.572s] Level 5:colcon.colcon_core.verb:set package 'examples_rclcpp_minimal_timer' build argument 'cmake_args' from command line to 'None'
[0.572s] Level 5:colcon.colcon_core.verb:set package 'examples_rclcpp_minimal_timer' build argument 'cmake_target' from command line to 'None'
[0.572s] Level 5:colcon.colcon_core.verb:set package 'examples_rclcpp_minimal_timer' build argument 'cmake_target_skip_unavailable' from command line to 'False'
[0.572s] Level 5:colcon.colcon_core.verb:set package 'examples_rclcpp_minimal_timer' build argument 'cmake_clean_cache' from command line to 'False'
[0.572s] Level 5:colcon.colcon_core.verb:set package 'examples_rclcpp_minimal_timer' build argument 'cmake_clean_first' from command line to 'False'
[0.572s] Level 5:colcon.colcon_core.verb:set package 'examples_rclcpp_minimal_timer' build argument 'cmake_force_configure' from command line to 'False'
[0.572s] Level 5:colcon.colcon_core.verb:set package 'examples_rclcpp_minimal_timer' build argument 'ament_cmake_args' from command line to 'None'
[0.572s] Level 5:colcon.colcon_core.verb:set package 'examples_rclcpp_minimal_timer' build argument 'catkin_cmake_args' from command line to 'None'
[0.572s] Level 5:colcon.colcon_core.verb:set package 'examples_rclcpp_minimal_timer' build argument 'catkin_skip_building_tests' from command line to 'False'
[0.572s] DEBUG:colcon.colcon_core.verb:Building package 'examples_rclcpp_minimal_timer' with the following arguments: {'ament_cmake_args': None, 'build_base': '/home/bryan/Workspace/ros2_ws/build/examples_rclcpp_minimal_timer', 'catkin_cmake_args': None, 'catkin_skip_building_tests': False, 'cmake_args': None, 'cmake_clean_cache': False, 'cmake_clean_first': False, 'cmake_force_configure': False, 'cmake_target': None, 'cmake_target_skip_unavailable': False, 'install_base': '/home/bryan/Workspace/ros2_ws/install/examples_rclcpp_minimal_timer', 'merge_install': False, 'path': '/home/bryan/Workspace/ros2_ws/src/examples/rclcpp/timers/minimal_timer', 'symlink_install': False, 'test_result_base': None}
[0.572s] Level 5:colcon.colcon_core.verb:set package 'examples_rclcpp_multithreaded_executor' build argument 'cmake_args' from command line to 'None'
[0.573s] Level 5:colcon.colcon_core.verb:set package 'examples_rclcpp_multithreaded_executor' build argument 'cmake_target' from command line to 'None'
[0.573s] Level 5:colcon.colcon_core.verb:set package 'examples_rclcpp_multithreaded_executor' build argument 'cmake_target_skip_unavailable' from command line to 'False'
[0.573s] Level 5:colcon.colcon_core.verb:set package 'examples_rclcpp_multithreaded_executor' build argument 'cmake_clean_cache' from command line to 'False'
[0.573s] Level 5:colcon.colcon_core.verb:set package 'examples_rclcpp_multithreaded_executor' build argument 'cmake_clean_first' from command line to 'False'
[0.573s] Level 5:colcon.colcon_core.verb:set package 'examples_rclcpp_multithreaded_executor' build argument 'cmake_force_configure' from command line to 'False'
[0.573s] Level 5:colcon.colcon_core.verb:set package 'examples_rclcpp_multithreaded_executor' build argument 'ament_cmake_args' from command line to 'None'
[0.573s] Level 5:colcon.colcon_core.verb:set package 'examples_rclcpp_multithreaded_executor' build argument 'catkin_cmake_args' from command line to 'None'
[0.573s] Level 5:colcon.colcon_core.verb:set package 'examples_rclcpp_multithreaded_executor' build argument 'catkin_skip_building_tests' from command line to 'False'
[0.573s] DEBUG:colcon.colcon_core.verb:Building package 'examples_rclcpp_multithreaded_executor' with the following arguments: {'ament_cmake_args': None, 'build_base': '/home/bryan/Workspace/ros2_ws/build/examples_rclcpp_multithreaded_executor', 'catkin_cmake_args': None, 'catkin_skip_building_tests': False, 'cmake_args': None, 'cmake_clean_cache': False, 'cmake_clean_first': False, 'cmake_force_configure': False, 'cmake_target': None, 'cmake_target_skip_unavailable': False, 'install_base': '/home/bryan/Workspace/ros2_ws/install/examples_rclcpp_multithreaded_executor', 'merge_install': False, 'path': '/home/bryan/Workspace/ros2_ws/src/examples/rclcpp/executors/multithreaded_executor', 'symlink_install': False, 'test_result_base': None}
[0.573s] Level 5:colcon.colcon_core.verb:set package 'examples_rclcpp_wait_set' build argument 'cmake_args' from command line to 'None'
[0.573s] Level 5:colcon.colcon_core.verb:set package 'examples_rclcpp_wait_set' build argument 'cmake_target' from command line to 'None'
[0.573s] Level 5:colcon.colcon_core.verb:set package 'examples_rclcpp_wait_set' build argument 'cmake_target_skip_unavailable' from command line to 'False'
[0.573s] Level 5:colcon.colcon_core.verb:set package 'examples_rclcpp_wait_set' build argument 'cmake_clean_cache' from command line to 'False'
[0.573s] Level 5:colcon.colcon_core.verb:set package 'examples_rclcpp_wait_set' build argument 'cmake_clean_first' from command line to 'False'
[0.573s] Level 5:colcon.colcon_core.verb:set package 'examples_rclcpp_wait_set' build argument 'cmake_force_configure' from command line to 'False'
[0.573s] Level 5:colcon.colcon_core.verb:set package 'examples_rclcpp_wait_set' build argument 'ament_cmake_args' from command line to 'None'
[0.573s] Level 5:colcon.colcon_core.verb:set package 'examples_rclcpp_wait_set' build argument 'catkin_cmake_args' from command line to 'None'
[0.573s] Level 5:colcon.colcon_core.verb:set package 'examples_rclcpp_wait_set' build argument 'catkin_skip_building_tests' from command line to 'False'
[0.573s] DEBUG:colcon.colcon_core.verb:Building package 'examples_rclcpp_wait_set' with the following arguments: {'ament_cmake_args': None, 'build_base': '/home/bryan/Workspace/ros2_ws/build/examples_rclcpp_wait_set', 'catkin_cmake_args': None, 'catkin_skip_building_tests': False, 'cmake_args': None, 'cmake_clean_cache': False, 'cmake_clean_first': False, 'cmake_force_configure': False, 'cmake_target': None, 'cmake_target_skip_unavailable': False, 'install_base': '/home/bryan/Workspace/ros2_ws/install/examples_rclcpp_wait_set', 'merge_install': False, 'path': '/home/bryan/Workspace/ros2_ws/src/examples/rclcpp/wait_set', 'symlink_install': False, 'test_result_base': None}
[0.574s] Level 5:colcon.colcon_core.verb:set package 'examples_rclpy_executors' build argument 'cmake_args' from command line to 'None'
[0.574s] Level 5:colcon.colcon_core.verb:set package 'examples_rclpy_executors' build argument 'cmake_target' from command line to 'None'
[0.574s] Level 5:colcon.colcon_core.verb:set package 'examples_rclpy_executors' build argument 'cmake_target_skip_unavailable' from command line to 'False'
[0.574s] Level 5:colcon.colcon_core.verb:set package 'examples_rclpy_executors' build argument 'cmake_clean_cache' from command line to 'False'
[0.574s] Level 5:colcon.colcon_core.verb:set package 'examples_rclpy_executors' build argument 'cmake_clean_first' from command line to 'False'
[0.574s] Level 5:colcon.colcon_core.verb:set package 'examples_rclpy_executors' build argument 'cmake_force_configure' from command line to 'False'
[0.574s] Level 5:colcon.colcon_core.verb:set package 'examples_rclpy_executors' build argument 'ament_cmake_args' from command line to 'None'
[0.574s] Level 5:colcon.colcon_core.verb:set package 'examples_rclpy_executors' build argument 'catkin_cmake_args' from command line to 'None'
[0.574s] Level 5:colcon.colcon_core.verb:set package 'examples_rclpy_executors' build argument 'catkin_skip_building_tests' from command line to 'False'
[0.574s] DEBUG:colcon.colcon_core.verb:Building package 'examples_rclpy_executors' with the following arguments: {'ament_cmake_args': None, 'build_base': '/home/bryan/Workspace/ros2_ws/build/examples_rclpy_executors', 'catkin_cmake_args': None, 'catkin_skip_building_tests': False, 'cmake_args': None, 'cmake_clean_cache': False, 'cmake_clean_first': False, 'cmake_force_configure': False, 'cmake_target': None, 'cmake_target_skip_unavailable': False, 'install_base': '/home/bryan/Workspace/ros2_ws/install/examples_rclpy_executors', 'merge_install': False, 'path': '/home/bryan/Workspace/ros2_ws/src/examples/rclpy/executors', 'symlink_install': False, 'test_result_base': None}
[0.574s] Level 5:colcon.colcon_core.verb:set package 'examples_rclpy_guard_conditions' build argument 'cmake_args' from command line to 'None'
[0.575s] Level 5:colcon.colcon_core.verb:set package 'examples_rclpy_guard_conditions' build argument 'cmake_target' from command line to 'None'
[0.575s] Level 5:colcon.colcon_core.verb:set package 'examples_rclpy_guard_conditions' build argument 'cmake_target_skip_unavailable' from command line to 'False'
[0.575s] Level 5:colcon.colcon_core.verb:set package 'examples_rclpy_guard_conditions' build argument 'cmake_clean_cache' from command line to 'False'
[0.575s] Level 5:colcon.colcon_core.verb:set package 'examples_rclpy_guard_conditions' build argument 'cmake_clean_first' from command line to 'False'
[0.575s] Level 5:colcon.colcon_core.verb:set package 'examples_rclpy_guard_conditions' build argument 'cmake_force_configure' from command line to 'False'
[0.575s] Level 5:colcon.colcon_core.verb:set package 'examples_rclpy_guard_conditions' build argument 'ament_cmake_args' from command line to 'None'
[0.575s] Level 5:colcon.colcon_core.verb:set package 'examples_rclpy_guard_conditions' build argument 'catkin_cmake_args' from command line to 'None'
[0.575s] Level 5:colcon.colcon_core.verb:set package 'examples_rclpy_guard_conditions' build argument 'catkin_skip_building_tests' from command line to 'False'
[0.575s] DEBUG:colcon.colcon_core.verb:Building package 'examples_rclpy_guard_conditions' with the following arguments: {'ament_cmake_args': None, 'build_base': '/home/bryan/Workspace/ros2_ws/build/examples_rclpy_guard_conditions', 'catkin_cmake_args': None, 'catkin_skip_building_tests': False, 'cmake_args': None, 'cmake_clean_cache': False, 'cmake_clean_first': False, 'cmake_force_configure': False, 'cmake_target': None, 'cmake_target_skip_unavailable': False, 'install_base': '/home/bryan/Workspace/ros2_ws/install/examples_rclpy_guard_conditions', 'merge_install': False, 'path': '/home/bryan/Workspace/ros2_ws/src/examples/rclpy/guard_conditions', 'symlink_install': False, 'test_result_base': None}
[0.575s] Level 5:colcon.colcon_core.verb:set package 'examples_rclpy_minimal_action_client' build argument 'cmake_args' from command line to 'None'
[0.575s] Level 5:colcon.colcon_core.verb:set package 'examples_rclpy_minimal_action_client' build argument 'cmake_target' from command line to 'None'
[0.575s] Level 5:colcon.colcon_core.verb:set package 'examples_rclpy_minimal_action_client' build argument 'cmake_target_skip_unavailable' from command line to 'False'
[0.575s] Level 5:colcon.colcon_core.verb:set package 'examples_rclpy_minimal_action_client' build argument 'cmake_clean_cache' from command line to 'False'
[0.575s] Level 5:colcon.colcon_core.verb:set package 'examples_rclpy_minimal_action_client' build argument 'cmake_clean_first' from command line to 'False'
[0.575s] Level 5:colcon.colcon_core.verb:set package 'examples_rclpy_minimal_action_client' build argument 'cmake_force_configure' from command line to 'False'
[0.575s] Level 5:colcon.colcon_core.verb:set package 'examples_rclpy_minimal_action_client' build argument 'ament_cmake_args' from command line to 'None'
[0.575s] Level 5:colcon.colcon_core.verb:set package 'examples_rclpy_minimal_action_client' build argument 'catkin_cmake_args' from command line to 'None'
[0.575s] Level 5:colcon.colcon_core.verb:set package 'examples_rclpy_minimal_action_client' build argument 'catkin_skip_building_tests' from command line to 'False'
[0.575s] DEBUG:colcon.colcon_core.verb:Building package 'examples_rclpy_minimal_action_client' with the following arguments: {'ament_cmake_args': None, 'build_base': '/home/bryan/Workspace/ros2_ws/build/examples_rclpy_minimal_action_client', 'catkin_cmake_args': None, 'catkin_skip_building_tests': False, 'cmake_args': None, 'cmake_clean_cache': False, 'cmake_clean_first': False, 'cmake_force_configure': False, 'cmake_target': None, 'cmake_target_skip_unavailable': False, 'install_base': '/home/bryan/Workspace/ros2_ws/install/examples_rclpy_minimal_action_client', 'merge_install': False, 'path': '/home/bryan/Workspace/ros2_ws/src/examples/rclpy/actions/minimal_action_client', 'symlink_install': False, 'test_result_base': None}
[0.576s] Level 5:colcon.colcon_core.verb:set package 'examples_rclpy_minimal_action_server' build argument 'cmake_args' from command line to 'None'
[0.576s] Level 5:colcon.colcon_core.verb:set package 'examples_rclpy_minimal_action_server' build argument 'cmake_target' from command line to 'None'
[0.576s] Level 5:colcon.colcon_core.verb:set package 'examples_rclpy_minimal_action_server' build argument 'cmake_target_skip_unavailable' from command line to 'False'
[0.576s] Level 5:colcon.colcon_core.verb:set package 'examples_rclpy_minimal_action_server' build argument 'cmake_clean_cache' from command line to 'False'
[0.576s] Level 5:colcon.colcon_core.verb:set package 'examples_rclpy_minimal_action_server' build argument 'cmake_clean_first' from command line to 'False'
[0.576s] Level 5:colcon.colcon_core.verb:set package 'examples_rclpy_minimal_action_server' build argument 'cmake_force_configure' from command line to 'False'
[0.576s] Level 5:colcon.colcon_core.verb:set package 'examples_rclpy_minimal_action_server' build argument 'ament_cmake_args' from command line to 'None'
[0.576s] Level 5:colcon.colcon_core.verb:set package 'examples_rclpy_minimal_action_server' build argument 'catkin_cmake_args' from command line to 'None'
[0.576s] Level 5:colcon.colcon_core.verb:set package 'examples_rclpy_minimal_action_server' build argument 'catkin_skip_building_tests' from command line to 'False'
[0.576s] DEBUG:colcon.colcon_core.verb:Building package 'examples_rclpy_minimal_action_server' with the following arguments: {'ament_cmake_args': None, 'build_base': '/home/bryan/Workspace/ros2_ws/build/examples_rclpy_minimal_action_server', 'catkin_cmake_args': None, 'catkin_skip_building_tests': False, 'cmake_args': None, 'cmake_clean_cache': False, 'cmake_clean_first': False, 'cmake_force_configure': False, 'cmake_target': None, 'cmake_target_skip_unavailable': False, 'install_base': '/home/bryan/Workspace/ros2_ws/install/examples_rclpy_minimal_action_server', 'merge_install': False, 'path': '/home/bryan/Workspace/ros2_ws/src/examples/rclpy/actions/minimal_action_server', 'symlink_install': False, 'test_result_base': None}
[0.576s] Level 5:colcon.colcon_core.verb:set package 'examples_rclpy_minimal_client' build argument 'cmake_args' from command line to 'None'
[0.576s] Level 5:colcon.colcon_core.verb:set package 'examples_rclpy_minimal_client' build argument 'cmake_target' from command line to 'None'
[0.576s] Level 5:colcon.colcon_core.verb:set package 'examples_rclpy_minimal_client' build argument 'cmake_target_skip_unavailable' from command line to 'False'
[0.576s] Level 5:colcon.colcon_core.verb:set package 'examples_rclpy_minimal_client' build argument 'cmake_clean_cache' from command line to 'False'
[0.576s] Level 5:colcon.colcon_core.verb:set package 'examples_rclpy_minimal_client' build argument 'cmake_clean_first' from command line to 'False'
[0.576s] Level 5:colcon.colcon_core.verb:set package 'examples_rclpy_minimal_client' build argument 'cmake_force_configure' from command line to 'False'
[0.576s] Level 5:colcon.colcon_core.verb:set package 'examples_rclpy_minimal_client' build argument 'ament_cmake_args' from command line to 'None'
[0.576s] Level 5:colcon.colcon_core.verb:set package 'examples_rclpy_minimal_client' build argument 'catkin_cmake_args' from command line to 'None'
[0.577s] Level 5:colcon.colcon_core.verb:set package 'examples_rclpy_minimal_client' build argument 'catkin_skip_building_tests' from command line to 'False'
[0.577s] DEBUG:colcon.colcon_core.verb:Building package 'examples_rclpy_minimal_client' with the following arguments: {'ament_cmake_args': None, 'build_base': '/home/bryan/Workspace/ros2_ws/build/examples_rclpy_minimal_client', 'catkin_cmake_args': None, 'catkin_skip_building_tests': False, 'cmake_args': None, 'cmake_clean_cache': False, 'cmake_clean_first': False, 'cmake_force_configure': False, 'cmake_target': None, 'cmake_target_skip_unavailable': False, 'install_base': '/home/bryan/Workspace/ros2_ws/install/examples_rclpy_minimal_client', 'merge_install': False, 'path': '/home/bryan/Workspace/ros2_ws/src/examples/rclpy/services/minimal_client', 'symlink_install': False, 'test_result_base': None}
[0.577s] Level 5:colcon.colcon_core.verb:set package 'examples_rclpy_minimal_publisher' build argument 'cmake_args' from command line to 'None'
[0.577s] Level 5:colcon.colcon_core.verb:set package 'examples_rclpy_minimal_publisher' build argument 'cmake_target' from command line to 'None'
[0.577s] Level 5:colcon.colcon_core.verb:set package 'examples_rclpy_minimal_publisher' build argument 'cmake_target_skip_unavailable' from command line to 'False'
[0.577s] Level 5:colcon.colcon_core.verb:set package 'examples_rclpy_minimal_publisher' build argument 'cmake_clean_cache' from command line to 'False'
[0.577s] Level 5:colcon.colcon_core.verb:set package 'examples_rclpy_minimal_publisher' build argument 'cmake_clean_first' from command line to 'False'
[0.577s] Level 5:colcon.colcon_core.verb:set package 'examples_rclpy_minimal_publisher' build argument 'cmake_force_configure' from command line to 'False'
[0.577s] Level 5:colcon.colcon_core.verb:set package 'examples_rclpy_minimal_publisher' build argument 'ament_cmake_args' from command line to 'None'
[0.577s] Level 5:colcon.colcon_core.verb:set package 'examples_rclpy_minimal_publisher' build argument 'catkin_cmake_args' from command line to 'None'
[0.577s] Level 5:colcon.colcon_core.verb:set package 'examples_rclpy_minimal_publisher' build argument 'catkin_skip_building_tests' from command line to 'False'
[0.577s] DEBUG:colcon.colcon_core.verb:Building package 'examples_rclpy_minimal_publisher' with the following arguments: {'ament_cmake_args': None, 'build_base': '/home/bryan/Workspace/ros2_ws/build/examples_rclpy_minimal_publisher', 'catkin_cmake_args': None, 'catkin_skip_building_tests': False, 'cmake_args': None, 'cmake_clean_cache': False, 'cmake_clean_first': False, 'cmake_force_configure': False, 'cmake_target': None, 'cmake_target_skip_unavailable': False, 'install_base': '/home/bryan/Workspace/ros2_ws/install/examples_rclpy_minimal_publisher', 'merge_install': False, 'path': '/home/bryan/Workspace/ros2_ws/src/examples/rclpy/topics/minimal_publisher', 'symlink_install': False, 'test_result_base': None}
[0.578s] Level 5:colcon.colcon_core.verb:set package 'examples_rclpy_minimal_service' build argument 'cmake_args' from command line to 'None'
[0.578s] Level 5:colcon.colcon_core.verb:set package 'examples_rclpy_minimal_service' build argument 'cmake_target' from command line to 'None'
[0.578s] Level 5:colcon.colcon_core.verb:set package 'examples_rclpy_minimal_service' build argument 'cmake_target_skip_unavailable' from command line to 'False'
[0.578s] Level 5:colcon.colcon_core.verb:set package 'examples_rclpy_minimal_service' build argument 'cmake_clean_cache' from command line to 'False'
[0.578s] Level 5:colcon.colcon_core.verb:set package 'examples_rclpy_minimal_service' build argument 'cmake_clean_first' from command line to 'False'
[0.578s] Level 5:colcon.colcon_core.verb:set package 'examples_rclpy_minimal_service' build argument 'cmake_force_configure' from command line to 'False'
[0.578s] Level 5:colcon.colcon_core.verb:set package 'examples_rclpy_minimal_service' build argument 'ament_cmake_args' from command line to 'None'
[0.578s] Level 5:colcon.colcon_core.verb:set package 'examples_rclpy_minimal_service' build argument 'catkin_cmake_args' from command line to 'None'
[0.578s] Level 5:colcon.colcon_core.verb:set package 'examples_rclpy_minimal_service' build argument 'catkin_skip_building_tests' from command line to 'False'
[0.578s] DEBUG:colcon.colcon_core.verb:Building package 'examples_rclpy_minimal_service' with the following arguments: {'ament_cmake_args': None, 'build_base': '/home/bryan/Workspace/ros2_ws/build/examples_rclpy_minimal_service', 'catkin_cmake_args': None, 'catkin_skip_building_tests': False, 'cmake_args': None, 'cmake_clean_cache': False, 'cmake_clean_first': False, 'cmake_force_configure': False, 'cmake_target': None, 'cmake_target_skip_unavailable': False, 'install_base': '/home/bryan/Workspace/ros2_ws/install/examples_rclpy_minimal_service', 'merge_install': False, 'path': '/home/bryan/Workspace/ros2_ws/src/examples/rclpy/services/minimal_service', 'symlink_install': False, 'test_result_base': None}
[0.578s] Level 5:colcon.colcon_core.verb:set package 'examples_rclpy_minimal_subscriber' build argument 'cmake_args' from command line to 'None'
[0.578s] Level 5:colcon.colcon_core.verb:set package 'examples_rclpy_minimal_subscriber' build argument 'cmake_target' from command line to 'None'
[0.578s] Level 5:colcon.colcon_core.verb:set package 'examples_rclpy_minimal_subscriber' build argument 'cmake_target_skip_unavailable' from command line to 'False'
[0.578s] Level 5:colcon.colcon_core.verb:set package 'examples_rclpy_minimal_subscriber' build argument 'cmake_clean_cache' from command line to 'False'
[0.578s] Level 5:colcon.colcon_core.verb:set package 'examples_rclpy_minimal_subscriber' build argument 'cmake_clean_first' from command line to 'False'
[0.578s] Level 5:colcon.colcon_core.verb:set package 'examples_rclpy_minimal_subscriber' build argument 'cmake_force_configure' from command line to 'False'
[0.578s] Level 5:colcon.colcon_core.verb:set package 'examples_rclpy_minimal_subscriber' build argument 'ament_cmake_args' from command line to 'None'
[0.578s] Level 5:colcon.colcon_core.verb:set package 'examples_rclpy_minimal_subscriber' build argument 'catkin_cmake_args' from command line to 'None'
[0.579s] Level 5:colcon.colcon_core.verb:set package 'examples_rclpy_minimal_subscriber' build argument 'catkin_skip_building_tests' from command line to 'False'
[0.579s] DEBUG:colcon.colcon_core.verb:Building package 'examples_rclpy_minimal_subscriber' with the following arguments: {'ament_cmake_args': None, 'build_base': '/home/bryan/Workspace/ros2_ws/build/examples_rclpy_minimal_subscriber', 'catkin_cmake_args': None, 'catkin_skip_building_tests': False, 'cmake_args': None, 'cmake_clean_cache': False, 'cmake_clean_first': False, 'cmake_force_configure': False, 'cmake_target': None, 'cmake_target_skip_unavailable': False, 'install_base': '/home/bryan/Workspace/ros2_ws/install/examples_rclpy_minimal_subscriber', 'merge_install': False, 'path': '/home/bryan/Workspace/ros2_ws/src/examples/rclpy/topics/minimal_subscriber', 'symlink_install': False, 'test_result_base': None}
[0.579s] Level 5:colcon.colcon_core.verb:set package 'examples_rclpy_pointcloud_publisher' build argument 'cmake_args' from command line to 'None'
[0.579s] Level 5:colcon.colcon_core.verb:set package 'examples_rclpy_pointcloud_publisher' build argument 'cmake_target' from command line to 'None'
[0.579s] Level 5:colcon.colcon_core.verb:set package 'examples_rclpy_pointcloud_publisher' build argument 'cmake_target_skip_unavailable' from command line to 'False'
[0.579s] Level 5:colcon.colcon_core.verb:set package 'examples_rclpy_pointcloud_publisher' build argument 'cmake_clean_cache' from command line to 'False'
[0.579s] Level 5:colcon.colcon_core.verb:set package 'examples_rclpy_pointcloud_publisher' build argument 'cmake_clean_first' from command line to 'False'
[0.579s] Level 5:colcon.colcon_core.verb:set package 'examples_rclpy_pointcloud_publisher' build argument 'cmake_force_configure' from command line to 'False'
[0.579s] Level 5:colcon.colcon_core.verb:set package 'examples_rclpy_pointcloud_publisher' build argument 'ament_cmake_args' from command line to 'None'
[0.579s] Level 5:colcon.colcon_core.verb:set package 'examples_rclpy_pointcloud_publisher' build argument 'catkin_cmake_args' from command line to 'None'
[0.579s] Level 5:colcon.colcon_core.verb:set package 'examples_rclpy_pointcloud_publisher' build argument 'catkin_skip_building_tests' from command line to 'False'
[0.579s] DEBUG:colcon.colcon_core.verb:Building package 'examples_rclpy_pointcloud_publisher' with the following arguments: {'ament_cmake_args': None, 'build_base': '/home/bryan/Workspace/ros2_ws/build/examples_rclpy_pointcloud_publisher', 'catkin_cmake_args': None, 'catkin_skip_building_tests': False, 'cmake_args': None, 'cmake_clean_cache': False, 'cmake_clean_first': False, 'cmake_force_configure': False, 'cmake_target': None, 'cmake_target_skip_unavailable': False, 'install_base': '/home/bryan/Workspace/ros2_ws/install/examples_rclpy_pointcloud_publisher', 'merge_install': False, 'path': '/home/bryan/Workspace/ros2_ws/src/examples/rclpy/topics/pointcloud_publisher', 'symlink_install': False, 'test_result_base': None}
[0.580s] Level 5:colcon.colcon_core.verb:set package 'first_package' build argument 'cmake_args' from command line to 'None'
[0.580s] Level 5:colcon.colcon_core.verb:set package 'first_package' build argument 'cmake_target' from command line to 'None'
[0.580s] Level 5:colcon.colcon_core.verb:set package 'first_package' build argument 'cmake_target_skip_unavailable' from command line to 'False'
[0.580s] Level 5:colcon.colcon_core.verb:set package 'first_package' build argument 'cmake_clean_cache' from command line to 'False'
[0.580s] Level 5:colcon.colcon_core.verb:set package 'first_package' build argument 'cmake_clean_first' from command line to 'False'
[0.580s] Level 5:colcon.colcon_core.verb:set package 'first_package' build argument 'cmake_force_configure' from command line to 'False'
[0.580s] Level 5:colcon.colcon_core.verb:set package 'first_package' build argument 'ament_cmake_args' from command line to 'None'
[0.580s] Level 5:colcon.colcon_core.verb:set package 'first_package' build argument 'catkin_cmake_args' from command line to 'None'
[0.580s] Level 5:colcon.colcon_core.verb:set package 'first_package' build argument 'catkin_skip_building_tests' from command line to 'False'
[0.580s] DEBUG:colcon.colcon_core.verb:Building package 'first_package' with the following arguments: {'ament_cmake_args': None, 'build_base': '/home/bryan/Workspace/ros2_ws/build/first_package', 'catkin_cmake_args': None, 'catkin_skip_building_tests': False, 'cmake_args': None, 'cmake_clean_cache': False, 'cmake_clean_first': False, 'cmake_force_configure': False, 'cmake_target': None, 'cmake_target_skip_unavailable': False, 'install_base': '/home/bryan/Workspace/ros2_ws/install/first_package', 'merge_install': False, 'path': '/home/bryan/Workspace/ros2_ws/first_package', 'symlink_install': False, 'test_result_base': None}
[0.580s] Level 5:colcon.colcon_core.verb:set package 'image_converter' build argument 'cmake_args' from command line to 'None'
[0.580s] Level 5:colcon.colcon_core.verb:set package 'image_converter' build argument 'cmake_target' from command line to 'None'
[0.580s] Level 5:colcon.colcon_core.verb:set package 'image_converter' build argument 'cmake_target_skip_unavailable' from command line to 'False'
[0.580s] Level 5:colcon.colcon_core.verb:set package 'image_converter' build argument 'cmake_clean_cache' from command line to 'False'
[0.581s] Level 5:colcon.colcon_core.verb:set package 'image_converter' build argument 'cmake_clean_first' from command line to 'False'
[0.581s] Level 5:colcon.colcon_core.verb:set package 'image_converter' build argument 'cmake_force_configure' from command line to 'False'
[0.581s] Level 5:colcon.colcon_core.verb:set package 'image_converter' build argument 'ament_cmake_args' from command line to 'None'
[0.581s] Level 5:colcon.colcon_core.verb:set package 'image_converter' build argument 'catkin_cmake_args' from command line to 'None'
[0.581s] Level 5:colcon.colcon_core.verb:set package 'image_converter' build argument 'catkin_skip_building_tests' from command line to 'False'
[0.581s] DEBUG:colcon.colcon_core.verb:Building package 'image_converter' with the following arguments: {'ament_cmake_args': None, 'build_base': '/home/bryan/Workspace/ros2_ws/build/image_converter', 'catkin_cmake_args': None, 'catkin_skip_building_tests': False, 'cmake_args': None, 'cmake_clean_cache': False, 'cmake_clean_first': False, 'cmake_force_configure': False, 'cmake_target': None, 'cmake_target_skip_unavailable': False, 'install_base': '/home/bryan/Workspace/ros2_ws/install/image_converter', 'merge_install': False, 'path': '/home/bryan/Workspace/ros2_ws/src/image_converter', 'symlink_install': False, 'test_result_base': None}
[0.581s] Level 5:colcon.colcon_core.verb:set package 'image_geometry' build argument 'cmake_args' from command line to 'None'
[0.581s] Level 5:colcon.colcon_core.verb:set package 'image_geometry' build argument 'cmake_target' from command line to 'None'
[0.581s] Level 5:colcon.colcon_core.verb:set package 'image_geometry' build argument 'cmake_target_skip_unavailable' from command line to 'False'
[0.581s] Level 5:colcon.colcon_core.verb:set package 'image_geometry' build argument 'cmake_clean_cache' from command line to 'False'
[0.581s] Level 5:colcon.colcon_core.verb:set package 'image_geometry' build argument 'cmake_clean_first' from command line to 'False'
[0.581s] Level 5:colcon.colcon_core.verb:set package 'image_geometry' build argument 'cmake_force_configure' from command line to 'False'
[0.581s] Level 5:colcon.colcon_core.verb:set package 'image_geometry' build argument 'ament_cmake_args' from command line to 'None'
[0.581s] Level 5:colcon.colcon_core.verb:set package 'image_geometry' build argument 'catkin_cmake_args' from command line to 'None'
[0.581s] Level 5:colcon.colcon_core.verb:set package 'image_geometry' build argument 'catkin_skip_building_tests' from command line to 'False'
[0.581s] DEBUG:colcon.colcon_core.verb:Building package 'image_geometry' with the following arguments: {'ament_cmake_args': None, 'build_base': '/home/bryan/Workspace/ros2_ws/build/image_geometry', 'catkin_cmake_args': None, 'catkin_skip_building_tests': False, 'cmake_args': None, 'cmake_clean_cache': False, 'cmake_clean_first': False, 'cmake_force_configure': False, 'cmake_target': None, 'cmake_target_skip_unavailable': False, 'install_base': '/home/bryan/Workspace/ros2_ws/install/image_geometry', 'merge_install': False, 'path': '/home/bryan/Workspace/ros2_ws/src/vision_opencv/image_geometry', 'symlink_install': False, 'test_result_base': None}
[0.582s] Level 5:colcon.colcon_core.verb:set package 'launch_testing_examples' build argument 'cmake_args' from command line to 'None'
[0.582s] Level 5:colcon.colcon_core.verb:set package 'launch_testing_examples' build argument 'cmake_target' from command line to 'None'
[0.582s] Level 5:colcon.colcon_core.verb:set package 'launch_testing_examples' build argument 'cmake_target_skip_unavailable' from command line to 'False'
[0.582s] Level 5:colcon.colcon_core.verb:set package 'launch_testing_examples' build argument 'cmake_clean_cache' from command line to 'False'
[0.582s] Level 5:colcon.colcon_core.verb:set package 'launch_testing_examples' build argument 'cmake_clean_first' from command line to 'False'
[0.582s] Level 5:colcon.colcon_core.verb:set package 'launch_testing_examples' build argument 'cmake_force_configure' from command line to 'False'
[0.582s] Level 5:colcon.colcon_core.verb:set package 'launch_testing_examples' build argument 'ament_cmake_args' from command line to 'None'
[0.582s] Level 5:colcon.colcon_core.verb:set package 'launch_testing_examples' build argument 'catkin_cmake_args' from command line to 'None'
[0.582s] Level 5:colcon.colcon_core.verb:set package 'launch_testing_examples' build argument 'catkin_skip_building_tests' from command line to 'False'
[0.582s] DEBUG:colcon.colcon_core.verb:Building package 'launch_testing_examples' with the following arguments: {'ament_cmake_args': None, 'build_base': '/home/bryan/Workspace/ros2_ws/build/launch_testing_examples', 'catkin_cmake_args': None, 'catkin_skip_building_tests': False, 'cmake_args': None, 'cmake_clean_cache': False, 'cmake_clean_first': False, 'cmake_force_configure': False, 'cmake_target': None, 'cmake_target_skip_unavailable': False, 'install_base': '/home/bryan/Workspace/ros2_ws/install/launch_testing_examples', 'merge_install': False, 'path': '/home/bryan/Workspace/ros2_ws/src/examples/launch_testing/launch_testing_examples', 'symlink_install': False, 'test_result_base': None}
[0.582s] Level 5:colcon.colcon_core.verb:set package 'sprint2' build argument 'cmake_args' from command line to 'None'
[0.583s] Level 5:colcon.colcon_core.verb:set package 'sprint2' build argument 'cmake_target' from command line to 'None'
[0.583s] Level 5:colcon.colcon_core.verb:set package 'sprint2' build argument 'cmake_target_skip_unavailable' from command line to 'False'
[0.583s] Level 5:colcon.colcon_core.verb:set package 'sprint2' build argument 'cmake_clean_cache' from command line to 'False'
[0.583s] Level 5:colcon.colcon_core.verb:set package 'sprint2' build argument 'cmake_clean_first' from command line to 'False'
[0.583s] Level 5:colcon.colcon_core.verb:set package 'sprint2' build argument 'cmake_force_configure' from command line to 'False'
[0.583s] Level 5:colcon.colcon_core.verb:set package 'sprint2' build argument 'ament_cmake_args' from command line to 'None'
[0.583s] Level 5:colcon.colcon_core.verb:set package 'sprint2' build argument 'catkin_cmake_args' from command line to 'None'
[0.583s] Level 5:colcon.colcon_core.verb:set package 'sprint2' build argument 'catkin_skip_building_tests' from command line to 'False'
[0.583s] DEBUG:colcon.colcon_core.verb:Building package 'sprint2' with the following arguments: {'ament_cmake_args': None, 'build_base': '/home/bryan/Workspace/ros2_ws/build/sprint2', 'catkin_cmake_args': None, 'catkin_skip_building_tests': False, 'cmake_args': None, 'cmake_clean_cache': False, 'cmake_clean_first': False, 'cmake_force_configure': False, 'cmake_target': None, 'cmake_target_skip_unavailable': False, 'install_base': '/home/bryan/Workspace/ros2_ws/install/sprint2', 'merge_install': False, 'path': '/home/bryan/Workspace/ros2_ws/sprint2', 'symlink_install': False, 'test_result_base': None}
[0.583s] Level 5:colcon.colcon_core.verb:set package 'tracetools_image_pipeline' build argument 'cmake_args' from command line to 'None'
[0.583s] Level 5:colcon.colcon_core.verb:set package 'tracetools_image_pipeline' build argument 'cmake_target' from command line to 'None'
[0.583s] Level 5:colcon.colcon_core.verb:set package 'tracetools_image_pipeline' build argument 'cmake_target_skip_unavailable' from command line to 'False'
[0.583s] Level 5:colcon.colcon_core.verb:set package 'tracetools_image_pipeline' build argument 'cmake_clean_cache' from command line to 'False'
[0.583s] Level 5:colcon.colcon_core.verb:set package 'tracetools_image_pipeline' build argument 'cmake_clean_first' from command line to 'False'
[0.583s] Level 5:colcon.colcon_core.verb:set package 'tracetools_image_pipeline' build argument 'cmake_force_configure' from command line to 'False'
[0.584s] Level 5:colcon.colcon_core.verb:set package 'tracetools_image_pipeline' build argument 'ament_cmake_args' from command line to 'None'
[0.584s] Level 5:colcon.colcon_core.verb:set package 'tracetools_image_pipeline' build argument 'catkin_cmake_args' from command line to 'None'
[0.584s] Level 5:colcon.colcon_core.verb:set package 'tracetools_image_pipeline' build argument 'catkin_skip_building_tests' from command line to 'False'
[0.584s] DEBUG:colcon.colcon_core.verb:Building package 'tracetools_image_pipeline' with the following arguments: {'ament_cmake_args': None, 'build_base': '/home/bryan/Workspace/ros2_ws/build/tracetools_image_pipeline', 'catkin_cmake_args': None, 'catkin_skip_building_tests': False, 'cmake_args': None, 'cmake_clean_cache': False, 'cmake_clean_first': False, 'cmake_force_configure': False, 'cmake_target': None, 'cmake_target_skip_unavailable': False, 'install_base': '/home/bryan/Workspace/ros2_ws/install/tracetools_image_pipeline', 'merge_install': False, 'path': '/home/bryan/Workspace/ros2_ws/image_pipeline/tracetools_image_pipeline', 'symlink_install': False, 'test_result_base': None}
[0.584s] Level 5:colcon.colcon_core.verb:set package 'camera_calibration' build argument 'cmake_args' from command line to 'None'
[0.584s] Level 5:colcon.colcon_core.verb:set package 'camera_calibration' build argument 'cmake_target' from command line to 'None'
[0.584s] Level 5:colcon.colcon_core.verb:set package 'camera_calibration' build argument 'cmake_target_skip_unavailable' from command line to 'False'
[0.584s] Level 5:colcon.colcon_core.verb:set package 'camera_calibration' build argument 'cmake_clean_cache' from command line to 'False'
[0.584s] Level 5:colcon.colcon_core.verb:set package 'camera_calibration' build argument 'cmake_clean_first' from command line to 'False'
[0.584s] Level 5:colcon.colcon_core.verb:set package 'camera_calibration' build argument 'cmake_force_configure' from command line to 'False'
[0.584s] Level 5:colcon.colcon_core.verb:set package 'camera_calibration' build argument 'ament_cmake_args' from command line to 'None'
[0.584s] Level 5:colcon.colcon_core.verb:set package 'camera_calibration' build argument 'catkin_cmake_args' from command line to 'None'
[0.584s] Level 5:colcon.colcon_core.verb:set package 'camera_calibration' build argument 'catkin_skip_building_tests' from command line to 'False'
[0.584s] DEBUG:colcon.colcon_core.verb:Building package 'camera_calibration' with the following arguments: {'ament_cmake_args': None, 'build_base': '/home/bryan/Workspace/ros2_ws/build/camera_calibration', 'catkin_cmake_args': None, 'catkin_skip_building_tests': False, 'cmake_args': None, 'cmake_clean_cache': False, 'cmake_clean_first': False, 'cmake_force_configure': False, 'cmake_target': None, 'cmake_target_skip_unavailable': False, 'install_base': '/home/bryan/Workspace/ros2_ws/install/camera_calibration', 'merge_install': False, 'path': '/home/bryan/Workspace/ros2_ws/image_pipeline/camera_calibration', 'symlink_install': False, 'test_result_base': None}
[0.584s] Level 5:colcon.colcon_core.verb:set package 'depth_image_proc' build argument 'cmake_args' from command line to 'None'
[0.584s] Level 5:colcon.colcon_core.verb:set package 'depth_image_proc' build argument 'cmake_target' from command line to 'None'
[0.584s] Level 5:colcon.colcon_core.verb:set package 'depth_image_proc' build argument 'cmake_target_skip_unavailable' from command line to 'False'
[0.584s] Level 5:colcon.colcon_core.verb:set package 'depth_image_proc' build argument 'cmake_clean_cache' from command line to 'False'
[0.584s] Level 5:colcon.colcon_core.verb:set package 'depth_image_proc' build argument 'cmake_clean_first' from command line to 'False'
[0.584s] Level 5:colcon.colcon_core.verb:set package 'depth_image_proc' build argument 'cmake_force_configure' from command line to 'False'
[0.584s] Level 5:colcon.colcon_core.verb:set package 'depth_image_proc' build argument 'ament_cmake_args' from command line to 'None'
[0.585s] Level 5:colcon.colcon_core.verb:set package 'depth_image_proc' build argument 'catkin_cmake_args' from command line to 'None'
[0.585s] Level 5:colcon.colcon_core.verb:set package 'depth_image_proc' build argument 'catkin_skip_building_tests' from command line to 'False'
[0.585s] DEBUG:colcon.colcon_core.verb:Building package 'depth_image_proc' with the following arguments: {'ament_cmake_args': None, 'build_base': '/home/bryan/Workspace/ros2_ws/build/depth_image_proc', 'catkin_cmake_args': None, 'catkin_skip_building_tests': False, 'cmake_args': None, 'cmake_clean_cache': False, 'cmake_clean_first': False, 'cmake_force_configure': False, 'cmake_target': None, 'cmake_target_skip_unavailable': False, 'install_base': '/home/bryan/Workspace/ros2_ws/install/depth_image_proc', 'merge_install': False, 'path': '/home/bryan/Workspace/ros2_ws/image_pipeline/depth_image_proc', 'symlink_install': False, 'test_result_base': None}
[0.585s] Level 5:colcon.colcon_core.verb:set package 'image_proc' build argument 'cmake_args' from command line to 'None'
[0.585s] Level 5:colcon.colcon_core.verb:set package 'image_proc' build argument 'cmake_target' from command line to 'None'
[0.585s] Level 5:colcon.colcon_core.verb:set package 'image_proc' build argument 'cmake_target_skip_unavailable' from command line to 'False'
[0.585s] Level 5:colcon.colcon_core.verb:set package 'image_proc' build argument 'cmake_clean_cache' from command line to 'False'
[0.585s] Level 5:colcon.colcon_core.verb:set package 'image_proc' build argument 'cmake_clean_first' from command line to 'False'
[0.585s] Level 5:colcon.colcon_core.verb:set package 'image_proc' build argument 'cmake_force_configure' from command line to 'False'
[0.585s] Level 5:colcon.colcon_core.verb:set package 'image_proc' build argument 'ament_cmake_args' from command line to 'None'
[0.585s] Level 5:colcon.colcon_core.verb:set package 'image_proc' build argument 'catkin_cmake_args' from command line to 'None'
[0.585s] Level 5:colcon.colcon_core.verb:set package 'image_proc' build argument 'catkin_skip_building_tests' from command line to 'False'
[0.585s] DEBUG:colcon.colcon_core.verb:Building package 'image_proc' with the following arguments: {'ament_cmake_args': None, 'build_base': '/home/bryan/Workspace/ros2_ws/build/image_proc', 'catkin_cmake_args': None, 'catkin_skip_building_tests': False, 'cmake_args': None, 'cmake_clean_cache': False, 'cmake_clean_first': False, 'cmake_force_configure': False, 'cmake_target': None, 'cmake_target_skip_unavailable': False, 'install_base': '/home/bryan/Workspace/ros2_ws/install/image_proc', 'merge_install': False, 'path': '/home/bryan/Workspace/ros2_ws/image_pipeline/image_proc', 'symlink_install': False, 'test_result_base': None}
[0.586s] Level 5:colcon.colcon_core.verb:set package 'image_publisher' build argument 'cmake_args' from command line to 'None'
[0.586s] Level 5:colcon.colcon_core.verb:set package 'image_publisher' build argument 'cmake_target' from command line to 'None'
[0.586s] Level 5:colcon.colcon_core.verb:set package 'image_publisher' build argument 'cmake_target_skip_unavailable' from command line to 'False'
[0.586s] Level 5:colcon.colcon_core.verb:set package 'image_publisher' build argument 'cmake_clean_cache' from command line to 'False'
[0.586s] Level 5:colcon.colcon_core.verb:set package 'image_publisher' build argument 'cmake_clean_first' from command line to 'False'
[0.586s] Level 5:colcon.colcon_core.verb:set package 'image_publisher' build argument 'cmake_force_configure' from command line to 'False'
[0.586s] Level 5:colcon.colcon_core.verb:set package 'image_publisher' build argument 'ament_cmake_args' from command line to 'None'
[0.586s] Level 5:colcon.colcon_core.verb:set package 'image_publisher' build argument 'catkin_cmake_args' from command line to 'None'
[0.586s] Level 5:colcon.colcon_core.verb:set package 'image_publisher' build argument 'catkin_skip_building_tests' from command line to 'False'
[0.586s] DEBUG:colcon.colcon_core.verb:Building package 'image_publisher' with the following arguments: {'ament_cmake_args': None, 'build_base': '/home/bryan/Workspace/ros2_ws/build/image_publisher', 'catkin_cmake_args': None, 'catkin_skip_building_tests': False, 'cmake_args': None, 'cmake_clean_cache': False, 'cmake_clean_first': False, 'cmake_force_configure': False, 'cmake_target': None, 'cmake_target_skip_unavailable': False, 'install_base': '/home/bryan/Workspace/ros2_ws/install/image_publisher', 'merge_install': False, 'path': '/home/bryan/Workspace/ros2_ws/image_pipeline/image_publisher', 'symlink_install': False, 'test_result_base': None}
[0.587s] Level 5:colcon.colcon_core.verb:set package 'image_rotate' build argument 'cmake_args' from command line to 'None'
[0.587s] Level 5:colcon.colcon_core.verb:set package 'image_rotate' build argument 'cmake_target' from command line to 'None'
[0.587s] Level 5:colcon.colcon_core.verb:set package 'image_rotate' build argument 'cmake_target_skip_unavailable' from command line to 'False'
[0.587s] Level 5:colcon.colcon_core.verb:set package 'image_rotate' build argument 'cmake_clean_cache' from command line to 'False'
[0.587s] Level 5:colcon.colcon_core.verb:set package 'image_rotate' build argument 'cmake_clean_first' from command line to 'False'
[0.587s] Level 5:colcon.colcon_core.verb:set package 'image_rotate' build argument 'cmake_force_configure' from command line to 'False'
[0.587s] Level 5:colcon.colcon_core.verb:set package 'image_rotate' build argument 'ament_cmake_args' from command line to 'None'
[0.587s] Level 5:colcon.colcon_core.verb:set package 'image_rotate' build argument 'catkin_cmake_args' from command line to 'None'
[0.587s] Level 5:colcon.colcon_core.verb:set package 'image_rotate' build argument 'catkin_skip_building_tests' from command line to 'False'
[0.587s] DEBUG:colcon.colcon_core.verb:Building package 'image_rotate' with the following arguments: {'ament_cmake_args': None, 'build_base': '/home/bryan/Workspace/ros2_ws/build/image_rotate', 'catkin_cmake_args': None, 'catkin_skip_building_tests': False, 'cmake_args': None, 'cmake_clean_cache': False, 'cmake_clean_first': False, 'cmake_force_configure': False, 'cmake_target': None, 'cmake_target_skip_unavailable': False, 'install_base': '/home/bryan/Workspace/ros2_ws/install/image_rotate', 'merge_install': False, 'path': '/home/bryan/Workspace/ros2_ws/image_pipeline/image_rotate', 'symlink_install': False, 'test_result_base': None}
[0.587s] Level 5:colcon.colcon_core.verb:set package 'image_view' build argument 'cmake_args' from command line to 'None'
[0.587s] Level 5:colcon.colcon_core.verb:set package 'image_view' build argument 'cmake_target' from command line to 'None'
[0.587s] Level 5:colcon.colcon_core.verb:set package 'image_view' build argument 'cmake_target_skip_unavailable' from command line to 'False'
[0.587s] Level 5:colcon.colcon_core.verb:set package 'image_view' build argument 'cmake_clean_cache' from command line to 'False'
[0.587s] Level 5:colcon.colcon_core.verb:set package 'image_view' build argument 'cmake_clean_first' from command line to 'False'
[0.587s] Level 5:colcon.colcon_core.verb:set package 'image_view' build argument 'cmake_force_configure' from command line to 'False'
[0.587s] Level 5:colcon.colcon_core.verb:set package 'image_view' build argument 'ament_cmake_args' from command line to 'None'
[0.587s] Level 5:colcon.colcon_core.verb:set package 'image_view' build argument 'catkin_cmake_args' from command line to 'None'
[0.587s] Level 5:colcon.colcon_core.verb:set package 'image_view' build argument 'catkin_skip_building_tests' from command line to 'False'
[0.587s] DEBUG:colcon.colcon_core.verb:Building package 'image_view' with the following arguments: {'ament_cmake_args': None, 'build_base': '/home/bryan/Workspace/ros2_ws/build/image_view', 'catkin_cmake_args': None, 'catkin_skip_building_tests': False, 'cmake_args': None, 'cmake_clean_cache': False, 'cmake_clean_first': False, 'cmake_force_configure': False, 'cmake_target': None, 'cmake_target_skip_unavailable': False, 'install_base': '/home/bryan/Workspace/ros2_ws/install/image_view', 'merge_install': False, 'path': '/home/bryan/Workspace/ros2_ws/image_pipeline/image_view', 'symlink_install': False, 'test_result_base': None}
[0.587s] Level 5:colcon.colcon_core.verb:set package 'opencv_tests' build argument 'cmake_args' from command line to 'None'
[0.588s] Level 5:colcon.colcon_core.verb:set package 'opencv_tests' build argument 'cmake_target' from command line to 'None'
[0.588s] Level 5:colcon.colcon_core.verb:set package 'opencv_tests' build argument 'cmake_target_skip_unavailable' from command line to 'False'
[0.588s] Level 5:colcon.colcon_core.verb:set package 'opencv_tests' build argument 'cmake_clean_cache' from command line to 'False'
[0.588s] Level 5:colcon.colcon_core.verb:set package 'opencv_tests' build argument 'cmake_clean_first' from command line to 'False'
[0.588s] Level 5:colcon.colcon_core.verb:set package 'opencv_tests' build argument 'cmake_force_configure' from command line to 'False'
[0.588s] Level 5:colcon.colcon_core.verb:set package 'opencv_tests' build argument 'ament_cmake_args' from command line to 'None'
[0.588s] Level 5:colcon.colcon_core.verb:set package 'opencv_tests' build argument 'catkin_cmake_args' from command line to 'None'
[0.588s] Level 5:colcon.colcon_core.verb:set package 'opencv_tests' build argument 'catkin_skip_building_tests' from command line to 'False'
[0.588s] DEBUG:colcon.colcon_core.verb:Building package 'opencv_tests' with the following arguments: {'ament_cmake_args': None, 'build_base': '/home/bryan/Workspace/ros2_ws/build/opencv_tests', 'catkin_cmake_args': None, 'catkin_skip_building_tests': False, 'cmake_args': None, 'cmake_clean_cache': False, 'cmake_clean_first': False, 'cmake_force_configure': False, 'cmake_target': None, 'cmake_target_skip_unavailable': False, 'install_base': '/home/bryan/Workspace/ros2_ws/install/opencv_tests', 'merge_install': False, 'path': '/home/bryan/Workspace/ros2_ws/src/vision_opencv/opencv_tests', 'symlink_install': False, 'test_result_base': None}
[0.588s] Level 5:colcon.colcon_core.verb:set package 'vision_opencv' build argument 'cmake_args' from command line to 'None'
[0.588s] Level 5:colcon.colcon_core.verb:set package 'vision_opencv' build argument 'cmake_target' from command line to 'None'
[0.588s] Level 5:colcon.colcon_core.verb:set package 'vision_opencv' build argument 'cmake_target_skip_unavailable' from command line to 'False'
[0.588s] Level 5:colcon.colcon_core.verb:set package 'vision_opencv' build argument 'cmake_clean_cache' from command line to 'False'
[0.588s] Level 5:colcon.colcon_core.verb:set package 'vision_opencv' build argument 'cmake_clean_first' from command line to 'False'
[0.588s] Level 5:colcon.colcon_core.verb:set package 'vision_opencv' build argument 'cmake_force_configure' from command line to 'False'
[0.588s] Level 5:colcon.colcon_core.verb:set package 'vision_opencv' build argument 'ament_cmake_args' from command line to 'None'
[0.588s] Level 5:colcon.colcon_core.verb:set package 'vision_opencv' build argument 'catkin_cmake_args' from command line to 'None'
[0.588s] Level 5:colcon.colcon_core.verb:set package 'vision_opencv' build argument 'catkin_skip_building_tests' from command line to 'False'
[0.588s] DEBUG:colcon.colcon_core.verb:Building package 'vision_opencv' with the following arguments: {'ament_cmake_args': None, 'build_base': '/home/bryan/Workspace/ros2_ws/build/vision_opencv', 'catkin_cmake_args': None, 'catkin_skip_building_tests': False, 'cmake_args': None, 'cmake_clean_cache': False, 'cmake_clean_first': False, 'cmake_force_configure': False, 'cmake_target': None, 'cmake_target_skip_unavailable': False, 'install_base': '/home/bryan/Workspace/ros2_ws/install/vision_opencv', 'merge_install': False, 'path': '/home/bryan/Workspace/ros2_ws/src/vision_opencv/vision_opencv', 'symlink_install': False, 'test_result_base': None}
[0.588s] Level 5:colcon.colcon_core.verb:set package 'stereo_image_proc' build argument 'cmake_args' from command line to 'None'
[0.588s] Level 5:colcon.colcon_core.verb:set package 'stereo_image_proc' build argument 'cmake_target' from command line to 'None'
[0.588s] Level 5:colcon.colcon_core.verb:set package 'stereo_image_proc' build argument 'cmake_target_skip_unavailable' from command line to 'False'
[0.588s] Level 5:colcon.colcon_core.verb:set package 'stereo_image_proc' build argument 'cmake_clean_cache' from command line to 'False'
[0.588s] Level 5:colcon.colcon_core.verb:set package 'stereo_image_proc' build argument 'cmake_clean_first' from command line to 'False'
[0.589s] Level 5:colcon.colcon_core.verb:set package 'stereo_image_proc' build argument 'cmake_force_configure' from command line to 'False'
[0.589s] Level 5:colcon.colcon_core.verb:set package 'stereo_image_proc' build argument 'ament_cmake_args' from command line to 'None'
[0.589s] Level 5:colcon.colcon_core.verb:set package 'stereo_image_proc' build argument 'catkin_cmake_args' from command line to 'None'
[0.589s] Level 5:colcon.colcon_core.verb:set package 'stereo_image_proc' build argument 'catkin_skip_building_tests' from command line to 'False'
[0.589s] DEBUG:colcon.colcon_core.verb:Building package 'stereo_image_proc' with the following arguments: {'ament_cmake_args': None, 'build_base': '/home/bryan/Workspace/ros2_ws/build/stereo_image_proc', 'catkin_cmake_args': None, 'catkin_skip_building_tests': False, 'cmake_args': None, 'cmake_clean_cache': False, 'cmake_clean_first': False, 'cmake_force_configure': False, 'cmake_target': None, 'cmake_target_skip_unavailable': False, 'install_base': '/home/bryan/Workspace/ros2_ws/install/stereo_image_proc', 'merge_install': False, 'path': '/home/bryan/Workspace/ros2_ws/image_pipeline/stereo_image_proc', 'symlink_install': False, 'test_result_base': None}
[0.589s] Level 5:colcon.colcon_core.verb:set package 'image_pipeline' build argument 'cmake_args' from command line to 'None'
[0.589s] Level 5:colcon.colcon_core.verb:set package 'image_pipeline' build argument 'cmake_target' from command line to 'None'
[0.589s] Level 5:colcon.colcon_core.verb:set package 'image_pipeline' build argument 'cmake_target_skip_unavailable' from command line to 'False'
[0.589s] Level 5:colcon.colcon_core.verb:set package 'image_pipeline' build argument 'cmake_clean_cache' from command line to 'False'
[0.589s] Level 5:colcon.colcon_core.verb:set package 'image_pipeline' build argument 'cmake_clean_first' from command line to 'False'
[0.589s] Level 5:colcon.colcon_core.verb:set package 'image_pipeline' build argument 'cmake_force_configure' from command line to 'False'
[0.589s] Level 5:colcon.colcon_core.verb:set package 'image_pipeline' build argument 'ament_cmake_args' from command line to 'None'
[0.589s] Level 5:colcon.colcon_core.verb:set package 'image_pipeline' build argument 'catkin_cmake_args' from command line to 'None'
[0.589s] Level 5:colcon.colcon_core.verb:set package 'image_pipeline' build argument 'catkin_skip_building_tests' from command line to 'False'
[0.589s] DEBUG:colcon.colcon_core.verb:Building package 'image_pipeline' with the following arguments: {'ament_cmake_args': None, 'build_base': '/home/bryan/Workspace/ros2_ws/build/image_pipeline', 'catkin_cmake_args': None, 'catkin_skip_building_tests': False, 'cmake_args': None, 'cmake_clean_cache': False, 'cmake_clean_first': False, 'cmake_force_configure': False, 'cmake_target': None, 'cmake_target_skip_unavailable': False, 'install_base': '/home/bryan/Workspace/ros2_ws/install/image_pipeline', 'merge_install': False, 'path': '/home/bryan/Workspace/ros2_ws/image_pipeline/image_pipeline', 'symlink_install': False, 'test_result_base': None}
[0.589s] INFO:colcon.colcon_core.executor:Executing jobs using 'parallel' executor
[0.591s] DEBUG:colcon.colcon_parallel_executor.executor.parallel:run_until_complete
[0.592s] INFO:colcon.colcon_ros.task.ament_cmake.build:Building ROS package in '/home/bryan/Workspace/ros2_ws/src/vision_opencv/cv_bridge' with build type 'ament_cmake'
[0.592s] INFO:colcon.colcon_cmake.task.cmake.build:Building CMake package in '/home/bryan/Workspace/ros2_ws/src/vision_opencv/cv_bridge'
[0.594s] INFO:colcon.colcon_core.plugin_system:Skipping extension 'colcon_core.shell.bat': Not used on non-Windows systems
[0.594s] INFO:colcon.colcon_core.shell:Skip shell extension 'powershell' for command environment: Not usable outside of PowerShell
[0.594s] DEBUG:colcon.colcon_core.shell:Skip shell extension 'dsv' for command environment
[0.614s] INFO:colcon.colcon_ros.task.ament_cmake.build:Building ROS package in '/home/bryan/Workspace/ros2_ws/src/vision_opencv/image_geometry' with build type 'ament_cmake'
[0.614s] INFO:colcon.colcon_cmake.task.cmake.build:Building CMake package in '/home/bryan/Workspace/ros2_ws/src/vision_opencv/image_geometry'
[0.617s] INFO:colcon.colcon_core.shell:Skip shell extension 'powershell' for command environment: Not usable outside of PowerShell
[0.617s] DEBUG:colcon.colcon_core.shell:Skip shell extension 'dsv' for command environment
[0.625s] INFO:colcon.colcon_ros.task.ament_cmake.build:Building ROS package in '/home/bryan/Workspace/ros2_ws/image_pipeline/tracetools_image_pipeline' with build type 'ament_cmake'
[0.626s] INFO:colcon.colcon_cmake.task.cmake.build:Building CMake package in '/home/bryan/Workspace/ros2_ws/image_pipeline/tracetools_image_pipeline'
[0.626s] INFO:colcon.colcon_core.shell:Skip shell extension 'powershell' for command environment: Not usable outside of PowerShell
[0.626s] DEBUG:colcon.colcon_core.shell:Skip shell extension 'dsv' for command environment
[0.647s] DEBUG:colcon.colcon_core.event_handler.log_command:Invoking command in '/home/bryan/Workspace/ros2_ws/build/cv_bridge': CMAKE_PREFIX_PATH=${CMAKE_PREFIX_PATH}:/home/bryan/Workspace/ros2_ws/install/sprint2:/home/bryan/Workspace/ros2_ws/install/launch_testing_examples:/home/bryan/Workspace/ros2_ws/install/image_converter:/home/bryan/Workspace/ros2_ws/install/first_package:/home/bryan/Workspace/ros2_ws/install/examples_rclpy_pointcloud_publisher:/home/bryan/Workspace/ros2_ws/install/examples_rclpy_minimal_subscriber:/home/bryan/Workspace/ros2_ws/install/examples_rclpy_minimal_service:/home/bryan/Workspace/ros2_ws/install/examples_rclpy_minimal_publisher:/home/bryan/Workspace/ros2_ws/install/examples_rclpy_minimal_client:/home/bryan/Workspace/ros2_ws/install/examples_rclpy_minimal_action_server:/home/bryan/Workspace/ros2_ws/install/examples_rclpy_minimal_action_client:/home/bryan/Workspace/ros2_ws/install/examples_rclpy_guard_conditions:/home/bryan/Workspace/ros2_ws/install/examples_rclpy_executors:/home/bryan/Workspace/ros2_ws/install/camera_calibration:/opt/ros/humble /usr/bin/cmake /home/bryan/Workspace/ros2_ws/src/vision_opencv/cv_bridge -DCMAKE_INSTALL_PREFIX=/home/bryan/Workspace/ros2_ws/install/cv_bridge
[0.663s] DEBUG:colcon.colcon_core.event_handler.log_command:Invoking command in '/home/bryan/Workspace/ros2_ws/build/image_geometry': CMAKE_PREFIX_PATH=${CMAKE_PREFIX_PATH}:/home/bryan/Workspace/ros2_ws/install/sprint2:/home/bryan/Workspace/ros2_ws/install/launch_testing_examples:/home/bryan/Workspace/ros2_ws/install/image_converter:/home/bryan/Workspace/ros2_ws/install/first_package:/home/bryan/Workspace/ros2_ws/install/examples_rclpy_pointcloud_publisher:/home/bryan/Workspace/ros2_ws/install/examples_rclpy_minimal_subscriber:/home/bryan/Workspace/ros2_ws/install/examples_rclpy_minimal_service:/home/bryan/Workspace/ros2_ws/install/examples_rclpy_minimal_publisher:/home/bryan/Workspace/ros2_ws/install/examples_rclpy_minimal_client:/home/bryan/Workspace/ros2_ws/install/examples_rclpy_minimal_action_server:/home/bryan/Workspace/ros2_ws/install/examples_rclpy_minimal_action_client:/home/bryan/Workspace/ros2_ws/install/examples_rclpy_guard_conditions:/home/bryan/Workspace/ros2_ws/install/examples_rclpy_executors:/home/bryan/Workspace/ros2_ws/install/camera_calibration:/opt/ros/humble /usr/bin/cmake /home/bryan/Workspace/ros2_ws/src/vision_opencv/image_geometry -DCMAKE_INSTALL_PREFIX=/home/bryan/Workspace/ros2_ws/install/image_geometry
[0.697s] DEBUG:colcon.colcon_core.event_handler.log_command:Invoking command in '/home/bryan/Workspace/ros2_ws/build/tracetools_image_pipeline': CMAKE_PREFIX_PATH=${CMAKE_PREFIX_PATH}:/home/bryan/Workspace/ros2_ws/install/sprint2:/home/bryan/Workspace/ros2_ws/install/launch_testing_examples:/home/bryan/Workspace/ros2_ws/install/image_converter:/home/bryan/Workspace/ros2_ws/install/first_package:/home/bryan/Workspace/ros2_ws/install/examples_rclpy_pointcloud_publisher:/home/bryan/Workspace/ros2_ws/install/examples_rclpy_minimal_subscriber:/home/bryan/Workspace/ros2_ws/install/examples_rclpy_minimal_service:/home/bryan/Workspace/ros2_ws/install/examples_rclpy_minimal_publisher:/home/bryan/Workspace/ros2_ws/install/examples_rclpy_minimal_client:/home/bryan/Workspace/ros2_ws/install/examples_rclpy_minimal_action_server:/home/bryan/Workspace/ros2_ws/install/examples_rclpy_minimal_action_client:/home/bryan/Workspace/ros2_ws/install/examples_rclpy_guard_conditions:/home/bryan/Workspace/ros2_ws/install/examples_rclpy_executors:/home/bryan/Workspace/ros2_ws/install/camera_calibration:/opt/ros/humble /usr/bin/cmake --build /home/bryan/Workspace/ros2_ws/build/tracetools_image_pipeline -- -j3 -l3
[1.040s] DEBUG:colcon.colcon_core.event_handler.log_command:Invoked command in '/home/bryan/Workspace/ros2_ws/build/tracetools_image_pipeline' returned '0': CMAKE_PREFIX_PATH=${CMAKE_PREFIX_PATH}:/home/bryan/Workspace/ros2_ws/install/sprint2:/home/bryan/Workspace/ros2_ws/install/launch_testing_examples:/home/bryan/Workspace/ros2_ws/install/image_converter:/home/bryan/Workspace/ros2_ws/install/first_package:/home/bryan/Workspace/ros2_ws/install/examples_rclpy_pointcloud_publisher:/home/bryan/Workspace/ros2_ws/install/examples_rclpy_minimal_subscriber:/home/bryan/Workspace/ros2_ws/install/examples_rclpy_minimal_service:/home/bryan/Workspace/ros2_ws/install/examples_rclpy_minimal_publisher:/home/bryan/Workspace/ros2_ws/install/examples_rclpy_minimal_client:/home/bryan/Workspace/ros2_ws/install/examples_rclpy_minimal_action_server:/home/bryan/Workspace/ros2_ws/install/examples_rclpy_minimal_action_client:/home/bryan/Workspace/ros2_ws/install/examples_rclpy_guard_conditions:/home/bryan/Workspace/ros2_ws/install/examples_rclpy_executors:/home/bryan/Workspace/ros2_ws/install/camera_calibration:/opt/ros/humble /usr/bin/cmake --build /home/bryan/Workspace/ros2_ws/build/tracetools_image_pipeline -- -j3 -l3
[1.086s] DEBUG:colcon.colcon_core.event_handler.log_command:Invoking command in '/home/bryan/Workspace/ros2_ws/build/tracetools_image_pipeline': CMAKE_PREFIX_PATH=${CMAKE_PREFIX_PATH}:/home/bryan/Workspace/ros2_ws/install/sprint2:/home/bryan/Workspace/ros2_ws/install/launch_testing_examples:/home/bryan/Workspace/ros2_ws/install/image_converter:/home/bryan/Workspace/ros2_ws/install/first_package:/home/bryan/Workspace/ros2_ws/install/examples_rclpy_pointcloud_publisher:/home/bryan/Workspace/ros2_ws/install/examples_rclpy_minimal_subscriber:/home/bryan/Workspace/ros2_ws/install/examples_rclpy_minimal_service:/home/bryan/Workspace/ros2_ws/install/examples_rclpy_minimal_publisher:/home/bryan/Workspace/ros2_ws/install/examples_rclpy_minimal_client:/home/bryan/Workspace/ros2_ws/install/examples_rclpy_minimal_action_server:/home/bryan/Workspace/ros2_ws/install/examples_rclpy_minimal_action_client:/home/bryan/Workspace/ros2_ws/install/examples_rclpy_guard_conditions:/home/bryan/Workspace/ros2_ws/install/examples_rclpy_executors:/home/bryan/Workspace/ros2_ws/install/camera_calibration:/opt/ros/humble /usr/bin/cmake --install /home/bryan/Workspace/ros2_ws/build/tracetools_image_pipeline
[1.116s] Level 1:colcon.colcon_core.environment:create_environment_scripts_only(tracetools_image_pipeline)
[1.118s] Level 1:colcon.colcon_core.environment:checking '/home/bryan/Workspace/ros2_ws/install/tracetools_image_pipeline' for CMake module files
[1.119s] Level 1:colcon.colcon_core.environment:checking '/home/bryan/Workspace/ros2_ws/install/tracetools_image_pipeline' for CMake config files
[1.119s] Level 1:colcon.colcon_core.shell:create_environment_hook('tracetools_image_pipeline', 'cmake_prefix_path')
[1.119s] INFO:colcon.colcon_core.shell:Creating environment hook '/home/bryan/Workspace/ros2_ws/install/tracetools_image_pipeline/share/tracetools_image_pipeline/hook/cmake_prefix_path.ps1'
[1.120s] INFO:colcon.colcon_core.shell:Creating environment descriptor '/home/bryan/Workspace/ros2_ws/install/tracetools_image_pipeline/share/tracetools_image_pipeline/hook/cmake_prefix_path.dsv'
[1.121s] INFO:colcon.colcon_core.shell:Creating environment hook '/home/bryan/Workspace/ros2_ws/install/tracetools_image_pipeline/share/tracetools_image_pipeline/hook/cmake_prefix_path.sh'
[1.123s] Level 1:colcon.colcon_core.environment:checking '/home/bryan/Workspace/ros2_ws/install/tracetools_image_pipeline/lib'
[1.123s] Level 1:colcon.colcon_core.shell:create_environment_hook('tracetools_image_pipeline', 'ld_library_path_lib')
[1.124s] INFO:colcon.colcon_core.shell:Creating environment hook '/home/bryan/Workspace/ros2_ws/install/tracetools_image_pipeline/share/tracetools_image_pipeline/hook/ld_library_path_lib.ps1'
[1.124s] INFO:colcon.colcon_core.shell:Creating environment descriptor '/home/bryan/Workspace/ros2_ws/install/tracetools_image_pipeline/share/tracetools_image_pipeline/hook/ld_library_path_lib.dsv'
[1.125s] INFO:colcon.colcon_core.shell:Creating environment hook '/home/bryan/Workspace/ros2_ws/install/tracetools_image_pipeline/share/tracetools_image_pipeline/hook/ld_library_path_lib.sh'
[1.125s] Level 1:colcon.colcon_core.environment:checking '/home/bryan/Workspace/ros2_ws/install/tracetools_image_pipeline/bin'
[1.125s] Level 1:colcon.colcon_core.environment:checking '/home/bryan/Workspace/ros2_ws/install/tracetools_image_pipeline/lib/pkgconfig/tracetools_image_pipeline.pc'
[1.126s] Level 1:colcon.colcon_core.environment:checking '/home/bryan/Workspace/ros2_ws/install/tracetools_image_pipeline/lib/python3.10/site-packages'
[1.126s] Level 1:colcon.colcon_core.environment:checking '/home/bryan/Workspace/ros2_ws/install/tracetools_image_pipeline/bin'
[1.126s] INFO:colcon.colcon_core.shell:Creating package script '/home/bryan/Workspace/ros2_ws/install/tracetools_image_pipeline/share/tracetools_image_pipeline/package.ps1'
[1.128s] DEBUG:colcon.colcon_core.event_handler.log_command:Invoked command in '/home/bryan/Workspace/ros2_ws/build/tracetools_image_pipeline' returned '0': CMAKE_PREFIX_PATH=${CMAKE_PREFIX_PATH}:/home/bryan/Workspace/ros2_ws/install/sprint2:/home/bryan/Workspace/ros2_ws/install/launch_testing_examples:/home/bryan/Workspace/ros2_ws/install/image_converter:/home/bryan/Workspace/ros2_ws/install/first_package:/home/bryan/Workspace/ros2_ws/install/examples_rclpy_pointcloud_publisher:/home/bryan/Workspace/ros2_ws/install/examples_rclpy_minimal_subscriber:/home/bryan/Workspace/ros2_ws/install/examples_rclpy_minimal_service:/home/bryan/Workspace/ros2_ws/install/examples_rclpy_minimal_publisher:/home/bryan/Workspace/ros2_ws/install/examples_rclpy_minimal_client:/home/bryan/Workspace/ros2_ws/install/examples_rclpy_minimal_action_server:/home/bryan/Workspace/ros2_ws/install/examples_rclpy_minimal_action_client:/home/bryan/Workspace/ros2_ws/install/examples_rclpy_guard_conditions:/home/bryan/Workspace/ros2_ws/install/examples_rclpy_executors:/home/bryan/Workspace/ros2_ws/install/camera_calibration:/opt/ros/humble /usr/bin/cmake --install /home/bryan/Workspace/ros2_ws/build/tracetools_image_pipeline
[1.128s] INFO:colcon.colcon_core.shell:Creating package descriptor '/home/bryan/Workspace/ros2_ws/install/tracetools_image_pipeline/share/tracetools_image_pipeline/package.dsv'
[1.129s] INFO:colcon.colcon_core.shell:Creating package script '/home/bryan/Workspace/ros2_ws/install/tracetools_image_pipeline/share/tracetools_image_pipeline/package.sh'
[1.131s] INFO:colcon.colcon_core.shell:Creating package script '/home/bryan/Workspace/ros2_ws/install/tracetools_image_pipeline/share/tracetools_image_pipeline/package.bash'
[1.132s] INFO:colcon.colcon_core.shell:Creating package script '/home/bryan/Workspace/ros2_ws/install/tracetools_image_pipeline/share/tracetools_image_pipeline/package.zsh'
[1.134s] Level 1:colcon.colcon_core.environment:create_file_with_runtime_dependencies(/home/bryan/Workspace/ros2_ws/install/tracetools_image_pipeline/share/colcon-core/packages/tracetools_image_pipeline)
[1.135s] Level 1:colcon.colcon_core.environment:create_environment_scripts_only(tracetools_image_pipeline)
[1.135s] Level 1:colcon.colcon_core.environment:checking '/home/bryan/Workspace/ros2_ws/install/tracetools_image_pipeline' for CMake module files
[1.135s] Level 1:colcon.colcon_core.environment:checking '/home/bryan/Workspace/ros2_ws/install/tracetools_image_pipeline' for CMake config files
[1.136s] Level 1:colcon.colcon_core.shell:create_environment_hook('tracetools_image_pipeline', 'cmake_prefix_path')
[1.136s] INFO:colcon.colcon_core.shell:Creating environment hook '/home/bryan/Workspace/ros2_ws/install/tracetools_image_pipeline/share/tracetools_image_pipeline/hook/cmake_prefix_path.ps1'
[1.137s] INFO:colcon.colcon_core.shell:Creating environment descriptor '/home/bryan/Workspace/ros2_ws/install/tracetools_image_pipeline/share/tracetools_image_pipeline/hook/cmake_prefix_path.dsv'
[1.138s] INFO:colcon.colcon_core.shell:Creating environment hook '/home/bryan/Workspace/ros2_ws/install/tracetools_image_pipeline/share/tracetools_image_pipeline/hook/cmake_prefix_path.sh'
[1.139s] Level 1:colcon.colcon_core.environment:checking '/home/bryan/Workspace/ros2_ws/install/tracetools_image_pipeline/lib'
[1.139s] Level 1:colcon.colcon_core.shell:create_environment_hook('tracetools_image_pipeline', 'ld_library_path_lib')
[1.139s] INFO:colcon.colcon_core.shell:Creating environment hook '/home/bryan/Workspace/ros2_ws/install/tracetools_image_pipeline/share/tracetools_image_pipeline/hook/ld_library_path_lib.ps1'
[1.140s] INFO:colcon.colcon_core.shell:Creating environment descriptor '/home/bryan/Workspace/ros2_ws/install/tracetools_image_pipeline/share/tracetools_image_pipeline/hook/ld_library_path_lib.dsv'
[1.141s] INFO:colcon.colcon_core.shell:Creating environment hook '/home/bryan/Workspace/ros2_ws/install/tracetools_image_pipeline/share/tracetools_image_pipeline/hook/ld_library_path_lib.sh'
[1.142s] Level 1:colcon.colcon_core.environment:checking '/home/bryan/Workspace/ros2_ws/install/tracetools_image_pipeline/bin'
[1.142s] Level 1:colcon.colcon_core.environment:checking '/home/bryan/Workspace/ros2_ws/install/tracetools_image_pipeline/lib/pkgconfig/tracetools_image_pipeline.pc'
[1.145s] Level 1:colcon.colcon_core.environment:checking '/home/bryan/Workspace/ros2_ws/install/tracetools_image_pipeline/lib/python3.10/site-packages'
[1.148s] Level 1:colcon.colcon_core.environment:checking '/home/bryan/Workspace/ros2_ws/install/tracetools_image_pipeline/bin'
[1.149s] INFO:colcon.colcon_core.shell:Creating package script '/home/bryan/Workspace/ros2_ws/install/tracetools_image_pipeline/share/tracetools_image_pipeline/package.ps1'
[1.163s] INFO:colcon.colcon_core.shell:Creating package descriptor '/home/bryan/Workspace/ros2_ws/install/tracetools_image_pipeline/share/tracetools_image_pipeline/package.dsv'
[1.181s] INFO:colcon.colcon_core.shell:Creating package script '/home/bryan/Workspace/ros2_ws/install/tracetools_image_pipeline/share/tracetools_image_pipeline/package.sh'
[1.183s] INFO:colcon.colcon_core.shell:Creating package script '/home/bryan/Workspace/ros2_ws/install/tracetools_image_pipeline/share/tracetools_image_pipeline/package.bash'
[1.184s] INFO:colcon.colcon_core.shell:Creating package script '/home/bryan/Workspace/ros2_ws/install/tracetools_image_pipeline/share/tracetools_image_pipeline/package.zsh'
[1.185s] Level 1:colcon.colcon_core.environment:create_file_with_runtime_dependencies(/home/bryan/Workspace/ros2_ws/install/tracetools_image_pipeline/share/colcon-core/packages/tracetools_image_pipeline)
[1.185s] INFO:colcon.colcon_ros.task.ament_cmake.build:Building ROS package in '/home/bryan/Workspace/ros2_ws/src/examples/rclcpp/services/async_client' with build type 'ament_cmake'
[1.186s] INFO:colcon.colcon_cmake.task.cmake.build:Building CMake package in '/home/bryan/Workspace/ros2_ws/src/examples/rclcpp/services/async_client'
[1.186s] INFO:colcon.colcon_core.shell:Skip shell extension 'powershell' for command environment: Not usable outside of PowerShell
[1.186s] DEBUG:colcon.colcon_core.shell:Skip shell extension 'dsv' for command environment
[1.281s] DEBUG:colcon.colcon_core.event_handler.log_command:Invoking command in '/home/bryan/Workspace/ros2_ws/build/examples_rclcpp_async_client': CMAKE_PREFIX_PATH=${CMAKE_PREFIX_PATH}:/home/bryan/Workspace/ros2_ws/install/sprint2:/home/bryan/Workspace/ros2_ws/install/launch_testing_examples:/home/bryan/Workspace/ros2_ws/install/image_converter:/home/bryan/Workspace/ros2_ws/install/first_package:/home/bryan/Workspace/ros2_ws/install/examples_rclpy_pointcloud_publisher:/home/bryan/Workspace/ros2_ws/install/examples_rclpy_minimal_subscriber:/home/bryan/Workspace/ros2_ws/install/examples_rclpy_minimal_service:/home/bryan/Workspace/ros2_ws/install/examples_rclpy_minimal_publisher:/home/bryan/Workspace/ros2_ws/install/examples_rclpy_minimal_client:/home/bryan/Workspace/ros2_ws/install/examples_rclpy_minimal_action_server:/home/bryan/Workspace/ros2_ws/install/examples_rclpy_minimal_action_client:/home/bryan/Workspace/ros2_ws/install/examples_rclpy_guard_conditions:/home/bryan/Workspace/ros2_ws/install/examples_rclpy_executors:/home/bryan/Workspace/ros2_ws/install/camera_calibration:/opt/ros/humble /usr/bin/cmake /home/bryan/Workspace/ros2_ws/src/examples/rclcpp/services/async_client -DCMAKE_INSTALL_PREFIX=/home/bryan/Workspace/ros2_ws/install/examples_rclcpp_async_client
[3.855s] DEBUG:colcon.colcon_core.event_handler.log_command:Invoked command in '/home/bryan/Workspace/ros2_ws/build/examples_rclcpp_async_client' returned '0': CMAKE_PREFIX_PATH=${CMAKE_PREFIX_PATH}:/home/bryan/Workspace/ros2_ws/install/sprint2:/home/bryan/Workspace/ros2_ws/install/launch_testing_examples:/home/bryan/Workspace/ros2_ws/install/image_converter:/home/bryan/Workspace/ros2_ws/install/first_package:/home/bryan/Workspace/ros2_ws/install/examples_rclpy_pointcloud_publisher:/home/bryan/Workspace/ros2_ws/install/examples_rclpy_minimal_subscriber:/home/bryan/Workspace/ros2_ws/install/examples_rclpy_minimal_service:/home/bryan/Workspace/ros2_ws/install/examples_rclpy_minimal_publisher:/home/bryan/Workspace/ros2_ws/install/examples_rclpy_minimal_client:/home/bryan/Workspace/ros2_ws/install/examples_rclpy_minimal_action_server:/home/bryan/Workspace/ros2_ws/install/examples_rclpy_minimal_action_client:/home/bryan/Workspace/ros2_ws/install/examples_rclpy_guard_conditions:/home/bryan/Workspace/ros2_ws/install/examples_rclpy_executors:/home/bryan/Workspace/ros2_ws/install/camera_calibration:/opt/ros/humble /usr/bin/cmake /home/bryan/Workspace/ros2_ws/src/examples/rclcpp/services/async_client -DCMAKE_INSTALL_PREFIX=/home/bryan/Workspace/ros2_ws/install/examples_rclcpp_async_client
[3.881s] DEBUG:colcon.colcon_core.event_handler.log_command:Invoking command in '/home/bryan/Workspace/ros2_ws/build/examples_rclcpp_async_client': CMAKE_PREFIX_PATH=${CMAKE_PREFIX_PATH}:/home/bryan/Workspace/ros2_ws/install/sprint2:/home/bryan/Workspace/ros2_ws/install/launch_testing_examples:/home/bryan/Workspace/ros2_ws/install/image_converter:/home/bryan/Workspace/ros2_ws/install/first_package:/home/bryan/Workspace/ros2_ws/install/examples_rclpy_pointcloud_publisher:/home/bryan/Workspace/ros2_ws/install/examples_rclpy_minimal_subscriber:/home/bryan/Workspace/ros2_ws/install/examples_rclpy_minimal_service:/home/bryan/Workspace/ros2_ws/install/examples_rclpy_minimal_publisher:/home/bryan/Workspace/ros2_ws/install/examples_rclpy_minimal_client:/home/bryan/Workspace/ros2_ws/install/examples_rclpy_minimal_action_server:/home/bryan/Workspace/ros2_ws/install/examples_rclpy_minimal_action_client:/home/bryan/Workspace/ros2_ws/install/examples_rclpy_guard_conditions:/home/bryan/Workspace/ros2_ws/install/examples_rclpy_executors:/home/bryan/Workspace/ros2_ws/install/camera_calibration:/opt/ros/humble /usr/bin/cmake --build /home/bryan/Workspace/ros2_ws/build/examples_rclcpp_async_client -- -j3 -l3
[4.289s] DEBUG:colcon.colcon_core.event_handler.log_command:Invoked command in '/home/bryan/Workspace/ros2_ws/build/examples_rclcpp_async_client' returned '0': CMAKE_PREFIX_PATH=${CMAKE_PREFIX_PATH}:/home/bryan/Workspace/ros2_ws/install/sprint2:/home/bryan/Workspace/ros2_ws/install/launch_testing_examples:/home/bryan/Workspace/ros2_ws/install/image_converter:/home/bryan/Workspace/ros2_ws/install/first_package:/home/bryan/Workspace/ros2_ws/install/examples_rclpy_pointcloud_publisher:/home/bryan/Workspace/ros2_ws/install/examples_rclpy_minimal_subscriber:/home/bryan/Workspace/ros2_ws/install/examples_rclpy_minimal_service:/home/bryan/Workspace/ros2_ws/install/examples_rclpy_minimal_publisher:/home/bryan/Workspace/ros2_ws/install/examples_rclpy_minimal_client:/home/bryan/Workspace/ros2_ws/install/examples_rclpy_minimal_action_server:/home/bryan/Workspace/ros2_ws/install/examples_rclpy_minimal_action_client:/home/bryan/Workspace/ros2_ws/install/examples_rclpy_guard_conditions:/home/bryan/Workspace/ros2_ws/install/examples_rclpy_executors:/home/bryan/Workspace/ros2_ws/install/camera_calibration:/opt/ros/humble /usr/bin/cmake --build /home/bryan/Workspace/ros2_ws/build/examples_rclcpp_async_client -- -j3 -l3
[4.341s] DEBUG:colcon.colcon_core.event_handler.log_command:Invoking command in '/home/bryan/Workspace/ros2_ws/build/examples_rclcpp_async_client': CMAKE_PREFIX_PATH=${CMAKE_PREFIX_PATH}:/home/bryan/Workspace/ros2_ws/install/sprint2:/home/bryan/Workspace/ros2_ws/install/launch_testing_examples:/home/bryan/Workspace/ros2_ws/install/image_converter:/home/bryan/Workspace/ros2_ws/install/first_package:/home/bryan/Workspace/ros2_ws/install/examples_rclpy_pointcloud_publisher:/home/bryan/Workspace/ros2_ws/install/examples_rclpy_minimal_subscriber:/home/bryan/Workspace/ros2_ws/install/examples_rclpy_minimal_service:/home/bryan/Workspace/ros2_ws/install/examples_rclpy_minimal_publisher:/home/bryan/Workspace/ros2_ws/install/examples_rclpy_minimal_client:/home/bryan/Workspace/ros2_ws/install/examples_rclpy_minimal_action_server:/home/bryan/Workspace/ros2_ws/install/examples_rclpy_minimal_action_client:/home/bryan/Workspace/ros2_ws/install/examples_rclpy_guard_conditions:/home/bryan/Workspace/ros2_ws/install/examples_rclpy_executors:/home/bryan/Workspace/ros2_ws/install/camera_calibration:/opt/ros/humble /usr/bin/cmake --install /home/bryan/Workspace/ros2_ws/build/examples_rclcpp_async_client
[4.397s] Level 1:colcon.colcon_core.environment:create_environment_scripts_only(examples_rclcpp_async_client)
[4.398s] Level 1:colcon.colcon_core.environment:checking '/home/bryan/Workspace/ros2_ws/install/examples_rclcpp_async_client' for CMake module files
[4.400s] Level 1:colcon.colcon_core.environment:checking '/home/bryan/Workspace/ros2_ws/install/examples_rclcpp_async_client' for CMake config files
[4.400s] Level 1:colcon.colcon_core.shell:create_environment_hook('examples_rclcpp_async_client', 'cmake_prefix_path')
[4.401s] INFO:colcon.colcon_core.shell:Creating environment hook '/home/bryan/Workspace/ros2_ws/install/examples_rclcpp_async_client/share/examples_rclcpp_async_client/hook/cmake_prefix_path.ps1'
[4.404s] DEBUG:colcon.colcon_core.event_handler.log_command:Invoked command in '/home/bryan/Workspace/ros2_ws/build/examples_rclcpp_async_client' returned '0': CMAKE_PREFIX_PATH=${CMAKE_PREFIX_PATH}:/home/bryan/Workspace/ros2_ws/install/sprint2:/home/bryan/Workspace/ros2_ws/install/launch_testing_examples:/home/bryan/Workspace/ros2_ws/install/image_converter:/home/bryan/Workspace/ros2_ws/install/first_package:/home/bryan/Workspace/ros2_ws/install/examples_rclpy_pointcloud_publisher:/home/bryan/Workspace/ros2_ws/install/examples_rclpy_minimal_subscriber:/home/bryan/Workspace/ros2_ws/install/examples_rclpy_minimal_service:/home/bryan/Workspace/ros2_ws/install/examples_rclpy_minimal_publisher:/home/bryan/Workspace/ros2_ws/install/examples_rclpy_minimal_client:/home/bryan/Workspace/ros2_ws/install/examples_rclpy_minimal_action_server:/home/bryan/Workspace/ros2_ws/install/examples_rclpy_minimal_action_client:/home/bryan/Workspace/ros2_ws/install/examples_rclpy_guard_conditions:/home/bryan/Workspace/ros2_ws/install/examples_rclpy_executors:/home/bryan/Workspace/ros2_ws/install/camera_calibration:/opt/ros/humble /usr/bin/cmake --install /home/bryan/Workspace/ros2_ws/build/examples_rclcpp_async_client
[4.405s] INFO:colcon.colcon_core.shell:Creating environment descriptor '/home/bryan/Workspace/ros2_ws/install/examples_rclcpp_async_client/share/examples_rclcpp_async_client/hook/cmake_prefix_path.dsv'
[4.409s] INFO:colcon.colcon_core.shell:Creating environment hook '/home/bryan/Workspace/ros2_ws/install/examples_rclcpp_async_client/share/examples_rclcpp_async_client/hook/cmake_prefix_path.sh'
[4.412s] Level 1:colcon.colcon_core.environment:checking '/home/bryan/Workspace/ros2_ws/install/examples_rclcpp_async_client/lib'
[4.413s] Level 1:colcon.colcon_core.environment:checking '/home/bryan/Workspace/ros2_ws/install/examples_rclcpp_async_client/bin'
[4.414s] Level 1:colcon.colcon_core.environment:checking '/home/bryan/Workspace/ros2_ws/install/examples_rclcpp_async_client/lib/pkgconfig/examples_rclcpp_async_client.pc'
[4.415s] Level 1:colcon.colcon_core.environment:checking '/home/bryan/Workspace/ros2_ws/install/examples_rclcpp_async_client/lib/python3.10/site-packages'
[4.416s] Level 1:colcon.colcon_core.environment:checking '/home/bryan/Workspace/ros2_ws/install/examples_rclcpp_async_client/bin'
[4.416s] INFO:colcon.colcon_core.shell:Creating package script '/home/bryan/Workspace/ros2_ws/install/examples_rclcpp_async_client/share/examples_rclcpp_async_client/package.ps1'
[4.418s] INFO:colcon.colcon_core.shell:Creating package descriptor '/home/bryan/Workspace/ros2_ws/install/examples_rclcpp_async_client/share/examples_rclcpp_async_client/package.dsv'
[4.420s] INFO:colcon.colcon_core.shell:Creating package script '/home/bryan/Workspace/ros2_ws/install/examples_rclcpp_async_client/share/examples_rclcpp_async_client/package.sh'
[4.422s] INFO:colcon.colcon_core.shell:Creating package script '/home/bryan/Workspace/ros2_ws/install/examples_rclcpp_async_client/share/examples_rclcpp_async_client/package.bash'
[4.424s] INFO:colcon.colcon_core.shell:Creating package script '/home/bryan/Workspace/ros2_ws/install/examples_rclcpp_async_client/share/examples_rclcpp_async_client/package.zsh'
[4.427s] Level 1:colcon.colcon_core.environment:create_file_with_runtime_dependencies(/home/bryan/Workspace/ros2_ws/install/examples_rclcpp_async_client/share/colcon-core/packages/examples_rclcpp_async_client)
[4.429s] Level 1:colcon.colcon_core.environment:create_environment_scripts_only(examples_rclcpp_async_client)
[4.430s] Level 1:colcon.colcon_core.environment:checking '/home/bryan/Workspace/ros2_ws/install/examples_rclcpp_async_client' for CMake module files
[4.431s] Level 1:colcon.colcon_core.environment:checking '/home/bryan/Workspace/ros2_ws/install/examples_rclcpp_async_client' for CMake config files
[4.431s] Level 1:colcon.colcon_core.shell:create_environment_hook('examples_rclcpp_async_client', 'cmake_prefix_path')
[4.432s] INFO:colcon.colcon_core.shell:Creating environment hook '/home/bryan/Workspace/ros2_ws/install/examples_rclcpp_async_client/share/examples_rclcpp_async_client/hook/cmake_prefix_path.ps1'
[4.433s] INFO:colcon.colcon_core.shell:Creating environment descriptor '/home/bryan/Workspace/ros2_ws/install/examples_rclcpp_async_client/share/examples_rclcpp_async_client/hook/cmake_prefix_path.dsv'
[4.442s] INFO:colcon.colcon_core.shell:Creating environment hook '/home/bryan/Workspace/ros2_ws/install/examples_rclcpp_async_client/share/examples_rclcpp_async_client/hook/cmake_prefix_path.sh'
[4.445s] Level 1:colcon.colcon_core.environment:checking '/home/bryan/Workspace/ros2_ws/install/examples_rclcpp_async_client/lib'
[4.447s] Level 1:colcon.colcon_core.environment:checking '/home/bryan/Workspace/ros2_ws/install/examples_rclcpp_async_client/bin'
[4.448s] Level 1:colcon.colcon_core.environment:checking '/home/bryan/Workspace/ros2_ws/install/examples_rclcpp_async_client/lib/pkgconfig/examples_rclcpp_async_client.pc'
[4.449s] Level 1:colcon.colcon_core.environment:checking '/home/bryan/Workspace/ros2_ws/install/examples_rclcpp_async_client/lib/python3.10/site-packages'
[4.455s] Level 1:colcon.colcon_core.environment:checking '/home/bryan/Workspace/ros2_ws/install/examples_rclcpp_async_client/bin'
[4.561s] INFO:colcon.colcon_core.shell:Creating package script '/home/bryan/Workspace/ros2_ws/install/examples_rclcpp_async_client/share/examples_rclcpp_async_client/package.ps1'
[4.576s] INFO:colcon.colcon_core.shell:Creating package descriptor '/home/bryan/Workspace/ros2_ws/install/examples_rclcpp_async_client/share/examples_rclcpp_async_client/package.dsv'
[4.579s] INFO:colcon.colcon_core.shell:Creating package script '/home/bryan/Workspace/ros2_ws/install/examples_rclcpp_async_client/share/examples_rclcpp_async_client/package.sh'
[4.580s] INFO:colcon.colcon_core.shell:Creating package script '/home/bryan/Workspace/ros2_ws/install/examples_rclcpp_async_client/share/examples_rclcpp_async_client/package.bash'
[4.585s] INFO:colcon.colcon_core.shell:Creating package script '/home/bryan/Workspace/ros2_ws/install/examples_rclcpp_async_client/share/examples_rclcpp_async_client/package.zsh'
[4.597s] Level 1:colcon.colcon_core.environment:create_file_with_runtime_dependencies(/home/bryan/Workspace/ros2_ws/install/examples_rclcpp_async_client/share/colcon-core/packages/examples_rclcpp_async_client)
[4.602s] INFO:colcon.colcon_ros.task.ament_cmake.build:Building ROS package in '/home/bryan/Workspace/ros2_ws/src/examples/rclcpp/executors/cbg_executor' with build type 'ament_cmake'
[4.605s] INFO:colcon.colcon_cmake.task.cmake.build:Building CMake package in '/home/bryan/Workspace/ros2_ws/src/examples/rclcpp/executors/cbg_executor'
[4.606s] INFO:colcon.colcon_core.shell:Skip shell extension 'powershell' for command environment: Not usable outside of PowerShell
[4.607s] DEBUG:colcon.colcon_core.shell:Skip shell extension 'dsv' for command environment
[4.712s] DEBUG:colcon.colcon_core.event_handler.log_command:Invoking command in '/home/bryan/Workspace/ros2_ws/build/examples_rclcpp_cbg_executor': CMAKE_PREFIX_PATH=${CMAKE_PREFIX_PATH}:/home/bryan/Workspace/ros2_ws/install/sprint2:/home/bryan/Workspace/ros2_ws/install/launch_testing_examples:/home/bryan/Workspace/ros2_ws/install/image_converter:/home/bryan/Workspace/ros2_ws/install/first_package:/home/bryan/Workspace/ros2_ws/install/examples_rclpy_pointcloud_publisher:/home/bryan/Workspace/ros2_ws/install/examples_rclpy_minimal_subscriber:/home/bryan/Workspace/ros2_ws/install/examples_rclpy_minimal_service:/home/bryan/Workspace/ros2_ws/install/examples_rclpy_minimal_publisher:/home/bryan/Workspace/ros2_ws/install/examples_rclpy_minimal_client:/home/bryan/Workspace/ros2_ws/install/examples_rclpy_minimal_action_server:/home/bryan/Workspace/ros2_ws/install/examples_rclpy_minimal_action_client:/home/bryan/Workspace/ros2_ws/install/examples_rclpy_guard_conditions:/home/bryan/Workspace/ros2_ws/install/examples_rclpy_executors:/home/bryan/Workspace/ros2_ws/install/camera_calibration:/opt/ros/humble /usr/bin/cmake /home/bryan/Workspace/ros2_ws/src/examples/rclcpp/executors/cbg_executor -DCMAKE_INSTALL_PREFIX=/home/bryan/Workspace/ros2_ws/install/examples_rclcpp_cbg_executor
[6.407s] DEBUG:colcon.colcon_core.event_handler.log_command:Invoked command in '/home/bryan/Workspace/ros2_ws/build/image_geometry' returned '0': CMAKE_PREFIX_PATH=${CMAKE_PREFIX_PATH}:/home/bryan/Workspace/ros2_ws/install/sprint2:/home/bryan/Workspace/ros2_ws/install/launch_testing_examples:/home/bryan/Workspace/ros2_ws/install/image_converter:/home/bryan/Workspace/ros2_ws/install/first_package:/home/bryan/Workspace/ros2_ws/install/examples_rclpy_pointcloud_publisher:/home/bryan/Workspace/ros2_ws/install/examples_rclpy_minimal_subscriber:/home/bryan/Workspace/ros2_ws/install/examples_rclpy_minimal_service:/home/bryan/Workspace/ros2_ws/install/examples_rclpy_minimal_publisher:/home/bryan/Workspace/ros2_ws/install/examples_rclpy_minimal_client:/home/bryan/Workspace/ros2_ws/install/examples_rclpy_minimal_action_server:/home/bryan/Workspace/ros2_ws/install/examples_rclpy_minimal_action_client:/home/bryan/Workspace/ros2_ws/install/examples_rclpy_guard_conditions:/home/bryan/Workspace/ros2_ws/install/examples_rclpy_executors:/home/bryan/Workspace/ros2_ws/install/camera_calibration:/opt/ros/humble /usr/bin/cmake /home/bryan/Workspace/ros2_ws/src/vision_opencv/image_geometry -DCMAKE_INSTALL_PREFIX=/home/bryan/Workspace/ros2_ws/install/image_geometry
[6.409s] DEBUG:colcon.colcon_core.event_handler.log_command:Invoking command in '/home/bryan/Workspace/ros2_ws/build/image_geometry': CMAKE_PREFIX_PATH=${CMAKE_PREFIX_PATH}:/home/bryan/Workspace/ros2_ws/install/sprint2:/home/bryan/Workspace/ros2_ws/install/launch_testing_examples:/home/bryan/Workspace/ros2_ws/install/image_converter:/home/bryan/Workspace/ros2_ws/install/first_package:/home/bryan/Workspace/ros2_ws/install/examples_rclpy_pointcloud_publisher:/home/bryan/Workspace/ros2_ws/install/examples_rclpy_minimal_subscriber:/home/bryan/Workspace/ros2_ws/install/examples_rclpy_minimal_service:/home/bryan/Workspace/ros2_ws/install/examples_rclpy_minimal_publisher:/home/bryan/Workspace/ros2_ws/install/examples_rclpy_minimal_client:/home/bryan/Workspace/ros2_ws/install/examples_rclpy_minimal_action_server:/home/bryan/Workspace/ros2_ws/install/examples_rclpy_minimal_action_client:/home/bryan/Workspace/ros2_ws/install/examples_rclpy_guard_conditions:/home/bryan/Workspace/ros2_ws/install/examples_rclpy_executors:/home/bryan/Workspace/ros2_ws/install/camera_calibration:/opt/ros/humble /usr/bin/cmake --build /home/bryan/Workspace/ros2_ws/build/image_geometry -- -j3 -l3
[7.530s] DEBUG:colcon.colcon_core.event_handler.log_command:Invoked command in '/home/bryan/Workspace/ros2_ws/build/examples_rclcpp_cbg_executor' returned '0': CMAKE_PREFIX_PATH=${CMAKE_PREFIX_PATH}:/home/bryan/Workspace/ros2_ws/install/sprint2:/home/bryan/Workspace/ros2_ws/install/launch_testing_examples:/home/bryan/Workspace/ros2_ws/install/image_converter:/home/bryan/Workspace/ros2_ws/install/first_package:/home/bryan/Workspace/ros2_ws/install/examples_rclpy_pointcloud_publisher:/home/bryan/Workspace/ros2_ws/install/examples_rclpy_minimal_subscriber:/home/bryan/Workspace/ros2_ws/install/examples_rclpy_minimal_service:/home/bryan/Workspace/ros2_ws/install/examples_rclpy_minimal_publisher:/home/bryan/Workspace/ros2_ws/install/examples_rclpy_minimal_client:/home/bryan/Workspace/ros2_ws/install/examples_rclpy_minimal_action_server:/home/bryan/Workspace/ros2_ws/install/examples_rclpy_minimal_action_client:/home/bryan/Workspace/ros2_ws/install/examples_rclpy_guard_conditions:/home/bryan/Workspace/ros2_ws/install/examples_rclpy_executors:/home/bryan/Workspace/ros2_ws/install/camera_calibration:/opt/ros/humble /usr/bin/cmake /home/bryan/Workspace/ros2_ws/src/examples/rclcpp/executors/cbg_executor -DCMAKE_INSTALL_PREFIX=/home/bryan/Workspace/ros2_ws/install/examples_rclcpp_cbg_executor
[7.531s] DEBUG:colcon.colcon_core.event_handler.log_command:Invoking command in '/home/bryan/Workspace/ros2_ws/build/examples_rclcpp_cbg_executor': CMAKE_PREFIX_PATH=${CMAKE_PREFIX_PATH}:/home/bryan/Workspace/ros2_ws/install/sprint2:/home/bryan/Workspace/ros2_ws/install/launch_testing_examples:/home/bryan/Workspace/ros2_ws/install/image_converter:/home/bryan/Workspace/ros2_ws/install/first_package:/home/bryan/Workspace/ros2_ws/install/examples_rclpy_pointcloud_publisher:/home/bryan/Workspace/ros2_ws/install/examples_rclpy_minimal_subscriber:/home/bryan/Workspace/ros2_ws/install/examples_rclpy_minimal_service:/home/bryan/Workspace/ros2_ws/install/examples_rclpy_minimal_publisher:/home/bryan/Workspace/ros2_ws/install/examples_rclpy_minimal_client:/home/bryan/Workspace/ros2_ws/install/examples_rclpy_minimal_action_server:/home/bryan/Workspace/ros2_ws/install/examples_rclpy_minimal_action_client:/home/bryan/Workspace/ros2_ws/install/examples_rclpy_guard_conditions:/home/bryan/Workspace/ros2_ws/install/examples_rclpy_executors:/home/bryan/Workspace/ros2_ws/install/camera_calibration:/opt/ros/humble /usr/bin/cmake --build /home/bryan/Workspace/ros2_ws/build/examples_rclcpp_cbg_executor -- -j3 -l3
[9.635s] DEBUG:colcon.colcon_core.event_handler.log_command:Invoked command in '/home/bryan/Workspace/ros2_ws/build/examples_rclcpp_cbg_executor' returned '0': CMAKE_PREFIX_PATH=${CMAKE_PREFIX_PATH}:/home/bryan/Workspace/ros2_ws/install/sprint2:/home/bryan/Workspace/ros2_ws/install/launch_testing_examples:/home/bryan/Workspace/ros2_ws/install/image_converter:/home/bryan/Workspace/ros2_ws/install/first_package:/home/bryan/Workspace/ros2_ws/install/examples_rclpy_pointcloud_publisher:/home/bryan/Workspace/ros2_ws/install/examples_rclpy_minimal_subscriber:/home/bryan/Workspace/ros2_ws/install/examples_rclpy_minimal_service:/home/bryan/Workspace/ros2_ws/install/examples_rclpy_minimal_publisher:/home/bryan/Workspace/ros2_ws/install/examples_rclpy_minimal_client:/home/bryan/Workspace/ros2_ws/install/examples_rclpy_minimal_action_server:/home/bryan/Workspace/ros2_ws/install/examples_rclpy_minimal_action_client:/home/bryan/Workspace/ros2_ws/install/examples_rclpy_guard_conditions:/home/bryan/Workspace/ros2_ws/install/examples_rclpy_executors:/home/bryan/Workspace/ros2_ws/install/camera_calibration:/opt/ros/humble /usr/bin/cmake --build /home/bryan/Workspace/ros2_ws/build/examples_rclcpp_cbg_executor -- -j3 -l3
[9.707s] DEBUG:colcon.colcon_core.event_handler.log_command:Invoking command in '/home/bryan/Workspace/ros2_ws/build/examples_rclcpp_cbg_executor': CMAKE_PREFIX_PATH=${CMAKE_PREFIX_PATH}:/home/bryan/Workspace/ros2_ws/install/sprint2:/home/bryan/Workspace/ros2_ws/install/launch_testing_examples:/home/bryan/Workspace/ros2_ws/install/image_converter:/home/bryan/Workspace/ros2_ws/install/first_package:/home/bryan/Workspace/ros2_ws/install/examples_rclpy_pointcloud_publisher:/home/bryan/Workspace/ros2_ws/install/examples_rclpy_minimal_subscriber:/home/bryan/Workspace/ros2_ws/install/examples_rclpy_minimal_service:/home/bryan/Workspace/ros2_ws/install/examples_rclpy_minimal_publisher:/home/bryan/Workspace/ros2_ws/install/examples_rclpy_minimal_client:/home/bryan/Workspace/ros2_ws/install/examples_rclpy_minimal_action_server:/home/bryan/Workspace/ros2_ws/install/examples_rclpy_minimal_action_client:/home/bryan/Workspace/ros2_ws/install/examples_rclpy_guard_conditions:/home/bryan/Workspace/ros2_ws/install/examples_rclpy_executors:/home/bryan/Workspace/ros2_ws/install/camera_calibration:/opt/ros/humble /usr/bin/cmake --install /home/bryan/Workspace/ros2_ws/build/examples_rclcpp_cbg_executor
[10.001s] Level 1:colcon.colcon_core.environment:create_environment_scripts_only(examples_rclcpp_cbg_executor)
[10.003s] Level 1:colcon.colcon_core.environment:checking '/home/bryan/Workspace/ros2_ws/install/examples_rclcpp_cbg_executor' for CMake module files
[10.006s] DEBUG:colcon.colcon_core.event_handler.log_command:Invoked command in '/home/bryan/Workspace/ros2_ws/build/examples_rclcpp_cbg_executor' returned '0': CMAKE_PREFIX_PATH=${CMAKE_PREFIX_PATH}:/home/bryan/Workspace/ros2_ws/install/sprint2:/home/bryan/Workspace/ros2_ws/install/launch_testing_examples:/home/bryan/Workspace/ros2_ws/install/image_converter:/home/bryan/Workspace/ros2_ws/install/first_package:/home/bryan/Workspace/ros2_ws/install/examples_rclpy_pointcloud_publisher:/home/bryan/Workspace/ros2_ws/install/examples_rclpy_minimal_subscriber:/home/bryan/Workspace/ros2_ws/install/examples_rclpy_minimal_service:/home/bryan/Workspace/ros2_ws/install/examples_rclpy_minimal_publisher:/home/bryan/Workspace/ros2_ws/install/examples_rclpy_minimal_client:/home/bryan/Workspace/ros2_ws/install/examples_rclpy_minimal_action_server:/home/bryan/Workspace/ros2_ws/install/examples_rclpy_minimal_action_client:/home/bryan/Workspace/ros2_ws/install/examples_rclpy_guard_conditions:/home/bryan/Workspace/ros2_ws/install/examples_rclpy_executors:/home/bryan/Workspace/ros2_ws/install/camera_calibration:/opt/ros/humble /usr/bin/cmake --install /home/bryan/Workspace/ros2_ws/build/examples_rclcpp_cbg_executor
[10.008s] Level 1:colcon.colcon_core.environment:checking '/home/bryan/Workspace/ros2_ws/install/examples_rclcpp_cbg_executor' for CMake config files
[10.009s] Level 1:colcon.colcon_core.shell:create_environment_hook('examples_rclcpp_cbg_executor', 'cmake_prefix_path')
[10.010s] INFO:colcon.colcon_core.shell:Creating environment hook '/home/bryan/Workspace/ros2_ws/install/examples_rclcpp_cbg_executor/share/examples_rclcpp_cbg_executor/hook/cmake_prefix_path.ps1'
[10.080s] INFO:colcon.colcon_core.shell:Creating environment descriptor '/home/bryan/Workspace/ros2_ws/install/examples_rclcpp_cbg_executor/share/examples_rclcpp_cbg_executor/hook/cmake_prefix_path.dsv'
[10.083s] INFO:colcon.colcon_core.shell:Creating environment hook '/home/bryan/Workspace/ros2_ws/install/examples_rclcpp_cbg_executor/share/examples_rclcpp_cbg_executor/hook/cmake_prefix_path.sh'
[10.086s] Level 1:colcon.colcon_core.environment:checking '/home/bryan/Workspace/ros2_ws/install/examples_rclcpp_cbg_executor/lib'
[10.086s] Level 1:colcon.colcon_core.environment:checking '/home/bryan/Workspace/ros2_ws/install/examples_rclcpp_cbg_executor/bin'
[10.086s] Level 1:colcon.colcon_core.environment:checking '/home/bryan/Workspace/ros2_ws/install/examples_rclcpp_cbg_executor/lib/pkgconfig/examples_rclcpp_cbg_executor.pc'
[10.087s] Level 1:colcon.colcon_core.environment:checking '/home/bryan/Workspace/ros2_ws/install/examples_rclcpp_cbg_executor/lib/python3.10/site-packages'
[10.087s] Level 1:colcon.colcon_core.environment:checking '/home/bryan/Workspace/ros2_ws/install/examples_rclcpp_cbg_executor/bin'
[10.088s] INFO:colcon.colcon_core.shell:Creating package script '/home/bryan/Workspace/ros2_ws/install/examples_rclcpp_cbg_executor/share/examples_rclcpp_cbg_executor/package.ps1'
[10.089s] INFO:colcon.colcon_core.shell:Creating package descriptor '/home/bryan/Workspace/ros2_ws/install/examples_rclcpp_cbg_executor/share/examples_rclcpp_cbg_executor/package.dsv'
[10.091s] INFO:colcon.colcon_core.shell:Creating package script '/home/bryan/Workspace/ros2_ws/install/examples_rclcpp_cbg_executor/share/examples_rclcpp_cbg_executor/package.sh'
[10.094s] INFO:colcon.colcon_core.shell:Creating package script '/home/bryan/Workspace/ros2_ws/install/examples_rclcpp_cbg_executor/share/examples_rclcpp_cbg_executor/package.bash'
[10.095s] INFO:colcon.colcon_core.shell:Creating package script '/home/bryan/Workspace/ros2_ws/install/examples_rclcpp_cbg_executor/share/examples_rclcpp_cbg_executor/package.zsh'
[10.097s] Level 1:colcon.colcon_core.environment:create_file_with_runtime_dependencies(/home/bryan/Workspace/ros2_ws/install/examples_rclcpp_cbg_executor/share/colcon-core/packages/examples_rclcpp_cbg_executor)
[10.099s] Level 1:colcon.colcon_core.environment:create_environment_scripts_only(examples_rclcpp_cbg_executor)
[10.100s] Level 1:colcon.colcon_core.environment:checking '/home/bryan/Workspace/ros2_ws/install/examples_rclcpp_cbg_executor' for CMake module files
[10.101s] Level 1:colcon.colcon_core.environment:checking '/home/bryan/Workspace/ros2_ws/install/examples_rclcpp_cbg_executor' for CMake config files
[10.101s] Level 1:colcon.colcon_core.shell:create_environment_hook('examples_rclcpp_cbg_executor', 'cmake_prefix_path')
[10.101s] INFO:colcon.colcon_core.shell:Creating environment hook '/home/bryan/Workspace/ros2_ws/install/examples_rclcpp_cbg_executor/share/examples_rclcpp_cbg_executor/hook/cmake_prefix_path.ps1'
[10.102s] INFO:colcon.colcon_core.shell:Creating environment descriptor '/home/bryan/Workspace/ros2_ws/install/examples_rclcpp_cbg_executor/share/examples_rclcpp_cbg_executor/hook/cmake_prefix_path.dsv'
[10.106s] INFO:colcon.colcon_core.shell:Creating environment hook '/home/bryan/Workspace/ros2_ws/install/examples_rclcpp_cbg_executor/share/examples_rclcpp_cbg_executor/hook/cmake_prefix_path.sh'
[10.128s] Level 1:colcon.colcon_core.environment:checking '/home/bryan/Workspace/ros2_ws/install/examples_rclcpp_cbg_executor/lib'
[10.133s] Level 1:colcon.colcon_core.environment:checking '/home/bryan/Workspace/ros2_ws/install/examples_rclcpp_cbg_executor/bin'
[10.133s] Level 1:colcon.colcon_core.environment:checking '/home/bryan/Workspace/ros2_ws/install/examples_rclcpp_cbg_executor/lib/pkgconfig/examples_rclcpp_cbg_executor.pc'
[10.134s] Level 1:colcon.colcon_core.environment:checking '/home/bryan/Workspace/ros2_ws/install/examples_rclcpp_cbg_executor/lib/python3.10/site-packages'
[10.135s] Level 1:colcon.colcon_core.environment:checking '/home/bryan/Workspace/ros2_ws/install/examples_rclcpp_cbg_executor/bin'
[10.135s] INFO:colcon.colcon_core.shell:Creating package script '/home/bryan/Workspace/ros2_ws/install/examples_rclcpp_cbg_executor/share/examples_rclcpp_cbg_executor/package.ps1'
[10.152s] INFO:colcon.colcon_core.shell:Creating package descriptor '/home/bryan/Workspace/ros2_ws/install/examples_rclcpp_cbg_executor/share/examples_rclcpp_cbg_executor/package.dsv'
[10.222s] INFO:colcon.colcon_core.shell:Creating package script '/home/bryan/Workspace/ros2_ws/install/examples_rclcpp_cbg_executor/share/examples_rclcpp_cbg_executor/package.sh'
[10.228s] INFO:colcon.colcon_core.shell:Creating package script '/home/bryan/Workspace/ros2_ws/install/examples_rclcpp_cbg_executor/share/examples_rclcpp_cbg_executor/package.bash'
[10.230s] INFO:colcon.colcon_core.shell:Creating package script '/home/bryan/Workspace/ros2_ws/install/examples_rclcpp_cbg_executor/share/examples_rclcpp_cbg_executor/package.zsh'
[10.232s] Level 1:colcon.colcon_core.environment:create_file_with_runtime_dependencies(/home/bryan/Workspace/ros2_ws/install/examples_rclcpp_cbg_executor/share/colcon-core/packages/examples_rclcpp_cbg_executor)
[10.234s] INFO:colcon.colcon_ros.task.ament_cmake.build:Building ROS package in '/home/bryan/Workspace/ros2_ws/src/examples/rclcpp/actions/minimal_action_client' with build type 'ament_cmake'
[10.234s] INFO:colcon.colcon_cmake.task.cmake.build:Building CMake package in '/home/bryan/Workspace/ros2_ws/src/examples/rclcpp/actions/minimal_action_client'
[10.234s] INFO:colcon.colcon_core.shell:Skip shell extension 'powershell' for command environment: Not usable outside of PowerShell
[10.234s] DEBUG:colcon.colcon_core.shell:Skip shell extension 'dsv' for command environment
[10.474s] DEBUG:colcon.colcon_core.event_handler.log_command:Invoking command in '/home/bryan/Workspace/ros2_ws/build/examples_rclcpp_minimal_action_client': CMAKE_PREFIX_PATH=${CMAKE_PREFIX_PATH}:/home/bryan/Workspace/ros2_ws/install/sprint2:/home/bryan/Workspace/ros2_ws/install/launch_testing_examples:/home/bryan/Workspace/ros2_ws/install/image_converter:/home/bryan/Workspace/ros2_ws/install/first_package:/home/bryan/Workspace/ros2_ws/install/examples_rclpy_pointcloud_publisher:/home/bryan/Workspace/ros2_ws/install/examples_rclpy_minimal_subscriber:/home/bryan/Workspace/ros2_ws/install/examples_rclpy_minimal_service:/home/bryan/Workspace/ros2_ws/install/examples_rclpy_minimal_publisher:/home/bryan/Workspace/ros2_ws/install/examples_rclpy_minimal_client:/home/bryan/Workspace/ros2_ws/install/examples_rclpy_minimal_action_server:/home/bryan/Workspace/ros2_ws/install/examples_rclpy_minimal_action_client:/home/bryan/Workspace/ros2_ws/install/examples_rclpy_guard_conditions:/home/bryan/Workspace/ros2_ws/install/examples_rclpy_executors:/home/bryan/Workspace/ros2_ws/install/camera_calibration:/opt/ros/humble /usr/bin/cmake /home/bryan/Workspace/ros2_ws/src/examples/rclcpp/actions/minimal_action_client -DCMAKE_INSTALL_PREFIX=/home/bryan/Workspace/ros2_ws/install/examples_rclcpp_minimal_action_client
[13.819s] DEBUG:colcon.colcon_core.event_handler.log_command:Invoked command in '/home/bryan/Workspace/ros2_ws/build/examples_rclcpp_minimal_action_client' returned '0': CMAKE_PREFIX_PATH=${CMAKE_PREFIX_PATH}:/home/bryan/Workspace/ros2_ws/install/sprint2:/home/bryan/Workspace/ros2_ws/install/launch_testing_examples:/home/bryan/Workspace/ros2_ws/install/image_converter:/home/bryan/Workspace/ros2_ws/install/first_package:/home/bryan/Workspace/ros2_ws/install/examples_rclpy_pointcloud_publisher:/home/bryan/Workspace/ros2_ws/install/examples_rclpy_minimal_subscriber:/home/bryan/Workspace/ros2_ws/install/examples_rclpy_minimal_service:/home/bryan/Workspace/ros2_ws/install/examples_rclpy_minimal_publisher:/home/bryan/Workspace/ros2_ws/install/examples_rclpy_minimal_client:/home/bryan/Workspace/ros2_ws/install/examples_rclpy_minimal_action_server:/home/bryan/Workspace/ros2_ws/install/examples_rclpy_minimal_action_client:/home/bryan/Workspace/ros2_ws/install/examples_rclpy_guard_conditions:/home/bryan/Workspace/ros2_ws/install/examples_rclpy_executors:/home/bryan/Workspace/ros2_ws/install/camera_calibration:/opt/ros/humble /usr/bin/cmake /home/bryan/Workspace/ros2_ws/src/examples/rclcpp/actions/minimal_action_client -DCMAKE_INSTALL_PREFIX=/home/bryan/Workspace/ros2_ws/install/examples_rclcpp_minimal_action_client
[13.860s] DEBUG:colcon.colcon_core.event_handler.log_command:Invoking command in '/home/bryan/Workspace/ros2_ws/build/examples_rclcpp_minimal_action_client': CMAKE_PREFIX_PATH=${CMAKE_PREFIX_PATH}:/home/bryan/Workspace/ros2_ws/install/sprint2:/home/bryan/Workspace/ros2_ws/install/launch_testing_examples:/home/bryan/Workspace/ros2_ws/install/image_converter:/home/bryan/Workspace/ros2_ws/install/first_package:/home/bryan/Workspace/ros2_ws/install/examples_rclpy_pointcloud_publisher:/home/bryan/Workspace/ros2_ws/install/examples_rclpy_minimal_subscriber:/home/bryan/Workspace/ros2_ws/install/examples_rclpy_minimal_service:/home/bryan/Workspace/ros2_ws/install/examples_rclpy_minimal_publisher:/home/bryan/Workspace/ros2_ws/install/examples_rclpy_minimal_client:/home/bryan/Workspace/ros2_ws/install/examples_rclpy_minimal_action_server:/home/bryan/Workspace/ros2_ws/install/examples_rclpy_minimal_action_client:/home/bryan/Workspace/ros2_ws/install/examples_rclpy_guard_conditions:/home/bryan/Workspace/ros2_ws/install/examples_rclpy_executors:/home/bryan/Workspace/ros2_ws/install/camera_calibration:/opt/ros/humble /usr/bin/cmake --build /home/bryan/Workspace/ros2_ws/build/examples_rclcpp_minimal_action_client -- -j3 -l3
[15.285s] DEBUG:colcon.colcon_core.event_handler.log_command:Invoked command in '/home/bryan/Workspace/ros2_ws/build/examples_rclcpp_minimal_action_client' returned '0': CMAKE_PREFIX_PATH=${CMAKE_PREFIX_PATH}:/home/bryan/Workspace/ros2_ws/install/sprint2:/home/bryan/Workspace/ros2_ws/install/launch_testing_examples:/home/bryan/Workspace/ros2_ws/install/image_converter:/home/bryan/Workspace/ros2_ws/install/first_package:/home/bryan/Workspace/ros2_ws/install/examples_rclpy_pointcloud_publisher:/home/bryan/Workspace/ros2_ws/install/examples_rclpy_minimal_subscriber:/home/bryan/Workspace/ros2_ws/install/examples_rclpy_minimal_service:/home/bryan/Workspace/ros2_ws/install/examples_rclpy_minimal_publisher:/home/bryan/Workspace/ros2_ws/install/examples_rclpy_minimal_client:/home/bryan/Workspace/ros2_ws/install/examples_rclpy_minimal_action_server:/home/bryan/Workspace/ros2_ws/install/examples_rclpy_minimal_action_client:/home/bryan/Workspace/ros2_ws/install/examples_rclpy_guard_conditions:/home/bryan/Workspace/ros2_ws/install/examples_rclpy_executors:/home/bryan/Workspace/ros2_ws/install/camera_calibration:/opt/ros/humble /usr/bin/cmake --build /home/bryan/Workspace/ros2_ws/build/examples_rclcpp_minimal_action_client -- -j3 -l3
[15.355s] DEBUG:colcon.colcon_core.event_handler.log_command:Invoking command in '/home/bryan/Workspace/ros2_ws/build/examples_rclcpp_minimal_action_client': CMAKE_PREFIX_PATH=${CMAKE_PREFIX_PATH}:/home/bryan/Workspace/ros2_ws/install/sprint2:/home/bryan/Workspace/ros2_ws/install/launch_testing_examples:/home/bryan/Workspace/ros2_ws/install/image_converter:/home/bryan/Workspace/ros2_ws/install/first_package:/home/bryan/Workspace/ros2_ws/install/examples_rclpy_pointcloud_publisher:/home/bryan/Workspace/ros2_ws/install/examples_rclpy_minimal_subscriber:/home/bryan/Workspace/ros2_ws/install/examples_rclpy_minimal_service:/home/bryan/Workspace/ros2_ws/install/examples_rclpy_minimal_publisher:/home/bryan/Workspace/ros2_ws/install/examples_rclpy_minimal_client:/home/bryan/Workspace/ros2_ws/install/examples_rclpy_minimal_action_server:/home/bryan/Workspace/ros2_ws/install/examples_rclpy_minimal_action_client:/home/bryan/Workspace/ros2_ws/install/examples_rclpy_guard_conditions:/home/bryan/Workspace/ros2_ws/install/examples_rclpy_executors:/home/bryan/Workspace/ros2_ws/install/camera_calibration:/opt/ros/humble /usr/bin/cmake --install /home/bryan/Workspace/ros2_ws/build/examples_rclcpp_minimal_action_client
[15.533s] Level 1:colcon.colcon_core.environment:create_environment_scripts_only(examples_rclcpp_minimal_action_client)
[15.534s] Level 1:colcon.colcon_core.environment:checking '/home/bryan/Workspace/ros2_ws/install/examples_rclcpp_minimal_action_client' for CMake module files
[15.534s] Level 1:colcon.colcon_core.environment:checking '/home/bryan/Workspace/ros2_ws/install/examples_rclcpp_minimal_action_client' for CMake config files
[15.535s] Level 1:colcon.colcon_core.shell:create_environment_hook('examples_rclcpp_minimal_action_client', 'cmake_prefix_path')
[15.535s] INFO:colcon.colcon_core.shell:Creating environment hook '/home/bryan/Workspace/ros2_ws/install/examples_rclcpp_minimal_action_client/share/examples_rclcpp_minimal_action_client/hook/cmake_prefix_path.ps1'
[15.537s] INFO:colcon.colcon_core.shell:Creating environment descriptor '/home/bryan/Workspace/ros2_ws/install/examples_rclcpp_minimal_action_client/share/examples_rclcpp_minimal_action_client/hook/cmake_prefix_path.dsv'
[15.538s] INFO:colcon.colcon_core.shell:Creating environment hook '/home/bryan/Workspace/ros2_ws/install/examples_rclcpp_minimal_action_client/share/examples_rclcpp_minimal_action_client/hook/cmake_prefix_path.sh'
[15.540s] Level 1:colcon.colcon_core.environment:checking '/home/bryan/Workspace/ros2_ws/install/examples_rclcpp_minimal_action_client/lib'
[15.540s] Level 1:colcon.colcon_core.environment:checking '/home/bryan/Workspace/ros2_ws/install/examples_rclcpp_minimal_action_client/bin'
[15.540s] Level 1:colcon.colcon_core.environment:checking '/home/bryan/Workspace/ros2_ws/install/examples_rclcpp_minimal_action_client/lib/pkgconfig/examples_rclcpp_minimal_action_client.pc'
[15.540s] Level 1:colcon.colcon_core.environment:checking '/home/bryan/Workspace/ros2_ws/install/examples_rclcpp_minimal_action_client/lib/python3.10/site-packages'
[15.541s] Level 1:colcon.colcon_core.environment:checking '/home/bryan/Workspace/ros2_ws/install/examples_rclcpp_minimal_action_client/bin'
[15.541s] INFO:colcon.colcon_core.shell:Creating package script '/home/bryan/Workspace/ros2_ws/install/examples_rclcpp_minimal_action_client/share/examples_rclcpp_minimal_action_client/package.ps1'
[15.543s] INFO:colcon.colcon_core.shell:Creating package descriptor '/home/bryan/Workspace/ros2_ws/install/examples_rclcpp_minimal_action_client/share/examples_rclcpp_minimal_action_client/package.dsv'
[15.544s] INFO:colcon.colcon_core.shell:Creating package script '/home/bryan/Workspace/ros2_ws/install/examples_rclcpp_minimal_action_client/share/examples_rclcpp_minimal_action_client/package.sh'
[15.545s] INFO:colcon.colcon_core.shell:Creating package script '/home/bryan/Workspace/ros2_ws/install/examples_rclcpp_minimal_action_client/share/examples_rclcpp_minimal_action_client/package.bash'
[15.546s] INFO:colcon.colcon_core.shell:Creating package script '/home/bryan/Workspace/ros2_ws/install/examples_rclcpp_minimal_action_client/share/examples_rclcpp_minimal_action_client/package.zsh'
[15.548s] Level 1:colcon.colcon_core.environment:create_file_with_runtime_dependencies(/home/bryan/Workspace/ros2_ws/install/examples_rclcpp_minimal_action_client/share/colcon-core/packages/examples_rclcpp_minimal_action_client)
[15.549s] Level 1:colcon.colcon_core.environment:create_environment_scripts_only(examples_rclcpp_minimal_action_client)
[15.550s] Level 1:colcon.colcon_core.environment:checking '/home/bryan/Workspace/ros2_ws/install/examples_rclcpp_minimal_action_client' for CMake module files
[15.550s] Level 1:colcon.colcon_core.environment:checking '/home/bryan/Workspace/ros2_ws/install/examples_rclcpp_minimal_action_client' for CMake config files
[15.551s] Level 1:colcon.colcon_core.shell:create_environment_hook('examples_rclcpp_minimal_action_client', 'cmake_prefix_path')
[15.551s] INFO:colcon.colcon_core.shell:Creating environment hook '/home/bryan/Workspace/ros2_ws/install/examples_rclcpp_minimal_action_client/share/examples_rclcpp_minimal_action_client/hook/cmake_prefix_path.ps1'
[15.553s] INFO:colcon.colcon_core.shell:Creating environment descriptor '/home/bryan/Workspace/ros2_ws/install/examples_rclcpp_minimal_action_client/share/examples_rclcpp_minimal_action_client/hook/cmake_prefix_path.dsv'
[15.554s] INFO:colcon.colcon_core.shell:Creating environment hook '/home/bryan/Workspace/ros2_ws/install/examples_rclcpp_minimal_action_client/share/examples_rclcpp_minimal_action_client/hook/cmake_prefix_path.sh'
[15.556s] Level 1:colcon.colcon_core.environment:checking '/home/bryan/Workspace/ros2_ws/install/examples_rclcpp_minimal_action_client/lib'
[15.556s] Level 1:colcon.colcon_core.environment:checking '/home/bryan/Workspace/ros2_ws/install/examples_rclcpp_minimal_action_client/bin'
[15.556s] Level 1:colcon.colcon_core.environment:checking '/home/bryan/Workspace/ros2_ws/install/examples_rclcpp_minimal_action_client/lib/pkgconfig/examples_rclcpp_minimal_action_client.pc'
[15.556s] Level 1:colcon.colcon_core.environment:checking '/home/bryan/Workspace/ros2_ws/install/examples_rclcpp_minimal_action_client/lib/python3.10/site-packages'
[15.557s] Level 1:colcon.colcon_core.environment:checking '/home/bryan/Workspace/ros2_ws/install/examples_rclcpp_minimal_action_client/bin'
[15.557s] INFO:colcon.colcon_core.shell:Creating package script '/home/bryan/Workspace/ros2_ws/install/examples_rclcpp_minimal_action_client/share/examples_rclcpp_minimal_action_client/package.ps1'
[15.558s] INFO:colcon.colcon_core.shell:Creating package descriptor '/home/bryan/Workspace/ros2_ws/install/examples_rclcpp_minimal_action_client/share/examples_rclcpp_minimal_action_client/package.dsv'
[15.560s] INFO:colcon.colcon_core.shell:Creating package script '/home/bryan/Workspace/ros2_ws/install/examples_rclcpp_minimal_action_client/share/examples_rclcpp_minimal_action_client/package.sh'
[15.562s] INFO:colcon.colcon_core.shell:Creating package script '/home/bryan/Workspace/ros2_ws/install/examples_rclcpp_minimal_action_client/share/examples_rclcpp_minimal_action_client/package.bash'
[15.563s] INFO:colcon.colcon_core.shell:Creating package script '/home/bryan/Workspace/ros2_ws/install/examples_rclcpp_minimal_action_client/share/examples_rclcpp_minimal_action_client/package.zsh'
[15.565s] Level 1:colcon.colcon_core.environment:create_file_with_runtime_dependencies(/home/bryan/Workspace/ros2_ws/install/examples_rclcpp_minimal_action_client/share/colcon-core/packages/examples_rclcpp_minimal_action_client)
[15.566s] INFO:colcon.colcon_ros.task.ament_cmake.build:Building ROS package in '/home/bryan/Workspace/ros2_ws/src/examples/rclcpp/actions/minimal_action_server' with build type 'ament_cmake'
[15.567s] INFO:colcon.colcon_cmake.task.cmake.build:Building CMake package in '/home/bryan/Workspace/ros2_ws/src/examples/rclcpp/actions/minimal_action_server'
[15.567s] INFO:colcon.colcon_core.shell:Skip shell extension 'powershell' for command environment: Not usable outside of PowerShell
[15.567s] DEBUG:colcon.colcon_core.shell:Skip shell extension 'dsv' for command environment
[15.843s] DEBUG:colcon.colcon_core.event_handler.log_command:Invoked command in '/home/bryan/Workspace/ros2_ws/build/examples_rclcpp_minimal_action_client' returned '0': CMAKE_PREFIX_PATH=${CMAKE_PREFIX_PATH}:/home/bryan/Workspace/ros2_ws/install/sprint2:/home/bryan/Workspace/ros2_ws/install/launch_testing_examples:/home/bryan/Workspace/ros2_ws/install/image_converter:/home/bryan/Workspace/ros2_ws/install/first_package:/home/bryan/Workspace/ros2_ws/install/examples_rclpy_pointcloud_publisher:/home/bryan/Workspace/ros2_ws/install/examples_rclpy_minimal_subscriber:/home/bryan/Workspace/ros2_ws/install/examples_rclpy_minimal_service:/home/bryan/Workspace/ros2_ws/install/examples_rclpy_minimal_publisher:/home/bryan/Workspace/ros2_ws/install/examples_rclpy_minimal_client:/home/bryan/Workspace/ros2_ws/install/examples_rclpy_minimal_action_server:/home/bryan/Workspace/ros2_ws/install/examples_rclpy_minimal_action_client:/home/bryan/Workspace/ros2_ws/install/examples_rclpy_guard_conditions:/home/bryan/Workspace/ros2_ws/install/examples_rclpy_executors:/home/bryan/Workspace/ros2_ws/install/camera_calibration:/opt/ros/humble /usr/bin/cmake --install /home/bryan/Workspace/ros2_ws/build/examples_rclcpp_minimal_action_client
[15.955s] DEBUG:colcon.colcon_core.event_handler.log_command:Invoking command in '/home/bryan/Workspace/ros2_ws/build/examples_rclcpp_minimal_action_server': CMAKE_PREFIX_PATH=${CMAKE_PREFIX_PATH}:/home/bryan/Workspace/ros2_ws/install/sprint2:/home/bryan/Workspace/ros2_ws/install/launch_testing_examples:/home/bryan/Workspace/ros2_ws/install/image_converter:/home/bryan/Workspace/ros2_ws/install/first_package:/home/bryan/Workspace/ros2_ws/install/examples_rclpy_pointcloud_publisher:/home/bryan/Workspace/ros2_ws/install/examples_rclpy_minimal_subscriber:/home/bryan/Workspace/ros2_ws/install/examples_rclpy_minimal_service:/home/bryan/Workspace/ros2_ws/install/examples_rclpy_minimal_publisher:/home/bryan/Workspace/ros2_ws/install/examples_rclpy_minimal_client:/home/bryan/Workspace/ros2_ws/install/examples_rclpy_minimal_action_server:/home/bryan/Workspace/ros2_ws/install/examples_rclpy_minimal_action_client:/home/bryan/Workspace/ros2_ws/install/examples_rclpy_guard_conditions:/home/bryan/Workspace/ros2_ws/install/examples_rclpy_executors:/home/bryan/Workspace/ros2_ws/install/camera_calibration:/opt/ros/humble /usr/bin/cmake /home/bryan/Workspace/ros2_ws/src/examples/rclcpp/actions/minimal_action_server -DCMAKE_INSTALL_PREFIX=/home/bryan/Workspace/ros2_ws/install/examples_rclcpp_minimal_action_server
[17.450s] DEBUG:colcon.colcon_core.event_handler.log_command:Invoked command in '/home/bryan/Workspace/ros2_ws/build/cv_bridge' returned '0': CMAKE_PREFIX_PATH=${CMAKE_PREFIX_PATH}:/home/bryan/Workspace/ros2_ws/install/sprint2:/home/bryan/Workspace/ros2_ws/install/launch_testing_examples:/home/bryan/Workspace/ros2_ws/install/image_converter:/home/bryan/Workspace/ros2_ws/install/first_package:/home/bryan/Workspace/ros2_ws/install/examples_rclpy_pointcloud_publisher:/home/bryan/Workspace/ros2_ws/install/examples_rclpy_minimal_subscriber:/home/bryan/Workspace/ros2_ws/install/examples_rclpy_minimal_service:/home/bryan/Workspace/ros2_ws/install/examples_rclpy_minimal_publisher:/home/bryan/Workspace/ros2_ws/install/examples_rclpy_minimal_client:/home/bryan/Workspace/ros2_ws/install/examples_rclpy_minimal_action_server:/home/bryan/Workspace/ros2_ws/install/examples_rclpy_minimal_action_client:/home/bryan/Workspace/ros2_ws/install/examples_rclpy_guard_conditions:/home/bryan/Workspace/ros2_ws/install/examples_rclpy_executors:/home/bryan/Workspace/ros2_ws/install/camera_calibration:/opt/ros/humble /usr/bin/cmake /home/bryan/Workspace/ros2_ws/src/vision_opencv/cv_bridge -DCMAKE_INSTALL_PREFIX=/home/bryan/Workspace/ros2_ws/install/cv_bridge
[17.480s] DEBUG:colcon.colcon_core.event_handler.log_command:Invoking command in '/home/bryan/Workspace/ros2_ws/build/cv_bridge': CMAKE_PREFIX_PATH=${CMAKE_PREFIX_PATH}:/home/bryan/Workspace/ros2_ws/install/sprint2:/home/bryan/Workspace/ros2_ws/install/launch_testing_examples:/home/bryan/Workspace/ros2_ws/install/image_converter:/home/bryan/Workspace/ros2_ws/install/first_package:/home/bryan/Workspace/ros2_ws/install/examples_rclpy_pointcloud_publisher:/home/bryan/Workspace/ros2_ws/install/examples_rclpy_minimal_subscriber:/home/bryan/Workspace/ros2_ws/install/examples_rclpy_minimal_service:/home/bryan/Workspace/ros2_ws/install/examples_rclpy_minimal_publisher:/home/bryan/Workspace/ros2_ws/install/examples_rclpy_minimal_client:/home/bryan/Workspace/ros2_ws/install/examples_rclpy_minimal_action_server:/home/bryan/Workspace/ros2_ws/install/examples_rclpy_minimal_action_client:/home/bryan/Workspace/ros2_ws/install/examples_rclpy_guard_conditions:/home/bryan/Workspace/ros2_ws/install/examples_rclpy_executors:/home/bryan/Workspace/ros2_ws/install/camera_calibration:/opt/ros/humble /usr/bin/cmake --build /home/bryan/Workspace/ros2_ws/build/cv_bridge -- -j3 -l3
[18.250s] DEBUG:colcon.colcon_core.event_handler.log_command:Invoked command in '/home/bryan/Workspace/ros2_ws/build/examples_rclcpp_minimal_action_server' returned '0': CMAKE_PREFIX_PATH=${CMAKE_PREFIX_PATH}:/home/bryan/Workspace/ros2_ws/install/sprint2:/home/bryan/Workspace/ros2_ws/install/launch_testing_examples:/home/bryan/Workspace/ros2_ws/install/image_converter:/home/bryan/Workspace/ros2_ws/install/first_package:/home/bryan/Workspace/ros2_ws/install/examples_rclpy_pointcloud_publisher:/home/bryan/Workspace/ros2_ws/install/examples_rclpy_minimal_subscriber:/home/bryan/Workspace/ros2_ws/install/examples_rclpy_minimal_service:/home/bryan/Workspace/ros2_ws/install/examples_rclpy_minimal_publisher:/home/bryan/Workspace/ros2_ws/install/examples_rclpy_minimal_client:/home/bryan/Workspace/ros2_ws/install/examples_rclpy_minimal_action_server:/home/bryan/Workspace/ros2_ws/install/examples_rclpy_minimal_action_client:/home/bryan/Workspace/ros2_ws/install/examples_rclpy_guard_conditions:/home/bryan/Workspace/ros2_ws/install/examples_rclpy_executors:/home/bryan/Workspace/ros2_ws/install/camera_calibration:/opt/ros/humble /usr/bin/cmake /home/bryan/Workspace/ros2_ws/src/examples/rclcpp/actions/minimal_action_server -DCMAKE_INSTALL_PREFIX=/home/bryan/Workspace/ros2_ws/install/examples_rclcpp_minimal_action_server
[18.251s] DEBUG:colcon.colcon_core.event_handler.log_command:Invoking command in '/home/bryan/Workspace/ros2_ws/build/examples_rclcpp_minimal_action_server': CMAKE_PREFIX_PATH=${CMAKE_PREFIX_PATH}:/home/bryan/Workspace/ros2_ws/install/sprint2:/home/bryan/Workspace/ros2_ws/install/launch_testing_examples:/home/bryan/Workspace/ros2_ws/install/image_converter:/home/bryan/Workspace/ros2_ws/install/first_package:/home/bryan/Workspace/ros2_ws/install/examples_rclpy_pointcloud_publisher:/home/bryan/Workspace/ros2_ws/install/examples_rclpy_minimal_subscriber:/home/bryan/Workspace/ros2_ws/install/examples_rclpy_minimal_service:/home/bryan/Workspace/ros2_ws/install/examples_rclpy_minimal_publisher:/home/bryan/Workspace/ros2_ws/install/examples_rclpy_minimal_client:/home/bryan/Workspace/ros2_ws/install/examples_rclpy_minimal_action_server:/home/bryan/Workspace/ros2_ws/install/examples_rclpy_minimal_action_client:/home/bryan/Workspace/ros2_ws/install/examples_rclpy_guard_conditions:/home/bryan/Workspace/ros2_ws/install/examples_rclpy_executors:/home/bryan/Workspace/ros2_ws/install/camera_calibration:/opt/ros/humble /usr/bin/cmake --build /home/bryan/Workspace/ros2_ws/build/examples_rclcpp_minimal_action_server -- -j3 -l3
[19.240s] DEBUG:colcon.colcon_core.event_handler.log_command:Invoked command in '/home/bryan/Workspace/ros2_ws/build/examples_rclcpp_minimal_action_server' returned '0': CMAKE_PREFIX_PATH=${CMAKE_PREFIX_PATH}:/home/bryan/Workspace/ros2_ws/install/sprint2:/home/bryan/Workspace/ros2_ws/install/launch_testing_examples:/home/bryan/Workspace/ros2_ws/install/image_converter:/home/bryan/Workspace/ros2_ws/install/first_package:/home/bryan/Workspace/ros2_ws/install/examples_rclpy_pointcloud_publisher:/home/bryan/Workspace/ros2_ws/install/examples_rclpy_minimal_subscriber:/home/bryan/Workspace/ros2_ws/install/examples_rclpy_minimal_service:/home/bryan/Workspace/ros2_ws/install/examples_rclpy_minimal_publisher:/home/bryan/Workspace/ros2_ws/install/examples_rclpy_minimal_client:/home/bryan/Workspace/ros2_ws/install/examples_rclpy_minimal_action_server:/home/bryan/Workspace/ros2_ws/install/examples_rclpy_minimal_action_client:/home/bryan/Workspace/ros2_ws/install/examples_rclpy_guard_conditions:/home/bryan/Workspace/ros2_ws/install/examples_rclpy_executors:/home/bryan/Workspace/ros2_ws/install/camera_calibration:/opt/ros/humble /usr/bin/cmake --build /home/bryan/Workspace/ros2_ws/build/examples_rclcpp_minimal_action_server -- -j3 -l3
[19.262s] DEBUG:colcon.colcon_core.event_handler.log_command:Invoking command in '/home/bryan/Workspace/ros2_ws/build/examples_rclcpp_minimal_action_server': CMAKE_PREFIX_PATH=${CMAKE_PREFIX_PATH}:/home/bryan/Workspace/ros2_ws/install/sprint2:/home/bryan/Workspace/ros2_ws/install/launch_testing_examples:/home/bryan/Workspace/ros2_ws/install/image_converter:/home/bryan/Workspace/ros2_ws/install/first_package:/home/bryan/Workspace/ros2_ws/install/examples_rclpy_pointcloud_publisher:/home/bryan/Workspace/ros2_ws/install/examples_rclpy_minimal_subscriber:/home/bryan/Workspace/ros2_ws/install/examples_rclpy_minimal_service:/home/bryan/Workspace/ros2_ws/install/examples_rclpy_minimal_publisher:/home/bryan/Workspace/ros2_ws/install/examples_rclpy_minimal_client:/home/bryan/Workspace/ros2_ws/install/examples_rclpy_minimal_action_server:/home/bryan/Workspace/ros2_ws/install/examples_rclpy_minimal_action_client:/home/bryan/Workspace/ros2_ws/install/examples_rclpy_guard_conditions:/home/bryan/Workspace/ros2_ws/install/examples_rclpy_executors:/home/bryan/Workspace/ros2_ws/install/camera_calibration:/opt/ros/humble /usr/bin/cmake --install /home/bryan/Workspace/ros2_ws/build/examples_rclcpp_minimal_action_server
[19.474s] Level 1:colcon.colcon_core.environment:create_environment_scripts_only(examples_rclcpp_minimal_action_server)
[19.475s] Level 1:colcon.colcon_core.environment:checking '/home/bryan/Workspace/ros2_ws/install/examples_rclcpp_minimal_action_server' for CMake module files
[19.476s] Level 1:colcon.colcon_core.environment:checking '/home/bryan/Workspace/ros2_ws/install/examples_rclcpp_minimal_action_server' for CMake config files
[19.476s] Level 1:colcon.colcon_core.shell:create_environment_hook('examples_rclcpp_minimal_action_server', 'cmake_prefix_path')
[19.477s] INFO:colcon.colcon_core.shell:Creating environment hook '/home/bryan/Workspace/ros2_ws/install/examples_rclcpp_minimal_action_server/share/examples_rclcpp_minimal_action_server/hook/cmake_prefix_path.ps1'
[19.478s] INFO:colcon.colcon_core.shell:Creating environment descriptor '/home/bryan/Workspace/ros2_ws/install/examples_rclcpp_minimal_action_server/share/examples_rclcpp_minimal_action_server/hook/cmake_prefix_path.dsv'
[19.479s] DEBUG:colcon.colcon_core.event_handler.log_command:Invoked command in '/home/bryan/Workspace/ros2_ws/build/examples_rclcpp_minimal_action_server' returned '0': CMAKE_PREFIX_PATH=${CMAKE_PREFIX_PATH}:/home/bryan/Workspace/ros2_ws/install/sprint2:/home/bryan/Workspace/ros2_ws/install/launch_testing_examples:/home/bryan/Workspace/ros2_ws/install/image_converter:/home/bryan/Workspace/ros2_ws/install/first_package:/home/bryan/Workspace/ros2_ws/install/examples_rclpy_pointcloud_publisher:/home/bryan/Workspace/ros2_ws/install/examples_rclpy_minimal_subscriber:/home/bryan/Workspace/ros2_ws/install/examples_rclpy_minimal_service:/home/bryan/Workspace/ros2_ws/install/examples_rclpy_minimal_publisher:/home/bryan/Workspace/ros2_ws/install/examples_rclpy_minimal_client:/home/bryan/Workspace/ros2_ws/install/examples_rclpy_minimal_action_server:/home/bryan/Workspace/ros2_ws/install/examples_rclpy_minimal_action_client:/home/bryan/Workspace/ros2_ws/install/examples_rclpy_guard_conditions:/home/bryan/Workspace/ros2_ws/install/examples_rclpy_executors:/home/bryan/Workspace/ros2_ws/install/camera_calibration:/opt/ros/humble /usr/bin/cmake --install /home/bryan/Workspace/ros2_ws/build/examples_rclcpp_minimal_action_server
[19.503s] INFO:colcon.colcon_core.shell:Creating environment hook '/home/bryan/Workspace/ros2_ws/install/examples_rclcpp_minimal_action_server/share/examples_rclcpp_minimal_action_server/hook/cmake_prefix_path.sh'
[19.506s] Level 1:colcon.colcon_core.environment:checking '/home/bryan/Workspace/ros2_ws/install/examples_rclcpp_minimal_action_server/lib'
[19.506s] Level 1:colcon.colcon_core.environment:checking '/home/bryan/Workspace/ros2_ws/install/examples_rclcpp_minimal_action_server/bin'
[19.506s] Level 1:colcon.colcon_core.environment:checking '/home/bryan/Workspace/ros2_ws/install/examples_rclcpp_minimal_action_server/lib/pkgconfig/examples_rclcpp_minimal_action_server.pc'
[19.506s] Level 1:colcon.colcon_core.environment:checking '/home/bryan/Workspace/ros2_ws/install/examples_rclcpp_minimal_action_server/lib/python3.10/site-packages'
[19.507s] Level 1:colcon.colcon_core.environment:checking '/home/bryan/Workspace/ros2_ws/install/examples_rclcpp_minimal_action_server/bin'
[19.508s] INFO:colcon.colcon_core.shell:Creating package script '/home/bryan/Workspace/ros2_ws/install/examples_rclcpp_minimal_action_server/share/examples_rclcpp_minimal_action_server/package.ps1'
[19.510s] INFO:colcon.colcon_core.shell:Creating package descriptor '/home/bryan/Workspace/ros2_ws/install/examples_rclcpp_minimal_action_server/share/examples_rclcpp_minimal_action_server/package.dsv'
[19.551s] INFO:colcon.colcon_core.shell:Creating package script '/home/bryan/Workspace/ros2_ws/install/examples_rclcpp_minimal_action_server/share/examples_rclcpp_minimal_action_server/package.sh'
[19.556s] INFO:colcon.colcon_core.shell:Creating package script '/home/bryan/Workspace/ros2_ws/install/examples_rclcpp_minimal_action_server/share/examples_rclcpp_minimal_action_server/package.bash'
[19.563s] INFO:colcon.colcon_core.shell:Creating package script '/home/bryan/Workspace/ros2_ws/install/examples_rclcpp_minimal_action_server/share/examples_rclcpp_minimal_action_server/package.zsh'
[19.565s] Level 1:colcon.colcon_core.environment:create_file_with_runtime_dependencies(/home/bryan/Workspace/ros2_ws/install/examples_rclcpp_minimal_action_server/share/colcon-core/packages/examples_rclcpp_minimal_action_server)
[19.566s] Level 1:colcon.colcon_core.environment:create_environment_scripts_only(examples_rclcpp_minimal_action_server)
[19.567s] Level 1:colcon.colcon_core.environment:checking '/home/bryan/Workspace/ros2_ws/install/examples_rclcpp_minimal_action_server' for CMake module files
[19.567s] Level 1:colcon.colcon_core.environment:checking '/home/bryan/Workspace/ros2_ws/install/examples_rclcpp_minimal_action_server' for CMake config files
[19.568s] Level 1:colcon.colcon_core.shell:create_environment_hook('examples_rclcpp_minimal_action_server', 'cmake_prefix_path')
[19.568s] INFO:colcon.colcon_core.shell:Creating environment hook '/home/bryan/Workspace/ros2_ws/install/examples_rclcpp_minimal_action_server/share/examples_rclcpp_minimal_action_server/hook/cmake_prefix_path.ps1'
[19.570s] INFO:colcon.colcon_core.shell:Creating environment descriptor '/home/bryan/Workspace/ros2_ws/install/examples_rclcpp_minimal_action_server/share/examples_rclcpp_minimal_action_server/hook/cmake_prefix_path.dsv'
[19.571s] INFO:colcon.colcon_core.shell:Creating environment hook '/home/bryan/Workspace/ros2_ws/install/examples_rclcpp_minimal_action_server/share/examples_rclcpp_minimal_action_server/hook/cmake_prefix_path.sh'
[19.573s] Level 1:colcon.colcon_core.environment:checking '/home/bryan/Workspace/ros2_ws/install/examples_rclcpp_minimal_action_server/lib'
[19.573s] Level 1:colcon.colcon_core.environment:checking '/home/bryan/Workspace/ros2_ws/install/examples_rclcpp_minimal_action_server/bin'
[19.573s] Level 1:colcon.colcon_core.environment:checking '/home/bryan/Workspace/ros2_ws/install/examples_rclcpp_minimal_action_server/lib/pkgconfig/examples_rclcpp_minimal_action_server.pc'
[19.573s] Level 1:colcon.colcon_core.environment:checking '/home/bryan/Workspace/ros2_ws/install/examples_rclcpp_minimal_action_server/lib/python3.10/site-packages'
[19.573s] Level 1:colcon.colcon_core.environment:checking '/home/bryan/Workspace/ros2_ws/install/examples_rclcpp_minimal_action_server/bin'
[19.574s] INFO:colcon.colcon_core.shell:Creating package script '/home/bryan/Workspace/ros2_ws/install/examples_rclcpp_minimal_action_server/share/examples_rclcpp_minimal_action_server/package.ps1'
[19.575s] INFO:colcon.colcon_core.shell:Creating package descriptor '/home/bryan/Workspace/ros2_ws/install/examples_rclcpp_minimal_action_server/share/examples_rclcpp_minimal_action_server/package.dsv'
[19.577s] INFO:colcon.colcon_core.shell:Creating package script '/home/bryan/Workspace/ros2_ws/install/examples_rclcpp_minimal_action_server/share/examples_rclcpp_minimal_action_server/package.sh'
[19.579s] INFO:colcon.colcon_core.shell:Creating package script '/home/bryan/Workspace/ros2_ws/install/examples_rclcpp_minimal_action_server/share/examples_rclcpp_minimal_action_server/package.bash'
[19.580s] INFO:colcon.colcon_core.shell:Creating package script '/home/bryan/Workspace/ros2_ws/install/examples_rclcpp_minimal_action_server/share/examples_rclcpp_minimal_action_server/package.zsh'
[19.581s] Level 1:colcon.colcon_core.environment:create_file_with_runtime_dependencies(/home/bryan/Workspace/ros2_ws/install/examples_rclcpp_minimal_action_server/share/colcon-core/packages/examples_rclcpp_minimal_action_server)
[19.583s] INFO:colcon.colcon_ros.task.ament_cmake.build:Building ROS package in '/home/bryan/Workspace/ros2_ws/src/examples/rclcpp/services/minimal_client' with build type 'ament_cmake'
[19.583s] INFO:colcon.colcon_cmake.task.cmake.build:Building CMake package in '/home/bryan/Workspace/ros2_ws/src/examples/rclcpp/services/minimal_client'
[19.583s] INFO:colcon.colcon_core.shell:Skip shell extension 'powershell' for command environment: Not usable outside of PowerShell
[19.583s] DEBUG:colcon.colcon_core.shell:Skip shell extension 'dsv' for command environment
[19.689s] DEBUG:colcon.colcon_core.event_handler.log_command:Invoking command in '/home/bryan/Workspace/ros2_ws/build/examples_rclcpp_minimal_client': CMAKE_PREFIX_PATH=${CMAKE_PREFIX_PATH}:/home/bryan/Workspace/ros2_ws/install/sprint2:/home/bryan/Workspace/ros2_ws/install/launch_testing_examples:/home/bryan/Workspace/ros2_ws/install/image_converter:/home/bryan/Workspace/ros2_ws/install/first_package:/home/bryan/Workspace/ros2_ws/install/examples_rclpy_pointcloud_publisher:/home/bryan/Workspace/ros2_ws/install/examples_rclpy_minimal_subscriber:/home/bryan/Workspace/ros2_ws/install/examples_rclpy_minimal_service:/home/bryan/Workspace/ros2_ws/install/examples_rclpy_minimal_publisher:/home/bryan/Workspace/ros2_ws/install/examples_rclpy_minimal_client:/home/bryan/Workspace/ros2_ws/install/examples_rclpy_minimal_action_server:/home/bryan/Workspace/ros2_ws/install/examples_rclpy_minimal_action_client:/home/bryan/Workspace/ros2_ws/install/examples_rclpy_guard_conditions:/home/bryan/Workspace/ros2_ws/install/examples_rclpy_executors:/home/bryan/Workspace/ros2_ws/install/camera_calibration:/opt/ros/humble /usr/bin/cmake /home/bryan/Workspace/ros2_ws/src/examples/rclcpp/services/minimal_client -DCMAKE_INSTALL_PREFIX=/home/bryan/Workspace/ros2_ws/install/examples_rclcpp_minimal_client
[21.684s] DEBUG:colcon.colcon_core.event_handler.log_command:Invoked command in '/home/bryan/Workspace/ros2_ws/build/image_geometry' returned '0': CMAKE_PREFIX_PATH=${CMAKE_PREFIX_PATH}:/home/bryan/Workspace/ros2_ws/install/sprint2:/home/bryan/Workspace/ros2_ws/install/launch_testing_examples:/home/bryan/Workspace/ros2_ws/install/image_converter:/home/bryan/Workspace/ros2_ws/install/first_package:/home/bryan/Workspace/ros2_ws/install/examples_rclpy_pointcloud_publisher:/home/bryan/Workspace/ros2_ws/install/examples_rclpy_minimal_subscriber:/home/bryan/Workspace/ros2_ws/install/examples_rclpy_minimal_service:/home/bryan/Workspace/ros2_ws/install/examples_rclpy_minimal_publisher:/home/bryan/Workspace/ros2_ws/install/examples_rclpy_minimal_client:/home/bryan/Workspace/ros2_ws/install/examples_rclpy_minimal_action_server:/home/bryan/Workspace/ros2_ws/install/examples_rclpy_minimal_action_client:/home/bryan/Workspace/ros2_ws/install/examples_rclpy_guard_conditions:/home/bryan/Workspace/ros2_ws/install/examples_rclpy_executors:/home/bryan/Workspace/ros2_ws/install/camera_calibration:/opt/ros/humble /usr/bin/cmake --build /home/bryan/Workspace/ros2_ws/build/image_geometry -- -j3 -l3
[21.686s] DEBUG:colcon.colcon_core.event_handler.log_command:Invoking command in '/home/bryan/Workspace/ros2_ws/build/image_geometry': CMAKE_PREFIX_PATH=${CMAKE_PREFIX_PATH}:/home/bryan/Workspace/ros2_ws/install/sprint2:/home/bryan/Workspace/ros2_ws/install/launch_testing_examples:/home/bryan/Workspace/ros2_ws/install/image_converter:/home/bryan/Workspace/ros2_ws/install/first_package:/home/bryan/Workspace/ros2_ws/install/examples_rclpy_pointcloud_publisher:/home/bryan/Workspace/ros2_ws/install/examples_rclpy_minimal_subscriber:/home/bryan/Workspace/ros2_ws/install/examples_rclpy_minimal_service:/home/bryan/Workspace/ros2_ws/install/examples_rclpy_minimal_publisher:/home/bryan/Workspace/ros2_ws/install/examples_rclpy_minimal_client:/home/bryan/Workspace/ros2_ws/install/examples_rclpy_minimal_action_server:/home/bryan/Workspace/ros2_ws/install/examples_rclpy_minimal_action_client:/home/bryan/Workspace/ros2_ws/install/examples_rclpy_guard_conditions:/home/bryan/Workspace/ros2_ws/install/examples_rclpy_executors:/home/bryan/Workspace/ros2_ws/install/camera_calibration:/opt/ros/humble /usr/bin/cmake --install /home/bryan/Workspace/ros2_ws/build/image_geometry
[21.732s] DEBUG:colcon.colcon_core.event_handler.log_command:Invoked command in '/home/bryan/Workspace/ros2_ws/build/examples_rclcpp_minimal_client' returned '0': CMAKE_PREFIX_PATH=${CMAKE_PREFIX_PATH}:/home/bryan/Workspace/ros2_ws/install/sprint2:/home/bryan/Workspace/ros2_ws/install/launch_testing_examples:/home/bryan/Workspace/ros2_ws/install/image_converter:/home/bryan/Workspace/ros2_ws/install/first_package:/home/bryan/Workspace/ros2_ws/install/examples_rclpy_pointcloud_publisher:/home/bryan/Workspace/ros2_ws/install/examples_rclpy_minimal_subscriber:/home/bryan/Workspace/ros2_ws/install/examples_rclpy_minimal_service:/home/bryan/Workspace/ros2_ws/install/examples_rclpy_minimal_publisher:/home/bryan/Workspace/ros2_ws/install/examples_rclpy_minimal_client:/home/bryan/Workspace/ros2_ws/install/examples_rclpy_minimal_action_server:/home/bryan/Workspace/ros2_ws/install/examples_rclpy_minimal_action_client:/home/bryan/Workspace/ros2_ws/install/examples_rclpy_guard_conditions:/home/bryan/Workspace/ros2_ws/install/examples_rclpy_executors:/home/bryan/Workspace/ros2_ws/install/camera_calibration:/opt/ros/humble /usr/bin/cmake /home/bryan/Workspace/ros2_ws/src/examples/rclcpp/services/minimal_client -DCMAKE_INSTALL_PREFIX=/home/bryan/Workspace/ros2_ws/install/examples_rclcpp_minimal_client
[21.733s] DEBUG:colcon.colcon_core.event_handler.log_command:Invoking command in '/home/bryan/Workspace/ros2_ws/build/examples_rclcpp_minimal_client': CMAKE_PREFIX_PATH=${CMAKE_PREFIX_PATH}:/home/bryan/Workspace/ros2_ws/install/sprint2:/home/bryan/Workspace/ros2_ws/install/launch_testing_examples:/home/bryan/Workspace/ros2_ws/install/image_converter:/home/bryan/Workspace/ros2_ws/install/first_package:/home/bryan/Workspace/ros2_ws/install/examples_rclpy_pointcloud_publisher:/home/bryan/Workspace/ros2_ws/install/examples_rclpy_minimal_subscriber:/home/bryan/Workspace/ros2_ws/install/examples_rclpy_minimal_service:/home/bryan/Workspace/ros2_ws/install/examples_rclpy_minimal_publisher:/home/bryan/Workspace/ros2_ws/install/examples_rclpy_minimal_client:/home/bryan/Workspace/ros2_ws/install/examples_rclpy_minimal_action_server:/home/bryan/Workspace/ros2_ws/install/examples_rclpy_minimal_action_client:/home/bryan/Workspace/ros2_ws/install/examples_rclpy_guard_conditions:/home/bryan/Workspace/ros2_ws/install/examples_rclpy_executors:/home/bryan/Workspace/ros2_ws/install/camera_calibration:/opt/ros/humble /usr/bin/cmake --build /home/bryan/Workspace/ros2_ws/build/examples_rclcpp_minimal_client -- -j3 -l3
[21.880s] Level 1:colcon.colcon_core.environment:create_environment_scripts_only(image_geometry)
[21.883s] Level 1:colcon.colcon_core.environment:checking '/home/bryan/Workspace/ros2_ws/install/image_geometry' for CMake module files
[21.885s] DEBUG:colcon.colcon_core.event_handler.log_command:Invoked command in '/home/bryan/Workspace/ros2_ws/build/image_geometry' returned '0': CMAKE_PREFIX_PATH=${CMAKE_PREFIX_PATH}:/home/bryan/Workspace/ros2_ws/install/sprint2:/home/bryan/Workspace/ros2_ws/install/launch_testing_examples:/home/bryan/Workspace/ros2_ws/install/image_converter:/home/bryan/Workspace/ros2_ws/install/first_package:/home/bryan/Workspace/ros2_ws/install/examples_rclpy_pointcloud_publisher:/home/bryan/Workspace/ros2_ws/install/examples_rclpy_minimal_subscriber:/home/bryan/Workspace/ros2_ws/install/examples_rclpy_minimal_service:/home/bryan/Workspace/ros2_ws/install/examples_rclpy_minimal_publisher:/home/bryan/Workspace/ros2_ws/install/examples_rclpy_minimal_client:/home/bryan/Workspace/ros2_ws/install/examples_rclpy_minimal_action_server:/home/bryan/Workspace/ros2_ws/install/examples_rclpy_minimal_action_client:/home/bryan/Workspace/ros2_ws/install/examples_rclpy_guard_conditions:/home/bryan/Workspace/ros2_ws/install/examples_rclpy_executors:/home/bryan/Workspace/ros2_ws/install/camera_calibration:/opt/ros/humble /usr/bin/cmake --install /home/bryan/Workspace/ros2_ws/build/image_geometry
[21.886s] Level 1:colcon.colcon_core.environment:checking '/home/bryan/Workspace/ros2_ws/install/image_geometry' for CMake config files
[21.887s] Level 1:colcon.colcon_core.shell:create_environment_hook('image_geometry', 'cmake_prefix_path')
[21.887s] INFO:colcon.colcon_core.shell:Creating environment hook '/home/bryan/Workspace/ros2_ws/install/image_geometry/share/image_geometry/hook/cmake_prefix_path.ps1'
[21.888s] INFO:colcon.colcon_core.shell:Creating environment descriptor '/home/bryan/Workspace/ros2_ws/install/image_geometry/share/image_geometry/hook/cmake_prefix_path.dsv'
[21.889s] INFO:colcon.colcon_core.shell:Creating environment hook '/home/bryan/Workspace/ros2_ws/install/image_geometry/share/image_geometry/hook/cmake_prefix_path.sh'
[21.895s] Level 1:colcon.colcon_core.environment:checking '/home/bryan/Workspace/ros2_ws/install/image_geometry/lib'
[21.898s] Level 1:colcon.colcon_core.shell:create_environment_hook('image_geometry', 'ld_library_path_lib')
[21.899s] INFO:colcon.colcon_core.shell:Creating environment hook '/home/bryan/Workspace/ros2_ws/install/image_geometry/share/image_geometry/hook/ld_library_path_lib.ps1'
[21.900s] INFO:colcon.colcon_core.shell:Creating environment descriptor '/home/bryan/Workspace/ros2_ws/install/image_geometry/share/image_geometry/hook/ld_library_path_lib.dsv'
[21.906s] INFO:colcon.colcon_core.shell:Creating environment hook '/home/bryan/Workspace/ros2_ws/install/image_geometry/share/image_geometry/hook/ld_library_path_lib.sh'
[21.908s] Level 1:colcon.colcon_core.environment:checking '/home/bryan/Workspace/ros2_ws/install/image_geometry/bin'
[21.908s] Level 1:colcon.colcon_core.environment:checking '/home/bryan/Workspace/ros2_ws/install/image_geometry/lib/pkgconfig/image_geometry.pc'
[21.908s] Level 1:colcon.colcon_core.environment:checking '/home/bryan/Workspace/ros2_ws/install/image_geometry/lib/python3.10/site-packages'
[21.909s] Level 1:colcon.colcon_core.environment:checking '/home/bryan/Workspace/ros2_ws/install/image_geometry/bin'
[21.909s] INFO:colcon.colcon_core.shell:Creating package script '/home/bryan/Workspace/ros2_ws/install/image_geometry/share/image_geometry/package.ps1'
[21.910s] INFO:colcon.colcon_core.shell:Creating package descriptor '/home/bryan/Workspace/ros2_ws/install/image_geometry/share/image_geometry/package.dsv'
[21.942s] INFO:colcon.colcon_core.shell:Creating package script '/home/bryan/Workspace/ros2_ws/install/image_geometry/share/image_geometry/package.sh'
[21.945s] INFO:colcon.colcon_core.shell:Creating package script '/home/bryan/Workspace/ros2_ws/install/image_geometry/share/image_geometry/package.bash'
[21.948s] INFO:colcon.colcon_core.shell:Creating package script '/home/bryan/Workspace/ros2_ws/install/image_geometry/share/image_geometry/package.zsh'
[21.953s] Level 1:colcon.colcon_core.environment:create_file_with_runtime_dependencies(/home/bryan/Workspace/ros2_ws/install/image_geometry/share/colcon-core/packages/image_geometry)
[21.955s] Level 1:colcon.colcon_core.environment:create_environment_scripts_only(image_geometry)
[21.956s] Level 1:colcon.colcon_core.environment:checking '/home/bryan/Workspace/ros2_ws/install/image_geometry' for CMake module files
[21.966s] Level 1:colcon.colcon_core.environment:checking '/home/bryan/Workspace/ros2_ws/install/image_geometry' for CMake config files
[21.967s] Level 1:colcon.colcon_core.shell:create_environment_hook('image_geometry', 'cmake_prefix_path')
[21.967s] INFO:colcon.colcon_core.shell:Creating environment hook '/home/bryan/Workspace/ros2_ws/install/image_geometry/share/image_geometry/hook/cmake_prefix_path.ps1'
[21.973s] INFO:colcon.colcon_core.shell:Creating environment descriptor '/home/bryan/Workspace/ros2_ws/install/image_geometry/share/image_geometry/hook/cmake_prefix_path.dsv'
[21.977s] INFO:colcon.colcon_core.shell:Creating environment hook '/home/bryan/Workspace/ros2_ws/install/image_geometry/share/image_geometry/hook/cmake_prefix_path.sh'
[21.989s] Level 1:colcon.colcon_core.environment:checking '/home/bryan/Workspace/ros2_ws/install/image_geometry/lib'
[21.990s] Level 1:colcon.colcon_core.shell:create_environment_hook('image_geometry', 'ld_library_path_lib')
[21.990s] INFO:colcon.colcon_core.shell:Creating environment hook '/home/bryan/Workspace/ros2_ws/install/image_geometry/share/image_geometry/hook/ld_library_path_lib.ps1'
[21.992s] INFO:colcon.colcon_core.shell:Creating environment descriptor '/home/bryan/Workspace/ros2_ws/install/image_geometry/share/image_geometry/hook/ld_library_path_lib.dsv'
[21.997s] INFO:colcon.colcon_core.shell:Creating environment hook '/home/bryan/Workspace/ros2_ws/install/image_geometry/share/image_geometry/hook/ld_library_path_lib.sh'
[22.001s] Level 1:colcon.colcon_core.environment:checking '/home/bryan/Workspace/ros2_ws/install/image_geometry/bin'
[22.002s] Level 1:colcon.colcon_core.environment:checking '/home/bryan/Workspace/ros2_ws/install/image_geometry/lib/pkgconfig/image_geometry.pc'
[22.003s] Level 1:colcon.colcon_core.environment:checking '/home/bryan/Workspace/ros2_ws/install/image_geometry/lib/python3.10/site-packages'
[22.003s] Level 1:colcon.colcon_core.environment:checking '/home/bryan/Workspace/ros2_ws/install/image_geometry/bin'
[22.004s] INFO:colcon.colcon_core.shell:Creating package script '/home/bryan/Workspace/ros2_ws/install/image_geometry/share/image_geometry/package.ps1'
[22.009s] INFO:colcon.colcon_core.shell:Creating package descriptor '/home/bryan/Workspace/ros2_ws/install/image_geometry/share/image_geometry/package.dsv'
[22.014s] INFO:colcon.colcon_core.shell:Creating package script '/home/bryan/Workspace/ros2_ws/install/image_geometry/share/image_geometry/package.sh'
[22.018s] INFO:colcon.colcon_core.shell:Creating package script '/home/bryan/Workspace/ros2_ws/install/image_geometry/share/image_geometry/package.bash'
[22.040s] INFO:colcon.colcon_core.shell:Creating package script '/home/bryan/Workspace/ros2_ws/install/image_geometry/share/image_geometry/package.zsh'
[22.067s] Level 1:colcon.colcon_core.environment:create_file_with_runtime_dependencies(/home/bryan/Workspace/ros2_ws/install/image_geometry/share/colcon-core/packages/image_geometry)
[22.083s] INFO:colcon.colcon_ros.task.ament_cmake.build:Building ROS package in '/home/bryan/Workspace/ros2_ws/src/examples/rclcpp/composition/minimal_composition' with build type 'ament_cmake'
[22.084s] INFO:colcon.colcon_cmake.task.cmake.build:Building CMake package in '/home/bryan/Workspace/ros2_ws/src/examples/rclcpp/composition/minimal_composition'
[22.086s] INFO:colcon.colcon_core.shell:Skip shell extension 'powershell' for command environment: Not usable outside of PowerShell
[22.087s] DEBUG:colcon.colcon_core.shell:Skip shell extension 'dsv' for command environment
[22.158s] DEBUG:colcon.colcon_core.event_handler.log_command:Invoked command in '/home/bryan/Workspace/ros2_ws/build/examples_rclcpp_minimal_client' returned '0': CMAKE_PREFIX_PATH=${CMAKE_PREFIX_PATH}:/home/bryan/Workspace/ros2_ws/install/sprint2:/home/bryan/Workspace/ros2_ws/install/launch_testing_examples:/home/bryan/Workspace/ros2_ws/install/image_converter:/home/bryan/Workspace/ros2_ws/install/first_package:/home/bryan/Workspace/ros2_ws/install/examples_rclpy_pointcloud_publisher:/home/bryan/Workspace/ros2_ws/install/examples_rclpy_minimal_subscriber:/home/bryan/Workspace/ros2_ws/install/examples_rclpy_minimal_service:/home/bryan/Workspace/ros2_ws/install/examples_rclpy_minimal_publisher:/home/bryan/Workspace/ros2_ws/install/examples_rclpy_minimal_client:/home/bryan/Workspace/ros2_ws/install/examples_rclpy_minimal_action_server:/home/bryan/Workspace/ros2_ws/install/examples_rclpy_minimal_action_client:/home/bryan/Workspace/ros2_ws/install/examples_rclpy_guard_conditions:/home/bryan/Workspace/ros2_ws/install/examples_rclpy_executors:/home/bryan/Workspace/ros2_ws/install/camera_calibration:/opt/ros/humble /usr/bin/cmake --build /home/bryan/Workspace/ros2_ws/build/examples_rclcpp_minimal_client -- -j3 -l3
[22.232s] DEBUG:colcon.colcon_core.event_handler.log_command:Invoking command in '/home/bryan/Workspace/ros2_ws/build/examples_rclcpp_minimal_client': CMAKE_PREFIX_PATH=${CMAKE_PREFIX_PATH}:/home/bryan/Workspace/ros2_ws/install/sprint2:/home/bryan/Workspace/ros2_ws/install/launch_testing_examples:/home/bryan/Workspace/ros2_ws/install/image_converter:/home/bryan/Workspace/ros2_ws/install/first_package:/home/bryan/Workspace/ros2_ws/install/examples_rclpy_pointcloud_publisher:/home/bryan/Workspace/ros2_ws/install/examples_rclpy_minimal_subscriber:/home/bryan/Workspace/ros2_ws/install/examples_rclpy_minimal_service:/home/bryan/Workspace/ros2_ws/install/examples_rclpy_minimal_publisher:/home/bryan/Workspace/ros2_ws/install/examples_rclpy_minimal_client:/home/bryan/Workspace/ros2_ws/install/examples_rclpy_minimal_action_server:/home/bryan/Workspace/ros2_ws/install/examples_rclpy_minimal_action_client:/home/bryan/Workspace/ros2_ws/install/examples_rclpy_guard_conditions:/home/bryan/Workspace/ros2_ws/install/examples_rclpy_executors:/home/bryan/Workspace/ros2_ws/install/camera_calibration:/opt/ros/humble /usr/bin/cmake --install /home/bryan/Workspace/ros2_ws/build/examples_rclcpp_minimal_client
[22.297s] DEBUG:colcon.colcon_core.event_handler.log_command:Invoking command in '/home/bryan/Workspace/ros2_ws/build/examples_rclcpp_minimal_composition': CMAKE_PREFIX_PATH=${CMAKE_PREFIX_PATH}:/home/bryan/Workspace/ros2_ws/install/sprint2:/home/bryan/Workspace/ros2_ws/install/launch_testing_examples:/home/bryan/Workspace/ros2_ws/install/image_converter:/home/bryan/Workspace/ros2_ws/install/first_package:/home/bryan/Workspace/ros2_ws/install/examples_rclpy_pointcloud_publisher:/home/bryan/Workspace/ros2_ws/install/examples_rclpy_minimal_subscriber:/home/bryan/Workspace/ros2_ws/install/examples_rclpy_minimal_service:/home/bryan/Workspace/ros2_ws/install/examples_rclpy_minimal_publisher:/home/bryan/Workspace/ros2_ws/install/examples_rclpy_minimal_client:/home/bryan/Workspace/ros2_ws/install/examples_rclpy_minimal_action_server:/home/bryan/Workspace/ros2_ws/install/examples_rclpy_minimal_action_client:/home/bryan/Workspace/ros2_ws/install/examples_rclpy_guard_conditions:/home/bryan/Workspace/ros2_ws/install/examples_rclpy_executors:/home/bryan/Workspace/ros2_ws/install/camera_calibration:/opt/ros/humble /usr/bin/cmake /home/bryan/Workspace/ros2_ws/src/examples/rclcpp/composition/minimal_composition -DCMAKE_INSTALL_PREFIX=/home/bryan/Workspace/ros2_ws/install/examples_rclcpp_minimal_composition
[22.417s] Level 1:colcon.colcon_core.environment:create_environment_scripts_only(examples_rclcpp_minimal_client)
[22.418s] Level 1:colcon.colcon_core.environment:checking '/home/bryan/Workspace/ros2_ws/install/examples_rclcpp_minimal_client' for CMake module files
[22.420s] Level 1:colcon.colcon_core.environment:checking '/home/bryan/Workspace/ros2_ws/install/examples_rclcpp_minimal_client' for CMake config files
[22.422s] DEBUG:colcon.colcon_core.event_handler.log_command:Invoked command in '/home/bryan/Workspace/ros2_ws/build/examples_rclcpp_minimal_client' returned '0': CMAKE_PREFIX_PATH=${CMAKE_PREFIX_PATH}:/home/bryan/Workspace/ros2_ws/install/sprint2:/home/bryan/Workspace/ros2_ws/install/launch_testing_examples:/home/bryan/Workspace/ros2_ws/install/image_converter:/home/bryan/Workspace/ros2_ws/install/first_package:/home/bryan/Workspace/ros2_ws/install/examples_rclpy_pointcloud_publisher:/home/bryan/Workspace/ros2_ws/install/examples_rclpy_minimal_subscriber:/home/bryan/Workspace/ros2_ws/install/examples_rclpy_minimal_service:/home/bryan/Workspace/ros2_ws/install/examples_rclpy_minimal_publisher:/home/bryan/Workspace/ros2_ws/install/examples_rclpy_minimal_client:/home/bryan/Workspace/ros2_ws/install/examples_rclpy_minimal_action_server:/home/bryan/Workspace/ros2_ws/install/examples_rclpy_minimal_action_client:/home/bryan/Workspace/ros2_ws/install/examples_rclpy_guard_conditions:/home/bryan/Workspace/ros2_ws/install/examples_rclpy_executors:/home/bryan/Workspace/ros2_ws/install/camera_calibration:/opt/ros/humble /usr/bin/cmake --install /home/bryan/Workspace/ros2_ws/build/examples_rclcpp_minimal_client
[22.433s] Level 1:colcon.colcon_core.shell:create_environment_hook('examples_rclcpp_minimal_client', 'cmake_prefix_path')
[22.433s] INFO:colcon.colcon_core.shell:Creating environment hook '/home/bryan/Workspace/ros2_ws/install/examples_rclcpp_minimal_client/share/examples_rclcpp_minimal_client/hook/cmake_prefix_path.ps1'
[22.456s] INFO:colcon.colcon_core.shell:Creating environment descriptor '/home/bryan/Workspace/ros2_ws/install/examples_rclcpp_minimal_client/share/examples_rclcpp_minimal_client/hook/cmake_prefix_path.dsv'
[22.460s] INFO:colcon.colcon_core.shell:Creating environment hook '/home/bryan/Workspace/ros2_ws/install/examples_rclcpp_minimal_client/share/examples_rclcpp_minimal_client/hook/cmake_prefix_path.sh'
[22.463s] Level 1:colcon.colcon_core.environment:checking '/home/bryan/Workspace/ros2_ws/install/examples_rclcpp_minimal_client/lib'
[22.464s] Level 1:colcon.colcon_core.environment:checking '/home/bryan/Workspace/ros2_ws/install/examples_rclcpp_minimal_client/bin'
[22.465s] Level 1:colcon.colcon_core.environment:checking '/home/bryan/Workspace/ros2_ws/install/examples_rclcpp_minimal_client/lib/pkgconfig/examples_rclcpp_minimal_client.pc'
[22.465s] Level 1:colcon.colcon_core.environment:checking '/home/bryan/Workspace/ros2_ws/install/examples_rclcpp_minimal_client/lib/python3.10/site-packages'
[22.466s] Level 1:colcon.colcon_core.environment:checking '/home/bryan/Workspace/ros2_ws/install/examples_rclcpp_minimal_client/bin'
[22.467s] INFO:colcon.colcon_core.shell:Creating package script '/home/bryan/Workspace/ros2_ws/install/examples_rclcpp_minimal_client/share/examples_rclcpp_minimal_client/package.ps1'
[22.468s] INFO:colcon.colcon_core.shell:Creating package descriptor '/home/bryan/Workspace/ros2_ws/install/examples_rclcpp_minimal_client/share/examples_rclcpp_minimal_client/package.dsv'
[22.471s] INFO:colcon.colcon_core.shell:Creating package script '/home/bryan/Workspace/ros2_ws/install/examples_rclcpp_minimal_client/share/examples_rclcpp_minimal_client/package.sh'
[22.474s] INFO:colcon.colcon_core.shell:Creating package script '/home/bryan/Workspace/ros2_ws/install/examples_rclcpp_minimal_client/share/examples_rclcpp_minimal_client/package.bash'
[22.477s] INFO:colcon.colcon_core.shell:Creating package script '/home/bryan/Workspace/ros2_ws/install/examples_rclcpp_minimal_client/share/examples_rclcpp_minimal_client/package.zsh'
[22.479s] Level 1:colcon.colcon_core.environment:create_file_with_runtime_dependencies(/home/bryan/Workspace/ros2_ws/install/examples_rclcpp_minimal_client/share/colcon-core/packages/examples_rclcpp_minimal_client)
[22.482s] Level 1:colcon.colcon_core.environment:create_environment_scripts_only(examples_rclcpp_minimal_client)
[22.482s] Level 1:colcon.colcon_core.environment:checking '/home/bryan/Workspace/ros2_ws/install/examples_rclcpp_minimal_client' for CMake module files
[22.483s] Level 1:colcon.colcon_core.environment:checking '/home/bryan/Workspace/ros2_ws/install/examples_rclcpp_minimal_client' for CMake config files
[22.483s] Level 1:colcon.colcon_core.shell:create_environment_hook('examples_rclcpp_minimal_client', 'cmake_prefix_path')
[22.484s] INFO:colcon.colcon_core.shell:Creating environment hook '/home/bryan/Workspace/ros2_ws/install/examples_rclcpp_minimal_client/share/examples_rclcpp_minimal_client/hook/cmake_prefix_path.ps1'
[22.485s] INFO:colcon.colcon_core.shell:Creating environment descriptor '/home/bryan/Workspace/ros2_ws/install/examples_rclcpp_minimal_client/share/examples_rclcpp_minimal_client/hook/cmake_prefix_path.dsv'
[22.487s] INFO:colcon.colcon_core.shell:Creating environment hook '/home/bryan/Workspace/ros2_ws/install/examples_rclcpp_minimal_client/share/examples_rclcpp_minimal_client/hook/cmake_prefix_path.sh'
[22.489s] Level 1:colcon.colcon_core.environment:checking '/home/bryan/Workspace/ros2_ws/install/examples_rclcpp_minimal_client/lib'
[22.490s] Level 1:colcon.colcon_core.environment:checking '/home/bryan/Workspace/ros2_ws/install/examples_rclcpp_minimal_client/bin'
[22.490s] Level 1:colcon.colcon_core.environment:checking '/home/bryan/Workspace/ros2_ws/install/examples_rclcpp_minimal_client/lib/pkgconfig/examples_rclcpp_minimal_client.pc'
[22.490s] Level 1:colcon.colcon_core.environment:checking '/home/bryan/Workspace/ros2_ws/install/examples_rclcpp_minimal_client/lib/python3.10/site-packages'
[22.491s] Level 1:colcon.colcon_core.environment:checking '/home/bryan/Workspace/ros2_ws/install/examples_rclcpp_minimal_client/bin'
[22.492s] INFO:colcon.colcon_core.shell:Creating package script '/home/bryan/Workspace/ros2_ws/install/examples_rclcpp_minimal_client/share/examples_rclcpp_minimal_client/package.ps1'
[22.494s] INFO:colcon.colcon_core.shell:Creating package descriptor '/home/bryan/Workspace/ros2_ws/install/examples_rclcpp_minimal_client/share/examples_rclcpp_minimal_client/package.dsv'
[22.496s] INFO:colcon.colcon_core.shell:Creating package script '/home/bryan/Workspace/ros2_ws/install/examples_rclcpp_minimal_client/share/examples_rclcpp_minimal_client/package.sh'
[22.498s] INFO:colcon.colcon_core.shell:Creating package script '/home/bryan/Workspace/ros2_ws/install/examples_rclcpp_minimal_client/share/examples_rclcpp_minimal_client/package.bash'
[22.500s] INFO:colcon.colcon_core.shell:Creating package script '/home/bryan/Workspace/ros2_ws/install/examples_rclcpp_minimal_client/share/examples_rclcpp_minimal_client/package.zsh'
[22.501s] Level 1:colcon.colcon_core.environment:create_file_with_runtime_dependencies(/home/bryan/Workspace/ros2_ws/install/examples_rclcpp_minimal_client/share/colcon-core/packages/examples_rclcpp_minimal_client)
[22.506s] INFO:colcon.colcon_ros.task.ament_cmake.build:Building ROS package in '/home/bryan/Workspace/ros2_ws/src/examples/rclcpp/topics/minimal_publisher' with build type 'ament_cmake'
[22.508s] INFO:colcon.colcon_cmake.task.cmake.build:Building CMake package in '/home/bryan/Workspace/ros2_ws/src/examples/rclcpp/topics/minimal_publisher'
[22.509s] INFO:colcon.colcon_core.shell:Skip shell extension 'powershell' for command environment: Not usable outside of PowerShell
[22.509s] DEBUG:colcon.colcon_core.shell:Skip shell extension 'dsv' for command environment
[22.619s] DEBUG:colcon.colcon_core.event_handler.log_command:Invoking command in '/home/bryan/Workspace/ros2_ws/build/examples_rclcpp_minimal_publisher': CMAKE_PREFIX_PATH=${CMAKE_PREFIX_PATH}:/home/bryan/Workspace/ros2_ws/install/sprint2:/home/bryan/Workspace/ros2_ws/install/launch_testing_examples:/home/bryan/Workspace/ros2_ws/install/image_converter:/home/bryan/Workspace/ros2_ws/install/first_package:/home/bryan/Workspace/ros2_ws/install/examples_rclpy_pointcloud_publisher:/home/bryan/Workspace/ros2_ws/install/examples_rclpy_minimal_subscriber:/home/bryan/Workspace/ros2_ws/install/examples_rclpy_minimal_service:/home/bryan/Workspace/ros2_ws/install/examples_rclpy_minimal_publisher:/home/bryan/Workspace/ros2_ws/install/examples_rclpy_minimal_client:/home/bryan/Workspace/ros2_ws/install/examples_rclpy_minimal_action_server:/home/bryan/Workspace/ros2_ws/install/examples_rclpy_minimal_action_client:/home/bryan/Workspace/ros2_ws/install/examples_rclpy_guard_conditions:/home/bryan/Workspace/ros2_ws/install/examples_rclpy_executors:/home/bryan/Workspace/ros2_ws/install/camera_calibration:/opt/ros/humble /usr/bin/cmake /home/bryan/Workspace/ros2_ws/src/examples/rclcpp/topics/minimal_publisher -DCMAKE_INSTALL_PREFIX=/home/bryan/Workspace/ros2_ws/install/examples_rclcpp_minimal_publisher
[24.448s] DEBUG:colcon.colcon_core.event_handler.log_command:Invoked command in '/home/bryan/Workspace/ros2_ws/build/examples_rclcpp_minimal_composition' returned '0': CMAKE_PREFIX_PATH=${CMAKE_PREFIX_PATH}:/home/bryan/Workspace/ros2_ws/install/sprint2:/home/bryan/Workspace/ros2_ws/install/launch_testing_examples:/home/bryan/Workspace/ros2_ws/install/image_converter:/home/bryan/Workspace/ros2_ws/install/first_package:/home/bryan/Workspace/ros2_ws/install/examples_rclpy_pointcloud_publisher:/home/bryan/Workspace/ros2_ws/install/examples_rclpy_minimal_subscriber:/home/bryan/Workspace/ros2_ws/install/examples_rclpy_minimal_service:/home/bryan/Workspace/ros2_ws/install/examples_rclpy_minimal_publisher:/home/bryan/Workspace/ros2_ws/install/examples_rclpy_minimal_client:/home/bryan/Workspace/ros2_ws/install/examples_rclpy_minimal_action_server:/home/bryan/Workspace/ros2_ws/install/examples_rclpy_minimal_action_client:/home/bryan/Workspace/ros2_ws/install/examples_rclpy_guard_conditions:/home/bryan/Workspace/ros2_ws/install/examples_rclpy_executors:/home/bryan/Workspace/ros2_ws/install/camera_calibration:/opt/ros/humble /usr/bin/cmake /home/bryan/Workspace/ros2_ws/src/examples/rclcpp/composition/minimal_composition -DCMAKE_INSTALL_PREFIX=/home/bryan/Workspace/ros2_ws/install/examples_rclcpp_minimal_composition
[24.449s] DEBUG:colcon.colcon_core.event_handler.log_command:Invoking command in '/home/bryan/Workspace/ros2_ws/build/examples_rclcpp_minimal_composition': CMAKE_PREFIX_PATH=${CMAKE_PREFIX_PATH}:/home/bryan/Workspace/ros2_ws/install/sprint2:/home/bryan/Workspace/ros2_ws/install/launch_testing_examples:/home/bryan/Workspace/ros2_ws/install/image_converter:/home/bryan/Workspace/ros2_ws/install/first_package:/home/bryan/Workspace/ros2_ws/install/examples_rclpy_pointcloud_publisher:/home/bryan/Workspace/ros2_ws/install/examples_rclpy_minimal_subscriber:/home/bryan/Workspace/ros2_ws/install/examples_rclpy_minimal_service:/home/bryan/Workspace/ros2_ws/install/examples_rclpy_minimal_publisher:/home/bryan/Workspace/ros2_ws/install/examples_rclpy_minimal_client:/home/bryan/Workspace/ros2_ws/install/examples_rclpy_minimal_action_server:/home/bryan/Workspace/ros2_ws/install/examples_rclpy_minimal_action_client:/home/bryan/Workspace/ros2_ws/install/examples_rclpy_guard_conditions:/home/bryan/Workspace/ros2_ws/install/examples_rclpy_executors:/home/bryan/Workspace/ros2_ws/install/camera_calibration:/opt/ros/humble /usr/bin/cmake --build /home/bryan/Workspace/ros2_ws/build/examples_rclcpp_minimal_composition -- -j3 -l3
[24.805s] DEBUG:colcon.colcon_core.event_handler.log_command:Invoked command in '/home/bryan/Workspace/ros2_ws/build/examples_rclcpp_minimal_publisher' returned '0': CMAKE_PREFIX_PATH=${CMAKE_PREFIX_PATH}:/home/bryan/Workspace/ros2_ws/install/sprint2:/home/bryan/Workspace/ros2_ws/install/launch_testing_examples:/home/bryan/Workspace/ros2_ws/install/image_converter:/home/bryan/Workspace/ros2_ws/install/first_package:/home/bryan/Workspace/ros2_ws/install/examples_rclpy_pointcloud_publisher:/home/bryan/Workspace/ros2_ws/install/examples_rclpy_minimal_subscriber:/home/bryan/Workspace/ros2_ws/install/examples_rclpy_minimal_service:/home/bryan/Workspace/ros2_ws/install/examples_rclpy_minimal_publisher:/home/bryan/Workspace/ros2_ws/install/examples_rclpy_minimal_client:/home/bryan/Workspace/ros2_ws/install/examples_rclpy_minimal_action_server:/home/bryan/Workspace/ros2_ws/install/examples_rclpy_minimal_action_client:/home/bryan/Workspace/ros2_ws/install/examples_rclpy_guard_conditions:/home/bryan/Workspace/ros2_ws/install/examples_rclpy_executors:/home/bryan/Workspace/ros2_ws/install/camera_calibration:/opt/ros/humble /usr/bin/cmake /home/bryan/Workspace/ros2_ws/src/examples/rclcpp/topics/minimal_publisher -DCMAKE_INSTALL_PREFIX=/home/bryan/Workspace/ros2_ws/install/examples_rclcpp_minimal_publisher
[24.806s] DEBUG:colcon.colcon_core.event_handler.log_command:Invoking command in '/home/bryan/Workspace/ros2_ws/build/examples_rclcpp_minimal_publisher': CMAKE_PREFIX_PATH=${CMAKE_PREFIX_PATH}:/home/bryan/Workspace/ros2_ws/install/sprint2:/home/bryan/Workspace/ros2_ws/install/launch_testing_examples:/home/bryan/Workspace/ros2_ws/install/image_converter:/home/bryan/Workspace/ros2_ws/install/first_package:/home/bryan/Workspace/ros2_ws/install/examples_rclpy_pointcloud_publisher:/home/bryan/Workspace/ros2_ws/install/examples_rclpy_minimal_subscriber:/home/bryan/Workspace/ros2_ws/install/examples_rclpy_minimal_service:/home/bryan/Workspace/ros2_ws/install/examples_rclpy_minimal_publisher:/home/bryan/Workspace/ros2_ws/install/examples_rclpy_minimal_client:/home/bryan/Workspace/ros2_ws/install/examples_rclpy_minimal_action_server:/home/bryan/Workspace/ros2_ws/install/examples_rclpy_minimal_action_client:/home/bryan/Workspace/ros2_ws/install/examples_rclpy_guard_conditions:/home/bryan/Workspace/ros2_ws/install/examples_rclpy_executors:/home/bryan/Workspace/ros2_ws/install/camera_calibration:/opt/ros/humble /usr/bin/cmake --build /home/bryan/Workspace/ros2_ws/build/examples_rclcpp_minimal_publisher -- -j3 -l3
[25.615s] DEBUG:colcon.colcon_core.event_handler.log_command:Invoked command in '/home/bryan/Workspace/ros2_ws/build/examples_rclcpp_minimal_composition' returned '0': CMAKE_PREFIX_PATH=${CMAKE_PREFIX_PATH}:/home/bryan/Workspace/ros2_ws/install/sprint2:/home/bryan/Workspace/ros2_ws/install/launch_testing_examples:/home/bryan/Workspace/ros2_ws/install/image_converter:/home/bryan/Workspace/ros2_ws/install/first_package:/home/bryan/Workspace/ros2_ws/install/examples_rclpy_pointcloud_publisher:/home/bryan/Workspace/ros2_ws/install/examples_rclpy_minimal_subscriber:/home/bryan/Workspace/ros2_ws/install/examples_rclpy_minimal_service:/home/bryan/Workspace/ros2_ws/install/examples_rclpy_minimal_publisher:/home/bryan/Workspace/ros2_ws/install/examples_rclpy_minimal_client:/home/bryan/Workspace/ros2_ws/install/examples_rclpy_minimal_action_server:/home/bryan/Workspace/ros2_ws/install/examples_rclpy_minimal_action_client:/home/bryan/Workspace/ros2_ws/install/examples_rclpy_guard_conditions:/home/bryan/Workspace/ros2_ws/install/examples_rclpy_executors:/home/bryan/Workspace/ros2_ws/install/camera_calibration:/opt/ros/humble /usr/bin/cmake --build /home/bryan/Workspace/ros2_ws/build/examples_rclcpp_minimal_composition -- -j3 -l3
[25.616s] DEBUG:colcon.colcon_core.event_handler.log_command:Invoking command in '/home/bryan/Workspace/ros2_ws/build/examples_rclcpp_minimal_composition': CMAKE_PREFIX_PATH=${CMAKE_PREFIX_PATH}:/home/bryan/Workspace/ros2_ws/install/sprint2:/home/bryan/Workspace/ros2_ws/install/launch_testing_examples:/home/bryan/Workspace/ros2_ws/install/image_converter:/home/bryan/Workspace/ros2_ws/install/first_package:/home/bryan/Workspace/ros2_ws/install/examples_rclpy_pointcloud_publisher:/home/bryan/Workspace/ros2_ws/install/examples_rclpy_minimal_subscriber:/home/bryan/Workspace/ros2_ws/install/examples_rclpy_minimal_service:/home/bryan/Workspace/ros2_ws/install/examples_rclpy_minimal_publisher:/home/bryan/Workspace/ros2_ws/install/examples_rclpy_minimal_client:/home/bryan/Workspace/ros2_ws/install/examples_rclpy_minimal_action_server:/home/bryan/Workspace/ros2_ws/install/examples_rclpy_minimal_action_client:/home/bryan/Workspace/ros2_ws/install/examples_rclpy_guard_conditions:/home/bryan/Workspace/ros2_ws/install/examples_rclpy_executors:/home/bryan/Workspace/ros2_ws/install/camera_calibration:/opt/ros/humble /usr/bin/cmake --install /home/bryan/Workspace/ros2_ws/build/examples_rclcpp_minimal_composition
[25.834s] Level 1:colcon.colcon_core.environment:create_environment_scripts_only(examples_rclcpp_minimal_composition)
[25.834s] Level 1:colcon.colcon_core.environment:checking '/home/bryan/Workspace/ros2_ws/install/examples_rclcpp_minimal_composition' for CMake module files
[25.836s] DEBUG:colcon.colcon_core.event_handler.log_command:Invoked command in '/home/bryan/Workspace/ros2_ws/build/examples_rclcpp_minimal_composition' returned '0': CMAKE_PREFIX_PATH=${CMAKE_PREFIX_PATH}:/home/bryan/Workspace/ros2_ws/install/sprint2:/home/bryan/Workspace/ros2_ws/install/launch_testing_examples:/home/bryan/Workspace/ros2_ws/install/image_converter:/home/bryan/Workspace/ros2_ws/install/first_package:/home/bryan/Workspace/ros2_ws/install/examples_rclpy_pointcloud_publisher:/home/bryan/Workspace/ros2_ws/install/examples_rclpy_minimal_subscriber:/home/bryan/Workspace/ros2_ws/install/examples_rclpy_minimal_service:/home/bryan/Workspace/ros2_ws/install/examples_rclpy_minimal_publisher:/home/bryan/Workspace/ros2_ws/install/examples_rclpy_minimal_client:/home/bryan/Workspace/ros2_ws/install/examples_rclpy_minimal_action_server:/home/bryan/Workspace/ros2_ws/install/examples_rclpy_minimal_action_client:/home/bryan/Workspace/ros2_ws/install/examples_rclpy_guard_conditions:/home/bryan/Workspace/ros2_ws/install/examples_rclpy_executors:/home/bryan/Workspace/ros2_ws/install/camera_calibration:/opt/ros/humble /usr/bin/cmake --install /home/bryan/Workspace/ros2_ws/build/examples_rclcpp_minimal_composition
[25.852s] Level 1:colcon.colcon_core.environment:checking '/home/bryan/Workspace/ros2_ws/install/examples_rclcpp_minimal_composition' for CMake config files
[25.853s] Level 1:colcon.colcon_core.shell:create_environment_hook('examples_rclcpp_minimal_composition', 'cmake_prefix_path')
[25.854s] INFO:colcon.colcon_core.shell:Creating environment hook '/home/bryan/Workspace/ros2_ws/install/examples_rclcpp_minimal_composition/share/examples_rclcpp_minimal_composition/hook/cmake_prefix_path.ps1'
[25.880s] INFO:colcon.colcon_core.shell:Creating environment descriptor '/home/bryan/Workspace/ros2_ws/install/examples_rclcpp_minimal_composition/share/examples_rclcpp_minimal_composition/hook/cmake_prefix_path.dsv'
[25.883s] INFO:colcon.colcon_core.shell:Creating environment hook '/home/bryan/Workspace/ros2_ws/install/examples_rclcpp_minimal_composition/share/examples_rclcpp_minimal_composition/hook/cmake_prefix_path.sh'
[25.891s] Level 1:colcon.colcon_core.environment:checking '/home/bryan/Workspace/ros2_ws/install/examples_rclcpp_minimal_composition/lib'
[25.891s] Level 1:colcon.colcon_core.shell:create_environment_hook('examples_rclcpp_minimal_composition', 'ld_library_path_lib')
[25.892s] INFO:colcon.colcon_core.shell:Creating environment hook '/home/bryan/Workspace/ros2_ws/install/examples_rclcpp_minimal_composition/share/examples_rclcpp_minimal_composition/hook/ld_library_path_lib.ps1'
[25.894s] INFO:colcon.colcon_core.shell:Creating environment descriptor '/home/bryan/Workspace/ros2_ws/install/examples_rclcpp_minimal_composition/share/examples_rclcpp_minimal_composition/hook/ld_library_path_lib.dsv'
[25.924s] INFO:colcon.colcon_core.shell:Creating environment hook '/home/bryan/Workspace/ros2_ws/install/examples_rclcpp_minimal_composition/share/examples_rclcpp_minimal_composition/hook/ld_library_path_lib.sh'
[25.925s] Level 1:colcon.colcon_core.environment:checking '/home/bryan/Workspace/ros2_ws/install/examples_rclcpp_minimal_composition/bin'
[25.926s] Level 1:colcon.colcon_core.environment:checking '/home/bryan/Workspace/ros2_ws/install/examples_rclcpp_minimal_composition/lib/pkgconfig/examples_rclcpp_minimal_composition.pc'
[25.927s] Level 1:colcon.colcon_core.environment:checking '/home/bryan/Workspace/ros2_ws/install/examples_rclcpp_minimal_composition/lib/python3.10/site-packages'
[25.933s] Level 1:colcon.colcon_core.environment:checking '/home/bryan/Workspace/ros2_ws/install/examples_rclcpp_minimal_composition/bin'
[25.934s] INFO:colcon.colcon_core.shell:Creating package script '/home/bryan/Workspace/ros2_ws/install/examples_rclcpp_minimal_composition/share/examples_rclcpp_minimal_composition/package.ps1'
[25.953s] INFO:colcon.colcon_core.shell:Creating package descriptor '/home/bryan/Workspace/ros2_ws/install/examples_rclcpp_minimal_composition/share/examples_rclcpp_minimal_composition/package.dsv'
[25.954s] INFO:colcon.colcon_core.shell:Creating package script '/home/bryan/Workspace/ros2_ws/install/examples_rclcpp_minimal_composition/share/examples_rclcpp_minimal_composition/package.sh'
[25.984s] INFO:colcon.colcon_core.shell:Creating package script '/home/bryan/Workspace/ros2_ws/install/examples_rclcpp_minimal_composition/share/examples_rclcpp_minimal_composition/package.bash'
[25.994s] INFO:colcon.colcon_core.shell:Creating package script '/home/bryan/Workspace/ros2_ws/install/examples_rclcpp_minimal_composition/share/examples_rclcpp_minimal_composition/package.zsh'
[25.996s] Level 1:colcon.colcon_core.environment:create_file_with_runtime_dependencies(/home/bryan/Workspace/ros2_ws/install/examples_rclcpp_minimal_composition/share/colcon-core/packages/examples_rclcpp_minimal_composition)
[26.000s] Level 1:colcon.colcon_core.environment:create_environment_scripts_only(examples_rclcpp_minimal_composition)
[26.001s] Level 1:colcon.colcon_core.environment:checking '/home/bryan/Workspace/ros2_ws/install/examples_rclcpp_minimal_composition' for CMake module files
[26.001s] Level 1:colcon.colcon_core.environment:checking '/home/bryan/Workspace/ros2_ws/install/examples_rclcpp_minimal_composition' for CMake config files
[26.002s] Level 1:colcon.colcon_core.shell:create_environment_hook('examples_rclcpp_minimal_composition', 'cmake_prefix_path')
[26.002s] INFO:colcon.colcon_core.shell:Creating environment hook '/home/bryan/Workspace/ros2_ws/install/examples_rclcpp_minimal_composition/share/examples_rclcpp_minimal_composition/hook/cmake_prefix_path.ps1'
[26.005s] INFO:colcon.colcon_core.shell:Creating environment descriptor '/home/bryan/Workspace/ros2_ws/install/examples_rclcpp_minimal_composition/share/examples_rclcpp_minimal_composition/hook/cmake_prefix_path.dsv'
[26.006s] INFO:colcon.colcon_core.shell:Creating environment hook '/home/bryan/Workspace/ros2_ws/install/examples_rclcpp_minimal_composition/share/examples_rclcpp_minimal_composition/hook/cmake_prefix_path.sh'
[26.010s] Level 1:colcon.colcon_core.environment:checking '/home/bryan/Workspace/ros2_ws/install/examples_rclcpp_minimal_composition/lib'
[26.010s] Level 1:colcon.colcon_core.shell:create_environment_hook('examples_rclcpp_minimal_composition', 'ld_library_path_lib')
[26.011s] INFO:colcon.colcon_core.shell:Creating environment hook '/home/bryan/Workspace/ros2_ws/install/examples_rclcpp_minimal_composition/share/examples_rclcpp_minimal_composition/hook/ld_library_path_lib.ps1'
[26.012s] INFO:colcon.colcon_core.shell:Creating environment descriptor '/home/bryan/Workspace/ros2_ws/install/examples_rclcpp_minimal_composition/share/examples_rclcpp_minimal_composition/hook/ld_library_path_lib.dsv'
[26.014s] INFO:colcon.colcon_core.shell:Creating environment hook '/home/bryan/Workspace/ros2_ws/install/examples_rclcpp_minimal_composition/share/examples_rclcpp_minimal_composition/hook/ld_library_path_lib.sh'
[26.016s] Level 1:colcon.colcon_core.environment:checking '/home/bryan/Workspace/ros2_ws/install/examples_rclcpp_minimal_composition/bin'
[26.016s] Level 1:colcon.colcon_core.environment:checking '/home/bryan/Workspace/ros2_ws/install/examples_rclcpp_minimal_composition/lib/pkgconfig/examples_rclcpp_minimal_composition.pc'
[26.017s] Level 1:colcon.colcon_core.environment:checking '/home/bryan/Workspace/ros2_ws/install/examples_rclcpp_minimal_composition/lib/python3.10/site-packages'
[26.017s] Level 1:colcon.colcon_core.environment:checking '/home/bryan/Workspace/ros2_ws/install/examples_rclcpp_minimal_composition/bin'
[26.018s] INFO:colcon.colcon_core.shell:Creating package script '/home/bryan/Workspace/ros2_ws/install/examples_rclcpp_minimal_composition/share/examples_rclcpp_minimal_composition/package.ps1'
[26.020s] INFO:colcon.colcon_core.shell:Creating package descriptor '/home/bryan/Workspace/ros2_ws/install/examples_rclcpp_minimal_composition/share/examples_rclcpp_minimal_composition/package.dsv'
[26.023s] INFO:colcon.colcon_core.shell:Creating package script '/home/bryan/Workspace/ros2_ws/install/examples_rclcpp_minimal_composition/share/examples_rclcpp_minimal_composition/package.sh'
[26.025s] INFO:colcon.colcon_core.shell:Creating package script '/home/bryan/Workspace/ros2_ws/install/examples_rclcpp_minimal_composition/share/examples_rclcpp_minimal_composition/package.bash'
[26.030s] INFO:colcon.colcon_core.shell:Creating package script '/home/bryan/Workspace/ros2_ws/install/examples_rclcpp_minimal_composition/share/examples_rclcpp_minimal_composition/package.zsh'
[26.053s] Level 1:colcon.colcon_core.environment:create_file_with_runtime_dependencies(/home/bryan/Workspace/ros2_ws/install/examples_rclcpp_minimal_composition/share/colcon-core/packages/examples_rclcpp_minimal_composition)
[26.075s] INFO:colcon.colcon_ros.task.ament_cmake.build:Building ROS package in '/home/bryan/Workspace/ros2_ws/src/examples/rclcpp/services/minimal_service' with build type 'ament_cmake'
[26.076s] INFO:colcon.colcon_cmake.task.cmake.build:Building CMake package in '/home/bryan/Workspace/ros2_ws/src/examples/rclcpp/services/minimal_service'
[26.077s] INFO:colcon.colcon_core.shell:Skip shell extension 'powershell' for command environment: Not usable outside of PowerShell
[26.078s] DEBUG:colcon.colcon_core.shell:Skip shell extension 'dsv' for command environment
[26.133s] DEBUG:colcon.colcon_core.event_handler.log_command:Invoking command in '/home/bryan/Workspace/ros2_ws/build/examples_rclcpp_minimal_service': CMAKE_PREFIX_PATH=${CMAKE_PREFIX_PATH}:/home/bryan/Workspace/ros2_ws/install/sprint2:/home/bryan/Workspace/ros2_ws/install/launch_testing_examples:/home/bryan/Workspace/ros2_ws/install/image_converter:/home/bryan/Workspace/ros2_ws/install/first_package:/home/bryan/Workspace/ros2_ws/install/examples_rclpy_pointcloud_publisher:/home/bryan/Workspace/ros2_ws/install/examples_rclpy_minimal_subscriber:/home/bryan/Workspace/ros2_ws/install/examples_rclpy_minimal_service:/home/bryan/Workspace/ros2_ws/install/examples_rclpy_minimal_publisher:/home/bryan/Workspace/ros2_ws/install/examples_rclpy_minimal_client:/home/bryan/Workspace/ros2_ws/install/examples_rclpy_minimal_action_server:/home/bryan/Workspace/ros2_ws/install/examples_rclpy_minimal_action_client:/home/bryan/Workspace/ros2_ws/install/examples_rclpy_guard_conditions:/home/bryan/Workspace/ros2_ws/install/examples_rclpy_executors:/home/bryan/Workspace/ros2_ws/install/camera_calibration:/opt/ros/humble /usr/bin/cmake /home/bryan/Workspace/ros2_ws/src/examples/rclcpp/services/minimal_service -DCMAKE_INSTALL_PREFIX=/home/bryan/Workspace/ros2_ws/install/examples_rclcpp_minimal_service
[26.398s] DEBUG:colcon.colcon_core.event_handler.log_command:Invoked command in '/home/bryan/Workspace/ros2_ws/build/examples_rclcpp_minimal_publisher' returned '0': CMAKE_PREFIX_PATH=${CMAKE_PREFIX_PATH}:/home/bryan/Workspace/ros2_ws/install/sprint2:/home/bryan/Workspace/ros2_ws/install/launch_testing_examples:/home/bryan/Workspace/ros2_ws/install/image_converter:/home/bryan/Workspace/ros2_ws/install/first_package:/home/bryan/Workspace/ros2_ws/install/examples_rclpy_pointcloud_publisher:/home/bryan/Workspace/ros2_ws/install/examples_rclpy_minimal_subscriber:/home/bryan/Workspace/ros2_ws/install/examples_rclpy_minimal_service:/home/bryan/Workspace/ros2_ws/install/examples_rclpy_minimal_publisher:/home/bryan/Workspace/ros2_ws/install/examples_rclpy_minimal_client:/home/bryan/Workspace/ros2_ws/install/examples_rclpy_minimal_action_server:/home/bryan/Workspace/ros2_ws/install/examples_rclpy_minimal_action_client:/home/bryan/Workspace/ros2_ws/install/examples_rclpy_guard_conditions:/home/bryan/Workspace/ros2_ws/install/examples_rclpy_executors:/home/bryan/Workspace/ros2_ws/install/camera_calibration:/opt/ros/humble /usr/bin/cmake --build /home/bryan/Workspace/ros2_ws/build/examples_rclcpp_minimal_publisher -- -j3 -l3
[26.402s] DEBUG:colcon.colcon_core.event_handler.log_command:Invoking command in '/home/bryan/Workspace/ros2_ws/build/examples_rclcpp_minimal_publisher': CMAKE_PREFIX_PATH=${CMAKE_PREFIX_PATH}:/home/bryan/Workspace/ros2_ws/install/sprint2:/home/bryan/Workspace/ros2_ws/install/launch_testing_examples:/home/bryan/Workspace/ros2_ws/install/image_converter:/home/bryan/Workspace/ros2_ws/install/first_package:/home/bryan/Workspace/ros2_ws/install/examples_rclpy_pointcloud_publisher:/home/bryan/Workspace/ros2_ws/install/examples_rclpy_minimal_subscriber:/home/bryan/Workspace/ros2_ws/install/examples_rclpy_minimal_service:/home/bryan/Workspace/ros2_ws/install/examples_rclpy_minimal_publisher:/home/bryan/Workspace/ros2_ws/install/examples_rclpy_minimal_client:/home/bryan/Workspace/ros2_ws/install/examples_rclpy_minimal_action_server:/home/bryan/Workspace/ros2_ws/install/examples_rclpy_minimal_action_client:/home/bryan/Workspace/ros2_ws/install/examples_rclpy_guard_conditions:/home/bryan/Workspace/ros2_ws/install/examples_rclpy_executors:/home/bryan/Workspace/ros2_ws/install/camera_calibration:/opt/ros/humble /usr/bin/cmake --install /home/bryan/Workspace/ros2_ws/build/examples_rclcpp_minimal_publisher
[26.517s] Level 1:colcon.colcon_core.environment:create_environment_scripts_only(examples_rclcpp_minimal_publisher)
[26.517s] Level 1:colcon.colcon_core.environment:checking '/home/bryan/Workspace/ros2_ws/install/examples_rclcpp_minimal_publisher' for CMake module files
[26.520s] DEBUG:colcon.colcon_core.event_handler.log_command:Invoked command in '/home/bryan/Workspace/ros2_ws/build/examples_rclcpp_minimal_publisher' returned '0': CMAKE_PREFIX_PATH=${CMAKE_PREFIX_PATH}:/home/bryan/Workspace/ros2_ws/install/sprint2:/home/bryan/Workspace/ros2_ws/install/launch_testing_examples:/home/bryan/Workspace/ros2_ws/install/image_converter:/home/bryan/Workspace/ros2_ws/install/first_package:/home/bryan/Workspace/ros2_ws/install/examples_rclpy_pointcloud_publisher:/home/bryan/Workspace/ros2_ws/install/examples_rclpy_minimal_subscriber:/home/bryan/Workspace/ros2_ws/install/examples_rclpy_minimal_service:/home/bryan/Workspace/ros2_ws/install/examples_rclpy_minimal_publisher:/home/bryan/Workspace/ros2_ws/install/examples_rclpy_minimal_client:/home/bryan/Workspace/ros2_ws/install/examples_rclpy_minimal_action_server:/home/bryan/Workspace/ros2_ws/install/examples_rclpy_minimal_action_client:/home/bryan/Workspace/ros2_ws/install/examples_rclpy_guard_conditions:/home/bryan/Workspace/ros2_ws/install/examples_rclpy_executors:/home/bryan/Workspace/ros2_ws/install/camera_calibration:/opt/ros/humble /usr/bin/cmake --install /home/bryan/Workspace/ros2_ws/build/examples_rclcpp_minimal_publisher
[26.531s] Level 1:colcon.colcon_core.environment:checking '/home/bryan/Workspace/ros2_ws/install/examples_rclcpp_minimal_publisher' for CMake config files
[26.531s] Level 1:colcon.colcon_core.shell:create_environment_hook('examples_rclcpp_minimal_publisher', 'cmake_prefix_path')
[26.532s] INFO:colcon.colcon_core.shell:Creating environment hook '/home/bryan/Workspace/ros2_ws/install/examples_rclcpp_minimal_publisher/share/examples_rclcpp_minimal_publisher/hook/cmake_prefix_path.ps1'
[26.534s] INFO:colcon.colcon_core.shell:Creating environment descriptor '/home/bryan/Workspace/ros2_ws/install/examples_rclcpp_minimal_publisher/share/examples_rclcpp_minimal_publisher/hook/cmake_prefix_path.dsv'
[26.535s] INFO:colcon.colcon_core.shell:Creating environment hook '/home/bryan/Workspace/ros2_ws/install/examples_rclcpp_minimal_publisher/share/examples_rclcpp_minimal_publisher/hook/cmake_prefix_path.sh'
[26.538s] Level 1:colcon.colcon_core.environment:checking '/home/bryan/Workspace/ros2_ws/install/examples_rclcpp_minimal_publisher/lib'
[26.538s] Level 1:colcon.colcon_core.environment:checking '/home/bryan/Workspace/ros2_ws/install/examples_rclcpp_minimal_publisher/bin'
[26.539s] Level 1:colcon.colcon_core.environment:checking '/home/bryan/Workspace/ros2_ws/install/examples_rclcpp_minimal_publisher/lib/pkgconfig/examples_rclcpp_minimal_publisher.pc'
[26.539s] Level 1:colcon.colcon_core.environment:checking '/home/bryan/Workspace/ros2_ws/install/examples_rclcpp_minimal_publisher/lib/python3.10/site-packages'
[26.539s] Level 1:colcon.colcon_core.environment:checking '/home/bryan/Workspace/ros2_ws/install/examples_rclcpp_minimal_publisher/bin'
[26.540s] INFO:colcon.colcon_core.shell:Creating package script '/home/bryan/Workspace/ros2_ws/install/examples_rclcpp_minimal_publisher/share/examples_rclcpp_minimal_publisher/package.ps1'
[26.542s] INFO:colcon.colcon_core.shell:Creating package descriptor '/home/bryan/Workspace/ros2_ws/install/examples_rclcpp_minimal_publisher/share/examples_rclcpp_minimal_publisher/package.dsv'
[26.543s] INFO:colcon.colcon_core.shell:Creating package script '/home/bryan/Workspace/ros2_ws/install/examples_rclcpp_minimal_publisher/share/examples_rclcpp_minimal_publisher/package.sh'
[26.545s] INFO:colcon.colcon_core.shell:Creating package script '/home/bryan/Workspace/ros2_ws/install/examples_rclcpp_minimal_publisher/share/examples_rclcpp_minimal_publisher/package.bash'
[26.546s] INFO:colcon.colcon_core.shell:Creating package script '/home/bryan/Workspace/ros2_ws/install/examples_rclcpp_minimal_publisher/share/examples_rclcpp_minimal_publisher/package.zsh'
[26.548s] Level 1:colcon.colcon_core.environment:create_file_with_runtime_dependencies(/home/bryan/Workspace/ros2_ws/install/examples_rclcpp_minimal_publisher/share/colcon-core/packages/examples_rclcpp_minimal_publisher)
[26.550s] Level 1:colcon.colcon_core.environment:create_environment_scripts_only(examples_rclcpp_minimal_publisher)
[26.550s] Level 1:colcon.colcon_core.environment:checking '/home/bryan/Workspace/ros2_ws/install/examples_rclcpp_minimal_publisher' for CMake module files
[26.551s] Level 1:colcon.colcon_core.environment:checking '/home/bryan/Workspace/ros2_ws/install/examples_rclcpp_minimal_publisher' for CMake config files
[26.551s] Level 1:colcon.colcon_core.shell:create_environment_hook('examples_rclcpp_minimal_publisher', 'cmake_prefix_path')
[26.551s] INFO:colcon.colcon_core.shell:Creating environment hook '/home/bryan/Workspace/ros2_ws/install/examples_rclcpp_minimal_publisher/share/examples_rclcpp_minimal_publisher/hook/cmake_prefix_path.ps1'
[26.553s] INFO:colcon.colcon_core.shell:Creating environment descriptor '/home/bryan/Workspace/ros2_ws/install/examples_rclcpp_minimal_publisher/share/examples_rclcpp_minimal_publisher/hook/cmake_prefix_path.dsv'
[26.554s] INFO:colcon.colcon_core.shell:Creating environment hook '/home/bryan/Workspace/ros2_ws/install/examples_rclcpp_minimal_publisher/share/examples_rclcpp_minimal_publisher/hook/cmake_prefix_path.sh'
[26.556s] Level 1:colcon.colcon_core.environment:checking '/home/bryan/Workspace/ros2_ws/install/examples_rclcpp_minimal_publisher/lib'
[26.556s] Level 1:colcon.colcon_core.environment:checking '/home/bryan/Workspace/ros2_ws/install/examples_rclcpp_minimal_publisher/bin'
[26.557s] Level 1:colcon.colcon_core.environment:checking '/home/bryan/Workspace/ros2_ws/install/examples_rclcpp_minimal_publisher/lib/pkgconfig/examples_rclcpp_minimal_publisher.pc'
[26.557s] Level 1:colcon.colcon_core.environment:checking '/home/bryan/Workspace/ros2_ws/install/examples_rclcpp_minimal_publisher/lib/python3.10/site-packages'
[26.557s] Level 1:colcon.colcon_core.environment:checking '/home/bryan/Workspace/ros2_ws/install/examples_rclcpp_minimal_publisher/bin'
[26.558s] INFO:colcon.colcon_core.shell:Creating package script '/home/bryan/Workspace/ros2_ws/install/examples_rclcpp_minimal_publisher/share/examples_rclcpp_minimal_publisher/package.ps1'
[26.559s] INFO:colcon.colcon_core.shell:Creating package descriptor '/home/bryan/Workspace/ros2_ws/install/examples_rclcpp_minimal_publisher/share/examples_rclcpp_minimal_publisher/package.dsv'
[26.561s] INFO:colcon.colcon_core.shell:Creating package script '/home/bryan/Workspace/ros2_ws/install/examples_rclcpp_minimal_publisher/share/examples_rclcpp_minimal_publisher/package.sh'
[26.563s] INFO:colcon.colcon_core.shell:Creating package script '/home/bryan/Workspace/ros2_ws/install/examples_rclcpp_minimal_publisher/share/examples_rclcpp_minimal_publisher/package.bash'
[26.564s] INFO:colcon.colcon_core.shell:Creating package script '/home/bryan/Workspace/ros2_ws/install/examples_rclcpp_minimal_publisher/share/examples_rclcpp_minimal_publisher/package.zsh'
[26.566s] Level 1:colcon.colcon_core.environment:create_file_with_runtime_dependencies(/home/bryan/Workspace/ros2_ws/install/examples_rclcpp_minimal_publisher/share/colcon-core/packages/examples_rclcpp_minimal_publisher)
[26.574s] INFO:colcon.colcon_ros.task.ament_cmake.build:Building ROS package in '/home/bryan/Workspace/ros2_ws/src/examples/rclcpp/topics/minimal_subscriber' with build type 'ament_cmake'
[26.575s] INFO:colcon.colcon_cmake.task.cmake.build:Building CMake package in '/home/bryan/Workspace/ros2_ws/src/examples/rclcpp/topics/minimal_subscriber'
[26.577s] INFO:colcon.colcon_core.shell:Skip shell extension 'powershell' for command environment: Not usable outside of PowerShell
[26.577s] DEBUG:colcon.colcon_core.shell:Skip shell extension 'dsv' for command environment
[26.634s] DEBUG:colcon.colcon_core.event_handler.log_command:Invoking command in '/home/bryan/Workspace/ros2_ws/build/examples_rclcpp_minimal_subscriber': CMAKE_PREFIX_PATH=${CMAKE_PREFIX_PATH}:/home/bryan/Workspace/ros2_ws/install/sprint2:/home/bryan/Workspace/ros2_ws/install/launch_testing_examples:/home/bryan/Workspace/ros2_ws/install/image_converter:/home/bryan/Workspace/ros2_ws/install/first_package:/home/bryan/Workspace/ros2_ws/install/examples_rclpy_pointcloud_publisher:/home/bryan/Workspace/ros2_ws/install/examples_rclpy_minimal_subscriber:/home/bryan/Workspace/ros2_ws/install/examples_rclpy_minimal_service:/home/bryan/Workspace/ros2_ws/install/examples_rclpy_minimal_publisher:/home/bryan/Workspace/ros2_ws/install/examples_rclpy_minimal_client:/home/bryan/Workspace/ros2_ws/install/examples_rclpy_minimal_action_server:/home/bryan/Workspace/ros2_ws/install/examples_rclpy_minimal_action_client:/home/bryan/Workspace/ros2_ws/install/examples_rclpy_guard_conditions:/home/bryan/Workspace/ros2_ws/install/examples_rclpy_executors:/home/bryan/Workspace/ros2_ws/install/camera_calibration:/opt/ros/humble /usr/bin/cmake /home/bryan/Workspace/ros2_ws/src/examples/rclcpp/topics/minimal_subscriber -DCMAKE_INSTALL_PREFIX=/home/bryan/Workspace/ros2_ws/install/examples_rclcpp_minimal_subscriber
[27.816s] DEBUG:colcon.colcon_core.event_handler.log_command:Invoked command in '/home/bryan/Workspace/ros2_ws/build/examples_rclcpp_minimal_service' returned '0': CMAKE_PREFIX_PATH=${CMAKE_PREFIX_PATH}:/home/bryan/Workspace/ros2_ws/install/sprint2:/home/bryan/Workspace/ros2_ws/install/launch_testing_examples:/home/bryan/Workspace/ros2_ws/install/image_converter:/home/bryan/Workspace/ros2_ws/install/first_package:/home/bryan/Workspace/ros2_ws/install/examples_rclpy_pointcloud_publisher:/home/bryan/Workspace/ros2_ws/install/examples_rclpy_minimal_subscriber:/home/bryan/Workspace/ros2_ws/install/examples_rclpy_minimal_service:/home/bryan/Workspace/ros2_ws/install/examples_rclpy_minimal_publisher:/home/bryan/Workspace/ros2_ws/install/examples_rclpy_minimal_client:/home/bryan/Workspace/ros2_ws/install/examples_rclpy_minimal_action_server:/home/bryan/Workspace/ros2_ws/install/examples_rclpy_minimal_action_client:/home/bryan/Workspace/ros2_ws/install/examples_rclpy_guard_conditions:/home/bryan/Workspace/ros2_ws/install/examples_rclpy_executors:/home/bryan/Workspace/ros2_ws/install/camera_calibration:/opt/ros/humble /usr/bin/cmake /home/bryan/Workspace/ros2_ws/src/examples/rclcpp/services/minimal_service -DCMAKE_INSTALL_PREFIX=/home/bryan/Workspace/ros2_ws/install/examples_rclcpp_minimal_service
[27.818s] DEBUG:colcon.colcon_core.event_handler.log_command:Invoking command in '/home/bryan/Workspace/ros2_ws/build/examples_rclcpp_minimal_service': CMAKE_PREFIX_PATH=${CMAKE_PREFIX_PATH}:/home/bryan/Workspace/ros2_ws/install/sprint2:/home/bryan/Workspace/ros2_ws/install/launch_testing_examples:/home/bryan/Workspace/ros2_ws/install/image_converter:/home/bryan/Workspace/ros2_ws/install/first_package:/home/bryan/Workspace/ros2_ws/install/examples_rclpy_pointcloud_publisher:/home/bryan/Workspace/ros2_ws/install/examples_rclpy_minimal_subscriber:/home/bryan/Workspace/ros2_ws/install/examples_rclpy_minimal_service:/home/bryan/Workspace/ros2_ws/install/examples_rclpy_minimal_publisher:/home/bryan/Workspace/ros2_ws/install/examples_rclpy_minimal_client:/home/bryan/Workspace/ros2_ws/install/examples_rclpy_minimal_action_server:/home/bryan/Workspace/ros2_ws/install/examples_rclpy_minimal_action_client:/home/bryan/Workspace/ros2_ws/install/examples_rclpy_guard_conditions:/home/bryan/Workspace/ros2_ws/install/examples_rclpy_executors:/home/bryan/Workspace/ros2_ws/install/camera_calibration:/opt/ros/humble /usr/bin/cmake --build /home/bryan/Workspace/ros2_ws/build/examples_rclcpp_minimal_service -- -j3 -l3
[28.185s] DEBUG:colcon.colcon_core.event_handler.log_command:Invoked command in '/home/bryan/Workspace/ros2_ws/build/examples_rclcpp_minimal_service' returned '0': CMAKE_PREFIX_PATH=${CMAKE_PREFIX_PATH}:/home/bryan/Workspace/ros2_ws/install/sprint2:/home/bryan/Workspace/ros2_ws/install/launch_testing_examples:/home/bryan/Workspace/ros2_ws/install/image_converter:/home/bryan/Workspace/ros2_ws/install/first_package:/home/bryan/Workspace/ros2_ws/install/examples_rclpy_pointcloud_publisher:/home/bryan/Workspace/ros2_ws/install/examples_rclpy_minimal_subscriber:/home/bryan/Workspace/ros2_ws/install/examples_rclpy_minimal_service:/home/bryan/Workspace/ros2_ws/install/examples_rclpy_minimal_publisher:/home/bryan/Workspace/ros2_ws/install/examples_rclpy_minimal_client:/home/bryan/Workspace/ros2_ws/install/examples_rclpy_minimal_action_server:/home/bryan/Workspace/ros2_ws/install/examples_rclpy_minimal_action_client:/home/bryan/Workspace/ros2_ws/install/examples_rclpy_guard_conditions:/home/bryan/Workspace/ros2_ws/install/examples_rclpy_executors:/home/bryan/Workspace/ros2_ws/install/camera_calibration:/opt/ros/humble /usr/bin/cmake --build /home/bryan/Workspace/ros2_ws/build/examples_rclcpp_minimal_service -- -j3 -l3
[28.212s] DEBUG:colcon.colcon_core.event_handler.log_command:Invoking command in '/home/bryan/Workspace/ros2_ws/build/examples_rclcpp_minimal_service': CMAKE_PREFIX_PATH=${CMAKE_PREFIX_PATH}:/home/bryan/Workspace/ros2_ws/install/sprint2:/home/bryan/Workspace/ros2_ws/install/launch_testing_examples:/home/bryan/Workspace/ros2_ws/install/image_converter:/home/bryan/Workspace/ros2_ws/install/first_package:/home/bryan/Workspace/ros2_ws/install/examples_rclpy_pointcloud_publisher:/home/bryan/Workspace/ros2_ws/install/examples_rclpy_minimal_subscriber:/home/bryan/Workspace/ros2_ws/install/examples_rclpy_minimal_service:/home/bryan/Workspace/ros2_ws/install/examples_rclpy_minimal_publisher:/home/bryan/Workspace/ros2_ws/install/examples_rclpy_minimal_client:/home/bryan/Workspace/ros2_ws/install/examples_rclpy_minimal_action_server:/home/bryan/Workspace/ros2_ws/install/examples_rclpy_minimal_action_client:/home/bryan/Workspace/ros2_ws/install/examples_rclpy_guard_conditions:/home/bryan/Workspace/ros2_ws/install/examples_rclpy_executors:/home/bryan/Workspace/ros2_ws/install/camera_calibration:/opt/ros/humble /usr/bin/cmake --install /home/bryan/Workspace/ros2_ws/build/examples_rclcpp_minimal_service
[28.338s] Level 1:colcon.colcon_core.environment:create_environment_scripts_only(examples_rclcpp_minimal_service)
[28.339s] Level 1:colcon.colcon_core.environment:checking '/home/bryan/Workspace/ros2_ws/install/examples_rclcpp_minimal_service' for CMake module files
[28.340s] Level 1:colcon.colcon_core.environment:checking '/home/bryan/Workspace/ros2_ws/install/examples_rclcpp_minimal_service' for CMake config files
[28.340s] Level 1:colcon.colcon_core.shell:create_environment_hook('examples_rclcpp_minimal_service', 'cmake_prefix_path')
[28.344s] INFO:colcon.colcon_core.shell:Creating environment hook '/home/bryan/Workspace/ros2_ws/install/examples_rclcpp_minimal_service/share/examples_rclcpp_minimal_service/hook/cmake_prefix_path.ps1'
[28.347s] DEBUG:colcon.colcon_core.event_handler.log_command:Invoked command in '/home/bryan/Workspace/ros2_ws/build/examples_rclcpp_minimal_service' returned '0': CMAKE_PREFIX_PATH=${CMAKE_PREFIX_PATH}:/home/bryan/Workspace/ros2_ws/install/sprint2:/home/bryan/Workspace/ros2_ws/install/launch_testing_examples:/home/bryan/Workspace/ros2_ws/install/image_converter:/home/bryan/Workspace/ros2_ws/install/first_package:/home/bryan/Workspace/ros2_ws/install/examples_rclpy_pointcloud_publisher:/home/bryan/Workspace/ros2_ws/install/examples_rclpy_minimal_subscriber:/home/bryan/Workspace/ros2_ws/install/examples_rclpy_minimal_service:/home/bryan/Workspace/ros2_ws/install/examples_rclpy_minimal_publisher:/home/bryan/Workspace/ros2_ws/install/examples_rclpy_minimal_client:/home/bryan/Workspace/ros2_ws/install/examples_rclpy_minimal_action_server:/home/bryan/Workspace/ros2_ws/install/examples_rclpy_minimal_action_client:/home/bryan/Workspace/ros2_ws/install/examples_rclpy_guard_conditions:/home/bryan/Workspace/ros2_ws/install/examples_rclpy_executors:/home/bryan/Workspace/ros2_ws/install/camera_calibration:/opt/ros/humble /usr/bin/cmake --install /home/bryan/Workspace/ros2_ws/build/examples_rclcpp_minimal_service
[28.348s] INFO:colcon.colcon_core.shell:Creating environment descriptor '/home/bryan/Workspace/ros2_ws/install/examples_rclcpp_minimal_service/share/examples_rclcpp_minimal_service/hook/cmake_prefix_path.dsv'
[28.353s] INFO:colcon.colcon_core.shell:Creating environment hook '/home/bryan/Workspace/ros2_ws/install/examples_rclcpp_minimal_service/share/examples_rclcpp_minimal_service/hook/cmake_prefix_path.sh'
[28.356s] Level 1:colcon.colcon_core.environment:checking '/home/bryan/Workspace/ros2_ws/install/examples_rclcpp_minimal_service/lib'
[28.357s] Level 1:colcon.colcon_core.environment:checking '/home/bryan/Workspace/ros2_ws/install/examples_rclcpp_minimal_service/bin'
[28.357s] Level 1:colcon.colcon_core.environment:checking '/home/bryan/Workspace/ros2_ws/install/examples_rclcpp_minimal_service/lib/pkgconfig/examples_rclcpp_minimal_service.pc'
[28.358s] Level 1:colcon.colcon_core.environment:checking '/home/bryan/Workspace/ros2_ws/install/examples_rclcpp_minimal_service/lib/python3.10/site-packages'
[28.360s] Level 1:colcon.colcon_core.environment:checking '/home/bryan/Workspace/ros2_ws/install/examples_rclcpp_minimal_service/bin'
[28.361s] INFO:colcon.colcon_core.shell:Creating package script '/home/bryan/Workspace/ros2_ws/install/examples_rclcpp_minimal_service/share/examples_rclcpp_minimal_service/package.ps1'
[28.366s] INFO:colcon.colcon_core.shell:Creating package descriptor '/home/bryan/Workspace/ros2_ws/install/examples_rclcpp_minimal_service/share/examples_rclcpp_minimal_service/package.dsv'
[28.373s] INFO:colcon.colcon_core.shell:Creating package script '/home/bryan/Workspace/ros2_ws/install/examples_rclcpp_minimal_service/share/examples_rclcpp_minimal_service/package.sh'
[28.380s] INFO:colcon.colcon_core.shell:Creating package script '/home/bryan/Workspace/ros2_ws/install/examples_rclcpp_minimal_service/share/examples_rclcpp_minimal_service/package.bash'
[28.382s] INFO:colcon.colcon_core.shell:Creating package script '/home/bryan/Workspace/ros2_ws/install/examples_rclcpp_minimal_service/share/examples_rclcpp_minimal_service/package.zsh'
[28.384s] Level 1:colcon.colcon_core.environment:create_file_with_runtime_dependencies(/home/bryan/Workspace/ros2_ws/install/examples_rclcpp_minimal_service/share/colcon-core/packages/examples_rclcpp_minimal_service)
[28.391s] Level 1:colcon.colcon_core.environment:create_environment_scripts_only(examples_rclcpp_minimal_service)
[28.395s] Level 1:colcon.colcon_core.environment:checking '/home/bryan/Workspace/ros2_ws/install/examples_rclcpp_minimal_service' for CMake module files
[28.410s] Level 1:colcon.colcon_core.environment:checking '/home/bryan/Workspace/ros2_ws/install/examples_rclcpp_minimal_service' for CMake config files
[28.424s] Level 1:colcon.colcon_core.shell:create_environment_hook('examples_rclcpp_minimal_service', 'cmake_prefix_path')
[28.433s] INFO:colcon.colcon_core.shell:Creating environment hook '/home/bryan/Workspace/ros2_ws/install/examples_rclcpp_minimal_service/share/examples_rclcpp_minimal_service/hook/cmake_prefix_path.ps1'
[28.447s] INFO:colcon.colcon_core.shell:Creating environment descriptor '/home/bryan/Workspace/ros2_ws/install/examples_rclcpp_minimal_service/share/examples_rclcpp_minimal_service/hook/cmake_prefix_path.dsv'
[28.457s] INFO:colcon.colcon_core.shell:Creating environment hook '/home/bryan/Workspace/ros2_ws/install/examples_rclcpp_minimal_service/share/examples_rclcpp_minimal_service/hook/cmake_prefix_path.sh'
[28.459s] Level 1:colcon.colcon_core.environment:checking '/home/bryan/Workspace/ros2_ws/install/examples_rclcpp_minimal_service/lib'
[28.459s] Level 1:colcon.colcon_core.environment:checking '/home/bryan/Workspace/ros2_ws/install/examples_rclcpp_minimal_service/bin'
[28.460s] Level 1:colcon.colcon_core.environment:checking '/home/bryan/Workspace/ros2_ws/install/examples_rclcpp_minimal_service/lib/pkgconfig/examples_rclcpp_minimal_service.pc'
[28.460s] Level 1:colcon.colcon_core.environment:checking '/home/bryan/Workspace/ros2_ws/install/examples_rclcpp_minimal_service/lib/python3.10/site-packages'
[28.461s] Level 1:colcon.colcon_core.environment:checking '/home/bryan/Workspace/ros2_ws/install/examples_rclcpp_minimal_service/bin'
[28.461s] INFO:colcon.colcon_core.shell:Creating package script '/home/bryan/Workspace/ros2_ws/install/examples_rclcpp_minimal_service/share/examples_rclcpp_minimal_service/package.ps1'
[28.465s] INFO:colcon.colcon_core.shell:Creating package descriptor '/home/bryan/Workspace/ros2_ws/install/examples_rclcpp_minimal_service/share/examples_rclcpp_minimal_service/package.dsv'
[28.468s] INFO:colcon.colcon_core.shell:Creating package script '/home/bryan/Workspace/ros2_ws/install/examples_rclcpp_minimal_service/share/examples_rclcpp_minimal_service/package.sh'
[28.471s] INFO:colcon.colcon_core.shell:Creating package script '/home/bryan/Workspace/ros2_ws/install/examples_rclcpp_minimal_service/share/examples_rclcpp_minimal_service/package.bash'
[28.473s] INFO:colcon.colcon_core.shell:Creating package script '/home/bryan/Workspace/ros2_ws/install/examples_rclcpp_minimal_service/share/examples_rclcpp_minimal_service/package.zsh'
[28.479s] Level 1:colcon.colcon_core.environment:create_file_with_runtime_dependencies(/home/bryan/Workspace/ros2_ws/install/examples_rclcpp_minimal_service/share/colcon-core/packages/examples_rclcpp_minimal_service)
[28.482s] INFO:colcon.colcon_ros.task.ament_cmake.build:Building ROS package in '/home/bryan/Workspace/ros2_ws/src/examples/rclcpp/timers/minimal_timer' with build type 'ament_cmake'
[28.482s] INFO:colcon.colcon_cmake.task.cmake.build:Building CMake package in '/home/bryan/Workspace/ros2_ws/src/examples/rclcpp/timers/minimal_timer'
[28.483s] INFO:colcon.colcon_core.shell:Skip shell extension 'powershell' for command environment: Not usable outside of PowerShell
[28.483s] DEBUG:colcon.colcon_core.shell:Skip shell extension 'dsv' for command environment
[28.644s] DEBUG:colcon.colcon_core.event_handler.log_command:Invoking command in '/home/bryan/Workspace/ros2_ws/build/examples_rclcpp_minimal_timer': CMAKE_PREFIX_PATH=${CMAKE_PREFIX_PATH}:/home/bryan/Workspace/ros2_ws/install/sprint2:/home/bryan/Workspace/ros2_ws/install/launch_testing_examples:/home/bryan/Workspace/ros2_ws/install/image_converter:/home/bryan/Workspace/ros2_ws/install/first_package:/home/bryan/Workspace/ros2_ws/install/examples_rclpy_pointcloud_publisher:/home/bryan/Workspace/ros2_ws/install/examples_rclpy_minimal_subscriber:/home/bryan/Workspace/ros2_ws/install/examples_rclpy_minimal_service:/home/bryan/Workspace/ros2_ws/install/examples_rclpy_minimal_publisher:/home/bryan/Workspace/ros2_ws/install/examples_rclpy_minimal_client:/home/bryan/Workspace/ros2_ws/install/examples_rclpy_minimal_action_server:/home/bryan/Workspace/ros2_ws/install/examples_rclpy_minimal_action_client:/home/bryan/Workspace/ros2_ws/install/examples_rclpy_guard_conditions:/home/bryan/Workspace/ros2_ws/install/examples_rclpy_executors:/home/bryan/Workspace/ros2_ws/install/camera_calibration:/opt/ros/humble /usr/bin/cmake /home/bryan/Workspace/ros2_ws/src/examples/rclcpp/timers/minimal_timer -DCMAKE_INSTALL_PREFIX=/home/bryan/Workspace/ros2_ws/install/examples_rclcpp_minimal_timer
[29.134s] DEBUG:colcon.colcon_core.event_handler.log_command:Invoked command in '/home/bryan/Workspace/ros2_ws/build/examples_rclcpp_minimal_subscriber' returned '0': CMAKE_PREFIX_PATH=${CMAKE_PREFIX_PATH}:/home/bryan/Workspace/ros2_ws/install/sprint2:/home/bryan/Workspace/ros2_ws/install/launch_testing_examples:/home/bryan/Workspace/ros2_ws/install/image_converter:/home/bryan/Workspace/ros2_ws/install/first_package:/home/bryan/Workspace/ros2_ws/install/examples_rclpy_pointcloud_publisher:/home/bryan/Workspace/ros2_ws/install/examples_rclpy_minimal_subscriber:/home/bryan/Workspace/ros2_ws/install/examples_rclpy_minimal_service:/home/bryan/Workspace/ros2_ws/install/examples_rclpy_minimal_publisher:/home/bryan/Workspace/ros2_ws/install/examples_rclpy_minimal_client:/home/bryan/Workspace/ros2_ws/install/examples_rclpy_minimal_action_server:/home/bryan/Workspace/ros2_ws/install/examples_rclpy_minimal_action_client:/home/bryan/Workspace/ros2_ws/install/examples_rclpy_guard_conditions:/home/bryan/Workspace/ros2_ws/install/examples_rclpy_executors:/home/bryan/Workspace/ros2_ws/install/camera_calibration:/opt/ros/humble /usr/bin/cmake /home/bryan/Workspace/ros2_ws/src/examples/rclcpp/topics/minimal_subscriber -DCMAKE_INSTALL_PREFIX=/home/bryan/Workspace/ros2_ws/install/examples_rclcpp_minimal_subscriber
[29.134s] DEBUG:colcon.colcon_core.event_handler.log_command:Invoking command in '/home/bryan/Workspace/ros2_ws/build/examples_rclcpp_minimal_subscriber': CMAKE_PREFIX_PATH=${CMAKE_PREFIX_PATH}:/home/bryan/Workspace/ros2_ws/install/sprint2:/home/bryan/Workspace/ros2_ws/install/launch_testing_examples:/home/bryan/Workspace/ros2_ws/install/image_converter:/home/bryan/Workspace/ros2_ws/install/first_package:/home/bryan/Workspace/ros2_ws/install/examples_rclpy_pointcloud_publisher:/home/bryan/Workspace/ros2_ws/install/examples_rclpy_minimal_subscriber:/home/bryan/Workspace/ros2_ws/install/examples_rclpy_minimal_service:/home/bryan/Workspace/ros2_ws/install/examples_rclpy_minimal_publisher:/home/bryan/Workspace/ros2_ws/install/examples_rclpy_minimal_client:/home/bryan/Workspace/ros2_ws/install/examples_rclpy_minimal_action_server:/home/bryan/Workspace/ros2_ws/install/examples_rclpy_minimal_action_client:/home/bryan/Workspace/ros2_ws/install/examples_rclpy_guard_conditions:/home/bryan/Workspace/ros2_ws/install/examples_rclpy_executors:/home/bryan/Workspace/ros2_ws/install/camera_calibration:/opt/ros/humble /usr/bin/cmake --build /home/bryan/Workspace/ros2_ws/build/examples_rclcpp_minimal_subscriber -- -j3 -l3
[31.017s] DEBUG:colcon.colcon_core.event_handler.log_command:Invoked command in '/home/bryan/Workspace/ros2_ws/build/examples_rclcpp_minimal_timer' returned '0': CMAKE_PREFIX_PATH=${CMAKE_PREFIX_PATH}:/home/bryan/Workspace/ros2_ws/install/sprint2:/home/bryan/Workspace/ros2_ws/install/launch_testing_examples:/home/bryan/Workspace/ros2_ws/install/image_converter:/home/bryan/Workspace/ros2_ws/install/first_package:/home/bryan/Workspace/ros2_ws/install/examples_rclpy_pointcloud_publisher:/home/bryan/Workspace/ros2_ws/install/examples_rclpy_minimal_subscriber:/home/bryan/Workspace/ros2_ws/install/examples_rclpy_minimal_service:/home/bryan/Workspace/ros2_ws/install/examples_rclpy_minimal_publisher:/home/bryan/Workspace/ros2_ws/install/examples_rclpy_minimal_client:/home/bryan/Workspace/ros2_ws/install/examples_rclpy_minimal_action_server:/home/bryan/Workspace/ros2_ws/install/examples_rclpy_minimal_action_client:/home/bryan/Workspace/ros2_ws/install/examples_rclpy_guard_conditions:/home/bryan/Workspace/ros2_ws/install/examples_rclpy_executors:/home/bryan/Workspace/ros2_ws/install/camera_calibration:/opt/ros/humble /usr/bin/cmake /home/bryan/Workspace/ros2_ws/src/examples/rclcpp/timers/minimal_timer -DCMAKE_INSTALL_PREFIX=/home/bryan/Workspace/ros2_ws/install/examples_rclcpp_minimal_timer
[31.018s] DEBUG:colcon.colcon_core.event_handler.log_command:Invoking command in '/home/bryan/Workspace/ros2_ws/build/examples_rclcpp_minimal_timer': CMAKE_PREFIX_PATH=${CMAKE_PREFIX_PATH}:/home/bryan/Workspace/ros2_ws/install/sprint2:/home/bryan/Workspace/ros2_ws/install/launch_testing_examples:/home/bryan/Workspace/ros2_ws/install/image_converter:/home/bryan/Workspace/ros2_ws/install/first_package:/home/bryan/Workspace/ros2_ws/install/examples_rclpy_pointcloud_publisher:/home/bryan/Workspace/ros2_ws/install/examples_rclpy_minimal_subscriber:/home/bryan/Workspace/ros2_ws/install/examples_rclpy_minimal_service:/home/bryan/Workspace/ros2_ws/install/examples_rclpy_minimal_publisher:/home/bryan/Workspace/ros2_ws/install/examples_rclpy_minimal_client:/home/bryan/Workspace/ros2_ws/install/examples_rclpy_minimal_action_server:/home/bryan/Workspace/ros2_ws/install/examples_rclpy_minimal_action_client:/home/bryan/Workspace/ros2_ws/install/examples_rclpy_guard_conditions:/home/bryan/Workspace/ros2_ws/install/examples_rclpy_executors:/home/bryan/Workspace/ros2_ws/install/camera_calibration:/opt/ros/humble /usr/bin/cmake --build /home/bryan/Workspace/ros2_ws/build/examples_rclcpp_minimal_timer -- -j3 -l3
[31.785s] DEBUG:colcon.colcon_core.event_handler.log_command:Invoked command in '/home/bryan/Workspace/ros2_ws/build/examples_rclcpp_minimal_timer' returned '0': CMAKE_PREFIX_PATH=${CMAKE_PREFIX_PATH}:/home/bryan/Workspace/ros2_ws/install/sprint2:/home/bryan/Workspace/ros2_ws/install/launch_testing_examples:/home/bryan/Workspace/ros2_ws/install/image_converter:/home/bryan/Workspace/ros2_ws/install/first_package:/home/bryan/Workspace/ros2_ws/install/examples_rclpy_pointcloud_publisher:/home/bryan/Workspace/ros2_ws/install/examples_rclpy_minimal_subscriber:/home/bryan/Workspace/ros2_ws/install/examples_rclpy_minimal_service:/home/bryan/Workspace/ros2_ws/install/examples_rclpy_minimal_publisher:/home/bryan/Workspace/ros2_ws/install/examples_rclpy_minimal_client:/home/bryan/Workspace/ros2_ws/install/examples_rclpy_minimal_action_server:/home/bryan/Workspace/ros2_ws/install/examples_rclpy_minimal_action_client:/home/bryan/Workspace/ros2_ws/install/examples_rclpy_guard_conditions:/home/bryan/Workspace/ros2_ws/install/examples_rclpy_executors:/home/bryan/Workspace/ros2_ws/install/camera_calibration:/opt/ros/humble /usr/bin/cmake --build /home/bryan/Workspace/ros2_ws/build/examples_rclcpp_minimal_timer -- -j3 -l3
[31.793s] DEBUG:colcon.colcon_core.event_handler.log_command:Invoking command in '/home/bryan/Workspace/ros2_ws/build/examples_rclcpp_minimal_timer': CMAKE_PREFIX_PATH=${CMAKE_PREFIX_PATH}:/home/bryan/Workspace/ros2_ws/install/sprint2:/home/bryan/Workspace/ros2_ws/install/launch_testing_examples:/home/bryan/Workspace/ros2_ws/install/image_converter:/home/bryan/Workspace/ros2_ws/install/first_package:/home/bryan/Workspace/ros2_ws/install/examples_rclpy_pointcloud_publisher:/home/bryan/Workspace/ros2_ws/install/examples_rclpy_minimal_subscriber:/home/bryan/Workspace/ros2_ws/install/examples_rclpy_minimal_service:/home/bryan/Workspace/ros2_ws/install/examples_rclpy_minimal_publisher:/home/bryan/Workspace/ros2_ws/install/examples_rclpy_minimal_client:/home/bryan/Workspace/ros2_ws/install/examples_rclpy_minimal_action_server:/home/bryan/Workspace/ros2_ws/install/examples_rclpy_minimal_action_client:/home/bryan/Workspace/ros2_ws/install/examples_rclpy_guard_conditions:/home/bryan/Workspace/ros2_ws/install/examples_rclpy_executors:/home/bryan/Workspace/ros2_ws/install/camera_calibration:/opt/ros/humble /usr/bin/cmake --install /home/bryan/Workspace/ros2_ws/build/examples_rclcpp_minimal_timer
[31.822s] DEBUG:colcon.colcon_core.event_handler.log_command:Invoked command in '/home/bryan/Workspace/ros2_ws/build/examples_rclcpp_minimal_subscriber' returned '0': CMAKE_PREFIX_PATH=${CMAKE_PREFIX_PATH}:/home/bryan/Workspace/ros2_ws/install/sprint2:/home/bryan/Workspace/ros2_ws/install/launch_testing_examples:/home/bryan/Workspace/ros2_ws/install/image_converter:/home/bryan/Workspace/ros2_ws/install/first_package:/home/bryan/Workspace/ros2_ws/install/examples_rclpy_pointcloud_publisher:/home/bryan/Workspace/ros2_ws/install/examples_rclpy_minimal_subscriber:/home/bryan/Workspace/ros2_ws/install/examples_rclpy_minimal_service:/home/bryan/Workspace/ros2_ws/install/examples_rclpy_minimal_publisher:/home/bryan/Workspace/ros2_ws/install/examples_rclpy_minimal_client:/home/bryan/Workspace/ros2_ws/install/examples_rclpy_minimal_action_server:/home/bryan/Workspace/ros2_ws/install/examples_rclpy_minimal_action_client:/home/bryan/Workspace/ros2_ws/install/examples_rclpy_guard_conditions:/home/bryan/Workspace/ros2_ws/install/examples_rclpy_executors:/home/bryan/Workspace/ros2_ws/install/camera_calibration:/opt/ros/humble /usr/bin/cmake --build /home/bryan/Workspace/ros2_ws/build/examples_rclcpp_minimal_subscriber -- -j3 -l3
[31.878s] DEBUG:colcon.colcon_core.event_handler.log_command:Invoking command in '/home/bryan/Workspace/ros2_ws/build/examples_rclcpp_minimal_subscriber': CMAKE_PREFIX_PATH=${CMAKE_PREFIX_PATH}:/home/bryan/Workspace/ros2_ws/install/sprint2:/home/bryan/Workspace/ros2_ws/install/launch_testing_examples:/home/bryan/Workspace/ros2_ws/install/image_converter:/home/bryan/Workspace/ros2_ws/install/first_package:/home/bryan/Workspace/ros2_ws/install/examples_rclpy_pointcloud_publisher:/home/bryan/Workspace/ros2_ws/install/examples_rclpy_minimal_subscriber:/home/bryan/Workspace/ros2_ws/install/examples_rclpy_minimal_service:/home/bryan/Workspace/ros2_ws/install/examples_rclpy_minimal_publisher:/home/bryan/Workspace/ros2_ws/install/examples_rclpy_minimal_client:/home/bryan/Workspace/ros2_ws/install/examples_rclpy_minimal_action_server:/home/bryan/Workspace/ros2_ws/install/examples_rclpy_minimal_action_client:/home/bryan/Workspace/ros2_ws/install/examples_rclpy_guard_conditions:/home/bryan/Workspace/ros2_ws/install/examples_rclpy_executors:/home/bryan/Workspace/ros2_ws/install/camera_calibration:/opt/ros/humble /usr/bin/cmake --install /home/bryan/Workspace/ros2_ws/build/examples_rclcpp_minimal_subscriber
[32.098s] Level 1:colcon.colcon_core.environment:create_environment_scripts_only(examples_rclcpp_minimal_timer)
[32.101s] Level 1:colcon.colcon_core.environment:checking '/home/bryan/Workspace/ros2_ws/install/examples_rclcpp_minimal_timer' for CMake module files
[32.100s] DEBUG:colcon.colcon_core.event_handler.log_command:Invoked command in '/home/bryan/Workspace/ros2_ws/build/examples_rclcpp_minimal_timer' returned '0': CMAKE_PREFIX_PATH=${CMAKE_PREFIX_PATH}:/home/bryan/Workspace/ros2_ws/install/sprint2:/home/bryan/Workspace/ros2_ws/install/launch_testing_examples:/home/bryan/Workspace/ros2_ws/install/image_converter:/home/bryan/Workspace/ros2_ws/install/first_package:/home/bryan/Workspace/ros2_ws/install/examples_rclpy_pointcloud_publisher:/home/bryan/Workspace/ros2_ws/install/examples_rclpy_minimal_subscriber:/home/bryan/Workspace/ros2_ws/install/examples_rclpy_minimal_service:/home/bryan/Workspace/ros2_ws/install/examples_rclpy_minimal_publisher:/home/bryan/Workspace/ros2_ws/install/examples_rclpy_minimal_client:/home/bryan/Workspace/ros2_ws/install/examples_rclpy_minimal_action_server:/home/bryan/Workspace/ros2_ws/install/examples_rclpy_minimal_action_client:/home/bryan/Workspace/ros2_ws/install/examples_rclpy_guard_conditions:/home/bryan/Workspace/ros2_ws/install/examples_rclpy_executors:/home/bryan/Workspace/ros2_ws/install/camera_calibration:/opt/ros/humble /usr/bin/cmake --install /home/bryan/Workspace/ros2_ws/build/examples_rclcpp_minimal_timer
[32.105s] Level 1:colcon.colcon_core.environment:checking '/home/bryan/Workspace/ros2_ws/install/examples_rclcpp_minimal_timer' for CMake config files
[32.105s] Level 1:colcon.colcon_core.shell:create_environment_hook('examples_rclcpp_minimal_timer', 'cmake_prefix_path')
[32.107s] INFO:colcon.colcon_core.shell:Creating environment hook '/home/bryan/Workspace/ros2_ws/install/examples_rclcpp_minimal_timer/share/examples_rclcpp_minimal_timer/hook/cmake_prefix_path.ps1'
[32.108s] INFO:colcon.colcon_core.shell:Creating environment descriptor '/home/bryan/Workspace/ros2_ws/install/examples_rclcpp_minimal_timer/share/examples_rclcpp_minimal_timer/hook/cmake_prefix_path.dsv'
[32.110s] INFO:colcon.colcon_core.shell:Creating environment hook '/home/bryan/Workspace/ros2_ws/install/examples_rclcpp_minimal_timer/share/examples_rclcpp_minimal_timer/hook/cmake_prefix_path.sh'
[32.113s] Level 1:colcon.colcon_core.environment:checking '/home/bryan/Workspace/ros2_ws/install/examples_rclcpp_minimal_timer/lib'
[32.113s] Level 1:colcon.colcon_core.environment:checking '/home/bryan/Workspace/ros2_ws/install/examples_rclcpp_minimal_timer/bin'
[32.113s] Level 1:colcon.colcon_core.environment:checking '/home/bryan/Workspace/ros2_ws/install/examples_rclcpp_minimal_timer/lib/pkgconfig/examples_rclcpp_minimal_timer.pc'
[32.114s] Level 1:colcon.colcon_core.environment:checking '/home/bryan/Workspace/ros2_ws/install/examples_rclcpp_minimal_timer/lib/python3.10/site-packages'
[32.115s] Level 1:colcon.colcon_core.environment:checking '/home/bryan/Workspace/ros2_ws/install/examples_rclcpp_minimal_timer/bin'
[32.115s] INFO:colcon.colcon_core.shell:Creating package script '/home/bryan/Workspace/ros2_ws/install/examples_rclcpp_minimal_timer/share/examples_rclcpp_minimal_timer/package.ps1'
[32.117s] INFO:colcon.colcon_core.shell:Creating package descriptor '/home/bryan/Workspace/ros2_ws/install/examples_rclcpp_minimal_timer/share/examples_rclcpp_minimal_timer/package.dsv'
[32.118s] INFO:colcon.colcon_core.shell:Creating package script '/home/bryan/Workspace/ros2_ws/install/examples_rclcpp_minimal_timer/share/examples_rclcpp_minimal_timer/package.sh'
[32.119s] INFO:colcon.colcon_core.shell:Creating package script '/home/bryan/Workspace/ros2_ws/install/examples_rclcpp_minimal_timer/share/examples_rclcpp_minimal_timer/package.bash'
[32.121s] INFO:colcon.colcon_core.shell:Creating package script '/home/bryan/Workspace/ros2_ws/install/examples_rclcpp_minimal_timer/share/examples_rclcpp_minimal_timer/package.zsh'
[32.122s] Level 1:colcon.colcon_core.environment:create_file_with_runtime_dependencies(/home/bryan/Workspace/ros2_ws/install/examples_rclcpp_minimal_timer/share/colcon-core/packages/examples_rclcpp_minimal_timer)
[32.124s] Level 1:colcon.colcon_core.environment:create_environment_scripts_only(examples_rclcpp_minimal_timer)
[32.124s] Level 1:colcon.colcon_core.environment:checking '/home/bryan/Workspace/ros2_ws/install/examples_rclcpp_minimal_timer' for CMake module files
[32.125s] Level 1:colcon.colcon_core.environment:checking '/home/bryan/Workspace/ros2_ws/install/examples_rclcpp_minimal_timer' for CMake config files
[32.125s] Level 1:colcon.colcon_core.shell:create_environment_hook('examples_rclcpp_minimal_timer', 'cmake_prefix_path')
[32.126s] INFO:colcon.colcon_core.shell:Creating environment hook '/home/bryan/Workspace/ros2_ws/install/examples_rclcpp_minimal_timer/share/examples_rclcpp_minimal_timer/hook/cmake_prefix_path.ps1'
[32.127s] INFO:colcon.colcon_core.shell:Creating environment descriptor '/home/bryan/Workspace/ros2_ws/install/examples_rclcpp_minimal_timer/share/examples_rclcpp_minimal_timer/hook/cmake_prefix_path.dsv'
[32.128s] INFO:colcon.colcon_core.shell:Creating environment hook '/home/bryan/Workspace/ros2_ws/install/examples_rclcpp_minimal_timer/share/examples_rclcpp_minimal_timer/hook/cmake_prefix_path.sh'
[32.130s] Level 1:colcon.colcon_core.environment:checking '/home/bryan/Workspace/ros2_ws/install/examples_rclcpp_minimal_timer/lib'
[32.131s] Level 1:colcon.colcon_core.environment:checking '/home/bryan/Workspace/ros2_ws/install/examples_rclcpp_minimal_timer/bin'
[32.131s] Level 1:colcon.colcon_core.environment:checking '/home/bryan/Workspace/ros2_ws/install/examples_rclcpp_minimal_timer/lib/pkgconfig/examples_rclcpp_minimal_timer.pc'
[32.131s] Level 1:colcon.colcon_core.environment:checking '/home/bryan/Workspace/ros2_ws/install/examples_rclcpp_minimal_timer/lib/python3.10/site-packages'
[32.131s] Level 1:colcon.colcon_core.environment:checking '/home/bryan/Workspace/ros2_ws/install/examples_rclcpp_minimal_timer/bin'
[32.132s] INFO:colcon.colcon_core.shell:Creating package script '/home/bryan/Workspace/ros2_ws/install/examples_rclcpp_minimal_timer/share/examples_rclcpp_minimal_timer/package.ps1'
[32.133s] INFO:colcon.colcon_core.shell:Creating package descriptor '/home/bryan/Workspace/ros2_ws/install/examples_rclcpp_minimal_timer/share/examples_rclcpp_minimal_timer/package.dsv'
[32.135s] INFO:colcon.colcon_core.shell:Creating package script '/home/bryan/Workspace/ros2_ws/install/examples_rclcpp_minimal_timer/share/examples_rclcpp_minimal_timer/package.sh'
[32.185s] INFO:colcon.colcon_core.shell:Creating package script '/home/bryan/Workspace/ros2_ws/install/examples_rclcpp_minimal_timer/share/examples_rclcpp_minimal_timer/package.bash'
[32.194s] INFO:colcon.colcon_core.shell:Creating package script '/home/bryan/Workspace/ros2_ws/install/examples_rclcpp_minimal_timer/share/examples_rclcpp_minimal_timer/package.zsh'
[32.196s] Level 1:colcon.colcon_core.environment:create_file_with_runtime_dependencies(/home/bryan/Workspace/ros2_ws/install/examples_rclcpp_minimal_timer/share/colcon-core/packages/examples_rclcpp_minimal_timer)
[32.199s] INFO:colcon.colcon_ros.task.ament_cmake.build:Building ROS package in '/home/bryan/Workspace/ros2_ws/src/examples/rclcpp/executors/multithreaded_executor' with build type 'ament_cmake'
[32.199s] INFO:colcon.colcon_cmake.task.cmake.build:Building CMake package in '/home/bryan/Workspace/ros2_ws/src/examples/rclcpp/executors/multithreaded_executor'
[32.200s] INFO:colcon.colcon_core.shell:Skip shell extension 'powershell' for command environment: Not usable outside of PowerShell
[32.201s] DEBUG:colcon.colcon_core.shell:Skip shell extension 'dsv' for command environment
[32.226s] Level 1:colcon.colcon_core.environment:create_environment_scripts_only(examples_rclcpp_minimal_subscriber)
[32.227s] Level 1:colcon.colcon_core.environment:checking '/home/bryan/Workspace/ros2_ws/install/examples_rclcpp_minimal_subscriber' for CMake module files
[32.237s] DEBUG:colcon.colcon_core.event_handler.log_command:Invoked command in '/home/bryan/Workspace/ros2_ws/build/examples_rclcpp_minimal_subscriber' returned '0': CMAKE_PREFIX_PATH=${CMAKE_PREFIX_PATH}:/home/bryan/Workspace/ros2_ws/install/sprint2:/home/bryan/Workspace/ros2_ws/install/launch_testing_examples:/home/bryan/Workspace/ros2_ws/install/image_converter:/home/bryan/Workspace/ros2_ws/install/first_package:/home/bryan/Workspace/ros2_ws/install/examples_rclpy_pointcloud_publisher:/home/bryan/Workspace/ros2_ws/install/examples_rclpy_minimal_subscriber:/home/bryan/Workspace/ros2_ws/install/examples_rclpy_minimal_service:/home/bryan/Workspace/ros2_ws/install/examples_rclpy_minimal_publisher:/home/bryan/Workspace/ros2_ws/install/examples_rclpy_minimal_client:/home/bryan/Workspace/ros2_ws/install/examples_rclpy_minimal_action_server:/home/bryan/Workspace/ros2_ws/install/examples_rclpy_minimal_action_client:/home/bryan/Workspace/ros2_ws/install/examples_rclpy_guard_conditions:/home/bryan/Workspace/ros2_ws/install/examples_rclpy_executors:/home/bryan/Workspace/ros2_ws/install/camera_calibration:/opt/ros/humble /usr/bin/cmake --install /home/bryan/Workspace/ros2_ws/build/examples_rclcpp_minimal_subscriber
[32.238s] Level 1:colcon.colcon_core.environment:checking '/home/bryan/Workspace/ros2_ws/install/examples_rclcpp_minimal_subscriber' for CMake config files
[32.239s] Level 1:colcon.colcon_core.shell:create_environment_hook('examples_rclcpp_minimal_subscriber', 'cmake_prefix_path')
[32.239s] INFO:colcon.colcon_core.shell:Creating environment hook '/home/bryan/Workspace/ros2_ws/install/examples_rclcpp_minimal_subscriber/share/examples_rclcpp_minimal_subscriber/hook/cmake_prefix_path.ps1'
[32.240s] INFO:colcon.colcon_core.shell:Creating environment descriptor '/home/bryan/Workspace/ros2_ws/install/examples_rclcpp_minimal_subscriber/share/examples_rclcpp_minimal_subscriber/hook/cmake_prefix_path.dsv'
[32.242s] INFO:colcon.colcon_core.shell:Creating environment hook '/home/bryan/Workspace/ros2_ws/install/examples_rclcpp_minimal_subscriber/share/examples_rclcpp_minimal_subscriber/hook/cmake_prefix_path.sh'
[32.244s] Level 1:colcon.colcon_core.environment:checking '/home/bryan/Workspace/ros2_ws/install/examples_rclcpp_minimal_subscriber/lib'
[32.245s] Level 1:colcon.colcon_core.shell:create_environment_hook('examples_rclcpp_minimal_subscriber', 'ld_library_path_lib')
[32.246s] INFO:colcon.colcon_core.shell:Creating environment hook '/home/bryan/Workspace/ros2_ws/install/examples_rclcpp_minimal_subscriber/share/examples_rclcpp_minimal_subscriber/hook/ld_library_path_lib.ps1'
[32.247s] INFO:colcon.colcon_core.shell:Creating environment descriptor '/home/bryan/Workspace/ros2_ws/install/examples_rclcpp_minimal_subscriber/share/examples_rclcpp_minimal_subscriber/hook/ld_library_path_lib.dsv'
[32.248s] INFO:colcon.colcon_core.shell:Creating environment hook '/home/bryan/Workspace/ros2_ws/install/examples_rclcpp_minimal_subscriber/share/examples_rclcpp_minimal_subscriber/hook/ld_library_path_lib.sh'
[32.249s] Level 1:colcon.colcon_core.environment:checking '/home/bryan/Workspace/ros2_ws/install/examples_rclcpp_minimal_subscriber/bin'
[32.249s] Level 1:colcon.colcon_core.environment:checking '/home/bryan/Workspace/ros2_ws/install/examples_rclcpp_minimal_subscriber/lib/pkgconfig/examples_rclcpp_minimal_subscriber.pc'
[32.250s] Level 1:colcon.colcon_core.environment:checking '/home/bryan/Workspace/ros2_ws/install/examples_rclcpp_minimal_subscriber/lib/python3.10/site-packages'
[32.250s] Level 1:colcon.colcon_core.environment:checking '/home/bryan/Workspace/ros2_ws/install/examples_rclcpp_minimal_subscriber/bin'
[32.251s] INFO:colcon.colcon_core.shell:Creating package script '/home/bryan/Workspace/ros2_ws/install/examples_rclcpp_minimal_subscriber/share/examples_rclcpp_minimal_subscriber/package.ps1'
[32.252s] INFO:colcon.colcon_core.shell:Creating package descriptor '/home/bryan/Workspace/ros2_ws/install/examples_rclcpp_minimal_subscriber/share/examples_rclcpp_minimal_subscriber/package.dsv'
[32.253s] INFO:colcon.colcon_core.shell:Creating package script '/home/bryan/Workspace/ros2_ws/install/examples_rclcpp_minimal_subscriber/share/examples_rclcpp_minimal_subscriber/package.sh'
[32.254s] INFO:colcon.colcon_core.shell:Creating package script '/home/bryan/Workspace/ros2_ws/install/examples_rclcpp_minimal_subscriber/share/examples_rclcpp_minimal_subscriber/package.bash'
[32.256s] INFO:colcon.colcon_core.shell:Creating package script '/home/bryan/Workspace/ros2_ws/install/examples_rclcpp_minimal_subscriber/share/examples_rclcpp_minimal_subscriber/package.zsh'
[32.259s] Level 1:colcon.colcon_core.environment:create_file_with_runtime_dependencies(/home/bryan/Workspace/ros2_ws/install/examples_rclcpp_minimal_subscriber/share/colcon-core/packages/examples_rclcpp_minimal_subscriber)
[32.261s] Level 1:colcon.colcon_core.environment:create_environment_scripts_only(examples_rclcpp_minimal_subscriber)
[32.262s] Level 1:colcon.colcon_core.environment:checking '/home/bryan/Workspace/ros2_ws/install/examples_rclcpp_minimal_subscriber' for CMake module files
[32.263s] Level 1:colcon.colcon_core.environment:checking '/home/bryan/Workspace/ros2_ws/install/examples_rclcpp_minimal_subscriber' for CMake config files
[32.264s] Level 1:colcon.colcon_core.shell:create_environment_hook('examples_rclcpp_minimal_subscriber', 'cmake_prefix_path')
[32.274s] INFO:colcon.colcon_core.shell:Creating environment hook '/home/bryan/Workspace/ros2_ws/install/examples_rclcpp_minimal_subscriber/share/examples_rclcpp_minimal_subscriber/hook/cmake_prefix_path.ps1'
[32.287s] INFO:colcon.colcon_core.shell:Creating environment descriptor '/home/bryan/Workspace/ros2_ws/install/examples_rclcpp_minimal_subscriber/share/examples_rclcpp_minimal_subscriber/hook/cmake_prefix_path.dsv'
[32.292s] INFO:colcon.colcon_core.shell:Creating environment hook '/home/bryan/Workspace/ros2_ws/install/examples_rclcpp_minimal_subscriber/share/examples_rclcpp_minimal_subscriber/hook/cmake_prefix_path.sh'
[32.295s] Level 1:colcon.colcon_core.environment:checking '/home/bryan/Workspace/ros2_ws/install/examples_rclcpp_minimal_subscriber/lib'
[32.295s] Level 1:colcon.colcon_core.shell:create_environment_hook('examples_rclcpp_minimal_subscriber', 'ld_library_path_lib')
[32.295s] INFO:colcon.colcon_core.shell:Creating environment hook '/home/bryan/Workspace/ros2_ws/install/examples_rclcpp_minimal_subscriber/share/examples_rclcpp_minimal_subscriber/hook/ld_library_path_lib.ps1'
[32.297s] INFO:colcon.colcon_core.shell:Creating environment descriptor '/home/bryan/Workspace/ros2_ws/install/examples_rclcpp_minimal_subscriber/share/examples_rclcpp_minimal_subscriber/hook/ld_library_path_lib.dsv'
[32.298s] INFO:colcon.colcon_core.shell:Creating environment hook '/home/bryan/Workspace/ros2_ws/install/examples_rclcpp_minimal_subscriber/share/examples_rclcpp_minimal_subscriber/hook/ld_library_path_lib.sh'
[32.301s] Level 1:colcon.colcon_core.environment:checking '/home/bryan/Workspace/ros2_ws/install/examples_rclcpp_minimal_subscriber/bin'
[32.302s] Level 1:colcon.colcon_core.environment:checking '/home/bryan/Workspace/ros2_ws/install/examples_rclcpp_minimal_subscriber/lib/pkgconfig/examples_rclcpp_minimal_subscriber.pc'
[32.302s] Level 1:colcon.colcon_core.environment:checking '/home/bryan/Workspace/ros2_ws/install/examples_rclcpp_minimal_subscriber/lib/python3.10/site-packages'
[32.303s] Level 1:colcon.colcon_core.environment:checking '/home/bryan/Workspace/ros2_ws/install/examples_rclcpp_minimal_subscriber/bin'
[32.303s] INFO:colcon.colcon_core.shell:Creating package script '/home/bryan/Workspace/ros2_ws/install/examples_rclcpp_minimal_subscriber/share/examples_rclcpp_minimal_subscriber/package.ps1'
[32.305s] INFO:colcon.colcon_core.shell:Creating package descriptor '/home/bryan/Workspace/ros2_ws/install/examples_rclcpp_minimal_subscriber/share/examples_rclcpp_minimal_subscriber/package.dsv'
[32.306s] INFO:colcon.colcon_core.shell:Creating package script '/home/bryan/Workspace/ros2_ws/install/examples_rclcpp_minimal_subscriber/share/examples_rclcpp_minimal_subscriber/package.sh'
[32.307s] INFO:colcon.colcon_core.shell:Creating package script '/home/bryan/Workspace/ros2_ws/install/examples_rclcpp_minimal_subscriber/share/examples_rclcpp_minimal_subscriber/package.bash'
[32.309s] INFO:colcon.colcon_core.shell:Creating package script '/home/bryan/Workspace/ros2_ws/install/examples_rclcpp_minimal_subscriber/share/examples_rclcpp_minimal_subscriber/package.zsh'
[32.310s] Level 1:colcon.colcon_core.environment:create_file_with_runtime_dependencies(/home/bryan/Workspace/ros2_ws/install/examples_rclcpp_minimal_subscriber/share/colcon-core/packages/examples_rclcpp_minimal_subscriber)
[32.314s] INFO:colcon.colcon_ros.task.ament_cmake.build:Building ROS package in '/home/bryan/Workspace/ros2_ws/src/examples/rclcpp/wait_set' with build type 'ament_cmake'
[32.314s] INFO:colcon.colcon_cmake.task.cmake.build:Building CMake package in '/home/bryan/Workspace/ros2_ws/src/examples/rclcpp/wait_set'
[32.315s] INFO:colcon.colcon_core.shell:Skip shell extension 'powershell' for command environment: Not usable outside of PowerShell
[32.315s] DEBUG:colcon.colcon_core.shell:Skip shell extension 'dsv' for command environment
[32.339s] DEBUG:colcon.colcon_core.event_handler.log_command:Invoking command in '/home/bryan/Workspace/ros2_ws/build/examples_rclcpp_multithreaded_executor': CMAKE_PREFIX_PATH=${CMAKE_PREFIX_PATH}:/home/bryan/Workspace/ros2_ws/install/sprint2:/home/bryan/Workspace/ros2_ws/install/launch_testing_examples:/home/bryan/Workspace/ros2_ws/install/image_converter:/home/bryan/Workspace/ros2_ws/install/first_package:/home/bryan/Workspace/ros2_ws/install/examples_rclpy_pointcloud_publisher:/home/bryan/Workspace/ros2_ws/install/examples_rclpy_minimal_subscriber:/home/bryan/Workspace/ros2_ws/install/examples_rclpy_minimal_service:/home/bryan/Workspace/ros2_ws/install/examples_rclpy_minimal_publisher:/home/bryan/Workspace/ros2_ws/install/examples_rclpy_minimal_client:/home/bryan/Workspace/ros2_ws/install/examples_rclpy_minimal_action_server:/home/bryan/Workspace/ros2_ws/install/examples_rclpy_minimal_action_client:/home/bryan/Workspace/ros2_ws/install/examples_rclpy_guard_conditions:/home/bryan/Workspace/ros2_ws/install/examples_rclpy_executors:/home/bryan/Workspace/ros2_ws/install/camera_calibration:/opt/ros/humble /usr/bin/cmake /home/bryan/Workspace/ros2_ws/src/examples/rclcpp/executors/multithreaded_executor -DCMAKE_INSTALL_PREFIX=/home/bryan/Workspace/ros2_ws/install/examples_rclcpp_multithreaded_executor
[32.379s] DEBUG:colcon.colcon_core.event_handler.log_command:Invoking command in '/home/bryan/Workspace/ros2_ws/build/examples_rclcpp_wait_set': CMAKE_PREFIX_PATH=${CMAKE_PREFIX_PATH}:/home/bryan/Workspace/ros2_ws/install/sprint2:/home/bryan/Workspace/ros2_ws/install/launch_testing_examples:/home/bryan/Workspace/ros2_ws/install/image_converter:/home/bryan/Workspace/ros2_ws/install/first_package:/home/bryan/Workspace/ros2_ws/install/examples_rclpy_pointcloud_publisher:/home/bryan/Workspace/ros2_ws/install/examples_rclpy_minimal_subscriber:/home/bryan/Workspace/ros2_ws/install/examples_rclpy_minimal_service:/home/bryan/Workspace/ros2_ws/install/examples_rclpy_minimal_publisher:/home/bryan/Workspace/ros2_ws/install/examples_rclpy_minimal_client:/home/bryan/Workspace/ros2_ws/install/examples_rclpy_minimal_action_server:/home/bryan/Workspace/ros2_ws/install/examples_rclpy_minimal_action_client:/home/bryan/Workspace/ros2_ws/install/examples_rclpy_guard_conditions:/home/bryan/Workspace/ros2_ws/install/examples_rclpy_executors:/home/bryan/Workspace/ros2_ws/install/camera_calibration:/opt/ros/humble /usr/bin/cmake /home/bryan/Workspace/ros2_ws/src/examples/rclcpp/wait_set -DCMAKE_INSTALL_PREFIX=/home/bryan/Workspace/ros2_ws/install/examples_rclcpp_wait_set
[34.258s] DEBUG:colcon.colcon_core.event_handler.log_command:Invoked command in '/home/bryan/Workspace/ros2_ws/build/examples_rclcpp_multithreaded_executor' returned '0': CMAKE_PREFIX_PATH=${CMAKE_PREFIX_PATH}:/home/bryan/Workspace/ros2_ws/install/sprint2:/home/bryan/Workspace/ros2_ws/install/launch_testing_examples:/home/bryan/Workspace/ros2_ws/install/image_converter:/home/bryan/Workspace/ros2_ws/install/first_package:/home/bryan/Workspace/ros2_ws/install/examples_rclpy_pointcloud_publisher:/home/bryan/Workspace/ros2_ws/install/examples_rclpy_minimal_subscriber:/home/bryan/Workspace/ros2_ws/install/examples_rclpy_minimal_service:/home/bryan/Workspace/ros2_ws/install/examples_rclpy_minimal_publisher:/home/bryan/Workspace/ros2_ws/install/examples_rclpy_minimal_client:/home/bryan/Workspace/ros2_ws/install/examples_rclpy_minimal_action_server:/home/bryan/Workspace/ros2_ws/install/examples_rclpy_minimal_action_client:/home/bryan/Workspace/ros2_ws/install/examples_rclpy_guard_conditions:/home/bryan/Workspace/ros2_ws/install/examples_rclpy_executors:/home/bryan/Workspace/ros2_ws/install/camera_calibration:/opt/ros/humble /usr/bin/cmake /home/bryan/Workspace/ros2_ws/src/examples/rclcpp/executors/multithreaded_executor -DCMAKE_INSTALL_PREFIX=/home/bryan/Workspace/ros2_ws/install/examples_rclcpp_multithreaded_executor
[34.258s] DEBUG:colcon.colcon_core.event_handler.log_command:Invoking command in '/home/bryan/Workspace/ros2_ws/build/examples_rclcpp_multithreaded_executor': CMAKE_PREFIX_PATH=${CMAKE_PREFIX_PATH}:/home/bryan/Workspace/ros2_ws/install/sprint2:/home/bryan/Workspace/ros2_ws/install/launch_testing_examples:/home/bryan/Workspace/ros2_ws/install/image_converter:/home/bryan/Workspace/ros2_ws/install/first_package:/home/bryan/Workspace/ros2_ws/install/examples_rclpy_pointcloud_publisher:/home/bryan/Workspace/ros2_ws/install/examples_rclpy_minimal_subscriber:/home/bryan/Workspace/ros2_ws/install/examples_rclpy_minimal_service:/home/bryan/Workspace/ros2_ws/install/examples_rclpy_minimal_publisher:/home/bryan/Workspace/ros2_ws/install/examples_rclpy_minimal_client:/home/bryan/Workspace/ros2_ws/install/examples_rclpy_minimal_action_server:/home/bryan/Workspace/ros2_ws/install/examples_rclpy_minimal_action_client:/home/bryan/Workspace/ros2_ws/install/examples_rclpy_guard_conditions:/home/bryan/Workspace/ros2_ws/install/examples_rclpy_executors:/home/bryan/Workspace/ros2_ws/install/camera_calibration:/opt/ros/humble /usr/bin/cmake --build /home/bryan/Workspace/ros2_ws/build/examples_rclcpp_multithreaded_executor -- -j3 -l3
[34.662s] DEBUG:colcon.colcon_core.event_handler.log_command:Invoked command in '/home/bryan/Workspace/ros2_ws/build/examples_rclcpp_multithreaded_executor' returned '0': CMAKE_PREFIX_PATH=${CMAKE_PREFIX_PATH}:/home/bryan/Workspace/ros2_ws/install/sprint2:/home/bryan/Workspace/ros2_ws/install/launch_testing_examples:/home/bryan/Workspace/ros2_ws/install/image_converter:/home/bryan/Workspace/ros2_ws/install/first_package:/home/bryan/Workspace/ros2_ws/install/examples_rclpy_pointcloud_publisher:/home/bryan/Workspace/ros2_ws/install/examples_rclpy_minimal_subscriber:/home/bryan/Workspace/ros2_ws/install/examples_rclpy_minimal_service:/home/bryan/Workspace/ros2_ws/install/examples_rclpy_minimal_publisher:/home/bryan/Workspace/ros2_ws/install/examples_rclpy_minimal_client:/home/bryan/Workspace/ros2_ws/install/examples_rclpy_minimal_action_server:/home/bryan/Workspace/ros2_ws/install/examples_rclpy_minimal_action_client:/home/bryan/Workspace/ros2_ws/install/examples_rclpy_guard_conditions:/home/bryan/Workspace/ros2_ws/install/examples_rclpy_executors:/home/bryan/Workspace/ros2_ws/install/camera_calibration:/opt/ros/humble /usr/bin/cmake --build /home/bryan/Workspace/ros2_ws/build/examples_rclcpp_multithreaded_executor -- -j3 -l3
[34.672s] DEBUG:colcon.colcon_core.event_handler.log_command:Invoking command in '/home/bryan/Workspace/ros2_ws/build/examples_rclcpp_multithreaded_executor': CMAKE_PREFIX_PATH=${CMAKE_PREFIX_PATH}:/home/bryan/Workspace/ros2_ws/install/sprint2:/home/bryan/Workspace/ros2_ws/install/launch_testing_examples:/home/bryan/Workspace/ros2_ws/install/image_converter:/home/bryan/Workspace/ros2_ws/install/first_package:/home/bryan/Workspace/ros2_ws/install/examples_rclpy_pointcloud_publisher:/home/bryan/Workspace/ros2_ws/install/examples_rclpy_minimal_subscriber:/home/bryan/Workspace/ros2_ws/install/examples_rclpy_minimal_service:/home/bryan/Workspace/ros2_ws/install/examples_rclpy_minimal_publisher:/home/bryan/Workspace/ros2_ws/install/examples_rclpy_minimal_client:/home/bryan/Workspace/ros2_ws/install/examples_rclpy_minimal_action_server:/home/bryan/Workspace/ros2_ws/install/examples_rclpy_minimal_action_client:/home/bryan/Workspace/ros2_ws/install/examples_rclpy_guard_conditions:/home/bryan/Workspace/ros2_ws/install/examples_rclpy_executors:/home/bryan/Workspace/ros2_ws/install/camera_calibration:/opt/ros/humble /usr/bin/cmake --install /home/bryan/Workspace/ros2_ws/build/examples_rclcpp_multithreaded_executor
[34.831s] Level 1:colcon.colcon_core.environment:create_environment_scripts_only(examples_rclcpp_multithreaded_executor)
[34.833s] Level 1:colcon.colcon_core.environment:checking '/home/bryan/Workspace/ros2_ws/install/examples_rclcpp_multithreaded_executor' for CMake module files
[34.834s] Level 1:colcon.colcon_core.environment:checking '/home/bryan/Workspace/ros2_ws/install/examples_rclcpp_multithreaded_executor' for CMake config files
[34.834s] Level 1:colcon.colcon_core.shell:create_environment_hook('examples_rclcpp_multithreaded_executor', 'cmake_prefix_path')
[34.835s] INFO:colcon.colcon_core.shell:Creating environment hook '/home/bryan/Workspace/ros2_ws/install/examples_rclcpp_multithreaded_executor/share/examples_rclcpp_multithreaded_executor/hook/cmake_prefix_path.ps1'
[34.832s] DEBUG:colcon.colcon_core.event_handler.log_command:Invoked command in '/home/bryan/Workspace/ros2_ws/build/examples_rclcpp_multithreaded_executor' returned '0': CMAKE_PREFIX_PATH=${CMAKE_PREFIX_PATH}:/home/bryan/Workspace/ros2_ws/install/sprint2:/home/bryan/Workspace/ros2_ws/install/launch_testing_examples:/home/bryan/Workspace/ros2_ws/install/image_converter:/home/bryan/Workspace/ros2_ws/install/first_package:/home/bryan/Workspace/ros2_ws/install/examples_rclpy_pointcloud_publisher:/home/bryan/Workspace/ros2_ws/install/examples_rclpy_minimal_subscriber:/home/bryan/Workspace/ros2_ws/install/examples_rclpy_minimal_service:/home/bryan/Workspace/ros2_ws/install/examples_rclpy_minimal_publisher:/home/bryan/Workspace/ros2_ws/install/examples_rclpy_minimal_client:/home/bryan/Workspace/ros2_ws/install/examples_rclpy_minimal_action_server:/home/bryan/Workspace/ros2_ws/install/examples_rclpy_minimal_action_client:/home/bryan/Workspace/ros2_ws/install/examples_rclpy_guard_conditions:/home/bryan/Workspace/ros2_ws/install/examples_rclpy_executors:/home/bryan/Workspace/ros2_ws/install/camera_calibration:/opt/ros/humble /usr/bin/cmake --install /home/bryan/Workspace/ros2_ws/build/examples_rclcpp_multithreaded_executor
[34.838s] INFO:colcon.colcon_core.shell:Creating environment descriptor '/home/bryan/Workspace/ros2_ws/install/examples_rclcpp_multithreaded_executor/share/examples_rclcpp_multithreaded_executor/hook/cmake_prefix_path.dsv'
[34.871s] INFO:colcon.colcon_core.shell:Creating environment hook '/home/bryan/Workspace/ros2_ws/install/examples_rclcpp_multithreaded_executor/share/examples_rclcpp_multithreaded_executor/hook/cmake_prefix_path.sh'
[34.920s] Level 1:colcon.colcon_core.environment:checking '/home/bryan/Workspace/ros2_ws/install/examples_rclcpp_multithreaded_executor/lib'
[34.921s] Level 1:colcon.colcon_core.environment:checking '/home/bryan/Workspace/ros2_ws/install/examples_rclcpp_multithreaded_executor/bin'
[34.921s] Level 1:colcon.colcon_core.environment:checking '/home/bryan/Workspace/ros2_ws/install/examples_rclcpp_multithreaded_executor/lib/pkgconfig/examples_rclcpp_multithreaded_executor.pc'
[34.921s] Level 1:colcon.colcon_core.environment:checking '/home/bryan/Workspace/ros2_ws/install/examples_rclcpp_multithreaded_executor/lib/python3.10/site-packages'
[34.922s] Level 1:colcon.colcon_core.environment:checking '/home/bryan/Workspace/ros2_ws/install/examples_rclcpp_multithreaded_executor/bin'
[34.922s] INFO:colcon.colcon_core.shell:Creating package script '/home/bryan/Workspace/ros2_ws/install/examples_rclcpp_multithreaded_executor/share/examples_rclcpp_multithreaded_executor/package.ps1'
[34.926s] INFO:colcon.colcon_core.shell:Creating package descriptor '/home/bryan/Workspace/ros2_ws/install/examples_rclcpp_multithreaded_executor/share/examples_rclcpp_multithreaded_executor/package.dsv'
[34.928s] INFO:colcon.colcon_core.shell:Creating package script '/home/bryan/Workspace/ros2_ws/install/examples_rclcpp_multithreaded_executor/share/examples_rclcpp_multithreaded_executor/package.sh'
[34.938s] INFO:colcon.colcon_core.shell:Creating package script '/home/bryan/Workspace/ros2_ws/install/examples_rclcpp_multithreaded_executor/share/examples_rclcpp_multithreaded_executor/package.bash'
[34.944s] INFO:colcon.colcon_core.shell:Creating package script '/home/bryan/Workspace/ros2_ws/install/examples_rclcpp_multithreaded_executor/share/examples_rclcpp_multithreaded_executor/package.zsh'
[34.956s] Level 1:colcon.colcon_core.environment:create_file_with_runtime_dependencies(/home/bryan/Workspace/ros2_ws/install/examples_rclcpp_multithreaded_executor/share/colcon-core/packages/examples_rclcpp_multithreaded_executor)
[34.958s] Level 1:colcon.colcon_core.environment:create_environment_scripts_only(examples_rclcpp_multithreaded_executor)
[34.959s] Level 1:colcon.colcon_core.environment:checking '/home/bryan/Workspace/ros2_ws/install/examples_rclcpp_multithreaded_executor' for CMake module files
[34.960s] Level 1:colcon.colcon_core.environment:checking '/home/bryan/Workspace/ros2_ws/install/examples_rclcpp_multithreaded_executor' for CMake config files
[34.960s] Level 1:colcon.colcon_core.shell:create_environment_hook('examples_rclcpp_multithreaded_executor', 'cmake_prefix_path')
[34.961s] INFO:colcon.colcon_core.shell:Creating environment hook '/home/bryan/Workspace/ros2_ws/install/examples_rclcpp_multithreaded_executor/share/examples_rclcpp_multithreaded_executor/hook/cmake_prefix_path.ps1'
[34.961s] INFO:colcon.colcon_core.shell:Creating environment descriptor '/home/bryan/Workspace/ros2_ws/install/examples_rclcpp_multithreaded_executor/share/examples_rclcpp_multithreaded_executor/hook/cmake_prefix_path.dsv'
[34.975s] INFO:colcon.colcon_core.shell:Creating environment hook '/home/bryan/Workspace/ros2_ws/install/examples_rclcpp_multithreaded_executor/share/examples_rclcpp_multithreaded_executor/hook/cmake_prefix_path.sh'
[34.980s] Level 1:colcon.colcon_core.environment:checking '/home/bryan/Workspace/ros2_ws/install/examples_rclcpp_multithreaded_executor/lib'
[34.980s] Level 1:colcon.colcon_core.environment:checking '/home/bryan/Workspace/ros2_ws/install/examples_rclcpp_multithreaded_executor/bin'
[34.983s] Level 1:colcon.colcon_core.environment:checking '/home/bryan/Workspace/ros2_ws/install/examples_rclcpp_multithreaded_executor/lib/pkgconfig/examples_rclcpp_multithreaded_executor.pc'
[34.985s] Level 1:colcon.colcon_core.environment:checking '/home/bryan/Workspace/ros2_ws/install/examples_rclcpp_multithreaded_executor/lib/python3.10/site-packages'
[34.986s] Level 1:colcon.colcon_core.environment:checking '/home/bryan/Workspace/ros2_ws/install/examples_rclcpp_multithreaded_executor/bin'
[34.998s] INFO:colcon.colcon_core.shell:Creating package script '/home/bryan/Workspace/ros2_ws/install/examples_rclcpp_multithreaded_executor/share/examples_rclcpp_multithreaded_executor/package.ps1'
[35.004s] INFO:colcon.colcon_core.shell:Creating package descriptor '/home/bryan/Workspace/ros2_ws/install/examples_rclcpp_multithreaded_executor/share/examples_rclcpp_multithreaded_executor/package.dsv'
[35.031s] INFO:colcon.colcon_core.shell:Creating package script '/home/bryan/Workspace/ros2_ws/install/examples_rclcpp_multithreaded_executor/share/examples_rclcpp_multithreaded_executor/package.sh'
[35.033s] INFO:colcon.colcon_core.shell:Creating package script '/home/bryan/Workspace/ros2_ws/install/examples_rclcpp_multithreaded_executor/share/examples_rclcpp_multithreaded_executor/package.bash'
[35.035s] INFO:colcon.colcon_core.shell:Creating package script '/home/bryan/Workspace/ros2_ws/install/examples_rclcpp_multithreaded_executor/share/examples_rclcpp_multithreaded_executor/package.zsh'
[35.036s] Level 1:colcon.colcon_core.environment:create_file_with_runtime_dependencies(/home/bryan/Workspace/ros2_ws/install/examples_rclcpp_multithreaded_executor/share/colcon-core/packages/examples_rclcpp_multithreaded_executor)
[35.037s] INFO:colcon.colcon_ros.task.ament_python.build:Building ROS package in '/home/bryan/Workspace/ros2_ws/src/examples/rclpy/executors' with build type 'ament_python'
[35.037s] Level 1:colcon.colcon_core.shell:create_environment_hook('examples_rclpy_executors', 'ament_prefix_path')
[35.038s] INFO:colcon.colcon_core.shell:Creating environment hook '/home/bryan/Workspace/ros2_ws/install/examples_rclpy_executors/share/examples_rclpy_executors/hook/ament_prefix_path.ps1'
[35.039s] INFO:colcon.colcon_core.shell:Creating environment descriptor '/home/bryan/Workspace/ros2_ws/install/examples_rclpy_executors/share/examples_rclpy_executors/hook/ament_prefix_path.dsv'
[35.041s] INFO:colcon.colcon_core.shell:Creating environment hook '/home/bryan/Workspace/ros2_ws/install/examples_rclpy_executors/share/examples_rclpy_executors/hook/ament_prefix_path.sh'
[35.043s] INFO:colcon.colcon_core.shell:Skip shell extension 'powershell' for command environment: Not usable outside of PowerShell
[35.043s] DEBUG:colcon.colcon_core.shell:Skip shell extension 'dsv' for command environment
[35.625s] INFO:colcon.colcon_core.task.python.build:Building Python package in '/home/bryan/Workspace/ros2_ws/src/examples/rclpy/executors'
[35.626s] INFO:colcon.colcon_core.shell:Skip shell extension 'powershell' for command environment: Not usable outside of PowerShell
[35.626s] DEBUG:colcon.colcon_core.shell:Skip shell extension 'dsv' for command environment
[35.840s] DEBUG:colcon.colcon_core.event_handler.log_command:Invoked command in '/home/bryan/Workspace/ros2_ws/build/examples_rclcpp_wait_set' returned '0': CMAKE_PREFIX_PATH=${CMAKE_PREFIX_PATH}:/home/bryan/Workspace/ros2_ws/install/sprint2:/home/bryan/Workspace/ros2_ws/install/launch_testing_examples:/home/bryan/Workspace/ros2_ws/install/image_converter:/home/bryan/Workspace/ros2_ws/install/first_package:/home/bryan/Workspace/ros2_ws/install/examples_rclpy_pointcloud_publisher:/home/bryan/Workspace/ros2_ws/install/examples_rclpy_minimal_subscriber:/home/bryan/Workspace/ros2_ws/install/examples_rclpy_minimal_service:/home/bryan/Workspace/ros2_ws/install/examples_rclpy_minimal_publisher:/home/bryan/Workspace/ros2_ws/install/examples_rclpy_minimal_client:/home/bryan/Workspace/ros2_ws/install/examples_rclpy_minimal_action_server:/home/bryan/Workspace/ros2_ws/install/examples_rclpy_minimal_action_client:/home/bryan/Workspace/ros2_ws/install/examples_rclpy_guard_conditions:/home/bryan/Workspace/ros2_ws/install/examples_rclpy_executors:/home/bryan/Workspace/ros2_ws/install/camera_calibration:/opt/ros/humble /usr/bin/cmake /home/bryan/Workspace/ros2_ws/src/examples/rclcpp/wait_set -DCMAKE_INSTALL_PREFIX=/home/bryan/Workspace/ros2_ws/install/examples_rclcpp_wait_set
[35.845s] DEBUG:colcon.colcon_core.event_handler.log_command:Invoking command in '/home/bryan/Workspace/ros2_ws/build/examples_rclcpp_wait_set': CMAKE_PREFIX_PATH=${CMAKE_PREFIX_PATH}:/home/bryan/Workspace/ros2_ws/install/sprint2:/home/bryan/Workspace/ros2_ws/install/launch_testing_examples:/home/bryan/Workspace/ros2_ws/install/image_converter:/home/bryan/Workspace/ros2_ws/install/first_package:/home/bryan/Workspace/ros2_ws/install/examples_rclpy_pointcloud_publisher:/home/bryan/Workspace/ros2_ws/install/examples_rclpy_minimal_subscriber:/home/bryan/Workspace/ros2_ws/install/examples_rclpy_minimal_service:/home/bryan/Workspace/ros2_ws/install/examples_rclpy_minimal_publisher:/home/bryan/Workspace/ros2_ws/install/examples_rclpy_minimal_client:/home/bryan/Workspace/ros2_ws/install/examples_rclpy_minimal_action_server:/home/bryan/Workspace/ros2_ws/install/examples_rclpy_minimal_action_client:/home/bryan/Workspace/ros2_ws/install/examples_rclpy_guard_conditions:/home/bryan/Workspace/ros2_ws/install/examples_rclpy_executors:/home/bryan/Workspace/ros2_ws/install/camera_calibration:/opt/ros/humble /usr/bin/cmake --build /home/bryan/Workspace/ros2_ws/build/examples_rclcpp_wait_set -- -j3 -l3
[37.190s] DEBUG:colcon.colcon_core.event_handler.log_command:Invoking command in '/home/bryan/Workspace/ros2_ws/build/examples_rclpy_executors': PYTHONPATH=/home/bryan/Workspace/ros2_ws/build/examples_rclpy_executors/prefix_override:/usr/lib/python3/dist-packages/colcon_core/task/python/colcon_distutils_commands:/home/bryan/Workspace/ros2_ws/install/examples_rclpy_executors/lib/python3.10/site-packages:${PYTHONPATH} /usr/bin/python3 -W ignore:setup.py install is deprecated -W ignore:easy_install command is deprecated setup.py develop --uninstall --editable --build-directory /home/bryan/Workspace/ros2_ws/build/examples_rclpy_executors/build
[38.679s] DEBUG:colcon.colcon_core.event_handler.log_command:Invoked command in '/home/bryan/Workspace/ros2_ws/build/examples_rclpy_executors' returned '0': PYTHONPATH=/home/bryan/Workspace/ros2_ws/build/examples_rclpy_executors/prefix_override:/usr/lib/python3/dist-packages/colcon_core/task/python/colcon_distutils_commands:/home/bryan/Workspace/ros2_ws/install/examples_rclpy_executors/lib/python3.10/site-packages:${PYTHONPATH} /usr/bin/python3 -W ignore:setup.py install is deprecated -W ignore:easy_install command is deprecated setup.py develop --uninstall --editable --build-directory /home/bryan/Workspace/ros2_ws/build/examples_rclpy_executors/build
[38.692s] DEBUG:colcon.colcon_core.event_handler.log_command:Invoking command in '/home/bryan/Workspace/ros2_ws/src/examples/rclpy/executors': PYTHONPATH=/home/bryan/Workspace/ros2_ws/build/examples_rclpy_executors/prefix_override:/usr/lib/python3/dist-packages/colcon_core/task/python/colcon_distutils_commands:/home/bryan/Workspace/ros2_ws/install/examples_rclpy_executors/lib/python3.10/site-packages:${PYTHONPATH} /usr/bin/python3 -W ignore:setup.py install is deprecated -W ignore:easy_install command is deprecated setup.py egg_info --egg-base ../../../../build/examples_rclpy_executors build --build-base /home/bryan/Workspace/ros2_ws/build/examples_rclpy_executors/build install --record /home/bryan/Workspace/ros2_ws/build/examples_rclpy_executors/install.log --single-version-externally-managed install_data --force
[39.042s] DEBUG:colcon.colcon_core.event_handler.log_command:Invoked command in '/home/bryan/Workspace/ros2_ws/build/examples_rclcpp_wait_set' returned '0': CMAKE_PREFIX_PATH=${CMAKE_PREFIX_PATH}:/home/bryan/Workspace/ros2_ws/install/sprint2:/home/bryan/Workspace/ros2_ws/install/launch_testing_examples:/home/bryan/Workspace/ros2_ws/install/image_converter:/home/bryan/Workspace/ros2_ws/install/first_package:/home/bryan/Workspace/ros2_ws/install/examples_rclpy_pointcloud_publisher:/home/bryan/Workspace/ros2_ws/install/examples_rclpy_minimal_subscriber:/home/bryan/Workspace/ros2_ws/install/examples_rclpy_minimal_service:/home/bryan/Workspace/ros2_ws/install/examples_rclpy_minimal_publisher:/home/bryan/Workspace/ros2_ws/install/examples_rclpy_minimal_client:/home/bryan/Workspace/ros2_ws/install/examples_rclpy_minimal_action_server:/home/bryan/Workspace/ros2_ws/install/examples_rclpy_minimal_action_client:/home/bryan/Workspace/ros2_ws/install/examples_rclpy_guard_conditions:/home/bryan/Workspace/ros2_ws/install/examples_rclpy_executors:/home/bryan/Workspace/ros2_ws/install/camera_calibration:/opt/ros/humble /usr/bin/cmake --build /home/bryan/Workspace/ros2_ws/build/examples_rclcpp_wait_set -- -j3 -l3
[39.070s] DEBUG:colcon.colcon_core.event_handler.log_command:Invoking command in '/home/bryan/Workspace/ros2_ws/build/examples_rclcpp_wait_set': CMAKE_PREFIX_PATH=${CMAKE_PREFIX_PATH}:/home/bryan/Workspace/ros2_ws/install/sprint2:/home/bryan/Workspace/ros2_ws/install/launch_testing_examples:/home/bryan/Workspace/ros2_ws/install/image_converter:/home/bryan/Workspace/ros2_ws/install/first_package:/home/bryan/Workspace/ros2_ws/install/examples_rclpy_pointcloud_publisher:/home/bryan/Workspace/ros2_ws/install/examples_rclpy_minimal_subscriber:/home/bryan/Workspace/ros2_ws/install/examples_rclpy_minimal_service:/home/bryan/Workspace/ros2_ws/install/examples_rclpy_minimal_publisher:/home/bryan/Workspace/ros2_ws/install/examples_rclpy_minimal_client:/home/bryan/Workspace/ros2_ws/install/examples_rclpy_minimal_action_server:/home/bryan/Workspace/ros2_ws/install/examples_rclpy_minimal_action_client:/home/bryan/Workspace/ros2_ws/install/examples_rclpy_guard_conditions:/home/bryan/Workspace/ros2_ws/install/examples_rclpy_executors:/home/bryan/Workspace/ros2_ws/install/camera_calibration:/opt/ros/humble /usr/bin/cmake --install /home/bryan/Workspace/ros2_ws/build/examples_rclcpp_wait_set
[39.284s] Level 1:colcon.colcon_core.environment:create_environment_scripts_only(examples_rclcpp_wait_set)
[39.284s] Level 1:colcon.colcon_core.environment:checking '/home/bryan/Workspace/ros2_ws/install/examples_rclcpp_wait_set' for CMake module files
[39.285s] Level 1:colcon.colcon_core.environment:checking '/home/bryan/Workspace/ros2_ws/install/examples_rclcpp_wait_set' for CMake config files
[39.287s] Level 1:colcon.colcon_core.shell:create_environment_hook('examples_rclcpp_wait_set', 'cmake_prefix_path')
[39.288s] INFO:colcon.colcon_core.shell:Creating environment hook '/home/bryan/Workspace/ros2_ws/install/examples_rclcpp_wait_set/share/examples_rclcpp_wait_set/hook/cmake_prefix_path.ps1'
[39.290s] INFO:colcon.colcon_core.shell:Creating environment descriptor '/home/bryan/Workspace/ros2_ws/install/examples_rclcpp_wait_set/share/examples_rclcpp_wait_set/hook/cmake_prefix_path.dsv'
[39.294s] INFO:colcon.colcon_core.shell:Creating environment hook '/home/bryan/Workspace/ros2_ws/install/examples_rclcpp_wait_set/share/examples_rclcpp_wait_set/hook/cmake_prefix_path.sh'
[39.297s] Level 1:colcon.colcon_core.environment:checking '/home/bryan/Workspace/ros2_ws/install/examples_rclcpp_wait_set/lib'
[39.297s] Level 1:colcon.colcon_core.shell:create_environment_hook('examples_rclcpp_wait_set', 'ld_library_path_lib')
[39.298s] INFO:colcon.colcon_core.shell:Creating environment hook '/home/bryan/Workspace/ros2_ws/install/examples_rclcpp_wait_set/share/examples_rclcpp_wait_set/hook/ld_library_path_lib.ps1'
[39.300s] INFO:colcon.colcon_core.shell:Creating environment descriptor '/home/bryan/Workspace/ros2_ws/install/examples_rclcpp_wait_set/share/examples_rclcpp_wait_set/hook/ld_library_path_lib.dsv'
[39.302s] INFO:colcon.colcon_core.shell:Creating environment hook '/home/bryan/Workspace/ros2_ws/install/examples_rclcpp_wait_set/share/examples_rclcpp_wait_set/hook/ld_library_path_lib.sh'
[39.304s] Level 1:colcon.colcon_core.environment:checking '/home/bryan/Workspace/ros2_ws/install/examples_rclcpp_wait_set/bin'
[39.305s] Level 1:colcon.colcon_core.environment:checking '/home/bryan/Workspace/ros2_ws/install/examples_rclcpp_wait_set/lib/pkgconfig/examples_rclcpp_wait_set.pc'
[39.305s] Level 1:colcon.colcon_core.environment:checking '/home/bryan/Workspace/ros2_ws/install/examples_rclcpp_wait_set/lib/python3.10/site-packages'
[39.306s] Level 1:colcon.colcon_core.environment:checking '/home/bryan/Workspace/ros2_ws/install/examples_rclcpp_wait_set/bin'
[39.306s] INFO:colcon.colcon_core.shell:Creating package script '/home/bryan/Workspace/ros2_ws/install/examples_rclcpp_wait_set/share/examples_rclcpp_wait_set/package.ps1'
[39.308s] INFO:colcon.colcon_core.shell:Creating package descriptor '/home/bryan/Workspace/ros2_ws/install/examples_rclcpp_wait_set/share/examples_rclcpp_wait_set/package.dsv'
[39.311s] INFO:colcon.colcon_core.shell:Creating package script '/home/bryan/Workspace/ros2_ws/install/examples_rclcpp_wait_set/share/examples_rclcpp_wait_set/package.sh'
[39.314s] INFO:colcon.colcon_core.shell:Creating package script '/home/bryan/Workspace/ros2_ws/install/examples_rclcpp_wait_set/share/examples_rclcpp_wait_set/package.bash'
[39.316s] INFO:colcon.colcon_core.shell:Creating package script '/home/bryan/Workspace/ros2_ws/install/examples_rclcpp_wait_set/share/examples_rclcpp_wait_set/package.zsh'
[39.318s] Level 1:colcon.colcon_core.environment:create_file_with_runtime_dependencies(/home/bryan/Workspace/ros2_ws/install/examples_rclcpp_wait_set/share/colcon-core/packages/examples_rclcpp_wait_set)
[39.320s] Level 1:colcon.colcon_core.environment:create_environment_scripts_only(examples_rclcpp_wait_set)
[39.321s] Level 1:colcon.colcon_core.environment:checking '/home/bryan/Workspace/ros2_ws/install/examples_rclcpp_wait_set' for CMake module files
[39.322s] Level 1:colcon.colcon_core.environment:checking '/home/bryan/Workspace/ros2_ws/install/examples_rclcpp_wait_set' for CMake config files
[39.322s] Level 1:colcon.colcon_core.shell:create_environment_hook('examples_rclcpp_wait_set', 'cmake_prefix_path')
[39.323s] INFO:colcon.colcon_core.shell:Creating environment hook '/home/bryan/Workspace/ros2_ws/install/examples_rclcpp_wait_set/share/examples_rclcpp_wait_set/hook/cmake_prefix_path.ps1'
[39.325s] INFO:colcon.colcon_core.shell:Creating environment descriptor '/home/bryan/Workspace/ros2_ws/install/examples_rclcpp_wait_set/share/examples_rclcpp_wait_set/hook/cmake_prefix_path.dsv'
[39.327s] INFO:colcon.colcon_core.shell:Creating environment hook '/home/bryan/Workspace/ros2_ws/install/examples_rclcpp_wait_set/share/examples_rclcpp_wait_set/hook/cmake_prefix_path.sh'
[39.329s] Level 1:colcon.colcon_core.environment:checking '/home/bryan/Workspace/ros2_ws/install/examples_rclcpp_wait_set/lib'
[39.329s] Level 1:colcon.colcon_core.shell:create_environment_hook('examples_rclcpp_wait_set', 'ld_library_path_lib')
[39.330s] INFO:colcon.colcon_core.shell:Creating environment hook '/home/bryan/Workspace/ros2_ws/install/examples_rclcpp_wait_set/share/examples_rclcpp_wait_set/hook/ld_library_path_lib.ps1'
[39.331s] INFO:colcon.colcon_core.shell:Creating environment descriptor '/home/bryan/Workspace/ros2_ws/install/examples_rclcpp_wait_set/share/examples_rclcpp_wait_set/hook/ld_library_path_lib.dsv'
[39.333s] INFO:colcon.colcon_core.shell:Creating environment hook '/home/bryan/Workspace/ros2_ws/install/examples_rclcpp_wait_set/share/examples_rclcpp_wait_set/hook/ld_library_path_lib.sh'
[39.335s] Level 1:colcon.colcon_core.environment:checking '/home/bryan/Workspace/ros2_ws/install/examples_rclcpp_wait_set/bin'
[39.335s] Level 1:colcon.colcon_core.environment:checking '/home/bryan/Workspace/ros2_ws/install/examples_rclcpp_wait_set/lib/pkgconfig/examples_rclcpp_wait_set.pc'
[39.336s] Level 1:colcon.colcon_core.environment:checking '/home/bryan/Workspace/ros2_ws/install/examples_rclcpp_wait_set/lib/python3.10/site-packages'
[39.336s] Level 1:colcon.colcon_core.environment:checking '/home/bryan/Workspace/ros2_ws/install/examples_rclcpp_wait_set/bin'
[39.337s] INFO:colcon.colcon_core.shell:Creating package script '/home/bryan/Workspace/ros2_ws/install/examples_rclcpp_wait_set/share/examples_rclcpp_wait_set/package.ps1'
[39.339s] INFO:colcon.colcon_core.shell:Creating package descriptor '/home/bryan/Workspace/ros2_ws/install/examples_rclcpp_wait_set/share/examples_rclcpp_wait_set/package.dsv'
[39.341s] INFO:colcon.colcon_core.shell:Creating package script '/home/bryan/Workspace/ros2_ws/install/examples_rclcpp_wait_set/share/examples_rclcpp_wait_set/package.sh'
[39.344s] INFO:colcon.colcon_core.shell:Creating package script '/home/bryan/Workspace/ros2_ws/install/examples_rclcpp_wait_set/share/examples_rclcpp_wait_set/package.bash'
[39.346s] INFO:colcon.colcon_core.shell:Creating package script '/home/bryan/Workspace/ros2_ws/install/examples_rclcpp_wait_set/share/examples_rclcpp_wait_set/package.zsh'
[39.348s] Level 1:colcon.colcon_core.environment:create_file_with_runtime_dependencies(/home/bryan/Workspace/ros2_ws/install/examples_rclcpp_wait_set/share/colcon-core/packages/examples_rclcpp_wait_set)
[39.349s] INFO:colcon.colcon_ros.task.ament_python.build:Building ROS package in '/home/bryan/Workspace/ros2_ws/src/examples/rclpy/guard_conditions' with build type 'ament_python'
[39.350s] Level 1:colcon.colcon_core.shell:create_environment_hook('examples_rclpy_guard_conditions', 'ament_prefix_path')
[39.350s] INFO:colcon.colcon_core.shell:Creating environment hook '/home/bryan/Workspace/ros2_ws/install/examples_rclpy_guard_conditions/share/examples_rclpy_guard_conditions/hook/ament_prefix_path.ps1'
[39.353s] INFO:colcon.colcon_core.shell:Creating environment descriptor '/home/bryan/Workspace/ros2_ws/install/examples_rclpy_guard_conditions/share/examples_rclpy_guard_conditions/hook/ament_prefix_path.dsv'
[39.356s] INFO:colcon.colcon_core.shell:Creating environment hook '/home/bryan/Workspace/ros2_ws/install/examples_rclpy_guard_conditions/share/examples_rclpy_guard_conditions/hook/ament_prefix_path.sh'
[39.359s] INFO:colcon.colcon_core.shell:Skip shell extension 'powershell' for command environment: Not usable outside of PowerShell
[39.359s] DEBUG:colcon.colcon_core.shell:Skip shell extension 'dsv' for command environment
[39.379s] DEBUG:colcon.colcon_core.event_handler.log_command:Invoked command in '/home/bryan/Workspace/ros2_ws/build/examples_rclcpp_wait_set' returned '0': CMAKE_PREFIX_PATH=${CMAKE_PREFIX_PATH}:/home/bryan/Workspace/ros2_ws/install/sprint2:/home/bryan/Workspace/ros2_ws/install/launch_testing_examples:/home/bryan/Workspace/ros2_ws/install/image_converter:/home/bryan/Workspace/ros2_ws/install/first_package:/home/bryan/Workspace/ros2_ws/install/examples_rclpy_pointcloud_publisher:/home/bryan/Workspace/ros2_ws/install/examples_rclpy_minimal_subscriber:/home/bryan/Workspace/ros2_ws/install/examples_rclpy_minimal_service:/home/bryan/Workspace/ros2_ws/install/examples_rclpy_minimal_publisher:/home/bryan/Workspace/ros2_ws/install/examples_rclpy_minimal_client:/home/bryan/Workspace/ros2_ws/install/examples_rclpy_minimal_action_server:/home/bryan/Workspace/ros2_ws/install/examples_rclpy_minimal_action_client:/home/bryan/Workspace/ros2_ws/install/examples_rclpy_guard_conditions:/home/bryan/Workspace/ros2_ws/install/examples_rclpy_executors:/home/bryan/Workspace/ros2_ws/install/camera_calibration:/opt/ros/humble /usr/bin/cmake --install /home/bryan/Workspace/ros2_ws/build/examples_rclcpp_wait_set
[40.300s] INFO:colcon.colcon_core.task.python.build:Building Python package in '/home/bryan/Workspace/ros2_ws/src/examples/rclpy/guard_conditions'
[40.301s] INFO:colcon.colcon_core.shell:Skip shell extension 'powershell' for command environment: Not usable outside of PowerShell
[40.301s] DEBUG:colcon.colcon_core.shell:Skip shell extension 'dsv' for command environment
[40.322s] Level 1:colcon.colcon_core.environment:checking '/home/bryan/Workspace/ros2_ws/install/examples_rclpy_executors' for CMake module files
[40.324s] DEBUG:colcon.colcon_core.event_handler.log_command:Invoked command in '/home/bryan/Workspace/ros2_ws/src/examples/rclpy/executors' returned '0': PYTHONPATH=/home/bryan/Workspace/ros2_ws/build/examples_rclpy_executors/prefix_override:/usr/lib/python3/dist-packages/colcon_core/task/python/colcon_distutils_commands:/home/bryan/Workspace/ros2_ws/install/examples_rclpy_executors/lib/python3.10/site-packages:${PYTHONPATH} /usr/bin/python3 -W ignore:setup.py install is deprecated -W ignore:easy_install command is deprecated setup.py egg_info --egg-base ../../../../build/examples_rclpy_executors build --build-base /home/bryan/Workspace/ros2_ws/build/examples_rclpy_executors/build install --record /home/bryan/Workspace/ros2_ws/build/examples_rclpy_executors/install.log --single-version-externally-managed install_data --force
[40.325s] Level 1:colcon.colcon_core.environment:checking '/home/bryan/Workspace/ros2_ws/install/examples_rclpy_executors' for CMake config files
[40.326s] Level 1:colcon.colcon_core.environment:checking '/home/bryan/Workspace/ros2_ws/install/examples_rclpy_executors/lib'
[40.326s] Level 1:colcon.colcon_core.environment:checking '/home/bryan/Workspace/ros2_ws/install/examples_rclpy_executors/bin'
[40.326s] Level 1:colcon.colcon_core.environment:checking '/home/bryan/Workspace/ros2_ws/install/examples_rclpy_executors/lib/pkgconfig/examples_rclpy_executors.pc'
[40.326s] Level 1:colcon.colcon_core.environment:checking '/home/bryan/Workspace/ros2_ws/install/examples_rclpy_executors/lib/python3.10/site-packages'
[40.327s] Level 1:colcon.colcon_core.shell:create_environment_hook('examples_rclpy_executors', 'pythonpath')
[40.327s] INFO:colcon.colcon_core.shell:Creating environment hook '/home/bryan/Workspace/ros2_ws/install/examples_rclpy_executors/share/examples_rclpy_executors/hook/pythonpath.ps1'
[40.329s] INFO:colcon.colcon_core.shell:Creating environment descriptor '/home/bryan/Workspace/ros2_ws/install/examples_rclpy_executors/share/examples_rclpy_executors/hook/pythonpath.dsv'
[40.330s] INFO:colcon.colcon_core.shell:Creating environment hook '/home/bryan/Workspace/ros2_ws/install/examples_rclpy_executors/share/examples_rclpy_executors/hook/pythonpath.sh'
[40.332s] Level 1:colcon.colcon_core.environment:checking '/home/bryan/Workspace/ros2_ws/install/examples_rclpy_executors/bin'
[40.332s] Level 1:colcon.colcon_core.environment:create_environment_scripts_only(examples_rclpy_executors)
[40.333s] INFO:colcon.colcon_core.shell:Creating package script '/home/bryan/Workspace/ros2_ws/install/examples_rclpy_executors/share/examples_rclpy_executors/package.ps1'
[40.335s] INFO:colcon.colcon_core.shell:Creating package descriptor '/home/bryan/Workspace/ros2_ws/install/examples_rclpy_executors/share/examples_rclpy_executors/package.dsv'
[40.336s] INFO:colcon.colcon_core.shell:Creating package script '/home/bryan/Workspace/ros2_ws/install/examples_rclpy_executors/share/examples_rclpy_executors/package.sh'
[40.338s] INFO:colcon.colcon_core.shell:Creating package script '/home/bryan/Workspace/ros2_ws/install/examples_rclpy_executors/share/examples_rclpy_executors/package.bash'
[40.339s] INFO:colcon.colcon_core.shell:Creating package script '/home/bryan/Workspace/ros2_ws/install/examples_rclpy_executors/share/examples_rclpy_executors/package.zsh'
[40.341s] Level 1:colcon.colcon_core.environment:create_file_with_runtime_dependencies(/home/bryan/Workspace/ros2_ws/install/examples_rclpy_executors/share/colcon-core/packages/examples_rclpy_executors)
[40.343s] INFO:colcon.colcon_ros.task.ament_python.build:Building ROS package in '/home/bryan/Workspace/ros2_ws/src/examples/rclpy/actions/minimal_action_client' with build type 'ament_python'
[40.343s] Level 1:colcon.colcon_core.shell:create_environment_hook('examples_rclpy_minimal_action_client', 'ament_prefix_path')
[40.344s] INFO:colcon.colcon_core.shell:Creating environment hook '/home/bryan/Workspace/ros2_ws/install/examples_rclpy_minimal_action_client/share/examples_rclpy_minimal_action_client/hook/ament_prefix_path.ps1'
[40.345s] INFO:colcon.colcon_core.shell:Creating environment descriptor '/home/bryan/Workspace/ros2_ws/install/examples_rclpy_minimal_action_client/share/examples_rclpy_minimal_action_client/hook/ament_prefix_path.dsv'
[40.347s] INFO:colcon.colcon_core.shell:Creating environment hook '/home/bryan/Workspace/ros2_ws/install/examples_rclpy_minimal_action_client/share/examples_rclpy_minimal_action_client/hook/ament_prefix_path.sh'
[40.349s] INFO:colcon.colcon_core.shell:Skip shell extension 'powershell' for command environment: Not usable outside of PowerShell
[40.349s] DEBUG:colcon.colcon_core.shell:Skip shell extension 'dsv' for command environment
[41.024s] INFO:colcon.colcon_core.task.python.build:Building Python package in '/home/bryan/Workspace/ros2_ws/src/examples/rclpy/actions/minimal_action_client'
[41.027s] INFO:colcon.colcon_core.shell:Skip shell extension 'powershell' for command environment: Not usable outside of PowerShell
[41.028s] DEBUG:colcon.colcon_core.shell:Skip shell extension 'dsv' for command environment
[41.161s] DEBUG:colcon.colcon_core.event_handler.log_command:Invoking command in '/home/bryan/Workspace/ros2_ws/build/examples_rclpy_guard_conditions': PYTHONPATH=/home/bryan/Workspace/ros2_ws/build/examples_rclpy_guard_conditions/prefix_override:/usr/lib/python3/dist-packages/colcon_core/task/python/colcon_distutils_commands:/home/bryan/Workspace/ros2_ws/install/examples_rclpy_guard_conditions/lib/python3.10/site-packages:${PYTHONPATH} /usr/bin/python3 -W ignore:setup.py install is deprecated -W ignore:easy_install command is deprecated setup.py develop --uninstall --editable --build-directory /home/bryan/Workspace/ros2_ws/build/examples_rclpy_guard_conditions/build
[41.838s] DEBUG:colcon.colcon_core.event_handler.log_command:Invoking command in '/home/bryan/Workspace/ros2_ws/build/examples_rclpy_minimal_action_client': PYTHONPATH=/home/bryan/Workspace/ros2_ws/build/examples_rclpy_minimal_action_client/prefix_override:/usr/lib/python3/dist-packages/colcon_core/task/python/colcon_distutils_commands:/home/bryan/Workspace/ros2_ws/install/examples_rclpy_minimal_action_client/lib/python3.10/site-packages:${PYTHONPATH} /usr/bin/python3 -W ignore:setup.py install is deprecated -W ignore:easy_install command is deprecated setup.py develop --uninstall --editable --build-directory /home/bryan/Workspace/ros2_ws/build/examples_rclpy_minimal_action_client/build
[42.203s] DEBUG:colcon.colcon_core.event_handler.log_command:Invoked command in '/home/bryan/Workspace/ros2_ws/build/examples_rclpy_guard_conditions' returned '0': PYTHONPATH=/home/bryan/Workspace/ros2_ws/build/examples_rclpy_guard_conditions/prefix_override:/usr/lib/python3/dist-packages/colcon_core/task/python/colcon_distutils_commands:/home/bryan/Workspace/ros2_ws/install/examples_rclpy_guard_conditions/lib/python3.10/site-packages:${PYTHONPATH} /usr/bin/python3 -W ignore:setup.py install is deprecated -W ignore:easy_install command is deprecated setup.py develop --uninstall --editable --build-directory /home/bryan/Workspace/ros2_ws/build/examples_rclpy_guard_conditions/build
[42.255s] DEBUG:colcon.colcon_core.event_handler.log_command:Invoking command in '/home/bryan/Workspace/ros2_ws/src/examples/rclpy/guard_conditions': PYTHONPATH=/home/bryan/Workspace/ros2_ws/build/examples_rclpy_guard_conditions/prefix_override:/usr/lib/python3/dist-packages/colcon_core/task/python/colcon_distutils_commands:/home/bryan/Workspace/ros2_ws/install/examples_rclpy_guard_conditions/lib/python3.10/site-packages:${PYTHONPATH} /usr/bin/python3 -W ignore:setup.py install is deprecated -W ignore:easy_install command is deprecated setup.py egg_info --egg-base ../../../../build/examples_rclpy_guard_conditions build --build-base /home/bryan/Workspace/ros2_ws/build/examples_rclpy_guard_conditions/build install --record /home/bryan/Workspace/ros2_ws/build/examples_rclpy_guard_conditions/install.log --single-version-externally-managed install_data --force
[42.897s] DEBUG:colcon.colcon_core.event_handler.log_command:Invoked command in '/home/bryan/Workspace/ros2_ws/build/examples_rclpy_minimal_action_client' returned '0': PYTHONPATH=/home/bryan/Workspace/ros2_ws/build/examples_rclpy_minimal_action_client/prefix_override:/usr/lib/python3/dist-packages/colcon_core/task/python/colcon_distutils_commands:/home/bryan/Workspace/ros2_ws/install/examples_rclpy_minimal_action_client/lib/python3.10/site-packages:${PYTHONPATH} /usr/bin/python3 -W ignore:setup.py install is deprecated -W ignore:easy_install command is deprecated setup.py develop --uninstall --editable --build-directory /home/bryan/Workspace/ros2_ws/build/examples_rclpy_minimal_action_client/build
[42.906s] Level 1:colcon.colcon_core.environment:checking '/home/bryan/Workspace/ros2_ws/install/examples_rclpy_guard_conditions' for CMake module files
[42.911s] Level 1:colcon.colcon_core.environment:checking '/home/bryan/Workspace/ros2_ws/install/examples_rclpy_guard_conditions' for CMake config files
[42.912s] DEBUG:colcon.colcon_core.event_handler.log_command:Invoking command in '/home/bryan/Workspace/ros2_ws/src/examples/rclpy/actions/minimal_action_client': PYTHONPATH=/home/bryan/Workspace/ros2_ws/build/examples_rclpy_minimal_action_client/prefix_override:/usr/lib/python3/dist-packages/colcon_core/task/python/colcon_distutils_commands:/home/bryan/Workspace/ros2_ws/install/examples_rclpy_minimal_action_client/lib/python3.10/site-packages:${PYTHONPATH} /usr/bin/python3 -W ignore:setup.py install is deprecated -W ignore:easy_install command is deprecated setup.py egg_info --egg-base ../../../../../build/examples_rclpy_minimal_action_client build --build-base /home/bryan/Workspace/ros2_ws/build/examples_rclpy_minimal_action_client/build install --record /home/bryan/Workspace/ros2_ws/build/examples_rclpy_minimal_action_client/install.log --single-version-externally-managed install_data --force
[42.914s] DEBUG:colcon.colcon_core.event_handler.log_command:Invoked command in '/home/bryan/Workspace/ros2_ws/src/examples/rclpy/guard_conditions' returned '0': PYTHONPATH=/home/bryan/Workspace/ros2_ws/build/examples_rclpy_guard_conditions/prefix_override:/usr/lib/python3/dist-packages/colcon_core/task/python/colcon_distutils_commands:/home/bryan/Workspace/ros2_ws/install/examples_rclpy_guard_conditions/lib/python3.10/site-packages:${PYTHONPATH} /usr/bin/python3 -W ignore:setup.py install is deprecated -W ignore:easy_install command is deprecated setup.py egg_info --egg-base ../../../../build/examples_rclpy_guard_conditions build --build-base /home/bryan/Workspace/ros2_ws/build/examples_rclpy_guard_conditions/build install --record /home/bryan/Workspace/ros2_ws/build/examples_rclpy_guard_conditions/install.log --single-version-externally-managed install_data --force
[42.915s] Level 1:colcon.colcon_core.environment:checking '/home/bryan/Workspace/ros2_ws/install/examples_rclpy_guard_conditions/lib'
[42.916s] Level 1:colcon.colcon_core.environment:checking '/home/bryan/Workspace/ros2_ws/install/examples_rclpy_guard_conditions/bin'
[42.916s] Level 1:colcon.colcon_core.environment:checking '/home/bryan/Workspace/ros2_ws/install/examples_rclpy_guard_conditions/lib/pkgconfig/examples_rclpy_guard_conditions.pc'
[42.916s] Level 1:colcon.colcon_core.environment:checking '/home/bryan/Workspace/ros2_ws/install/examples_rclpy_guard_conditions/lib/python3.10/site-packages'
[42.916s] Level 1:colcon.colcon_core.shell:create_environment_hook('examples_rclpy_guard_conditions', 'pythonpath')
[42.917s] INFO:colcon.colcon_core.shell:Creating environment hook '/home/bryan/Workspace/ros2_ws/install/examples_rclpy_guard_conditions/share/examples_rclpy_guard_conditions/hook/pythonpath.ps1'
[42.919s] INFO:colcon.colcon_core.shell:Creating environment descriptor '/home/bryan/Workspace/ros2_ws/install/examples_rclpy_guard_conditions/share/examples_rclpy_guard_conditions/hook/pythonpath.dsv'
[42.921s] INFO:colcon.colcon_core.shell:Creating environment hook '/home/bryan/Workspace/ros2_ws/install/examples_rclpy_guard_conditions/share/examples_rclpy_guard_conditions/hook/pythonpath.sh'
[42.924s] Level 1:colcon.colcon_core.environment:checking '/home/bryan/Workspace/ros2_ws/install/examples_rclpy_guard_conditions/bin'
[42.924s] Level 1:colcon.colcon_core.environment:create_environment_scripts_only(examples_rclpy_guard_conditions)
[42.925s] INFO:colcon.colcon_core.shell:Creating package script '/home/bryan/Workspace/ros2_ws/install/examples_rclpy_guard_conditions/share/examples_rclpy_guard_conditions/package.ps1'
[42.927s] INFO:colcon.colcon_core.shell:Creating package descriptor '/home/bryan/Workspace/ros2_ws/install/examples_rclpy_guard_conditions/share/examples_rclpy_guard_conditions/package.dsv'
[42.929s] INFO:colcon.colcon_core.shell:Creating package script '/home/bryan/Workspace/ros2_ws/install/examples_rclpy_guard_conditions/share/examples_rclpy_guard_conditions/package.sh'
[42.932s] INFO:colcon.colcon_core.shell:Creating package script '/home/bryan/Workspace/ros2_ws/install/examples_rclpy_guard_conditions/share/examples_rclpy_guard_conditions/package.bash'
[42.934s] INFO:colcon.colcon_core.shell:Creating package script '/home/bryan/Workspace/ros2_ws/install/examples_rclpy_guard_conditions/share/examples_rclpy_guard_conditions/package.zsh'
[42.936s] Level 1:colcon.colcon_core.environment:create_file_with_runtime_dependencies(/home/bryan/Workspace/ros2_ws/install/examples_rclpy_guard_conditions/share/colcon-core/packages/examples_rclpy_guard_conditions)
[42.938s] INFO:colcon.colcon_ros.task.ament_python.build:Building ROS package in '/home/bryan/Workspace/ros2_ws/src/examples/rclpy/actions/minimal_action_server' with build type 'ament_python'
[42.938s] Level 1:colcon.colcon_core.shell:create_environment_hook('examples_rclpy_minimal_action_server', 'ament_prefix_path')
[42.939s] INFO:colcon.colcon_core.shell:Creating environment hook '/home/bryan/Workspace/ros2_ws/install/examples_rclpy_minimal_action_server/share/examples_rclpy_minimal_action_server/hook/ament_prefix_path.ps1'
[42.942s] INFO:colcon.colcon_core.shell:Creating environment descriptor '/home/bryan/Workspace/ros2_ws/install/examples_rclpy_minimal_action_server/share/examples_rclpy_minimal_action_server/hook/ament_prefix_path.dsv'
[42.944s] INFO:colcon.colcon_core.shell:Creating environment hook '/home/bryan/Workspace/ros2_ws/install/examples_rclpy_minimal_action_server/share/examples_rclpy_minimal_action_server/hook/ament_prefix_path.sh'
[42.946s] INFO:colcon.colcon_core.shell:Skip shell extension 'powershell' for command environment: Not usable outside of PowerShell
[42.947s] DEBUG:colcon.colcon_core.shell:Skip shell extension 'dsv' for command environment
[43.577s] INFO:colcon.colcon_core.task.python.build:Building Python package in '/home/bryan/Workspace/ros2_ws/src/examples/rclpy/actions/minimal_action_server'
[43.578s] INFO:colcon.colcon_core.shell:Skip shell extension 'powershell' for command environment: Not usable outside of PowerShell
[43.578s] DEBUG:colcon.colcon_core.shell:Skip shell extension 'dsv' for command environment
[43.597s] Level 1:colcon.colcon_core.environment:checking '/home/bryan/Workspace/ros2_ws/install/examples_rclpy_minimal_action_client' for CMake module files
[43.599s] Level 1:colcon.colcon_core.environment:checking '/home/bryan/Workspace/ros2_ws/install/examples_rclpy_minimal_action_client' for CMake config files
[43.601s] Level 1:colcon.colcon_core.environment:checking '/home/bryan/Workspace/ros2_ws/install/examples_rclpy_minimal_action_client/lib'
[43.601s] Level 1:colcon.colcon_core.environment:checking '/home/bryan/Workspace/ros2_ws/install/examples_rclpy_minimal_action_client/bin'
[43.601s] Level 1:colcon.colcon_core.environment:checking '/home/bryan/Workspace/ros2_ws/install/examples_rclpy_minimal_action_client/lib/pkgconfig/examples_rclpy_minimal_action_client.pc'
[43.602s] Level 1:colcon.colcon_core.environment:checking '/home/bryan/Workspace/ros2_ws/install/examples_rclpy_minimal_action_client/lib/python3.10/site-packages'
[43.602s] Level 1:colcon.colcon_core.shell:create_environment_hook('examples_rclpy_minimal_action_client', 'pythonpath')
[43.602s] INFO:colcon.colcon_core.shell:Creating environment hook '/home/bryan/Workspace/ros2_ws/install/examples_rclpy_minimal_action_client/share/examples_rclpy_minimal_action_client/hook/pythonpath.ps1'
[43.598s] DEBUG:colcon.colcon_core.event_handler.log_command:Invoked command in '/home/bryan/Workspace/ros2_ws/src/examples/rclpy/actions/minimal_action_client' returned '0': PYTHONPATH=/home/bryan/Workspace/ros2_ws/build/examples_rclpy_minimal_action_client/prefix_override:/usr/lib/python3/dist-packages/colcon_core/task/python/colcon_distutils_commands:/home/bryan/Workspace/ros2_ws/install/examples_rclpy_minimal_action_client/lib/python3.10/site-packages:${PYTHONPATH} /usr/bin/python3 -W ignore:setup.py install is deprecated -W ignore:easy_install command is deprecated setup.py egg_info --egg-base ../../../../../build/examples_rclpy_minimal_action_client build --build-base /home/bryan/Workspace/ros2_ws/build/examples_rclpy_minimal_action_client/build install --record /home/bryan/Workspace/ros2_ws/build/examples_rclpy_minimal_action_client/install.log --single-version-externally-managed install_data --force
[43.604s] INFO:colcon.colcon_core.shell:Creating environment descriptor '/home/bryan/Workspace/ros2_ws/install/examples_rclpy_minimal_action_client/share/examples_rclpy_minimal_action_client/hook/pythonpath.dsv'
[43.606s] INFO:colcon.colcon_core.shell:Creating environment hook '/home/bryan/Workspace/ros2_ws/install/examples_rclpy_minimal_action_client/share/examples_rclpy_minimal_action_client/hook/pythonpath.sh'
[43.609s] Level 1:colcon.colcon_core.environment:checking '/home/bryan/Workspace/ros2_ws/install/examples_rclpy_minimal_action_client/bin'
[43.609s] Level 1:colcon.colcon_core.environment:create_environment_scripts_only(examples_rclpy_minimal_action_client)
[43.609s] INFO:colcon.colcon_core.shell:Creating package script '/home/bryan/Workspace/ros2_ws/install/examples_rclpy_minimal_action_client/share/examples_rclpy_minimal_action_client/package.ps1'
[43.612s] INFO:colcon.colcon_core.shell:Creating package descriptor '/home/bryan/Workspace/ros2_ws/install/examples_rclpy_minimal_action_client/share/examples_rclpy_minimal_action_client/package.dsv'
[43.614s] INFO:colcon.colcon_core.shell:Creating package script '/home/bryan/Workspace/ros2_ws/install/examples_rclpy_minimal_action_client/share/examples_rclpy_minimal_action_client/package.sh'
[43.626s] INFO:colcon.colcon_core.shell:Creating package script '/home/bryan/Workspace/ros2_ws/install/examples_rclpy_minimal_action_client/share/examples_rclpy_minimal_action_client/package.bash'
[43.629s] INFO:colcon.colcon_core.shell:Creating package script '/home/bryan/Workspace/ros2_ws/install/examples_rclpy_minimal_action_client/share/examples_rclpy_minimal_action_client/package.zsh'
[43.637s] Level 1:colcon.colcon_core.environment:create_file_with_runtime_dependencies(/home/bryan/Workspace/ros2_ws/install/examples_rclpy_minimal_action_client/share/colcon-core/packages/examples_rclpy_minimal_action_client)
[43.674s] INFO:colcon.colcon_ros.task.ament_python.build:Building ROS package in '/home/bryan/Workspace/ros2_ws/src/examples/rclpy/services/minimal_client' with build type 'ament_python'
[43.674s] Level 1:colcon.colcon_core.shell:create_environment_hook('examples_rclpy_minimal_client', 'ament_prefix_path')
[43.674s] INFO:colcon.colcon_core.shell:Creating environment hook '/home/bryan/Workspace/ros2_ws/install/examples_rclpy_minimal_client/share/examples_rclpy_minimal_client/hook/ament_prefix_path.ps1'
[43.676s] INFO:colcon.colcon_core.shell:Creating environment descriptor '/home/bryan/Workspace/ros2_ws/install/examples_rclpy_minimal_client/share/examples_rclpy_minimal_client/hook/ament_prefix_path.dsv'
[43.677s] INFO:colcon.colcon_core.shell:Creating environment hook '/home/bryan/Workspace/ros2_ws/install/examples_rclpy_minimal_client/share/examples_rclpy_minimal_client/hook/ament_prefix_path.sh'
[43.679s] INFO:colcon.colcon_core.shell:Skip shell extension 'powershell' for command environment: Not usable outside of PowerShell
[43.679s] DEBUG:colcon.colcon_core.shell:Skip shell extension 'dsv' for command environment
[44.552s] INFO:colcon.colcon_core.task.python.build:Building Python package in '/home/bryan/Workspace/ros2_ws/src/examples/rclpy/services/minimal_client'
[44.553s] INFO:colcon.colcon_core.shell:Skip shell extension 'powershell' for command environment: Not usable outside of PowerShell
[44.553s] DEBUG:colcon.colcon_core.shell:Skip shell extension 'dsv' for command environment
[44.699s] DEBUG:colcon.colcon_core.event_handler.log_command:Invoking command in '/home/bryan/Workspace/ros2_ws/build/examples_rclpy_minimal_action_server': PYTHONPATH=/home/bryan/Workspace/ros2_ws/build/examples_rclpy_minimal_action_server/prefix_override:/usr/lib/python3/dist-packages/colcon_core/task/python/colcon_distutils_commands:/home/bryan/Workspace/ros2_ws/install/examples_rclpy_minimal_action_server/lib/python3.10/site-packages:${PYTHONPATH} /usr/bin/python3 -W ignore:setup.py install is deprecated -W ignore:easy_install command is deprecated setup.py develop --uninstall --editable --build-directory /home/bryan/Workspace/ros2_ws/build/examples_rclpy_minimal_action_server/build
[45.725s] DEBUG:colcon.colcon_core.event_handler.log_command:Invoking command in '/home/bryan/Workspace/ros2_ws/build/examples_rclpy_minimal_client': PYTHONPATH=/home/bryan/Workspace/ros2_ws/build/examples_rclpy_minimal_client/prefix_override:/usr/lib/python3/dist-packages/colcon_core/task/python/colcon_distutils_commands:/home/bryan/Workspace/ros2_ws/install/examples_rclpy_minimal_client/lib/python3.10/site-packages:${PYTHONPATH} /usr/bin/python3 -W ignore:setup.py install is deprecated -W ignore:easy_install command is deprecated setup.py develop --uninstall --editable --build-directory /home/bryan/Workspace/ros2_ws/build/examples_rclpy_minimal_client/build
[46.072s] DEBUG:colcon.colcon_core.event_handler.log_command:Invoked command in '/home/bryan/Workspace/ros2_ws/build/examples_rclpy_minimal_action_server' returned '0': PYTHONPATH=/home/bryan/Workspace/ros2_ws/build/examples_rclpy_minimal_action_server/prefix_override:/usr/lib/python3/dist-packages/colcon_core/task/python/colcon_distutils_commands:/home/bryan/Workspace/ros2_ws/install/examples_rclpy_minimal_action_server/lib/python3.10/site-packages:${PYTHONPATH} /usr/bin/python3 -W ignore:setup.py install is deprecated -W ignore:easy_install command is deprecated setup.py develop --uninstall --editable --build-directory /home/bryan/Workspace/ros2_ws/build/examples_rclpy_minimal_action_server/build
[46.118s] DEBUG:colcon.colcon_core.event_handler.log_command:Invoking command in '/home/bryan/Workspace/ros2_ws/src/examples/rclpy/actions/minimal_action_server': PYTHONPATH=/home/bryan/Workspace/ros2_ws/build/examples_rclpy_minimal_action_server/prefix_override:/usr/lib/python3/dist-packages/colcon_core/task/python/colcon_distutils_commands:/home/bryan/Workspace/ros2_ws/install/examples_rclpy_minimal_action_server/lib/python3.10/site-packages:${PYTHONPATH} /usr/bin/python3 -W ignore:setup.py install is deprecated -W ignore:easy_install command is deprecated setup.py egg_info --egg-base ../../../../../build/examples_rclpy_minimal_action_server build --build-base /home/bryan/Workspace/ros2_ws/build/examples_rclpy_minimal_action_server/build install --record /home/bryan/Workspace/ros2_ws/build/examples_rclpy_minimal_action_server/install.log --single-version-externally-managed install_data --force
[46.536s] DEBUG:colcon.colcon_core.event_handler.log_command:Invoked command in '/home/bryan/Workspace/ros2_ws/build/examples_rclpy_minimal_client' returned '0': PYTHONPATH=/home/bryan/Workspace/ros2_ws/build/examples_rclpy_minimal_client/prefix_override:/usr/lib/python3/dist-packages/colcon_core/task/python/colcon_distutils_commands:/home/bryan/Workspace/ros2_ws/install/examples_rclpy_minimal_client/lib/python3.10/site-packages:${PYTHONPATH} /usr/bin/python3 -W ignore:setup.py install is deprecated -W ignore:easy_install command is deprecated setup.py develop --uninstall --editable --build-directory /home/bryan/Workspace/ros2_ws/build/examples_rclpy_minimal_client/build
[46.537s] DEBUG:colcon.colcon_core.event_handler.log_command:Invoking command in '/home/bryan/Workspace/ros2_ws/src/examples/rclpy/services/minimal_client': PYTHONPATH=/home/bryan/Workspace/ros2_ws/build/examples_rclpy_minimal_client/prefix_override:/usr/lib/python3/dist-packages/colcon_core/task/python/colcon_distutils_commands:/home/bryan/Workspace/ros2_ws/install/examples_rclpy_minimal_client/lib/python3.10/site-packages:${PYTHONPATH} /usr/bin/python3 -W ignore:setup.py install is deprecated -W ignore:easy_install command is deprecated setup.py egg_info --egg-base ../../../../../build/examples_rclpy_minimal_client build --build-base /home/bryan/Workspace/ros2_ws/build/examples_rclpy_minimal_client/build install --record /home/bryan/Workspace/ros2_ws/build/examples_rclpy_minimal_client/install.log --single-version-externally-managed install_data --force
[46.919s] Level 1:colcon.colcon_core.environment:checking '/home/bryan/Workspace/ros2_ws/install/examples_rclpy_minimal_action_server' for CMake module files
[46.923s] Level 1:colcon.colcon_core.environment:checking '/home/bryan/Workspace/ros2_ws/install/examples_rclpy_minimal_action_server' for CMake config files
[46.920s] DEBUG:colcon.colcon_core.event_handler.log_command:Invoked command in '/home/bryan/Workspace/ros2_ws/src/examples/rclpy/actions/minimal_action_server' returned '0': PYTHONPATH=/home/bryan/Workspace/ros2_ws/build/examples_rclpy_minimal_action_server/prefix_override:/usr/lib/python3/dist-packages/colcon_core/task/python/colcon_distutils_commands:/home/bryan/Workspace/ros2_ws/install/examples_rclpy_minimal_action_server/lib/python3.10/site-packages:${PYTHONPATH} /usr/bin/python3 -W ignore:setup.py install is deprecated -W ignore:easy_install command is deprecated setup.py egg_info --egg-base ../../../../../build/examples_rclpy_minimal_action_server build --build-base /home/bryan/Workspace/ros2_ws/build/examples_rclpy_minimal_action_server/build install --record /home/bryan/Workspace/ros2_ws/build/examples_rclpy_minimal_action_server/install.log --single-version-externally-managed install_data --force
[46.930s] Level 1:colcon.colcon_core.environment:checking '/home/bryan/Workspace/ros2_ws/install/examples_rclpy_minimal_action_server/lib'
[46.930s] Level 1:colcon.colcon_core.environment:checking '/home/bryan/Workspace/ros2_ws/install/examples_rclpy_minimal_action_server/bin'
[46.930s] Level 1:colcon.colcon_core.environment:checking '/home/bryan/Workspace/ros2_ws/install/examples_rclpy_minimal_action_server/lib/pkgconfig/examples_rclpy_minimal_action_server.pc'
[46.930s] Level 1:colcon.colcon_core.environment:checking '/home/bryan/Workspace/ros2_ws/install/examples_rclpy_minimal_action_server/lib/python3.10/site-packages'
[46.931s] Level 1:colcon.colcon_core.shell:create_environment_hook('examples_rclpy_minimal_action_server', 'pythonpath')
[46.931s] INFO:colcon.colcon_core.shell:Creating environment hook '/home/bryan/Workspace/ros2_ws/install/examples_rclpy_minimal_action_server/share/examples_rclpy_minimal_action_server/hook/pythonpath.ps1'
[46.932s] INFO:colcon.colcon_core.shell:Creating environment descriptor '/home/bryan/Workspace/ros2_ws/install/examples_rclpy_minimal_action_server/share/examples_rclpy_minimal_action_server/hook/pythonpath.dsv'
[46.934s] INFO:colcon.colcon_core.shell:Creating environment hook '/home/bryan/Workspace/ros2_ws/install/examples_rclpy_minimal_action_server/share/examples_rclpy_minimal_action_server/hook/pythonpath.sh'
[46.935s] Level 1:colcon.colcon_core.environment:checking '/home/bryan/Workspace/ros2_ws/install/examples_rclpy_minimal_action_server/bin'
[46.935s] Level 1:colcon.colcon_core.environment:create_environment_scripts_only(examples_rclpy_minimal_action_server)
[46.936s] INFO:colcon.colcon_core.shell:Creating package script '/home/bryan/Workspace/ros2_ws/install/examples_rclpy_minimal_action_server/share/examples_rclpy_minimal_action_server/package.ps1'
[46.937s] INFO:colcon.colcon_core.shell:Creating package descriptor '/home/bryan/Workspace/ros2_ws/install/examples_rclpy_minimal_action_server/share/examples_rclpy_minimal_action_server/package.dsv'
[46.938s] INFO:colcon.colcon_core.shell:Creating package script '/home/bryan/Workspace/ros2_ws/install/examples_rclpy_minimal_action_server/share/examples_rclpy_minimal_action_server/package.sh'
[46.939s] INFO:colcon.colcon_core.shell:Creating package script '/home/bryan/Workspace/ros2_ws/install/examples_rclpy_minimal_action_server/share/examples_rclpy_minimal_action_server/package.bash'
[46.940s] INFO:colcon.colcon_core.shell:Creating package script '/home/bryan/Workspace/ros2_ws/install/examples_rclpy_minimal_action_server/share/examples_rclpy_minimal_action_server/package.zsh'
[46.941s] Level 1:colcon.colcon_core.environment:create_file_with_runtime_dependencies(/home/bryan/Workspace/ros2_ws/install/examples_rclpy_minimal_action_server/share/colcon-core/packages/examples_rclpy_minimal_action_server)
[46.946s] INFO:colcon.colcon_ros.task.ament_python.build:Building ROS package in '/home/bryan/Workspace/ros2_ws/src/examples/rclpy/topics/minimal_publisher' with build type 'ament_python'
[46.948s] Level 1:colcon.colcon_core.shell:create_environment_hook('examples_rclpy_minimal_publisher', 'ament_prefix_path')
[46.949s] INFO:colcon.colcon_core.shell:Creating environment hook '/home/bryan/Workspace/ros2_ws/install/examples_rclpy_minimal_publisher/share/examples_rclpy_minimal_publisher/hook/ament_prefix_path.ps1'
[46.951s] INFO:colcon.colcon_core.shell:Creating environment descriptor '/home/bryan/Workspace/ros2_ws/install/examples_rclpy_minimal_publisher/share/examples_rclpy_minimal_publisher/hook/ament_prefix_path.dsv'
[46.954s] INFO:colcon.colcon_core.shell:Creating environment hook '/home/bryan/Workspace/ros2_ws/install/examples_rclpy_minimal_publisher/share/examples_rclpy_minimal_publisher/hook/ament_prefix_path.sh'
[46.962s] INFO:colcon.colcon_core.shell:Skip shell extension 'powershell' for command environment: Not usable outside of PowerShell
[46.963s] DEBUG:colcon.colcon_core.shell:Skip shell extension 'dsv' for command environment
[46.996s] Level 1:colcon.colcon_core.environment:checking '/home/bryan/Workspace/ros2_ws/install/examples_rclpy_minimal_client' for CMake module files
[46.997s] Level 1:colcon.colcon_core.environment:checking '/home/bryan/Workspace/ros2_ws/install/examples_rclpy_minimal_client' for CMake config files
[46.998s] Level 1:colcon.colcon_core.environment:checking '/home/bryan/Workspace/ros2_ws/install/examples_rclpy_minimal_client/lib'
[46.998s] Level 1:colcon.colcon_core.environment:checking '/home/bryan/Workspace/ros2_ws/install/examples_rclpy_minimal_client/bin'
[46.998s] Level 1:colcon.colcon_core.environment:checking '/home/bryan/Workspace/ros2_ws/install/examples_rclpy_minimal_client/lib/pkgconfig/examples_rclpy_minimal_client.pc'
[46.998s] Level 1:colcon.colcon_core.environment:checking '/home/bryan/Workspace/ros2_ws/install/examples_rclpy_minimal_client/lib/python3.10/site-packages'
[46.999s] Level 1:colcon.colcon_core.shell:create_environment_hook('examples_rclpy_minimal_client', 'pythonpath')
[46.999s] INFO:colcon.colcon_core.shell:Creating environment hook '/home/bryan/Workspace/ros2_ws/install/examples_rclpy_minimal_client/share/examples_rclpy_minimal_client/hook/pythonpath.ps1'
[47.000s] INFO:colcon.colcon_core.shell:Creating environment descriptor '/home/bryan/Workspace/ros2_ws/install/examples_rclpy_minimal_client/share/examples_rclpy_minimal_client/hook/pythonpath.dsv'
[47.001s] INFO:colcon.colcon_core.shell:Creating environment hook '/home/bryan/Workspace/ros2_ws/install/examples_rclpy_minimal_client/share/examples_rclpy_minimal_client/hook/pythonpath.sh'
[47.003s] Level 1:colcon.colcon_core.environment:checking '/home/bryan/Workspace/ros2_ws/install/examples_rclpy_minimal_client/bin'
[47.003s] Level 1:colcon.colcon_core.environment:create_environment_scripts_only(examples_rclpy_minimal_client)
[47.003s] INFO:colcon.colcon_core.shell:Creating package script '/home/bryan/Workspace/ros2_ws/install/examples_rclpy_minimal_client/share/examples_rclpy_minimal_client/package.ps1'
[47.004s] INFO:colcon.colcon_core.shell:Creating package descriptor '/home/bryan/Workspace/ros2_ws/install/examples_rclpy_minimal_client/share/examples_rclpy_minimal_client/package.dsv'
[47.005s] INFO:colcon.colcon_core.shell:Creating package script '/home/bryan/Workspace/ros2_ws/install/examples_rclpy_minimal_client/share/examples_rclpy_minimal_client/package.sh'
[47.006s] INFO:colcon.colcon_core.shell:Creating package script '/home/bryan/Workspace/ros2_ws/install/examples_rclpy_minimal_client/share/examples_rclpy_minimal_client/package.bash'
[47.007s] INFO:colcon.colcon_core.shell:Creating package script '/home/bryan/Workspace/ros2_ws/install/examples_rclpy_minimal_client/share/examples_rclpy_minimal_client/package.zsh'
[47.008s] Level 1:colcon.colcon_core.environment:create_file_with_runtime_dependencies(/home/bryan/Workspace/ros2_ws/install/examples_rclpy_minimal_client/share/colcon-core/packages/examples_rclpy_minimal_client)
[47.009s] INFO:colcon.colcon_ros.task.ament_python.build:Building ROS package in '/home/bryan/Workspace/ros2_ws/src/examples/rclpy/services/minimal_service' with build type 'ament_python'
[47.009s] Level 1:colcon.colcon_core.shell:create_environment_hook('examples_rclpy_minimal_service', 'ament_prefix_path')
[47.010s] INFO:colcon.colcon_core.shell:Creating environment hook '/home/bryan/Workspace/ros2_ws/install/examples_rclpy_minimal_service/share/examples_rclpy_minimal_service/hook/ament_prefix_path.ps1'
[47.010s] INFO:colcon.colcon_core.shell:Creating environment descriptor '/home/bryan/Workspace/ros2_ws/install/examples_rclpy_minimal_service/share/examples_rclpy_minimal_service/hook/ament_prefix_path.dsv'
[47.011s] INFO:colcon.colcon_core.shell:Creating environment hook '/home/bryan/Workspace/ros2_ws/install/examples_rclpy_minimal_service/share/examples_rclpy_minimal_service/hook/ament_prefix_path.sh'
[46.996s] DEBUG:colcon.colcon_core.event_handler.log_command:Invoked command in '/home/bryan/Workspace/ros2_ws/src/examples/rclpy/services/minimal_client' returned '0': PYTHONPATH=/home/bryan/Workspace/ros2_ws/build/examples_rclpy_minimal_client/prefix_override:/usr/lib/python3/dist-packages/colcon_core/task/python/colcon_distutils_commands:/home/bryan/Workspace/ros2_ws/install/examples_rclpy_minimal_client/lib/python3.10/site-packages:${PYTHONPATH} /usr/bin/python3 -W ignore:setup.py install is deprecated -W ignore:easy_install command is deprecated setup.py egg_info --egg-base ../../../../../build/examples_rclpy_minimal_client build --build-base /home/bryan/Workspace/ros2_ws/build/examples_rclpy_minimal_client/build install --record /home/bryan/Workspace/ros2_ws/build/examples_rclpy_minimal_client/install.log --single-version-externally-managed install_data --force
[47.053s] INFO:colcon.colcon_core.shell:Skip shell extension 'powershell' for command environment: Not usable outside of PowerShell
[47.053s] DEBUG:colcon.colcon_core.shell:Skip shell extension 'dsv' for command environment
[47.536s] INFO:colcon.colcon_core.task.python.build:Building Python package in '/home/bryan/Workspace/ros2_ws/src/examples/rclpy/topics/minimal_publisher'
[47.537s] INFO:colcon.colcon_core.shell:Skip shell extension 'powershell' for command environment: Not usable outside of PowerShell
[47.537s] DEBUG:colcon.colcon_core.shell:Skip shell extension 'dsv' for command environment
[48.000s] INFO:colcon.colcon_core.task.python.build:Building Python package in '/home/bryan/Workspace/ros2_ws/src/examples/rclpy/services/minimal_service'
[48.002s] INFO:colcon.colcon_core.shell:Skip shell extension 'powershell' for command environment: Not usable outside of PowerShell
[48.002s] DEBUG:colcon.colcon_core.shell:Skip shell extension 'dsv' for command environment
[48.747s] DEBUG:colcon.colcon_core.event_handler.log_command:Invoking command in '/home/bryan/Workspace/ros2_ws/build/examples_rclpy_minimal_publisher': PYTHONPATH=/home/bryan/Workspace/ros2_ws/build/examples_rclpy_minimal_publisher/prefix_override:/usr/lib/python3/dist-packages/colcon_core/task/python/colcon_distutils_commands:/home/bryan/Workspace/ros2_ws/install/examples_rclpy_minimal_publisher/lib/python3.10/site-packages:${PYTHONPATH} /usr/bin/python3 -W ignore:setup.py install is deprecated -W ignore:easy_install command is deprecated setup.py develop --uninstall --editable --build-directory /home/bryan/Workspace/ros2_ws/build/examples_rclpy_minimal_publisher/build
[49.055s] DEBUG:colcon.colcon_core.event_handler.log_command:Invoking command in '/home/bryan/Workspace/ros2_ws/build/examples_rclpy_minimal_service': PYTHONPATH=/home/bryan/Workspace/ros2_ws/build/examples_rclpy_minimal_service/prefix_override:/usr/lib/python3/dist-packages/colcon_core/task/python/colcon_distutils_commands:/home/bryan/Workspace/ros2_ws/install/examples_rclpy_minimal_service/lib/python3.10/site-packages:${PYTHONPATH} /usr/bin/python3 -W ignore:setup.py install is deprecated -W ignore:easy_install command is deprecated setup.py develop --uninstall --editable --build-directory /home/bryan/Workspace/ros2_ws/build/examples_rclpy_minimal_service/build
[49.968s] DEBUG:colcon.colcon_core.event_handler.log_command:Invoked command in '/home/bryan/Workspace/ros2_ws/build/examples_rclpy_minimal_publisher' returned '0': PYTHONPATH=/home/bryan/Workspace/ros2_ws/build/examples_rclpy_minimal_publisher/prefix_override:/usr/lib/python3/dist-packages/colcon_core/task/python/colcon_distutils_commands:/home/bryan/Workspace/ros2_ws/install/examples_rclpy_minimal_publisher/lib/python3.10/site-packages:${PYTHONPATH} /usr/bin/python3 -W ignore:setup.py install is deprecated -W ignore:easy_install command is deprecated setup.py develop --uninstall --editable --build-directory /home/bryan/Workspace/ros2_ws/build/examples_rclpy_minimal_publisher/build
[49.976s] DEBUG:colcon.colcon_core.event_handler.log_command:Invoking command in '/home/bryan/Workspace/ros2_ws/src/examples/rclpy/topics/minimal_publisher': PYTHONPATH=/home/bryan/Workspace/ros2_ws/build/examples_rclpy_minimal_publisher/prefix_override:/usr/lib/python3/dist-packages/colcon_core/task/python/colcon_distutils_commands:/home/bryan/Workspace/ros2_ws/install/examples_rclpy_minimal_publisher/lib/python3.10/site-packages:${PYTHONPATH} /usr/bin/python3 -W ignore:setup.py install is deprecated -W ignore:easy_install command is deprecated setup.py egg_info --egg-base ../../../../../build/examples_rclpy_minimal_publisher build --build-base /home/bryan/Workspace/ros2_ws/build/examples_rclpy_minimal_publisher/build install --record /home/bryan/Workspace/ros2_ws/build/examples_rclpy_minimal_publisher/install.log --single-version-externally-managed install_data --force
[50.194s] DEBUG:colcon.colcon_core.event_handler.log_command:Invoked command in '/home/bryan/Workspace/ros2_ws/build/examples_rclpy_minimal_service' returned '0': PYTHONPATH=/home/bryan/Workspace/ros2_ws/build/examples_rclpy_minimal_service/prefix_override:/usr/lib/python3/dist-packages/colcon_core/task/python/colcon_distutils_commands:/home/bryan/Workspace/ros2_ws/install/examples_rclpy_minimal_service/lib/python3.10/site-packages:${PYTHONPATH} /usr/bin/python3 -W ignore:setup.py install is deprecated -W ignore:easy_install command is deprecated setup.py develop --uninstall --editable --build-directory /home/bryan/Workspace/ros2_ws/build/examples_rclpy_minimal_service/build
[50.203s] DEBUG:colcon.colcon_core.event_handler.log_command:Invoking command in '/home/bryan/Workspace/ros2_ws/src/examples/rclpy/services/minimal_service': PYTHONPATH=/home/bryan/Workspace/ros2_ws/build/examples_rclpy_minimal_service/prefix_override:/usr/lib/python3/dist-packages/colcon_core/task/python/colcon_distutils_commands:/home/bryan/Workspace/ros2_ws/install/examples_rclpy_minimal_service/lib/python3.10/site-packages:${PYTHONPATH} /usr/bin/python3 -W ignore:setup.py install is deprecated -W ignore:easy_install command is deprecated setup.py egg_info --egg-base ../../../../../build/examples_rclpy_minimal_service build --build-base /home/bryan/Workspace/ros2_ws/build/examples_rclpy_minimal_service/build install --record /home/bryan/Workspace/ros2_ws/build/examples_rclpy_minimal_service/install.log --single-version-externally-managed install_data --force
[50.770s] Level 1:colcon.colcon_core.environment:checking '/home/bryan/Workspace/ros2_ws/install/examples_rclpy_minimal_publisher' for CMake module files
[50.773s] DEBUG:colcon.colcon_core.event_handler.log_command:Invoked command in '/home/bryan/Workspace/ros2_ws/src/examples/rclpy/topics/minimal_publisher' returned '0': PYTHONPATH=/home/bryan/Workspace/ros2_ws/build/examples_rclpy_minimal_publisher/prefix_override:/usr/lib/python3/dist-packages/colcon_core/task/python/colcon_distutils_commands:/home/bryan/Workspace/ros2_ws/install/examples_rclpy_minimal_publisher/lib/python3.10/site-packages:${PYTHONPATH} /usr/bin/python3 -W ignore:setup.py install is deprecated -W ignore:easy_install command is deprecated setup.py egg_info --egg-base ../../../../../build/examples_rclpy_minimal_publisher build --build-base /home/bryan/Workspace/ros2_ws/build/examples_rclpy_minimal_publisher/build install --record /home/bryan/Workspace/ros2_ws/build/examples_rclpy_minimal_publisher/install.log --single-version-externally-managed install_data --force
[50.774s] Level 1:colcon.colcon_core.environment:checking '/home/bryan/Workspace/ros2_ws/install/examples_rclpy_minimal_publisher' for CMake config files
[50.776s] Level 1:colcon.colcon_core.environment:checking '/home/bryan/Workspace/ros2_ws/install/examples_rclpy_minimal_publisher/lib'
[50.776s] Level 1:colcon.colcon_core.environment:checking '/home/bryan/Workspace/ros2_ws/install/examples_rclpy_minimal_publisher/bin'
[50.777s] Level 1:colcon.colcon_core.environment:checking '/home/bryan/Workspace/ros2_ws/install/examples_rclpy_minimal_publisher/lib/pkgconfig/examples_rclpy_minimal_publisher.pc'
[50.777s] Level 1:colcon.colcon_core.environment:checking '/home/bryan/Workspace/ros2_ws/install/examples_rclpy_minimal_publisher/lib/python3.10/site-packages'
[50.777s] Level 1:colcon.colcon_core.shell:create_environment_hook('examples_rclpy_minimal_publisher', 'pythonpath')
[50.789s] INFO:colcon.colcon_core.shell:Creating environment hook '/home/bryan/Workspace/ros2_ws/install/examples_rclpy_minimal_publisher/share/examples_rclpy_minimal_publisher/hook/pythonpath.ps1'
[50.790s] INFO:colcon.colcon_core.shell:Creating environment descriptor '/home/bryan/Workspace/ros2_ws/install/examples_rclpy_minimal_publisher/share/examples_rclpy_minimal_publisher/hook/pythonpath.dsv'
[50.792s] INFO:colcon.colcon_core.shell:Creating environment hook '/home/bryan/Workspace/ros2_ws/install/examples_rclpy_minimal_publisher/share/examples_rclpy_minimal_publisher/hook/pythonpath.sh'
[50.794s] Level 1:colcon.colcon_core.environment:checking '/home/bryan/Workspace/ros2_ws/install/examples_rclpy_minimal_publisher/bin'
[50.795s] Level 1:colcon.colcon_core.environment:create_environment_scripts_only(examples_rclpy_minimal_publisher)
[50.796s] INFO:colcon.colcon_core.shell:Creating package script '/home/bryan/Workspace/ros2_ws/install/examples_rclpy_minimal_publisher/share/examples_rclpy_minimal_publisher/package.ps1'
[50.797s] INFO:colcon.colcon_core.shell:Creating package descriptor '/home/bryan/Workspace/ros2_ws/install/examples_rclpy_minimal_publisher/share/examples_rclpy_minimal_publisher/package.dsv'
[50.874s] INFO:colcon.colcon_core.shell:Creating package script '/home/bryan/Workspace/ros2_ws/install/examples_rclpy_minimal_publisher/share/examples_rclpy_minimal_publisher/package.sh'
[50.877s] INFO:colcon.colcon_core.shell:Creating package script '/home/bryan/Workspace/ros2_ws/install/examples_rclpy_minimal_publisher/share/examples_rclpy_minimal_publisher/package.bash'
[50.879s] INFO:colcon.colcon_core.shell:Creating package script '/home/bryan/Workspace/ros2_ws/install/examples_rclpy_minimal_publisher/share/examples_rclpy_minimal_publisher/package.zsh'
[50.881s] Level 1:colcon.colcon_core.environment:create_file_with_runtime_dependencies(/home/bryan/Workspace/ros2_ws/install/examples_rclpy_minimal_publisher/share/colcon-core/packages/examples_rclpy_minimal_publisher)
[50.890s] INFO:colcon.colcon_ros.task.ament_python.build:Building ROS package in '/home/bryan/Workspace/ros2_ws/src/examples/rclpy/topics/minimal_subscriber' with build type 'ament_python'
[50.890s] Level 1:colcon.colcon_core.shell:create_environment_hook('examples_rclpy_minimal_subscriber', 'ament_prefix_path')
[50.890s] INFO:colcon.colcon_core.shell:Creating environment hook '/home/bryan/Workspace/ros2_ws/install/examples_rclpy_minimal_subscriber/share/examples_rclpy_minimal_subscriber/hook/ament_prefix_path.ps1'
[50.891s] INFO:colcon.colcon_core.shell:Creating environment descriptor '/home/bryan/Workspace/ros2_ws/install/examples_rclpy_minimal_subscriber/share/examples_rclpy_minimal_subscriber/hook/ament_prefix_path.dsv'
[50.893s] INFO:colcon.colcon_core.shell:Creating environment hook '/home/bryan/Workspace/ros2_ws/install/examples_rclpy_minimal_subscriber/share/examples_rclpy_minimal_subscriber/hook/ament_prefix_path.sh'
[50.894s] INFO:colcon.colcon_core.shell:Skip shell extension 'powershell' for command environment: Not usable outside of PowerShell
[50.894s] DEBUG:colcon.colcon_core.shell:Skip shell extension 'dsv' for command environment
[51.466s] INFO:colcon.colcon_core.task.python.build:Building Python package in '/home/bryan/Workspace/ros2_ws/src/examples/rclpy/topics/minimal_subscriber'
[51.467s] INFO:colcon.colcon_core.shell:Skip shell extension 'powershell' for command environment: Not usable outside of PowerShell
[51.468s] DEBUG:colcon.colcon_core.shell:Skip shell extension 'dsv' for command environment
[51.498s] Level 1:colcon.colcon_core.environment:checking '/home/bryan/Workspace/ros2_ws/install/examples_rclpy_minimal_service' for CMake module files
[51.499s] Level 1:colcon.colcon_core.environment:checking '/home/bryan/Workspace/ros2_ws/install/examples_rclpy_minimal_service' for CMake config files
[51.500s] Level 1:colcon.colcon_core.environment:checking '/home/bryan/Workspace/ros2_ws/install/examples_rclpy_minimal_service/lib'
[51.500s] Level 1:colcon.colcon_core.environment:checking '/home/bryan/Workspace/ros2_ws/install/examples_rclpy_minimal_service/bin'
[51.500s] Level 1:colcon.colcon_core.environment:checking '/home/bryan/Workspace/ros2_ws/install/examples_rclpy_minimal_service/lib/pkgconfig/examples_rclpy_minimal_service.pc'
[51.500s] Level 1:colcon.colcon_core.environment:checking '/home/bryan/Workspace/ros2_ws/install/examples_rclpy_minimal_service/lib/python3.10/site-packages'
[51.500s] Level 1:colcon.colcon_core.shell:create_environment_hook('examples_rclpy_minimal_service', 'pythonpath')
[51.500s] INFO:colcon.colcon_core.shell:Creating environment hook '/home/bryan/Workspace/ros2_ws/install/examples_rclpy_minimal_service/share/examples_rclpy_minimal_service/hook/pythonpath.ps1'
[51.503s] INFO:colcon.colcon_core.shell:Creating environment descriptor '/home/bryan/Workspace/ros2_ws/install/examples_rclpy_minimal_service/share/examples_rclpy_minimal_service/hook/pythonpath.dsv'
[51.510s] DEBUG:colcon.colcon_core.event_handler.log_command:Invoked command in '/home/bryan/Workspace/ros2_ws/src/examples/rclpy/services/minimal_service' returned '0': PYTHONPATH=/home/bryan/Workspace/ros2_ws/build/examples_rclpy_minimal_service/prefix_override:/usr/lib/python3/dist-packages/colcon_core/task/python/colcon_distutils_commands:/home/bryan/Workspace/ros2_ws/install/examples_rclpy_minimal_service/lib/python3.10/site-packages:${PYTHONPATH} /usr/bin/python3 -W ignore:setup.py install is deprecated -W ignore:easy_install command is deprecated setup.py egg_info --egg-base ../../../../../build/examples_rclpy_minimal_service build --build-base /home/bryan/Workspace/ros2_ws/build/examples_rclpy_minimal_service/build install --record /home/bryan/Workspace/ros2_ws/build/examples_rclpy_minimal_service/install.log --single-version-externally-managed install_data --force
[51.512s] INFO:colcon.colcon_core.shell:Creating environment hook '/home/bryan/Workspace/ros2_ws/install/examples_rclpy_minimal_service/share/examples_rclpy_minimal_service/hook/pythonpath.sh'
[51.518s] Level 1:colcon.colcon_core.environment:checking '/home/bryan/Workspace/ros2_ws/install/examples_rclpy_minimal_service/bin'
[51.519s] Level 1:colcon.colcon_core.environment:create_environment_scripts_only(examples_rclpy_minimal_service)
[51.522s] INFO:colcon.colcon_core.shell:Creating package script '/home/bryan/Workspace/ros2_ws/install/examples_rclpy_minimal_service/share/examples_rclpy_minimal_service/package.ps1'
[51.526s] INFO:colcon.colcon_core.shell:Creating package descriptor '/home/bryan/Workspace/ros2_ws/install/examples_rclpy_minimal_service/share/examples_rclpy_minimal_service/package.dsv'
[51.531s] INFO:colcon.colcon_core.shell:Creating package script '/home/bryan/Workspace/ros2_ws/install/examples_rclpy_minimal_service/share/examples_rclpy_minimal_service/package.sh'
[51.534s] INFO:colcon.colcon_core.shell:Creating package script '/home/bryan/Workspace/ros2_ws/install/examples_rclpy_minimal_service/share/examples_rclpy_minimal_service/package.bash'
[51.544s] INFO:colcon.colcon_core.shell:Creating package script '/home/bryan/Workspace/ros2_ws/install/examples_rclpy_minimal_service/share/examples_rclpy_minimal_service/package.zsh'
[51.559s] Level 1:colcon.colcon_core.environment:create_file_with_runtime_dependencies(/home/bryan/Workspace/ros2_ws/install/examples_rclpy_minimal_service/share/colcon-core/packages/examples_rclpy_minimal_service)
[51.561s] INFO:colcon.colcon_ros.task.ament_python.build:Building ROS package in '/home/bryan/Workspace/ros2_ws/src/examples/rclpy/topics/pointcloud_publisher' with build type 'ament_python'
[51.561s] Level 1:colcon.colcon_core.shell:create_environment_hook('examples_rclpy_pointcloud_publisher', 'ament_prefix_path')
[51.562s] INFO:colcon.colcon_core.shell:Creating environment hook '/home/bryan/Workspace/ros2_ws/install/examples_rclpy_pointcloud_publisher/share/examples_rclpy_pointcloud_publisher/hook/ament_prefix_path.ps1'
[51.564s] INFO:colcon.colcon_core.shell:Creating environment descriptor '/home/bryan/Workspace/ros2_ws/install/examples_rclpy_pointcloud_publisher/share/examples_rclpy_pointcloud_publisher/hook/ament_prefix_path.dsv'
[51.566s] INFO:colcon.colcon_core.shell:Creating environment hook '/home/bryan/Workspace/ros2_ws/install/examples_rclpy_pointcloud_publisher/share/examples_rclpy_pointcloud_publisher/hook/ament_prefix_path.sh'
[51.568s] INFO:colcon.colcon_core.shell:Skip shell extension 'powershell' for command environment: Not usable outside of PowerShell
[51.569s] DEBUG:colcon.colcon_core.shell:Skip shell extension 'dsv' for command environment
[52.235s] INFO:colcon.colcon_core.task.python.build:Building Python package in '/home/bryan/Workspace/ros2_ws/src/examples/rclpy/topics/pointcloud_publisher'
[52.239s] INFO:colcon.colcon_core.shell:Skip shell extension 'powershell' for command environment: Not usable outside of PowerShell
[52.240s] DEBUG:colcon.colcon_core.shell:Skip shell extension 'dsv' for command environment
[52.648s] DEBUG:colcon.colcon_core.event_handler.log_command:Invoking command in '/home/bryan/Workspace/ros2_ws/build/examples_rclpy_minimal_subscriber': PYTHONPATH=/home/bryan/Workspace/ros2_ws/build/examples_rclpy_minimal_subscriber/prefix_override:/usr/lib/python3/dist-packages/colcon_core/task/python/colcon_distutils_commands:/home/bryan/Workspace/ros2_ws/install/examples_rclpy_minimal_subscriber/lib/python3.10/site-packages:${PYTHONPATH} /usr/bin/python3 -W ignore:setup.py install is deprecated -W ignore:easy_install command is deprecated setup.py develop --uninstall --editable --build-directory /home/bryan/Workspace/ros2_ws/build/examples_rclpy_minimal_subscriber/build
[53.192s] DEBUG:colcon.colcon_core.event_handler.log_command:Invoking command in '/home/bryan/Workspace/ros2_ws/build/examples_rclpy_pointcloud_publisher': PYTHONPATH=/home/bryan/Workspace/ros2_ws/build/examples_rclpy_pointcloud_publisher/prefix_override:/usr/lib/python3/dist-packages/colcon_core/task/python/colcon_distutils_commands:/home/bryan/Workspace/ros2_ws/install/examples_rclpy_pointcloud_publisher/lib/python3.10/site-packages:${PYTHONPATH} /usr/bin/python3 -W ignore:setup.py install is deprecated -W ignore:easy_install command is deprecated setup.py develop --uninstall --editable --build-directory /home/bryan/Workspace/ros2_ws/build/examples_rclpy_pointcloud_publisher/build
[53.840s] DEBUG:colcon.colcon_core.event_handler.log_command:Invoked command in '/home/bryan/Workspace/ros2_ws/build/examples_rclpy_minimal_subscriber' returned '0': PYTHONPATH=/home/bryan/Workspace/ros2_ws/build/examples_rclpy_minimal_subscriber/prefix_override:/usr/lib/python3/dist-packages/colcon_core/task/python/colcon_distutils_commands:/home/bryan/Workspace/ros2_ws/install/examples_rclpy_minimal_subscriber/lib/python3.10/site-packages:${PYTHONPATH} /usr/bin/python3 -W ignore:setup.py install is deprecated -W ignore:easy_install command is deprecated setup.py develop --uninstall --editable --build-directory /home/bryan/Workspace/ros2_ws/build/examples_rclpy_minimal_subscriber/build
[53.866s] DEBUG:colcon.colcon_core.event_handler.log_command:Invoking command in '/home/bryan/Workspace/ros2_ws/src/examples/rclpy/topics/minimal_subscriber': PYTHONPATH=/home/bryan/Workspace/ros2_ws/build/examples_rclpy_minimal_subscriber/prefix_override:/usr/lib/python3/dist-packages/colcon_core/task/python/colcon_distutils_commands:/home/bryan/Workspace/ros2_ws/install/examples_rclpy_minimal_subscriber/lib/python3.10/site-packages:${PYTHONPATH} /usr/bin/python3 -W ignore:setup.py install is deprecated -W ignore:easy_install command is deprecated setup.py egg_info --egg-base ../../../../../build/examples_rclpy_minimal_subscriber build --build-base /home/bryan/Workspace/ros2_ws/build/examples_rclpy_minimal_subscriber/build install --record /home/bryan/Workspace/ros2_ws/build/examples_rclpy_minimal_subscriber/install.log --single-version-externally-managed install_data --force
[54.310s] DEBUG:colcon.colcon_core.event_handler.log_command:Invoked command in '/home/bryan/Workspace/ros2_ws/build/examples_rclpy_pointcloud_publisher' returned '0': PYTHONPATH=/home/bryan/Workspace/ros2_ws/build/examples_rclpy_pointcloud_publisher/prefix_override:/usr/lib/python3/dist-packages/colcon_core/task/python/colcon_distutils_commands:/home/bryan/Workspace/ros2_ws/install/examples_rclpy_pointcloud_publisher/lib/python3.10/site-packages:${PYTHONPATH} /usr/bin/python3 -W ignore:setup.py install is deprecated -W ignore:easy_install command is deprecated setup.py develop --uninstall --editable --build-directory /home/bryan/Workspace/ros2_ws/build/examples_rclpy_pointcloud_publisher/build
[54.336s] DEBUG:colcon.colcon_core.event_handler.log_command:Invoking command in '/home/bryan/Workspace/ros2_ws/src/examples/rclpy/topics/pointcloud_publisher': PYTHONPATH=/home/bryan/Workspace/ros2_ws/build/examples_rclpy_pointcloud_publisher/prefix_override:/usr/lib/python3/dist-packages/colcon_core/task/python/colcon_distutils_commands:/home/bryan/Workspace/ros2_ws/install/examples_rclpy_pointcloud_publisher/lib/python3.10/site-packages:${PYTHONPATH} /usr/bin/python3 -W ignore:setup.py install is deprecated -W ignore:easy_install command is deprecated setup.py egg_info --egg-base ../../../../../build/examples_rclpy_pointcloud_publisher build --build-base /home/bryan/Workspace/ros2_ws/build/examples_rclpy_pointcloud_publisher/build install --record /home/bryan/Workspace/ros2_ws/build/examples_rclpy_pointcloud_publisher/install.log --single-version-externally-managed install_data --force
[54.661s] Level 1:colcon.colcon_core.environment:checking '/home/bryan/Workspace/ros2_ws/install/examples_rclpy_minimal_subscriber' for CMake module files
[54.697s] Level 1:colcon.colcon_core.environment:checking '/home/bryan/Workspace/ros2_ws/install/examples_rclpy_minimal_subscriber' for CMake config files
[54.699s] DEBUG:colcon.colcon_core.event_handler.log_command:Invoked command in '/home/bryan/Workspace/ros2_ws/src/examples/rclpy/topics/minimal_subscriber' returned '0': PYTHONPATH=/home/bryan/Workspace/ros2_ws/build/examples_rclpy_minimal_subscriber/prefix_override:/usr/lib/python3/dist-packages/colcon_core/task/python/colcon_distutils_commands:/home/bryan/Workspace/ros2_ws/install/examples_rclpy_minimal_subscriber/lib/python3.10/site-packages:${PYTHONPATH} /usr/bin/python3 -W ignore:setup.py install is deprecated -W ignore:easy_install command is deprecated setup.py egg_info --egg-base ../../../../../build/examples_rclpy_minimal_subscriber build --build-base /home/bryan/Workspace/ros2_ws/build/examples_rclpy_minimal_subscriber/build install --record /home/bryan/Workspace/ros2_ws/build/examples_rclpy_minimal_subscriber/install.log --single-version-externally-managed install_data --force
[54.702s] Level 1:colcon.colcon_core.environment:checking '/home/bryan/Workspace/ros2_ws/install/examples_rclpy_minimal_subscriber/lib'
[54.707s] Level 1:colcon.colcon_core.environment:checking '/home/bryan/Workspace/ros2_ws/install/examples_rclpy_minimal_subscriber/bin'
[54.707s] Level 1:colcon.colcon_core.environment:checking '/home/bryan/Workspace/ros2_ws/install/examples_rclpy_minimal_subscriber/lib/pkgconfig/examples_rclpy_minimal_subscriber.pc'
[54.708s] Level 1:colcon.colcon_core.environment:checking '/home/bryan/Workspace/ros2_ws/install/examples_rclpy_minimal_subscriber/lib/python3.10/site-packages'
[54.708s] Level 1:colcon.colcon_core.shell:create_environment_hook('examples_rclpy_minimal_subscriber', 'pythonpath')
[54.709s] INFO:colcon.colcon_core.shell:Creating environment hook '/home/bryan/Workspace/ros2_ws/install/examples_rclpy_minimal_subscriber/share/examples_rclpy_minimal_subscriber/hook/pythonpath.ps1'
[54.719s] INFO:colcon.colcon_core.shell:Creating environment descriptor '/home/bryan/Workspace/ros2_ws/install/examples_rclpy_minimal_subscriber/share/examples_rclpy_minimal_subscriber/hook/pythonpath.dsv'
[54.720s] INFO:colcon.colcon_core.shell:Creating environment hook '/home/bryan/Workspace/ros2_ws/install/examples_rclpy_minimal_subscriber/share/examples_rclpy_minimal_subscriber/hook/pythonpath.sh'
[54.731s] Level 1:colcon.colcon_core.environment:checking '/home/bryan/Workspace/ros2_ws/install/examples_rclpy_minimal_subscriber/bin'
[54.732s] Level 1:colcon.colcon_core.environment:create_environment_scripts_only(examples_rclpy_minimal_subscriber)
[54.732s] INFO:colcon.colcon_core.shell:Creating package script '/home/bryan/Workspace/ros2_ws/install/examples_rclpy_minimal_subscriber/share/examples_rclpy_minimal_subscriber/package.ps1'
[54.733s] INFO:colcon.colcon_core.shell:Creating package descriptor '/home/bryan/Workspace/ros2_ws/install/examples_rclpy_minimal_subscriber/share/examples_rclpy_minimal_subscriber/package.dsv'
[54.737s] INFO:colcon.colcon_core.shell:Creating package script '/home/bryan/Workspace/ros2_ws/install/examples_rclpy_minimal_subscriber/share/examples_rclpy_minimal_subscriber/package.sh'
[54.739s] INFO:colcon.colcon_core.shell:Creating package script '/home/bryan/Workspace/ros2_ws/install/examples_rclpy_minimal_subscriber/share/examples_rclpy_minimal_subscriber/package.bash'
[54.744s] INFO:colcon.colcon_core.shell:Creating package script '/home/bryan/Workspace/ros2_ws/install/examples_rclpy_minimal_subscriber/share/examples_rclpy_minimal_subscriber/package.zsh'
[54.749s] Level 1:colcon.colcon_core.environment:create_file_with_runtime_dependencies(/home/bryan/Workspace/ros2_ws/install/examples_rclpy_minimal_subscriber/share/colcon-core/packages/examples_rclpy_minimal_subscriber)
[54.766s] INFO:colcon.colcon_ros.task.ament_python.build:Building ROS package in '/home/bryan/Workspace/ros2_ws/first_package' with build type 'ament_python'
[54.766s] Level 1:colcon.colcon_core.shell:create_environment_hook('first_package', 'ament_prefix_path')
[54.767s] INFO:colcon.colcon_core.shell:Creating environment hook '/home/bryan/Workspace/ros2_ws/install/first_package/share/first_package/hook/ament_prefix_path.ps1'
[54.768s] INFO:colcon.colcon_core.shell:Creating environment descriptor '/home/bryan/Workspace/ros2_ws/install/first_package/share/first_package/hook/ament_prefix_path.dsv'
[54.771s] INFO:colcon.colcon_core.shell:Creating environment hook '/home/bryan/Workspace/ros2_ws/install/first_package/share/first_package/hook/ament_prefix_path.sh'
[54.779s] INFO:colcon.colcon_core.shell:Skip shell extension 'powershell' for command environment: Not usable outside of PowerShell
[54.779s] DEBUG:colcon.colcon_core.shell:Skip shell extension 'dsv' for command environment
[55.448s] INFO:colcon.colcon_core.task.python.build:Building Python package in '/home/bryan/Workspace/ros2_ws/first_package'
[55.450s] INFO:colcon.colcon_core.shell:Skip shell extension 'powershell' for command environment: Not usable outside of PowerShell
[55.451s] DEBUG:colcon.colcon_core.shell:Skip shell extension 'dsv' for command environment
[55.635s] DEBUG:colcon.colcon_core.event_handler.log_command:Invoked command in '/home/bryan/Workspace/ros2_ws/src/examples/rclpy/topics/pointcloud_publisher' returned '0': PYTHONPATH=/home/bryan/Workspace/ros2_ws/build/examples_rclpy_pointcloud_publisher/prefix_override:/usr/lib/python3/dist-packages/colcon_core/task/python/colcon_distutils_commands:/home/bryan/Workspace/ros2_ws/install/examples_rclpy_pointcloud_publisher/lib/python3.10/site-packages:${PYTHONPATH} /usr/bin/python3 -W ignore:setup.py install is deprecated -W ignore:easy_install command is deprecated setup.py egg_info --egg-base ../../../../../build/examples_rclpy_pointcloud_publisher build --build-base /home/bryan/Workspace/ros2_ws/build/examples_rclpy_pointcloud_publisher/build install --record /home/bryan/Workspace/ros2_ws/build/examples_rclpy_pointcloud_publisher/install.log --single-version-externally-managed install_data --force
[55.635s] Level 1:colcon.colcon_core.environment:checking '/home/bryan/Workspace/ros2_ws/install/examples_rclpy_pointcloud_publisher' for CMake module files
[55.640s] Level 1:colcon.colcon_core.environment:checking '/home/bryan/Workspace/ros2_ws/install/examples_rclpy_pointcloud_publisher' for CMake config files
[55.641s] Level 1:colcon.colcon_core.environment:checking '/home/bryan/Workspace/ros2_ws/install/examples_rclpy_pointcloud_publisher/lib'
[55.641s] Level 1:colcon.colcon_core.environment:checking '/home/bryan/Workspace/ros2_ws/install/examples_rclpy_pointcloud_publisher/bin'
[55.642s] Level 1:colcon.colcon_core.environment:checking '/home/bryan/Workspace/ros2_ws/install/examples_rclpy_pointcloud_publisher/lib/pkgconfig/examples_rclpy_pointcloud_publisher.pc'
[55.642s] Level 1:colcon.colcon_core.environment:checking '/home/bryan/Workspace/ros2_ws/install/examples_rclpy_pointcloud_publisher/lib/python3.10/site-packages'
[55.642s] Level 1:colcon.colcon_core.shell:create_environment_hook('examples_rclpy_pointcloud_publisher', 'pythonpath')
[55.642s] INFO:colcon.colcon_core.shell:Creating environment hook '/home/bryan/Workspace/ros2_ws/install/examples_rclpy_pointcloud_publisher/share/examples_rclpy_pointcloud_publisher/hook/pythonpath.ps1'
[55.643s] INFO:colcon.colcon_core.shell:Creating environment descriptor '/home/bryan/Workspace/ros2_ws/install/examples_rclpy_pointcloud_publisher/share/examples_rclpy_pointcloud_publisher/hook/pythonpath.dsv'
[55.647s] INFO:colcon.colcon_core.shell:Creating environment hook '/home/bryan/Workspace/ros2_ws/install/examples_rclpy_pointcloud_publisher/share/examples_rclpy_pointcloud_publisher/hook/pythonpath.sh'
[55.650s] Level 1:colcon.colcon_core.environment:checking '/home/bryan/Workspace/ros2_ws/install/examples_rclpy_pointcloud_publisher/bin'
[55.650s] Level 1:colcon.colcon_core.environment:create_environment_scripts_only(examples_rclpy_pointcloud_publisher)
[55.651s] INFO:colcon.colcon_core.shell:Creating package script '/home/bryan/Workspace/ros2_ws/install/examples_rclpy_pointcloud_publisher/share/examples_rclpy_pointcloud_publisher/package.ps1'
[55.653s] INFO:colcon.colcon_core.shell:Creating package descriptor '/home/bryan/Workspace/ros2_ws/install/examples_rclpy_pointcloud_publisher/share/examples_rclpy_pointcloud_publisher/package.dsv'
[55.655s] INFO:colcon.colcon_core.shell:Creating package script '/home/bryan/Workspace/ros2_ws/install/examples_rclpy_pointcloud_publisher/share/examples_rclpy_pointcloud_publisher/package.sh'
[55.658s] INFO:colcon.colcon_core.shell:Creating package script '/home/bryan/Workspace/ros2_ws/install/examples_rclpy_pointcloud_publisher/share/examples_rclpy_pointcloud_publisher/package.bash'
[55.660s] INFO:colcon.colcon_core.shell:Creating package script '/home/bryan/Workspace/ros2_ws/install/examples_rclpy_pointcloud_publisher/share/examples_rclpy_pointcloud_publisher/package.zsh'
[55.662s] Level 1:colcon.colcon_core.environment:create_file_with_runtime_dependencies(/home/bryan/Workspace/ros2_ws/install/examples_rclpy_pointcloud_publisher/share/colcon-core/packages/examples_rclpy_pointcloud_publisher)
[55.672s] INFO:colcon.colcon_ros.task.ament_python.build:Building ROS package in '/home/bryan/Workspace/ros2_ws/src/image_converter' with build type 'ament_python'
[55.672s] Level 1:colcon.colcon_core.shell:create_environment_hook('image_converter', 'ament_prefix_path')
[55.673s] INFO:colcon.colcon_core.shell:Creating environment hook '/home/bryan/Workspace/ros2_ws/install/image_converter/share/image_converter/hook/ament_prefix_path.ps1'
[55.674s] INFO:colcon.colcon_core.shell:Creating environment descriptor '/home/bryan/Workspace/ros2_ws/install/image_converter/share/image_converter/hook/ament_prefix_path.dsv'
[55.695s] INFO:colcon.colcon_core.shell:Creating environment hook '/home/bryan/Workspace/ros2_ws/install/image_converter/share/image_converter/hook/ament_prefix_path.sh'
[55.700s] INFO:colcon.colcon_core.shell:Skip shell extension 'powershell' for command environment: Not usable outside of PowerShell
[55.701s] DEBUG:colcon.colcon_core.shell:Skip shell extension 'dsv' for command environment
[56.367s] INFO:colcon.colcon_core.task.python.build:Building Python package in '/home/bryan/Workspace/ros2_ws/src/image_converter'
[56.371s] INFO:colcon.colcon_core.shell:Skip shell extension 'powershell' for command environment: Not usable outside of PowerShell
[56.372s] DEBUG:colcon.colcon_core.shell:Skip shell extension 'dsv' for command environment
[56.431s] DEBUG:colcon.colcon_core.event_handler.log_command:Invoking command in '/home/bryan/Workspace/ros2_ws/build/first_package': PYTHONPATH=/home/bryan/Workspace/ros2_ws/build/first_package/prefix_override:/usr/lib/python3/dist-packages/colcon_core/task/python/colcon_distutils_commands:/home/bryan/Workspace/ros2_ws/install/first_package/lib/python3.10/site-packages:${PYTHONPATH} /usr/bin/python3 -W ignore:setup.py install is deprecated -W ignore:easy_install command is deprecated setup.py develop --uninstall --editable --build-directory /home/bryan/Workspace/ros2_ws/build/first_package/build
[57.086s] DEBUG:colcon.colcon_core.event_handler.log_command:Invoking command in '/home/bryan/Workspace/ros2_ws/src/image_converter': PYTHONPATH=/home/bryan/Workspace/ros2_ws/build/image_converter/prefix_override:/usr/lib/python3/dist-packages/colcon_core/task/python/colcon_distutils_commands:/home/bryan/Workspace/ros2_ws/install/image_converter/lib/python3.10/site-packages:${PYTHONPATH} /usr/bin/python3 -W ignore:setup.py install is deprecated -W ignore:easy_install command is deprecated setup.py egg_info --egg-base ../../build/image_converter build --build-base /home/bryan/Workspace/ros2_ws/build/image_converter/build install --record /home/bryan/Workspace/ros2_ws/build/image_converter/install.log --single-version-externally-managed install_data
[57.521s] DEBUG:colcon.colcon_core.event_handler.log_command:Invoked command in '/home/bryan/Workspace/ros2_ws/build/first_package' returned '0': PYTHONPATH=/home/bryan/Workspace/ros2_ws/build/first_package/prefix_override:/usr/lib/python3/dist-packages/colcon_core/task/python/colcon_distutils_commands:/home/bryan/Workspace/ros2_ws/install/first_package/lib/python3.10/site-packages:${PYTHONPATH} /usr/bin/python3 -W ignore:setup.py install is deprecated -W ignore:easy_install command is deprecated setup.py develop --uninstall --editable --build-directory /home/bryan/Workspace/ros2_ws/build/first_package/build
[57.666s] DEBUG:colcon.colcon_core.event_handler.log_command:Invoking command in '/home/bryan/Workspace/ros2_ws/first_package': PYTHONPATH=/home/bryan/Workspace/ros2_ws/build/first_package/prefix_override:/usr/lib/python3/dist-packages/colcon_core/task/python/colcon_distutils_commands:/home/bryan/Workspace/ros2_ws/install/first_package/lib/python3.10/site-packages:${PYTHONPATH} /usr/bin/python3 -W ignore:setup.py install is deprecated -W ignore:easy_install command is deprecated setup.py egg_info --egg-base ../build/first_package build --build-base /home/bryan/Workspace/ros2_ws/build/first_package/build install --record /home/bryan/Workspace/ros2_ws/build/first_package/install.log --single-version-externally-managed install_data --force
[57.860s] Level 1:colcon.colcon_core.environment:checking '/home/bryan/Workspace/ros2_ws/install/image_converter' for CMake module files
[57.862s] Level 1:colcon.colcon_core.environment:checking '/home/bryan/Workspace/ros2_ws/install/image_converter' for CMake config files
[57.862s] Level 1:colcon.colcon_core.environment:checking '/home/bryan/Workspace/ros2_ws/install/image_converter/lib'
[57.863s] Level 1:colcon.colcon_core.environment:checking '/home/bryan/Workspace/ros2_ws/install/image_converter/bin'
[57.863s] Level 1:colcon.colcon_core.environment:checking '/home/bryan/Workspace/ros2_ws/install/image_converter/lib/pkgconfig/image_converter.pc'
[57.863s] Level 1:colcon.colcon_core.environment:checking '/home/bryan/Workspace/ros2_ws/install/image_converter/lib/python3.10/site-packages'
[57.863s] Level 1:colcon.colcon_core.shell:create_environment_hook('image_converter', 'pythonpath')
[57.863s] INFO:colcon.colcon_core.shell:Creating environment hook '/home/bryan/Workspace/ros2_ws/install/image_converter/share/image_converter/hook/pythonpath.ps1'
[57.864s] INFO:colcon.colcon_core.shell:Creating environment descriptor '/home/bryan/Workspace/ros2_ws/install/image_converter/share/image_converter/hook/pythonpath.dsv'
[57.861s] DEBUG:colcon.colcon_core.event_handler.log_command:Invoked command in '/home/bryan/Workspace/ros2_ws/src/image_converter' returned '0': PYTHONPATH=/home/bryan/Workspace/ros2_ws/build/image_converter/prefix_override:/usr/lib/python3/dist-packages/colcon_core/task/python/colcon_distutils_commands:/home/bryan/Workspace/ros2_ws/install/image_converter/lib/python3.10/site-packages:${PYTHONPATH} /usr/bin/python3 -W ignore:setup.py install is deprecated -W ignore:easy_install command is deprecated setup.py egg_info --egg-base ../../build/image_converter build --build-base /home/bryan/Workspace/ros2_ws/build/image_converter/build install --record /home/bryan/Workspace/ros2_ws/build/image_converter/install.log --single-version-externally-managed install_data
[57.869s] INFO:colcon.colcon_core.shell:Creating environment hook '/home/bryan/Workspace/ros2_ws/install/image_converter/share/image_converter/hook/pythonpath.sh'
[57.872s] Level 1:colcon.colcon_core.environment:checking '/home/bryan/Workspace/ros2_ws/install/image_converter/bin'
[57.873s] Level 1:colcon.colcon_core.environment:create_environment_scripts_only(image_converter)
[57.873s] INFO:colcon.colcon_core.shell:Creating package script '/home/bryan/Workspace/ros2_ws/install/image_converter/share/image_converter/package.ps1'
[57.875s] INFO:colcon.colcon_core.shell:Creating package descriptor '/home/bryan/Workspace/ros2_ws/install/image_converter/share/image_converter/package.dsv'
[57.878s] INFO:colcon.colcon_core.shell:Creating package script '/home/bryan/Workspace/ros2_ws/install/image_converter/share/image_converter/package.sh'
[57.886s] INFO:colcon.colcon_core.shell:Creating package script '/home/bryan/Workspace/ros2_ws/install/image_converter/share/image_converter/package.bash'
[57.893s] INFO:colcon.colcon_core.shell:Creating package script '/home/bryan/Workspace/ros2_ws/install/image_converter/share/image_converter/package.zsh'
[57.945s] Level 1:colcon.colcon_core.environment:create_file_with_runtime_dependencies(/home/bryan/Workspace/ros2_ws/install/image_converter/share/colcon-core/packages/image_converter)
[57.946s] INFO:colcon.colcon_ros.task.ament_python.build:Building ROS package in '/home/bryan/Workspace/ros2_ws/src/examples/launch_testing/launch_testing_examples' with build type 'ament_python'
[57.946s] Level 1:colcon.colcon_core.shell:create_environment_hook('launch_testing_examples', 'ament_prefix_path')
[57.947s] INFO:colcon.colcon_core.shell:Creating environment hook '/home/bryan/Workspace/ros2_ws/install/launch_testing_examples/share/launch_testing_examples/hook/ament_prefix_path.ps1'
[57.951s] INFO:colcon.colcon_core.shell:Creating environment descriptor '/home/bryan/Workspace/ros2_ws/install/launch_testing_examples/share/launch_testing_examples/hook/ament_prefix_path.dsv'
[57.952s] INFO:colcon.colcon_core.shell:Creating environment hook '/home/bryan/Workspace/ros2_ws/install/launch_testing_examples/share/launch_testing_examples/hook/ament_prefix_path.sh'
[57.955s] INFO:colcon.colcon_core.shell:Skip shell extension 'powershell' for command environment: Not usable outside of PowerShell
[57.955s] DEBUG:colcon.colcon_core.shell:Skip shell extension 'dsv' for command environment
[58.687s] INFO:colcon.colcon_core.task.python.build:Building Python package in '/home/bryan/Workspace/ros2_ws/src/examples/launch_testing/launch_testing_examples'
[58.687s] INFO:colcon.colcon_core.shell:Skip shell extension 'powershell' for command environment: Not usable outside of PowerShell
[58.687s] DEBUG:colcon.colcon_core.shell:Skip shell extension 'dsv' for command environment
[58.733s] Level 1:colcon.colcon_core.environment:checking '/home/bryan/Workspace/ros2_ws/install/first_package' for CMake module files
[58.734s] Level 1:colcon.colcon_core.environment:checking '/home/bryan/Workspace/ros2_ws/install/first_package' for CMake config files
[58.735s] Level 1:colcon.colcon_core.environment:checking '/home/bryan/Workspace/ros2_ws/install/first_package/lib'
[58.735s] Level 1:colcon.colcon_core.environment:checking '/home/bryan/Workspace/ros2_ws/install/first_package/bin'
[58.735s] Level 1:colcon.colcon_core.environment:checking '/home/bryan/Workspace/ros2_ws/install/first_package/lib/pkgconfig/first_package.pc'
[58.735s] Level 1:colcon.colcon_core.environment:checking '/home/bryan/Workspace/ros2_ws/install/first_package/lib/python3.10/site-packages'
[58.735s] Level 1:colcon.colcon_core.shell:create_environment_hook('first_package', 'pythonpath')
[58.736s] INFO:colcon.colcon_core.shell:Creating environment hook '/home/bryan/Workspace/ros2_ws/install/first_package/share/first_package/hook/pythonpath.ps1'
[58.738s] DEBUG:colcon.colcon_core.event_handler.log_command:Invoked command in '/home/bryan/Workspace/ros2_ws/first_package' returned '0': PYTHONPATH=/home/bryan/Workspace/ros2_ws/build/first_package/prefix_override:/usr/lib/python3/dist-packages/colcon_core/task/python/colcon_distutils_commands:/home/bryan/Workspace/ros2_ws/install/first_package/lib/python3.10/site-packages:${PYTHONPATH} /usr/bin/python3 -W ignore:setup.py install is deprecated -W ignore:easy_install command is deprecated setup.py egg_info --egg-base ../build/first_package build --build-base /home/bryan/Workspace/ros2_ws/build/first_package/build install --record /home/bryan/Workspace/ros2_ws/build/first_package/install.log --single-version-externally-managed install_data --force
[58.745s] INFO:colcon.colcon_core.shell:Creating environment descriptor '/home/bryan/Workspace/ros2_ws/install/first_package/share/first_package/hook/pythonpath.dsv'
[58.747s] INFO:colcon.colcon_core.shell:Creating environment hook '/home/bryan/Workspace/ros2_ws/install/first_package/share/first_package/hook/pythonpath.sh'
[58.755s] Level 1:colcon.colcon_core.environment:checking '/home/bryan/Workspace/ros2_ws/install/first_package/bin'
[58.755s] Level 1:colcon.colcon_core.environment:create_environment_scripts_only(first_package)
[58.755s] INFO:colcon.colcon_core.shell:Creating package script '/home/bryan/Workspace/ros2_ws/install/first_package/share/first_package/package.ps1'
[58.757s] INFO:colcon.colcon_core.shell:Creating package descriptor '/home/bryan/Workspace/ros2_ws/install/first_package/share/first_package/package.dsv'
[58.759s] INFO:colcon.colcon_core.shell:Creating package script '/home/bryan/Workspace/ros2_ws/install/first_package/share/first_package/package.sh'
[58.760s] INFO:colcon.colcon_core.shell:Creating package script '/home/bryan/Workspace/ros2_ws/install/first_package/share/first_package/package.bash'
[58.765s] INFO:colcon.colcon_core.shell:Creating package script '/home/bryan/Workspace/ros2_ws/install/first_package/share/first_package/package.zsh'
[58.766s] Level 1:colcon.colcon_core.environment:create_file_with_runtime_dependencies(/home/bryan/Workspace/ros2_ws/install/first_package/share/colcon-core/packages/first_package)
[58.769s] INFO:colcon.colcon_ros.task.ament_python.build:Building ROS package in '/home/bryan/Workspace/ros2_ws/sprint2' with build type 'ament_python'
[58.780s] Level 1:colcon.colcon_core.shell:create_environment_hook('sprint2', 'ament_prefix_path')
[58.781s] INFO:colcon.colcon_core.shell:Creating environment hook '/home/bryan/Workspace/ros2_ws/install/sprint2/share/sprint2/hook/ament_prefix_path.ps1'
[58.785s] INFO:colcon.colcon_core.shell:Creating environment descriptor '/home/bryan/Workspace/ros2_ws/install/sprint2/share/sprint2/hook/ament_prefix_path.dsv'
[58.813s] INFO:colcon.colcon_core.shell:Creating environment hook '/home/bryan/Workspace/ros2_ws/install/sprint2/share/sprint2/hook/ament_prefix_path.sh'
[58.816s] INFO:colcon.colcon_core.shell:Skip shell extension 'powershell' for command environment: Not usable outside of PowerShell
[58.816s] DEBUG:colcon.colcon_core.shell:Skip shell extension 'dsv' for command environment
[59.553s] INFO:colcon.colcon_core.task.python.build:Building Python package in '/home/bryan/Workspace/ros2_ws/sprint2'
[59.554s] INFO:colcon.colcon_core.shell:Skip shell extension 'powershell' for command environment: Not usable outside of PowerShell
[59.555s] DEBUG:colcon.colcon_core.shell:Skip shell extension 'dsv' for command environment
[59.812s] DEBUG:colcon.colcon_core.event_handler.log_command:Invoking command in '/home/bryan/Workspace/ros2_ws/build/launch_testing_examples': PYTHONPATH=/home/bryan/Workspace/ros2_ws/build/launch_testing_examples/prefix_override:/usr/lib/python3/dist-packages/colcon_core/task/python/colcon_distutils_commands:/home/bryan/Workspace/ros2_ws/install/launch_testing_examples/lib/python3.10/site-packages:${PYTHONPATH} /usr/bin/python3 -W ignore:setup.py install is deprecated -W ignore:easy_install command is deprecated setup.py develop --uninstall --editable --build-directory /home/bryan/Workspace/ros2_ws/build/launch_testing_examples/build
[60.631s] DEBUG:colcon.colcon_core.event_handler.log_command:Invoked command in '/home/bryan/Workspace/ros2_ws/build/launch_testing_examples' returned '0': PYTHONPATH=/home/bryan/Workspace/ros2_ws/build/launch_testing_examples/prefix_override:/usr/lib/python3/dist-packages/colcon_core/task/python/colcon_distutils_commands:/home/bryan/Workspace/ros2_ws/install/launch_testing_examples/lib/python3.10/site-packages:${PYTHONPATH} /usr/bin/python3 -W ignore:setup.py install is deprecated -W ignore:easy_install command is deprecated setup.py develop --uninstall --editable --build-directory /home/bryan/Workspace/ros2_ws/build/launch_testing_examples/build
[60.645s] DEBUG:colcon.colcon_core.event_handler.log_command:Invoking command in '/home/bryan/Workspace/ros2_ws/src/examples/launch_testing/launch_testing_examples': PYTHONPATH=/home/bryan/Workspace/ros2_ws/build/launch_testing_examples/prefix_override:/usr/lib/python3/dist-packages/colcon_core/task/python/colcon_distutils_commands:/home/bryan/Workspace/ros2_ws/install/launch_testing_examples/lib/python3.10/site-packages:${PYTHONPATH} /usr/bin/python3 -W ignore:setup.py install is deprecated -W ignore:easy_install command is deprecated setup.py egg_info --egg-base ../../../../build/launch_testing_examples build --build-base /home/bryan/Workspace/ros2_ws/build/launch_testing_examples/build install --record /home/bryan/Workspace/ros2_ws/build/launch_testing_examples/install.log --single-version-externally-managed install_data --force
[60.810s] DEBUG:colcon.colcon_core.event_handler.log_command:Invoking command in '/home/bryan/Workspace/ros2_ws/build/sprint2': PYTHONPATH=/home/bryan/Workspace/ros2_ws/build/sprint2/prefix_override:/usr/lib/python3/dist-packages/colcon_core/task/python/colcon_distutils_commands:/home/bryan/Workspace/ros2_ws/install/sprint2/lib/python3.10/site-packages:${PYTHONPATH} /usr/bin/python3 -W ignore:setup.py install is deprecated -W ignore:easy_install command is deprecated setup.py develop --uninstall --editable --build-directory /home/bryan/Workspace/ros2_ws/build/sprint2/build
[61.467s] Level 1:colcon.colcon_core.environment:checking '/home/bryan/Workspace/ros2_ws/install/launch_testing_examples' for CMake module files
[61.469s] Level 1:colcon.colcon_core.environment:checking '/home/bryan/Workspace/ros2_ws/install/launch_testing_examples' for CMake config files
[61.469s] Level 1:colcon.colcon_core.environment:checking '/home/bryan/Workspace/ros2_ws/install/launch_testing_examples/lib'
[61.470s] Level 1:colcon.colcon_core.environment:checking '/home/bryan/Workspace/ros2_ws/install/launch_testing_examples/bin'
[61.470s] Level 1:colcon.colcon_core.environment:checking '/home/bryan/Workspace/ros2_ws/install/launch_testing_examples/lib/pkgconfig/launch_testing_examples.pc'
[61.470s] Level 1:colcon.colcon_core.environment:checking '/home/bryan/Workspace/ros2_ws/install/launch_testing_examples/lib/python3.10/site-packages'
[61.470s] Level 1:colcon.colcon_core.shell:create_environment_hook('launch_testing_examples', 'pythonpath')
[61.470s] INFO:colcon.colcon_core.shell:Creating environment hook '/home/bryan/Workspace/ros2_ws/install/launch_testing_examples/share/launch_testing_examples/hook/pythonpath.ps1'
[61.476s] INFO:colcon.colcon_core.shell:Creating environment descriptor '/home/bryan/Workspace/ros2_ws/install/launch_testing_examples/share/launch_testing_examples/hook/pythonpath.dsv'
[61.478s] INFO:colcon.colcon_core.shell:Creating environment hook '/home/bryan/Workspace/ros2_ws/install/launch_testing_examples/share/launch_testing_examples/hook/pythonpath.sh'
[61.479s] DEBUG:colcon.colcon_core.event_handler.log_command:Invoked command in '/home/bryan/Workspace/ros2_ws/src/examples/launch_testing/launch_testing_examples' returned '0': PYTHONPATH=/home/bryan/Workspace/ros2_ws/build/launch_testing_examples/prefix_override:/usr/lib/python3/dist-packages/colcon_core/task/python/colcon_distutils_commands:/home/bryan/Workspace/ros2_ws/install/launch_testing_examples/lib/python3.10/site-packages:${PYTHONPATH} /usr/bin/python3 -W ignore:setup.py install is deprecated -W ignore:easy_install command is deprecated setup.py egg_info --egg-base ../../../../build/launch_testing_examples build --build-base /home/bryan/Workspace/ros2_ws/build/launch_testing_examples/build install --record /home/bryan/Workspace/ros2_ws/build/launch_testing_examples/install.log --single-version-externally-managed install_data --force
[61.481s] Level 1:colcon.colcon_core.environment:checking '/home/bryan/Workspace/ros2_ws/install/launch_testing_examples/bin'
[61.482s] Level 1:colcon.colcon_core.environment:create_environment_scripts_only(launch_testing_examples)
[61.483s] INFO:colcon.colcon_core.shell:Creating package script '/home/bryan/Workspace/ros2_ws/install/launch_testing_examples/share/launch_testing_examples/package.ps1'
[61.485s] INFO:colcon.colcon_core.shell:Creating package descriptor '/home/bryan/Workspace/ros2_ws/install/launch_testing_examples/share/launch_testing_examples/package.dsv'
[61.487s] INFO:colcon.colcon_core.shell:Creating package script '/home/bryan/Workspace/ros2_ws/install/launch_testing_examples/share/launch_testing_examples/package.sh'
[61.490s] INFO:colcon.colcon_core.shell:Creating package script '/home/bryan/Workspace/ros2_ws/install/launch_testing_examples/share/launch_testing_examples/package.bash'
[61.492s] INFO:colcon.colcon_core.shell:Creating package script '/home/bryan/Workspace/ros2_ws/install/launch_testing_examples/share/launch_testing_examples/package.zsh'
[61.495s] Level 1:colcon.colcon_core.environment:create_file_with_runtime_dependencies(/home/bryan/Workspace/ros2_ws/install/launch_testing_examples/share/colcon-core/packages/launch_testing_examples)
[61.958s] DEBUG:colcon.colcon_core.event_handler.log_command:Invoked command in '/home/bryan/Workspace/ros2_ws/build/sprint2' returned '0': PYTHONPATH=/home/bryan/Workspace/ros2_ws/build/sprint2/prefix_override:/usr/lib/python3/dist-packages/colcon_core/task/python/colcon_distutils_commands:/home/bryan/Workspace/ros2_ws/install/sprint2/lib/python3.10/site-packages:${PYTHONPATH} /usr/bin/python3 -W ignore:setup.py install is deprecated -W ignore:easy_install command is deprecated setup.py develop --uninstall --editable --build-directory /home/bryan/Workspace/ros2_ws/build/sprint2/build
[61.991s] DEBUG:colcon.colcon_core.event_handler.log_command:Invoking command in '/home/bryan/Workspace/ros2_ws/sprint2': PYTHONPATH=/home/bryan/Workspace/ros2_ws/build/sprint2/prefix_override:/usr/lib/python3/dist-packages/colcon_core/task/python/colcon_distutils_commands:/home/bryan/Workspace/ros2_ws/install/sprint2/lib/python3.10/site-packages:${PYTHONPATH} /usr/bin/python3 -W ignore:setup.py install is deprecated -W ignore:easy_install command is deprecated setup.py egg_info --egg-base ../build/sprint2 build --build-base /home/bryan/Workspace/ros2_ws/build/sprint2/build install --record /home/bryan/Workspace/ros2_ws/build/sprint2/install.log --single-version-externally-managed install_data --force
[62.472s] Level 1:colcon.colcon_core.environment:checking '/home/bryan/Workspace/ros2_ws/install/sprint2' for CMake module files
[62.474s] DEBUG:colcon.colcon_core.event_handler.log_command:Invoked command in '/home/bryan/Workspace/ros2_ws/sprint2' returned '0': PYTHONPATH=/home/bryan/Workspace/ros2_ws/build/sprint2/prefix_override:/usr/lib/python3/dist-packages/colcon_core/task/python/colcon_distutils_commands:/home/bryan/Workspace/ros2_ws/install/sprint2/lib/python3.10/site-packages:${PYTHONPATH} /usr/bin/python3 -W ignore:setup.py install is deprecated -W ignore:easy_install command is deprecated setup.py egg_info --egg-base ../build/sprint2 build --build-base /home/bryan/Workspace/ros2_ws/build/sprint2/build install --record /home/bryan/Workspace/ros2_ws/build/sprint2/install.log --single-version-externally-managed install_data --force
[62.475s] Level 1:colcon.colcon_core.environment:checking '/home/bryan/Workspace/ros2_ws/install/sprint2' for CMake config files
[62.476s] Level 1:colcon.colcon_core.environment:checking '/home/bryan/Workspace/ros2_ws/install/sprint2/lib'
[62.476s] Level 1:colcon.colcon_core.environment:checking '/home/bryan/Workspace/ros2_ws/install/sprint2/bin'
[62.476s] Level 1:colcon.colcon_core.environment:checking '/home/bryan/Workspace/ros2_ws/install/sprint2/lib/pkgconfig/sprint2.pc'
[62.477s] Level 1:colcon.colcon_core.environment:checking '/home/bryan/Workspace/ros2_ws/install/sprint2/lib/python3.10/site-packages'
[62.477s] Level 1:colcon.colcon_core.shell:create_environment_hook('sprint2', 'pythonpath')
[62.478s] INFO:colcon.colcon_core.shell:Creating environment hook '/home/bryan/Workspace/ros2_ws/install/sprint2/share/sprint2/hook/pythonpath.ps1'
[62.480s] INFO:colcon.colcon_core.shell:Creating environment descriptor '/home/bryan/Workspace/ros2_ws/install/sprint2/share/sprint2/hook/pythonpath.dsv'
[62.482s] INFO:colcon.colcon_core.shell:Creating environment hook '/home/bryan/Workspace/ros2_ws/install/sprint2/share/sprint2/hook/pythonpath.sh'
[62.487s] Level 1:colcon.colcon_core.environment:checking '/home/bryan/Workspace/ros2_ws/install/sprint2/bin'
[62.488s] Level 1:colcon.colcon_core.environment:create_environment_scripts_only(sprint2)
[62.488s] INFO:colcon.colcon_core.shell:Creating package script '/home/bryan/Workspace/ros2_ws/install/sprint2/share/sprint2/package.ps1'
[62.490s] INFO:colcon.colcon_core.shell:Creating package descriptor '/home/bryan/Workspace/ros2_ws/install/sprint2/share/sprint2/package.dsv'
[62.493s] INFO:colcon.colcon_core.shell:Creating package script '/home/bryan/Workspace/ros2_ws/install/sprint2/share/sprint2/package.sh'
[62.494s] INFO:colcon.colcon_core.shell:Creating package script '/home/bryan/Workspace/ros2_ws/install/sprint2/share/sprint2/package.bash'
[62.495s] INFO:colcon.colcon_core.shell:Creating package script '/home/bryan/Workspace/ros2_ws/install/sprint2/share/sprint2/package.zsh'
[62.496s] Level 1:colcon.colcon_core.environment:create_file_with_runtime_dependencies(/home/bryan/Workspace/ros2_ws/install/sprint2/share/colcon-core/packages/sprint2)
[73.373s] DEBUG:colcon.colcon_core.event_handler.log_command:Invoked command in '/home/bryan/Workspace/ros2_ws/build/cv_bridge' returned '0': CMAKE_PREFIX_PATH=${CMAKE_PREFIX_PATH}:/home/bryan/Workspace/ros2_ws/install/sprint2:/home/bryan/Workspace/ros2_ws/install/launch_testing_examples:/home/bryan/Workspace/ros2_ws/install/image_converter:/home/bryan/Workspace/ros2_ws/install/first_package:/home/bryan/Workspace/ros2_ws/install/examples_rclpy_pointcloud_publisher:/home/bryan/Workspace/ros2_ws/install/examples_rclpy_minimal_subscriber:/home/bryan/Workspace/ros2_ws/install/examples_rclpy_minimal_service:/home/bryan/Workspace/ros2_ws/install/examples_rclpy_minimal_publisher:/home/bryan/Workspace/ros2_ws/install/examples_rclpy_minimal_client:/home/bryan/Workspace/ros2_ws/install/examples_rclpy_minimal_action_server:/home/bryan/Workspace/ros2_ws/install/examples_rclpy_minimal_action_client:/home/bryan/Workspace/ros2_ws/install/examples_rclpy_guard_conditions:/home/bryan/Workspace/ros2_ws/install/examples_rclpy_executors:/home/bryan/Workspace/ros2_ws/install/camera_calibration:/opt/ros/humble /usr/bin/cmake --build /home/bryan/Workspace/ros2_ws/build/cv_bridge -- -j3 -l3
[73.373s] DEBUG:colcon.colcon_core.event_handler.log_command:Invoking command in '/home/bryan/Workspace/ros2_ws/build/cv_bridge': CMAKE_PREFIX_PATH=${CMAKE_PREFIX_PATH}:/home/bryan/Workspace/ros2_ws/install/sprint2:/home/bryan/Workspace/ros2_ws/install/launch_testing_examples:/home/bryan/Workspace/ros2_ws/install/image_converter:/home/bryan/Workspace/ros2_ws/install/first_package:/home/bryan/Workspace/ros2_ws/install/examples_rclpy_pointcloud_publisher:/home/bryan/Workspace/ros2_ws/install/examples_rclpy_minimal_subscriber:/home/bryan/Workspace/ros2_ws/install/examples_rclpy_minimal_service:/home/bryan/Workspace/ros2_ws/install/examples_rclpy_minimal_publisher:/home/bryan/Workspace/ros2_ws/install/examples_rclpy_minimal_client:/home/bryan/Workspace/ros2_ws/install/examples_rclpy_minimal_action_server:/home/bryan/Workspace/ros2_ws/install/examples_rclpy_minimal_action_client:/home/bryan/Workspace/ros2_ws/install/examples_rclpy_guard_conditions:/home/bryan/Workspace/ros2_ws/install/examples_rclpy_executors:/home/bryan/Workspace/ros2_ws/install/camera_calibration:/opt/ros/humble /usr/bin/cmake --install /home/bryan/Workspace/ros2_ws/build/cv_bridge
[73.566s] Level 1:colcon.colcon_core.environment:create_environment_scripts_only(cv_bridge)
[73.567s] Level 1:colcon.colcon_core.environment:checking '/home/bryan/Workspace/ros2_ws/install/cv_bridge' for CMake module files
[73.568s] DEBUG:colcon.colcon_core.event_handler.log_command:Invoked command in '/home/bryan/Workspace/ros2_ws/build/cv_bridge' returned '0': CMAKE_PREFIX_PATH=${CMAKE_PREFIX_PATH}:/home/bryan/Workspace/ros2_ws/install/sprint2:/home/bryan/Workspace/ros2_ws/install/launch_testing_examples:/home/bryan/Workspace/ros2_ws/install/image_converter:/home/bryan/Workspace/ros2_ws/install/first_package:/home/bryan/Workspace/ros2_ws/install/examples_rclpy_pointcloud_publisher:/home/bryan/Workspace/ros2_ws/install/examples_rclpy_minimal_subscriber:/home/bryan/Workspace/ros2_ws/install/examples_rclpy_minimal_service:/home/bryan/Workspace/ros2_ws/install/examples_rclpy_minimal_publisher:/home/bryan/Workspace/ros2_ws/install/examples_rclpy_minimal_client:/home/bryan/Workspace/ros2_ws/install/examples_rclpy_minimal_action_server:/home/bryan/Workspace/ros2_ws/install/examples_rclpy_minimal_action_client:/home/bryan/Workspace/ros2_ws/install/examples_rclpy_guard_conditions:/home/bryan/Workspace/ros2_ws/install/examples_rclpy_executors:/home/bryan/Workspace/ros2_ws/install/camera_calibration:/opt/ros/humble /usr/bin/cmake --install /home/bryan/Workspace/ros2_ws/build/cv_bridge
[73.569s] Level 1:colcon.colcon_core.environment:checking '/home/bryan/Workspace/ros2_ws/install/cv_bridge' for CMake config files
[73.569s] Level 1:colcon.colcon_core.shell:create_environment_hook('cv_bridge', 'cmake_prefix_path')
[73.570s] INFO:colcon.colcon_core.shell:Creating environment hook '/home/bryan/Workspace/ros2_ws/install/cv_bridge/share/cv_bridge/hook/cmake_prefix_path.ps1'
[73.572s] INFO:colcon.colcon_core.shell:Creating environment descriptor '/home/bryan/Workspace/ros2_ws/install/cv_bridge/share/cv_bridge/hook/cmake_prefix_path.dsv'
[73.573s] INFO:colcon.colcon_core.shell:Creating environment hook '/home/bryan/Workspace/ros2_ws/install/cv_bridge/share/cv_bridge/hook/cmake_prefix_path.sh'
[73.574s] Level 1:colcon.colcon_core.environment:checking '/home/bryan/Workspace/ros2_ws/install/cv_bridge/lib'
[73.574s] Level 1:colcon.colcon_core.shell:create_environment_hook('cv_bridge', 'ld_library_path_lib')
[73.575s] INFO:colcon.colcon_core.shell:Creating environment hook '/home/bryan/Workspace/ros2_ws/install/cv_bridge/share/cv_bridge/hook/ld_library_path_lib.ps1'
[73.576s] INFO:colcon.colcon_core.shell:Creating environment descriptor '/home/bryan/Workspace/ros2_ws/install/cv_bridge/share/cv_bridge/hook/ld_library_path_lib.dsv'
[73.576s] INFO:colcon.colcon_core.shell:Creating environment hook '/home/bryan/Workspace/ros2_ws/install/cv_bridge/share/cv_bridge/hook/ld_library_path_lib.sh'
[73.577s] Level 1:colcon.colcon_core.environment:checking '/home/bryan/Workspace/ros2_ws/install/cv_bridge/bin'
[73.577s] Level 1:colcon.colcon_core.environment:checking '/home/bryan/Workspace/ros2_ws/install/cv_bridge/lib/pkgconfig/cv_bridge.pc'
[73.578s] Level 1:colcon.colcon_core.environment:checking '/home/bryan/Workspace/ros2_ws/install/cv_bridge/lib/python3.10/site-packages'
[73.578s] Level 1:colcon.colcon_core.environment:checking '/home/bryan/Workspace/ros2_ws/install/cv_bridge/bin'
[73.579s] INFO:colcon.colcon_core.shell:Creating package script '/home/bryan/Workspace/ros2_ws/install/cv_bridge/share/cv_bridge/package.ps1'
[73.580s] INFO:colcon.colcon_core.shell:Creating package descriptor '/home/bryan/Workspace/ros2_ws/install/cv_bridge/share/cv_bridge/package.dsv'
[73.581s] INFO:colcon.colcon_core.shell:Creating package script '/home/bryan/Workspace/ros2_ws/install/cv_bridge/share/cv_bridge/package.sh'
[73.582s] INFO:colcon.colcon_core.shell:Creating package script '/home/bryan/Workspace/ros2_ws/install/cv_bridge/share/cv_bridge/package.bash'
[73.583s] INFO:colcon.colcon_core.shell:Creating package script '/home/bryan/Workspace/ros2_ws/install/cv_bridge/share/cv_bridge/package.zsh'
[73.584s] Level 1:colcon.colcon_core.environment:create_file_with_runtime_dependencies(/home/bryan/Workspace/ros2_ws/install/cv_bridge/share/colcon-core/packages/cv_bridge)
[73.585s] Level 1:colcon.colcon_core.environment:create_environment_scripts_only(cv_bridge)
[73.585s] Level 1:colcon.colcon_core.environment:checking '/home/bryan/Workspace/ros2_ws/install/cv_bridge' for CMake module files
[73.587s] Level 1:colcon.colcon_core.environment:checking '/home/bryan/Workspace/ros2_ws/install/cv_bridge' for CMake config files
[73.587s] Level 1:colcon.colcon_core.shell:create_environment_hook('cv_bridge', 'cmake_prefix_path')
[73.588s] INFO:colcon.colcon_core.shell:Creating environment hook '/home/bryan/Workspace/ros2_ws/install/cv_bridge/share/cv_bridge/hook/cmake_prefix_path.ps1'
[73.589s] INFO:colcon.colcon_core.shell:Creating environment descriptor '/home/bryan/Workspace/ros2_ws/install/cv_bridge/share/cv_bridge/hook/cmake_prefix_path.dsv'
[73.590s] INFO:colcon.colcon_core.shell:Creating environment hook '/home/bryan/Workspace/ros2_ws/install/cv_bridge/share/cv_bridge/hook/cmake_prefix_path.sh'
[73.591s] Level 1:colcon.colcon_core.environment:checking '/home/bryan/Workspace/ros2_ws/install/cv_bridge/lib'
[73.592s] Level 1:colcon.colcon_core.shell:create_environment_hook('cv_bridge', 'ld_library_path_lib')
[73.592s] INFO:colcon.colcon_core.shell:Creating environment hook '/home/bryan/Workspace/ros2_ws/install/cv_bridge/share/cv_bridge/hook/ld_library_path_lib.ps1'
[73.595s] INFO:colcon.colcon_core.shell:Creating environment descriptor '/home/bryan/Workspace/ros2_ws/install/cv_bridge/share/cv_bridge/hook/ld_library_path_lib.dsv'
[73.597s] INFO:colcon.colcon_core.shell:Creating environment hook '/home/bryan/Workspace/ros2_ws/install/cv_bridge/share/cv_bridge/hook/ld_library_path_lib.sh'
[73.601s] Level 1:colcon.colcon_core.environment:checking '/home/bryan/Workspace/ros2_ws/install/cv_bridge/bin'
[73.601s] Level 1:colcon.colcon_core.environment:checking '/home/bryan/Workspace/ros2_ws/install/cv_bridge/lib/pkgconfig/cv_bridge.pc'
[73.602s] Level 1:colcon.colcon_core.environment:checking '/home/bryan/Workspace/ros2_ws/install/cv_bridge/lib/python3.10/site-packages'
[73.602s] Level 1:colcon.colcon_core.environment:checking '/home/bryan/Workspace/ros2_ws/install/cv_bridge/bin'
[73.603s] INFO:colcon.colcon_core.shell:Creating package script '/home/bryan/Workspace/ros2_ws/install/cv_bridge/share/cv_bridge/package.ps1'
[73.604s] INFO:colcon.colcon_core.shell:Creating package descriptor '/home/bryan/Workspace/ros2_ws/install/cv_bridge/share/cv_bridge/package.dsv'
[73.606s] INFO:colcon.colcon_core.shell:Creating package script '/home/bryan/Workspace/ros2_ws/install/cv_bridge/share/cv_bridge/package.sh'
[73.607s] INFO:colcon.colcon_core.shell:Creating package script '/home/bryan/Workspace/ros2_ws/install/cv_bridge/share/cv_bridge/package.bash'
[73.608s] INFO:colcon.colcon_core.shell:Creating package script '/home/bryan/Workspace/ros2_ws/install/cv_bridge/share/cv_bridge/package.zsh'
[73.610s] Level 1:colcon.colcon_core.environment:create_file_with_runtime_dependencies(/home/bryan/Workspace/ros2_ws/install/cv_bridge/share/colcon-core/packages/cv_bridge)
[73.612s] INFO:colcon.colcon_ros.task.ament_cmake.build:Building ROS package in '/home/bryan/Workspace/ros2_ws/image_pipeline/image_proc' with build type 'ament_cmake'
[73.613s] INFO:colcon.colcon_cmake.task.cmake.build:Building CMake package in '/home/bryan/Workspace/ros2_ws/image_pipeline/image_proc'
[73.613s] INFO:colcon.colcon_core.shell:Skip shell extension 'powershell' for command environment: Not usable outside of PowerShell
[73.613s] DEBUG:colcon.colcon_core.shell:Skip shell extension 'dsv' for command environment
[73.667s] INFO:colcon.colcon_ros.task.ament_python.build:Building ROS package in '/home/bryan/Workspace/ros2_ws/image_pipeline/camera_calibration' with build type 'ament_python'
[73.668s] Level 1:colcon.colcon_core.shell:create_environment_hook('camera_calibration', 'ament_prefix_path')
[73.668s] INFO:colcon.colcon_core.shell:Creating environment hook '/home/bryan/Workspace/ros2_ws/install/camera_calibration/share/camera_calibration/hook/ament_prefix_path.ps1'
[73.670s] INFO:colcon.colcon_core.shell:Creating environment descriptor '/home/bryan/Workspace/ros2_ws/install/camera_calibration/share/camera_calibration/hook/ament_prefix_path.dsv'
[73.671s] INFO:colcon.colcon_core.shell:Creating environment hook '/home/bryan/Workspace/ros2_ws/install/camera_calibration/share/camera_calibration/hook/ament_prefix_path.sh'
[73.672s] INFO:colcon.colcon_core.shell:Skip shell extension 'powershell' for command environment: Not usable outside of PowerShell
[73.672s] DEBUG:colcon.colcon_core.shell:Skip shell extension 'dsv' for command environment
[73.683s] INFO:colcon.colcon_ros.task.ament_cmake.build:Building ROS package in '/home/bryan/Workspace/ros2_ws/image_pipeline/depth_image_proc' with build type 'ament_cmake'
[73.683s] INFO:colcon.colcon_cmake.task.cmake.build:Building CMake package in '/home/bryan/Workspace/ros2_ws/image_pipeline/depth_image_proc'
[73.684s] INFO:colcon.colcon_core.shell:Skip shell extension 'powershell' for command environment: Not usable outside of PowerShell
[73.684s] DEBUG:colcon.colcon_core.shell:Skip shell extension 'dsv' for command environment
[74.368s] INFO:colcon.colcon_core.task.python.build:Building Python package in '/home/bryan/Workspace/ros2_ws/image_pipeline/camera_calibration'
[74.368s] INFO:colcon.colcon_core.shell:Skip shell extension 'powershell' for command environment: Not usable outside of PowerShell
[74.369s] DEBUG:colcon.colcon_core.shell:Skip shell extension 'dsv' for command environment
[74.391s] DEBUG:colcon.colcon_core.event_handler.log_command:Invoking command in '/home/bryan/Workspace/ros2_ws/build/depth_image_proc': AMENT_PREFIX_PATH=/home/bryan/Workspace/ros2_ws/install/image_geometry:/home/bryan/Workspace/ros2_ws/install/cv_bridge:${AMENT_PREFIX_PATH} CMAKE_PREFIX_PATH=/home/bryan/Workspace/ros2_ws/install/image_geometry:/home/bryan/Workspace/ros2_ws/install/cv_bridge:/home/bryan/Workspace/ros2_ws/install/image_proc:/home/bryan/Workspace/ros2_ws/install/tracetools_image_pipeline:/home/bryan/Workspace/ros2_ws/install/image_rotate:/home/bryan/Workspace/ros2_ws/install/image_publisher:/home/bryan/Workspace/ros2_ws/install/examples_rclcpp_wait_set:/home/bryan/Workspace/ros2_ws/install/examples_rclcpp_multithreaded_executor:/home/bryan/Workspace/ros2_ws/install/examples_rclcpp_minimal_timer:/home/bryan/Workspace/ros2_ws/install/examples_rclcpp_minimal_subscriber:/home/bryan/Workspace/ros2_ws/install/examples_rclcpp_minimal_service:/home/bryan/Workspace/ros2_ws/install/examples_rclcpp_minimal_publisher:/home/bryan/Workspace/ros2_ws/install/examples_rclcpp_minimal_composition:/home/bryan/Workspace/ros2_ws/install/examples_rclcpp_minimal_client:/home/bryan/Workspace/ros2_ws/install/examples_rclcpp_minimal_action_server:/home/bryan/Workspace/ros2_ws/install/examples_rclcpp_minimal_action_client:/home/bryan/Workspace/ros2_ws/install/examples_rclcpp_cbg_executor:/home/bryan/Workspace/ros2_ws/install/examples_rclcpp_async_client:/home/bryan/Workspace/ros2_ws/install/sprint2:/home/bryan/Workspace/ros2_ws/install/launch_testing_examples:/home/bryan/Workspace/ros2_ws/install/image_converter:/home/bryan/Workspace/ros2_ws/install/first_package:/home/bryan/Workspace/ros2_ws/install/examples_rclpy_pointcloud_publisher:/home/bryan/Workspace/ros2_ws/install/examples_rclpy_minimal_subscriber:/home/bryan/Workspace/ros2_ws/install/examples_rclpy_minimal_service:/home/bryan/Workspace/ros2_ws/install/examples_rclpy_minimal_publisher:/home/bryan/Workspace/ros2_ws/install/examples_rclpy_minimal_client:/home/bryan/Workspace/ros2_ws/install/examples_rclpy_minimal_action_server:/home/bryan/Workspace/ros2_ws/install/examples_rclpy_minimal_action_client:/home/bryan/Workspace/ros2_ws/install/examples_rclpy_guard_conditions:/home/bryan/Workspace/ros2_ws/install/examples_rclpy_executors:/home/bryan/Workspace/ros2_ws/install/camera_calibration:/opt/ros/humble LD_LIBRARY_PATH=/home/bryan/Workspace/ros2_ws/install/image_geometry/lib:/home/bryan/Workspace/ros2_ws/install/cv_bridge/lib:${LD_LIBRARY_PATH} PYTHONPATH=/home/bryan/Workspace/ros2_ws/install/image_geometry/local/lib/python3.10/dist-packages:/home/bryan/Workspace/ros2_ws/install/cv_bridge/local/lib/python3.10/dist-packages:${PYTHONPATH} /usr/bin/cmake --build /home/bryan/Workspace/ros2_ws/build/depth_image_proc -- -j3 -l3
[74.406s] DEBUG:colcon.colcon_core.event_handler.log_command:Invoking command in '/home/bryan/Workspace/ros2_ws/build/image_proc': AMENT_PREFIX_PATH=/home/bryan/Workspace/ros2_ws/install/image_geometry:/home/bryan/Workspace/ros2_ws/install/cv_bridge:${AMENT_PREFIX_PATH} CMAKE_PREFIX_PATH=/home/bryan/Workspace/ros2_ws/install/tracetools_image_pipeline:/home/bryan/Workspace/ros2_ws/install/image_geometry:/home/bryan/Workspace/ros2_ws/install/cv_bridge:/home/bryan/Workspace/ros2_ws/install/image_proc:/home/bryan/Workspace/ros2_ws/install/image_rotate:/home/bryan/Workspace/ros2_ws/install/image_publisher:/home/bryan/Workspace/ros2_ws/install/examples_rclcpp_wait_set:/home/bryan/Workspace/ros2_ws/install/examples_rclcpp_multithreaded_executor:/home/bryan/Workspace/ros2_ws/install/examples_rclcpp_minimal_timer:/home/bryan/Workspace/ros2_ws/install/examples_rclcpp_minimal_subscriber:/home/bryan/Workspace/ros2_ws/install/examples_rclcpp_minimal_service:/home/bryan/Workspace/ros2_ws/install/examples_rclcpp_minimal_publisher:/home/bryan/Workspace/ros2_ws/install/examples_rclcpp_minimal_composition:/home/bryan/Workspace/ros2_ws/install/examples_rclcpp_minimal_client:/home/bryan/Workspace/ros2_ws/install/examples_rclcpp_minimal_action_server:/home/bryan/Workspace/ros2_ws/install/examples_rclcpp_minimal_action_client:/home/bryan/Workspace/ros2_ws/install/examples_rclcpp_cbg_executor:/home/bryan/Workspace/ros2_ws/install/examples_rclcpp_async_client:/home/bryan/Workspace/ros2_ws/install/sprint2:/home/bryan/Workspace/ros2_ws/install/launch_testing_examples:/home/bryan/Workspace/ros2_ws/install/image_converter:/home/bryan/Workspace/ros2_ws/install/first_package:/home/bryan/Workspace/ros2_ws/install/examples_rclpy_pointcloud_publisher:/home/bryan/Workspace/ros2_ws/install/examples_rclpy_minimal_subscriber:/home/bryan/Workspace/ros2_ws/install/examples_rclpy_minimal_service:/home/bryan/Workspace/ros2_ws/install/examples_rclpy_minimal_publisher:/home/bryan/Workspace/ros2_ws/install/examples_rclpy_minimal_client:/home/bryan/Workspace/ros2_ws/install/examples_rclpy_minimal_action_server:/home/bryan/Workspace/ros2_ws/install/examples_rclpy_minimal_action_client:/home/bryan/Workspace/ros2_ws/install/examples_rclpy_guard_conditions:/home/bryan/Workspace/ros2_ws/install/examples_rclpy_executors:/home/bryan/Workspace/ros2_ws/install/camera_calibration:/opt/ros/humble LD_LIBRARY_PATH=/home/bryan/Workspace/ros2_ws/install/tracetools_image_pipeline/lib:/home/bryan/Workspace/ros2_ws/install/image_geometry/lib:/home/bryan/Workspace/ros2_ws/install/cv_bridge/lib:/home/bryan/Workspace/ros2_ws/install/image_proc/lib:/home/bryan/Workspace/ros2_ws/install/image_rotate/lib:/home/bryan/Workspace/ros2_ws/install/image_publisher/lib:/home/bryan/Workspace/ros2_ws/install/examples_rclcpp_wait_set/lib:/home/bryan/Workspace/ros2_ws/install/examples_rclcpp_minimal_subscriber/lib:/home/bryan/Workspace/ros2_ws/install/examples_rclcpp_minimal_composition/lib:/opt/ros/humble/opt/rviz_ogre_vendor/lib:/opt/ros/humble/lib/x86_64-linux-gnu:/opt/ros/humble/lib PYTHONPATH=/home/bryan/Workspace/ros2_ws/install/image_geometry/local/lib/python3.10/dist-packages:/home/bryan/Workspace/ros2_ws/install/cv_bridge/local/lib/python3.10/dist-packages:${PYTHONPATH} /usr/bin/cmake --build /home/bryan/Workspace/ros2_ws/build/image_proc -- -j3 -l3
[75.281s] DEBUG:colcon.colcon_core.event_handler.log_command:Invoking command in '/home/bryan/Workspace/ros2_ws/image_pipeline/camera_calibration': AMENT_PREFIX_PATH=/home/bryan/Workspace/ros2_ws/install/image_geometry:/home/bryan/Workspace/ros2_ws/install/cv_bridge:${AMENT_PREFIX_PATH} CMAKE_PREFIX_PATH=/home/bryan/Workspace/ros2_ws/install/image_geometry:/home/bryan/Workspace/ros2_ws/install/cv_bridge:${CMAKE_PREFIX_PATH} LD_LIBRARY_PATH=/home/bryan/Workspace/ros2_ws/install/image_geometry/lib:/home/bryan/Workspace/ros2_ws/install/cv_bridge/lib:${LD_LIBRARY_PATH} PYTHONPATH=/home/bryan/Workspace/ros2_ws/build/camera_calibration/prefix_override:/usr/lib/python3/dist-packages/colcon_core/task/python/colcon_distutils_commands:/home/bryan/Workspace/ros2_ws/install/camera_calibration/lib/python3.10/site-packages:/home/bryan/Workspace/ros2_ws/install/image_geometry/local/lib/python3.10/dist-packages:/home/bryan/Workspace/ros2_ws/install/cv_bridge/local/lib/python3.10/dist-packages:${PYTHONPATH} /usr/bin/python3 -W ignore:setup.py install is deprecated -W ignore:easy_install command is deprecated setup.py egg_info --egg-base ../../build/camera_calibration build --build-base /home/bryan/Workspace/ros2_ws/build/camera_calibration/build install --record /home/bryan/Workspace/ros2_ws/build/camera_calibration/install.log --single-version-externally-managed install_data
[75.831s] Level 1:colcon.colcon_core.environment:checking '/home/bryan/Workspace/ros2_ws/install/camera_calibration' for CMake module files
[75.835s] Level 1:colcon.colcon_core.environment:checking '/home/bryan/Workspace/ros2_ws/install/camera_calibration' for CMake config files
[75.837s] DEBUG:colcon.colcon_core.event_handler.log_command:Invoked command in '/home/bryan/Workspace/ros2_ws/image_pipeline/camera_calibration' returned '0': AMENT_PREFIX_PATH=/home/bryan/Workspace/ros2_ws/install/image_geometry:/home/bryan/Workspace/ros2_ws/install/cv_bridge:${AMENT_PREFIX_PATH} CMAKE_PREFIX_PATH=/home/bryan/Workspace/ros2_ws/install/image_geometry:/home/bryan/Workspace/ros2_ws/install/cv_bridge:${CMAKE_PREFIX_PATH} LD_LIBRARY_PATH=/home/bryan/Workspace/ros2_ws/install/image_geometry/lib:/home/bryan/Workspace/ros2_ws/install/cv_bridge/lib:${LD_LIBRARY_PATH} PYTHONPATH=/home/bryan/Workspace/ros2_ws/build/camera_calibration/prefix_override:/usr/lib/python3/dist-packages/colcon_core/task/python/colcon_distutils_commands:/home/bryan/Workspace/ros2_ws/install/camera_calibration/lib/python3.10/site-packages:/home/bryan/Workspace/ros2_ws/install/image_geometry/local/lib/python3.10/dist-packages:/home/bryan/Workspace/ros2_ws/install/cv_bridge/local/lib/python3.10/dist-packages:${PYTHONPATH} /usr/bin/python3 -W ignore:setup.py install is deprecated -W ignore:easy_install command is deprecated setup.py egg_info --egg-base ../../build/camera_calibration build --build-base /home/bryan/Workspace/ros2_ws/build/camera_calibration/build install --record /home/bryan/Workspace/ros2_ws/build/camera_calibration/install.log --single-version-externally-managed install_data
[75.839s] Level 1:colcon.colcon_core.environment:checking '/home/bryan/Workspace/ros2_ws/install/camera_calibration/lib'
[75.839s] Level 1:colcon.colcon_core.environment:checking '/home/bryan/Workspace/ros2_ws/install/camera_calibration/bin'
[75.839s] Level 1:colcon.colcon_core.environment:checking '/home/bryan/Workspace/ros2_ws/install/camera_calibration/lib/pkgconfig/camera_calibration.pc'
[75.840s] Level 1:colcon.colcon_core.environment:checking '/home/bryan/Workspace/ros2_ws/install/camera_calibration/lib/python3.10/site-packages'
[75.840s] Level 1:colcon.colcon_core.shell:create_environment_hook('camera_calibration', 'pythonpath')
[75.841s] INFO:colcon.colcon_core.shell:Creating environment hook '/home/bryan/Workspace/ros2_ws/install/camera_calibration/share/camera_calibration/hook/pythonpath.ps1'
[75.843s] INFO:colcon.colcon_core.shell:Creating environment descriptor '/home/bryan/Workspace/ros2_ws/install/camera_calibration/share/camera_calibration/hook/pythonpath.dsv'
[75.857s] INFO:colcon.colcon_core.shell:Creating environment hook '/home/bryan/Workspace/ros2_ws/install/camera_calibration/share/camera_calibration/hook/pythonpath.sh'
[75.871s] Level 1:colcon.colcon_core.environment:checking '/home/bryan/Workspace/ros2_ws/install/camera_calibration/bin'
[75.872s] Level 1:colcon.colcon_core.environment:create_environment_scripts_only(camera_calibration)
[75.873s] INFO:colcon.colcon_core.shell:Creating package script '/home/bryan/Workspace/ros2_ws/install/camera_calibration/share/camera_calibration/package.ps1'
[75.874s] INFO:colcon.colcon_core.shell:Creating package descriptor '/home/bryan/Workspace/ros2_ws/install/camera_calibration/share/camera_calibration/package.dsv'
[75.883s] INFO:colcon.colcon_core.shell:Creating package script '/home/bryan/Workspace/ros2_ws/install/camera_calibration/share/camera_calibration/package.sh'
[75.888s] INFO:colcon.colcon_core.shell:Creating package script '/home/bryan/Workspace/ros2_ws/install/camera_calibration/share/camera_calibration/package.bash'
[75.916s] INFO:colcon.colcon_core.shell:Creating package script '/home/bryan/Workspace/ros2_ws/install/camera_calibration/share/camera_calibration/package.zsh'
[75.917s] Level 1:colcon.colcon_core.environment:create_file_with_runtime_dependencies(/home/bryan/Workspace/ros2_ws/install/camera_calibration/share/colcon-core/packages/camera_calibration)
[75.923s] INFO:colcon.colcon_ros.task.ament_cmake.build:Building ROS package in '/home/bryan/Workspace/ros2_ws/image_pipeline/image_publisher' with build type 'ament_cmake'
[75.924s] INFO:colcon.colcon_cmake.task.cmake.build:Building CMake package in '/home/bryan/Workspace/ros2_ws/image_pipeline/image_publisher'
[75.925s] INFO:colcon.colcon_core.shell:Skip shell extension 'powershell' for command environment: Not usable outside of PowerShell
[75.926s] DEBUG:colcon.colcon_core.shell:Skip shell extension 'dsv' for command environment
[76.075s] DEBUG:colcon.colcon_core.event_handler.log_command:Invoking command in '/home/bryan/Workspace/ros2_ws/build/image_publisher': AMENT_PREFIX_PATH=/home/bryan/Workspace/ros2_ws/install/cv_bridge:${AMENT_PREFIX_PATH} CMAKE_PREFIX_PATH=/home/bryan/Workspace/ros2_ws/install/cv_bridge:/home/bryan/Workspace/ros2_ws/install/image_proc:/home/bryan/Workspace/ros2_ws/install/tracetools_image_pipeline:/home/bryan/Workspace/ros2_ws/install/image_rotate:/home/bryan/Workspace/ros2_ws/install/image_publisher:/home/bryan/Workspace/ros2_ws/install/examples_rclcpp_wait_set:/home/bryan/Workspace/ros2_ws/install/examples_rclcpp_multithreaded_executor:/home/bryan/Workspace/ros2_ws/install/examples_rclcpp_minimal_timer:/home/bryan/Workspace/ros2_ws/install/examples_rclcpp_minimal_subscriber:/home/bryan/Workspace/ros2_ws/install/examples_rclcpp_minimal_service:/home/bryan/Workspace/ros2_ws/install/examples_rclcpp_minimal_publisher:/home/bryan/Workspace/ros2_ws/install/examples_rclcpp_minimal_composition:/home/bryan/Workspace/ros2_ws/install/examples_rclcpp_minimal_client:/home/bryan/Workspace/ros2_ws/install/examples_rclcpp_minimal_action_server:/home/bryan/Workspace/ros2_ws/install/examples_rclcpp_minimal_action_client:/home/bryan/Workspace/ros2_ws/install/examples_rclcpp_cbg_executor:/home/bryan/Workspace/ros2_ws/install/examples_rclcpp_async_client:/home/bryan/Workspace/ros2_ws/install/sprint2:/home/bryan/Workspace/ros2_ws/install/launch_testing_examples:/home/bryan/Workspace/ros2_ws/install/image_converter:/home/bryan/Workspace/ros2_ws/install/first_package:/home/bryan/Workspace/ros2_ws/install/examples_rclpy_pointcloud_publisher:/home/bryan/Workspace/ros2_ws/install/examples_rclpy_minimal_subscriber:/home/bryan/Workspace/ros2_ws/install/examples_rclpy_minimal_service:/home/bryan/Workspace/ros2_ws/install/examples_rclpy_minimal_publisher:/home/bryan/Workspace/ros2_ws/install/examples_rclpy_minimal_client:/home/bryan/Workspace/ros2_ws/install/examples_rclpy_minimal_action_server:/home/bryan/Workspace/ros2_ws/install/examples_rclpy_minimal_action_client:/home/bryan/Workspace/ros2_ws/install/examples_rclpy_guard_conditions:/home/bryan/Workspace/ros2_ws/install/examples_rclpy_executors:/home/bryan/Workspace/ros2_ws/install/camera_calibration:/opt/ros/humble LD_LIBRARY_PATH=/home/bryan/Workspace/ros2_ws/install/cv_bridge/lib:${LD_LIBRARY_PATH} PYTHONPATH=/home/bryan/Workspace/ros2_ws/install/cv_bridge/local/lib/python3.10/dist-packages:${PYTHONPATH} /usr/bin/cmake --build /home/bryan/Workspace/ros2_ws/build/image_publisher -- -j3 -l3
[76.744s] DEBUG:colcon.colcon_core.event_handler.log_command:Invoked command in '/home/bryan/Workspace/ros2_ws/build/image_publisher' returned '0': AMENT_PREFIX_PATH=/home/bryan/Workspace/ros2_ws/install/cv_bridge:${AMENT_PREFIX_PATH} CMAKE_PREFIX_PATH=/home/bryan/Workspace/ros2_ws/install/cv_bridge:/home/bryan/Workspace/ros2_ws/install/image_proc:/home/bryan/Workspace/ros2_ws/install/tracetools_image_pipeline:/home/bryan/Workspace/ros2_ws/install/image_rotate:/home/bryan/Workspace/ros2_ws/install/image_publisher:/home/bryan/Workspace/ros2_ws/install/examples_rclcpp_wait_set:/home/bryan/Workspace/ros2_ws/install/examples_rclcpp_multithreaded_executor:/home/bryan/Workspace/ros2_ws/install/examples_rclcpp_minimal_timer:/home/bryan/Workspace/ros2_ws/install/examples_rclcpp_minimal_subscriber:/home/bryan/Workspace/ros2_ws/install/examples_rclcpp_minimal_service:/home/bryan/Workspace/ros2_ws/install/examples_rclcpp_minimal_publisher:/home/bryan/Workspace/ros2_ws/install/examples_rclcpp_minimal_composition:/home/bryan/Workspace/ros2_ws/install/examples_rclcpp_minimal_client:/home/bryan/Workspace/ros2_ws/install/examples_rclcpp_minimal_action_server:/home/bryan/Workspace/ros2_ws/install/examples_rclcpp_minimal_action_client:/home/bryan/Workspace/ros2_ws/install/examples_rclcpp_cbg_executor:/home/bryan/Workspace/ros2_ws/install/examples_rclcpp_async_client:/home/bryan/Workspace/ros2_ws/install/sprint2:/home/bryan/Workspace/ros2_ws/install/launch_testing_examples:/home/bryan/Workspace/ros2_ws/install/image_converter:/home/bryan/Workspace/ros2_ws/install/first_package:/home/bryan/Workspace/ros2_ws/install/examples_rclpy_pointcloud_publisher:/home/bryan/Workspace/ros2_ws/install/examples_rclpy_minimal_subscriber:/home/bryan/Workspace/ros2_ws/install/examples_rclpy_minimal_service:/home/bryan/Workspace/ros2_ws/install/examples_rclpy_minimal_publisher:/home/bryan/Workspace/ros2_ws/install/examples_rclpy_minimal_client:/home/bryan/Workspace/ros2_ws/install/examples_rclpy_minimal_action_server:/home/bryan/Workspace/ros2_ws/install/examples_rclpy_minimal_action_client:/home/bryan/Workspace/ros2_ws/install/examples_rclpy_guard_conditions:/home/bryan/Workspace/ros2_ws/install/examples_rclpy_executors:/home/bryan/Workspace/ros2_ws/install/camera_calibration:/opt/ros/humble LD_LIBRARY_PATH=/home/bryan/Workspace/ros2_ws/install/cv_bridge/lib:${LD_LIBRARY_PATH} PYTHONPATH=/home/bryan/Workspace/ros2_ws/install/cv_bridge/local/lib/python3.10/dist-packages:${PYTHONPATH} /usr/bin/cmake --build /home/bryan/Workspace/ros2_ws/build/image_publisher -- -j3 -l3
[76.768s] DEBUG:colcon.colcon_core.event_handler.log_command:Invoking command in '/home/bryan/Workspace/ros2_ws/build/image_publisher': AMENT_PREFIX_PATH=/home/bryan/Workspace/ros2_ws/install/cv_bridge:${AMENT_PREFIX_PATH} CMAKE_PREFIX_PATH=/home/bryan/Workspace/ros2_ws/install/cv_bridge:/home/bryan/Workspace/ros2_ws/install/image_proc:/home/bryan/Workspace/ros2_ws/install/tracetools_image_pipeline:/home/bryan/Workspace/ros2_ws/install/image_rotate:/home/bryan/Workspace/ros2_ws/install/image_publisher:/home/bryan/Workspace/ros2_ws/install/examples_rclcpp_wait_set:/home/bryan/Workspace/ros2_ws/install/examples_rclcpp_multithreaded_executor:/home/bryan/Workspace/ros2_ws/install/examples_rclcpp_minimal_timer:/home/bryan/Workspace/ros2_ws/install/examples_rclcpp_minimal_subscriber:/home/bryan/Workspace/ros2_ws/install/examples_rclcpp_minimal_service:/home/bryan/Workspace/ros2_ws/install/examples_rclcpp_minimal_publisher:/home/bryan/Workspace/ros2_ws/install/examples_rclcpp_minimal_composition:/home/bryan/Workspace/ros2_ws/install/examples_rclcpp_minimal_client:/home/bryan/Workspace/ros2_ws/install/examples_rclcpp_minimal_action_server:/home/bryan/Workspace/ros2_ws/install/examples_rclcpp_minimal_action_client:/home/bryan/Workspace/ros2_ws/install/examples_rclcpp_cbg_executor:/home/bryan/Workspace/ros2_ws/install/examples_rclcpp_async_client:/home/bryan/Workspace/ros2_ws/install/sprint2:/home/bryan/Workspace/ros2_ws/install/launch_testing_examples:/home/bryan/Workspace/ros2_ws/install/image_converter:/home/bryan/Workspace/ros2_ws/install/first_package:/home/bryan/Workspace/ros2_ws/install/examples_rclpy_pointcloud_publisher:/home/bryan/Workspace/ros2_ws/install/examples_rclpy_minimal_subscriber:/home/bryan/Workspace/ros2_ws/install/examples_rclpy_minimal_service:/home/bryan/Workspace/ros2_ws/install/examples_rclpy_minimal_publisher:/home/bryan/Workspace/ros2_ws/install/examples_rclpy_minimal_client:/home/bryan/Workspace/ros2_ws/install/examples_rclpy_minimal_action_server:/home/bryan/Workspace/ros2_ws/install/examples_rclpy_minimal_action_client:/home/bryan/Workspace/ros2_ws/install/examples_rclpy_guard_conditions:/home/bryan/Workspace/ros2_ws/install/examples_rclpy_executors:/home/bryan/Workspace/ros2_ws/install/camera_calibration:/opt/ros/humble LD_LIBRARY_PATH=/home/bryan/Workspace/ros2_ws/install/cv_bridge/lib:${LD_LIBRARY_PATH} PYTHONPATH=/home/bryan/Workspace/ros2_ws/install/cv_bridge/local/lib/python3.10/dist-packages:${PYTHONPATH} /usr/bin/cmake --install /home/bryan/Workspace/ros2_ws/build/image_publisher
[76.800s] Level 1:colcon.colcon_core.environment:create_environment_scripts_only(image_publisher)
[76.800s] Level 1:colcon.colcon_core.environment:checking '/home/bryan/Workspace/ros2_ws/install/image_publisher' for CMake module files
[76.801s] Level 1:colcon.colcon_core.environment:checking '/home/bryan/Workspace/ros2_ws/install/image_publisher' for CMake config files
[76.801s] Level 1:colcon.colcon_core.shell:create_environment_hook('image_publisher', 'cmake_prefix_path')
[76.802s] INFO:colcon.colcon_core.shell:Creating environment hook '/home/bryan/Workspace/ros2_ws/install/image_publisher/share/image_publisher/hook/cmake_prefix_path.ps1'
[76.805s] INFO:colcon.colcon_core.shell:Creating environment descriptor '/home/bryan/Workspace/ros2_ws/install/image_publisher/share/image_publisher/hook/cmake_prefix_path.dsv'
[76.806s] INFO:colcon.colcon_core.shell:Creating environment hook '/home/bryan/Workspace/ros2_ws/install/image_publisher/share/image_publisher/hook/cmake_prefix_path.sh'
[76.827s] DEBUG:colcon.colcon_core.event_handler.log_command:Invoked command in '/home/bryan/Workspace/ros2_ws/build/image_publisher' returned '0': AMENT_PREFIX_PATH=/home/bryan/Workspace/ros2_ws/install/cv_bridge:${AMENT_PREFIX_PATH} CMAKE_PREFIX_PATH=/home/bryan/Workspace/ros2_ws/install/cv_bridge:/home/bryan/Workspace/ros2_ws/install/image_proc:/home/bryan/Workspace/ros2_ws/install/tracetools_image_pipeline:/home/bryan/Workspace/ros2_ws/install/image_rotate:/home/bryan/Workspace/ros2_ws/install/image_publisher:/home/bryan/Workspace/ros2_ws/install/examples_rclcpp_wait_set:/home/bryan/Workspace/ros2_ws/install/examples_rclcpp_multithreaded_executor:/home/bryan/Workspace/ros2_ws/install/examples_rclcpp_minimal_timer:/home/bryan/Workspace/ros2_ws/install/examples_rclcpp_minimal_subscriber:/home/bryan/Workspace/ros2_ws/install/examples_rclcpp_minimal_service:/home/bryan/Workspace/ros2_ws/install/examples_rclcpp_minimal_publisher:/home/bryan/Workspace/ros2_ws/install/examples_rclcpp_minimal_composition:/home/bryan/Workspace/ros2_ws/install/examples_rclcpp_minimal_client:/home/bryan/Workspace/ros2_ws/install/examples_rclcpp_minimal_action_server:/home/bryan/Workspace/ros2_ws/install/examples_rclcpp_minimal_action_client:/home/bryan/Workspace/ros2_ws/install/examples_rclcpp_cbg_executor:/home/bryan/Workspace/ros2_ws/install/examples_rclcpp_async_client:/home/bryan/Workspace/ros2_ws/install/sprint2:/home/bryan/Workspace/ros2_ws/install/launch_testing_examples:/home/bryan/Workspace/ros2_ws/install/image_converter:/home/bryan/Workspace/ros2_ws/install/first_package:/home/bryan/Workspace/ros2_ws/install/examples_rclpy_pointcloud_publisher:/home/bryan/Workspace/ros2_ws/install/examples_rclpy_minimal_subscriber:/home/bryan/Workspace/ros2_ws/install/examples_rclpy_minimal_service:/home/bryan/Workspace/ros2_ws/install/examples_rclpy_minimal_publisher:/home/bryan/Workspace/ros2_ws/install/examples_rclpy_minimal_client:/home/bryan/Workspace/ros2_ws/install/examples_rclpy_minimal_action_server:/home/bryan/Workspace/ros2_ws/install/examples_rclpy_minimal_action_client:/home/bryan/Workspace/ros2_ws/install/examples_rclpy_guard_conditions:/home/bryan/Workspace/ros2_ws/install/examples_rclpy_executors:/home/bryan/Workspace/ros2_ws/install/camera_calibration:/opt/ros/humble LD_LIBRARY_PATH=/home/bryan/Workspace/ros2_ws/install/cv_bridge/lib:${LD_LIBRARY_PATH} PYTHONPATH=/home/bryan/Workspace/ros2_ws/install/cv_bridge/local/lib/python3.10/dist-packages:${PYTHONPATH} /usr/bin/cmake --install /home/bryan/Workspace/ros2_ws/build/image_publisher
[76.827s] Level 1:colcon.colcon_core.environment:checking '/home/bryan/Workspace/ros2_ws/install/image_publisher/lib'
[76.827s] Level 1:colcon.colcon_core.shell:create_environment_hook('image_publisher', 'ld_library_path_lib')
[76.828s] INFO:colcon.colcon_core.shell:Creating environment hook '/home/bryan/Workspace/ros2_ws/install/image_publisher/share/image_publisher/hook/ld_library_path_lib.ps1'
[76.829s] INFO:colcon.colcon_core.shell:Creating environment descriptor '/home/bryan/Workspace/ros2_ws/install/image_publisher/share/image_publisher/hook/ld_library_path_lib.dsv'
[76.831s] INFO:colcon.colcon_core.shell:Creating environment hook '/home/bryan/Workspace/ros2_ws/install/image_publisher/share/image_publisher/hook/ld_library_path_lib.sh'
[76.832s] Level 1:colcon.colcon_core.environment:checking '/home/bryan/Workspace/ros2_ws/install/image_publisher/bin'
[76.832s] Level 1:colcon.colcon_core.environment:checking '/home/bryan/Workspace/ros2_ws/install/image_publisher/lib/pkgconfig/image_publisher.pc'
[76.833s] Level 1:colcon.colcon_core.environment:checking '/home/bryan/Workspace/ros2_ws/install/image_publisher/lib/python3.10/site-packages'
[76.833s] Level 1:colcon.colcon_core.environment:checking '/home/bryan/Workspace/ros2_ws/install/image_publisher/bin'
[76.834s] INFO:colcon.colcon_core.shell:Creating package script '/home/bryan/Workspace/ros2_ws/install/image_publisher/share/image_publisher/package.ps1'
[76.835s] INFO:colcon.colcon_core.shell:Creating package descriptor '/home/bryan/Workspace/ros2_ws/install/image_publisher/share/image_publisher/package.dsv'
[76.836s] INFO:colcon.colcon_core.shell:Creating package script '/home/bryan/Workspace/ros2_ws/install/image_publisher/share/image_publisher/package.sh'
[76.838s] INFO:colcon.colcon_core.shell:Creating package script '/home/bryan/Workspace/ros2_ws/install/image_publisher/share/image_publisher/package.bash'
[76.839s] INFO:colcon.colcon_core.shell:Creating package script '/home/bryan/Workspace/ros2_ws/install/image_publisher/share/image_publisher/package.zsh'
[76.853s] Level 1:colcon.colcon_core.environment:create_file_with_runtime_dependencies(/home/bryan/Workspace/ros2_ws/install/image_publisher/share/colcon-core/packages/image_publisher)
[76.855s] Level 1:colcon.colcon_core.environment:create_environment_scripts_only(image_publisher)
[76.856s] Level 1:colcon.colcon_core.environment:checking '/home/bryan/Workspace/ros2_ws/install/image_publisher' for CMake module files
[76.856s] Level 1:colcon.colcon_core.environment:checking '/home/bryan/Workspace/ros2_ws/install/image_publisher' for CMake config files
[76.857s] Level 1:colcon.colcon_core.shell:create_environment_hook('image_publisher', 'cmake_prefix_path')
[76.857s] INFO:colcon.colcon_core.shell:Creating environment hook '/home/bryan/Workspace/ros2_ws/install/image_publisher/share/image_publisher/hook/cmake_prefix_path.ps1'
[76.869s] INFO:colcon.colcon_core.shell:Creating environment descriptor '/home/bryan/Workspace/ros2_ws/install/image_publisher/share/image_publisher/hook/cmake_prefix_path.dsv'
[76.885s] INFO:colcon.colcon_core.shell:Creating environment hook '/home/bryan/Workspace/ros2_ws/install/image_publisher/share/image_publisher/hook/cmake_prefix_path.sh'
[76.888s] Level 1:colcon.colcon_core.environment:checking '/home/bryan/Workspace/ros2_ws/install/image_publisher/lib'
[76.888s] Level 1:colcon.colcon_core.shell:create_environment_hook('image_publisher', 'ld_library_path_lib')
[76.889s] INFO:colcon.colcon_core.shell:Creating environment hook '/home/bryan/Workspace/ros2_ws/install/image_publisher/share/image_publisher/hook/ld_library_path_lib.ps1'
[76.891s] INFO:colcon.colcon_core.shell:Creating environment descriptor '/home/bryan/Workspace/ros2_ws/install/image_publisher/share/image_publisher/hook/ld_library_path_lib.dsv'
[76.892s] INFO:colcon.colcon_core.shell:Creating environment hook '/home/bryan/Workspace/ros2_ws/install/image_publisher/share/image_publisher/hook/ld_library_path_lib.sh'
[76.894s] Level 1:colcon.colcon_core.environment:checking '/home/bryan/Workspace/ros2_ws/install/image_publisher/bin'
[76.895s] Level 1:colcon.colcon_core.environment:checking '/home/bryan/Workspace/ros2_ws/install/image_publisher/lib/pkgconfig/image_publisher.pc'
[76.895s] Level 1:colcon.colcon_core.environment:checking '/home/bryan/Workspace/ros2_ws/install/image_publisher/lib/python3.10/site-packages'
[76.896s] Level 1:colcon.colcon_core.environment:checking '/home/bryan/Workspace/ros2_ws/install/image_publisher/bin'
[76.897s] INFO:colcon.colcon_core.shell:Creating package script '/home/bryan/Workspace/ros2_ws/install/image_publisher/share/image_publisher/package.ps1'
[76.898s] INFO:colcon.colcon_core.shell:Creating package descriptor '/home/bryan/Workspace/ros2_ws/install/image_publisher/share/image_publisher/package.dsv'
[76.901s] INFO:colcon.colcon_core.shell:Creating package script '/home/bryan/Workspace/ros2_ws/install/image_publisher/share/image_publisher/package.sh'
[76.903s] INFO:colcon.colcon_core.shell:Creating package script '/home/bryan/Workspace/ros2_ws/install/image_publisher/share/image_publisher/package.bash'
[76.905s] INFO:colcon.colcon_core.shell:Creating package script '/home/bryan/Workspace/ros2_ws/install/image_publisher/share/image_publisher/package.zsh'
[76.908s] Level 1:colcon.colcon_core.environment:create_file_with_runtime_dependencies(/home/bryan/Workspace/ros2_ws/install/image_publisher/share/colcon-core/packages/image_publisher)
[76.911s] INFO:colcon.colcon_ros.task.ament_cmake.build:Building ROS package in '/home/bryan/Workspace/ros2_ws/image_pipeline/image_rotate' with build type 'ament_cmake'
[76.918s] INFO:colcon.colcon_cmake.task.cmake.build:Building CMake package in '/home/bryan/Workspace/ros2_ws/image_pipeline/image_rotate'
[76.918s] INFO:colcon.colcon_core.shell:Skip shell extension 'powershell' for command environment: Not usable outside of PowerShell
[76.919s] DEBUG:colcon.colcon_core.shell:Skip shell extension 'dsv' for command environment
[77.033s] DEBUG:colcon.colcon_core.event_handler.log_command:Invoking command in '/home/bryan/Workspace/ros2_ws/build/image_rotate': AMENT_PREFIX_PATH=/home/bryan/Workspace/ros2_ws/install/cv_bridge:${AMENT_PREFIX_PATH} CMAKE_PREFIX_PATH=/home/bryan/Workspace/ros2_ws/install/cv_bridge:/home/bryan/Workspace/ros2_ws/install/image_proc:/home/bryan/Workspace/ros2_ws/install/tracetools_image_pipeline:/home/bryan/Workspace/ros2_ws/install/image_rotate:/home/bryan/Workspace/ros2_ws/install/image_publisher:/home/bryan/Workspace/ros2_ws/install/examples_rclcpp_wait_set:/home/bryan/Workspace/ros2_ws/install/examples_rclcpp_multithreaded_executor:/home/bryan/Workspace/ros2_ws/install/examples_rclcpp_minimal_timer:/home/bryan/Workspace/ros2_ws/install/examples_rclcpp_minimal_subscriber:/home/bryan/Workspace/ros2_ws/install/examples_rclcpp_minimal_service:/home/bryan/Workspace/ros2_ws/install/examples_rclcpp_minimal_publisher:/home/bryan/Workspace/ros2_ws/install/examples_rclcpp_minimal_composition:/home/bryan/Workspace/ros2_ws/install/examples_rclcpp_minimal_client:/home/bryan/Workspace/ros2_ws/install/examples_rclcpp_minimal_action_server:/home/bryan/Workspace/ros2_ws/install/examples_rclcpp_minimal_action_client:/home/bryan/Workspace/ros2_ws/install/examples_rclcpp_cbg_executor:/home/bryan/Workspace/ros2_ws/install/examples_rclcpp_async_client:/home/bryan/Workspace/ros2_ws/install/sprint2:/home/bryan/Workspace/ros2_ws/install/launch_testing_examples:/home/bryan/Workspace/ros2_ws/install/image_converter:/home/bryan/Workspace/ros2_ws/install/first_package:/home/bryan/Workspace/ros2_ws/install/examples_rclpy_pointcloud_publisher:/home/bryan/Workspace/ros2_ws/install/examples_rclpy_minimal_subscriber:/home/bryan/Workspace/ros2_ws/install/examples_rclpy_minimal_service:/home/bryan/Workspace/ros2_ws/install/examples_rclpy_minimal_publisher:/home/bryan/Workspace/ros2_ws/install/examples_rclpy_minimal_client:/home/bryan/Workspace/ros2_ws/install/examples_rclpy_minimal_action_server:/home/bryan/Workspace/ros2_ws/install/examples_rclpy_minimal_action_client:/home/bryan/Workspace/ros2_ws/install/examples_rclpy_guard_conditions:/home/bryan/Workspace/ros2_ws/install/examples_rclpy_executors:/home/bryan/Workspace/ros2_ws/install/camera_calibration:/opt/ros/humble LD_LIBRARY_PATH=/home/bryan/Workspace/ros2_ws/install/cv_bridge/lib:${LD_LIBRARY_PATH} PYTHONPATH=/home/bryan/Workspace/ros2_ws/install/cv_bridge/local/lib/python3.10/dist-packages:${PYTHONPATH} /usr/bin/cmake --build /home/bryan/Workspace/ros2_ws/build/image_rotate -- -j3 -l3
[77.271s] DEBUG:colcon.colcon_core.event_handler.log_command:Invoked command in '/home/bryan/Workspace/ros2_ws/build/image_proc' returned '0': AMENT_PREFIX_PATH=/home/bryan/Workspace/ros2_ws/install/image_geometry:/home/bryan/Workspace/ros2_ws/install/cv_bridge:${AMENT_PREFIX_PATH} CMAKE_PREFIX_PATH=/home/bryan/Workspace/ros2_ws/install/tracetools_image_pipeline:/home/bryan/Workspace/ros2_ws/install/image_geometry:/home/bryan/Workspace/ros2_ws/install/cv_bridge:/home/bryan/Workspace/ros2_ws/install/image_proc:/home/bryan/Workspace/ros2_ws/install/image_rotate:/home/bryan/Workspace/ros2_ws/install/image_publisher:/home/bryan/Workspace/ros2_ws/install/examples_rclcpp_wait_set:/home/bryan/Workspace/ros2_ws/install/examples_rclcpp_multithreaded_executor:/home/bryan/Workspace/ros2_ws/install/examples_rclcpp_minimal_timer:/home/bryan/Workspace/ros2_ws/install/examples_rclcpp_minimal_subscriber:/home/bryan/Workspace/ros2_ws/install/examples_rclcpp_minimal_service:/home/bryan/Workspace/ros2_ws/install/examples_rclcpp_minimal_publisher:/home/bryan/Workspace/ros2_ws/install/examples_rclcpp_minimal_composition:/home/bryan/Workspace/ros2_ws/install/examples_rclcpp_minimal_client:/home/bryan/Workspace/ros2_ws/install/examples_rclcpp_minimal_action_server:/home/bryan/Workspace/ros2_ws/install/examples_rclcpp_minimal_action_client:/home/bryan/Workspace/ros2_ws/install/examples_rclcpp_cbg_executor:/home/bryan/Workspace/ros2_ws/install/examples_rclcpp_async_client:/home/bryan/Workspace/ros2_ws/install/sprint2:/home/bryan/Workspace/ros2_ws/install/launch_testing_examples:/home/bryan/Workspace/ros2_ws/install/image_converter:/home/bryan/Workspace/ros2_ws/install/first_package:/home/bryan/Workspace/ros2_ws/install/examples_rclpy_pointcloud_publisher:/home/bryan/Workspace/ros2_ws/install/examples_rclpy_minimal_subscriber:/home/bryan/Workspace/ros2_ws/install/examples_rclpy_minimal_service:/home/bryan/Workspace/ros2_ws/install/examples_rclpy_minimal_publisher:/home/bryan/Workspace/ros2_ws/install/examples_rclpy_minimal_client:/home/bryan/Workspace/ros2_ws/install/examples_rclpy_minimal_action_server:/home/bryan/Workspace/ros2_ws/install/examples_rclpy_minimal_action_client:/home/bryan/Workspace/ros2_ws/install/examples_rclpy_guard_conditions:/home/bryan/Workspace/ros2_ws/install/examples_rclpy_executors:/home/bryan/Workspace/ros2_ws/install/camera_calibration:/opt/ros/humble LD_LIBRARY_PATH=/home/bryan/Workspace/ros2_ws/install/tracetools_image_pipeline/lib:/home/bryan/Workspace/ros2_ws/install/image_geometry/lib:/home/bryan/Workspace/ros2_ws/install/cv_bridge/lib:/home/bryan/Workspace/ros2_ws/install/image_proc/lib:/home/bryan/Workspace/ros2_ws/install/image_rotate/lib:/home/bryan/Workspace/ros2_ws/install/image_publisher/lib:/home/bryan/Workspace/ros2_ws/install/examples_rclcpp_wait_set/lib:/home/bryan/Workspace/ros2_ws/install/examples_rclcpp_minimal_subscriber/lib:/home/bryan/Workspace/ros2_ws/install/examples_rclcpp_minimal_composition/lib:/opt/ros/humble/opt/rviz_ogre_vendor/lib:/opt/ros/humble/lib/x86_64-linux-gnu:/opt/ros/humble/lib PYTHONPATH=/home/bryan/Workspace/ros2_ws/install/image_geometry/local/lib/python3.10/dist-packages:/home/bryan/Workspace/ros2_ws/install/cv_bridge/local/lib/python3.10/dist-packages:${PYTHONPATH} /usr/bin/cmake --build /home/bryan/Workspace/ros2_ws/build/image_proc -- -j3 -l3
[77.271s] DEBUG:colcon.colcon_core.event_handler.log_command:Invoking command in '/home/bryan/Workspace/ros2_ws/build/image_proc': AMENT_PREFIX_PATH=/home/bryan/Workspace/ros2_ws/install/image_geometry:/home/bryan/Workspace/ros2_ws/install/cv_bridge:${AMENT_PREFIX_PATH} CMAKE_PREFIX_PATH=/home/bryan/Workspace/ros2_ws/install/tracetools_image_pipeline:/home/bryan/Workspace/ros2_ws/install/image_geometry:/home/bryan/Workspace/ros2_ws/install/cv_bridge:/home/bryan/Workspace/ros2_ws/install/image_proc:/home/bryan/Workspace/ros2_ws/install/image_rotate:/home/bryan/Workspace/ros2_ws/install/image_publisher:/home/bryan/Workspace/ros2_ws/install/examples_rclcpp_wait_set:/home/bryan/Workspace/ros2_ws/install/examples_rclcpp_multithreaded_executor:/home/bryan/Workspace/ros2_ws/install/examples_rclcpp_minimal_timer:/home/bryan/Workspace/ros2_ws/install/examples_rclcpp_minimal_subscriber:/home/bryan/Workspace/ros2_ws/install/examples_rclcpp_minimal_service:/home/bryan/Workspace/ros2_ws/install/examples_rclcpp_minimal_publisher:/home/bryan/Workspace/ros2_ws/install/examples_rclcpp_minimal_composition:/home/bryan/Workspace/ros2_ws/install/examples_rclcpp_minimal_client:/home/bryan/Workspace/ros2_ws/install/examples_rclcpp_minimal_action_server:/home/bryan/Workspace/ros2_ws/install/examples_rclcpp_minimal_action_client:/home/bryan/Workspace/ros2_ws/install/examples_rclcpp_cbg_executor:/home/bryan/Workspace/ros2_ws/install/examples_rclcpp_async_client:/home/bryan/Workspace/ros2_ws/install/sprint2:/home/bryan/Workspace/ros2_ws/install/launch_testing_examples:/home/bryan/Workspace/ros2_ws/install/image_converter:/home/bryan/Workspace/ros2_ws/install/first_package:/home/bryan/Workspace/ros2_ws/install/examples_rclpy_pointcloud_publisher:/home/bryan/Workspace/ros2_ws/install/examples_rclpy_minimal_subscriber:/home/bryan/Workspace/ros2_ws/install/examples_rclpy_minimal_service:/home/bryan/Workspace/ros2_ws/install/examples_rclpy_minimal_publisher:/home/bryan/Workspace/ros2_ws/install/examples_rclpy_minimal_client:/home/bryan/Workspace/ros2_ws/install/examples_rclpy_minimal_action_server:/home/bryan/Workspace/ros2_ws/install/examples_rclpy_minimal_action_client:/home/bryan/Workspace/ros2_ws/install/examples_rclpy_guard_conditions:/home/bryan/Workspace/ros2_ws/install/examples_rclpy_executors:/home/bryan/Workspace/ros2_ws/install/camera_calibration:/opt/ros/humble LD_LIBRARY_PATH=/home/bryan/Workspace/ros2_ws/install/tracetools_image_pipeline/lib:/home/bryan/Workspace/ros2_ws/install/image_geometry/lib:/home/bryan/Workspace/ros2_ws/install/cv_bridge/lib:/home/bryan/Workspace/ros2_ws/install/image_proc/lib:/home/bryan/Workspace/ros2_ws/install/image_rotate/lib:/home/bryan/Workspace/ros2_ws/install/image_publisher/lib:/home/bryan/Workspace/ros2_ws/install/examples_rclcpp_wait_set/lib:/home/bryan/Workspace/ros2_ws/install/examples_rclcpp_minimal_subscriber/lib:/home/bryan/Workspace/ros2_ws/install/examples_rclcpp_minimal_composition/lib:/opt/ros/humble/opt/rviz_ogre_vendor/lib:/opt/ros/humble/lib/x86_64-linux-gnu:/opt/ros/humble/lib PYTHONPATH=/home/bryan/Workspace/ros2_ws/install/image_geometry/local/lib/python3.10/dist-packages:/home/bryan/Workspace/ros2_ws/install/cv_bridge/local/lib/python3.10/dist-packages:${PYTHONPATH} /usr/bin/cmake --install /home/bryan/Workspace/ros2_ws/build/image_proc
[77.362s] Level 1:colcon.colcon_core.environment:create_environment_scripts_only(image_proc)
[77.363s] Level 1:colcon.colcon_core.environment:checking '/home/bryan/Workspace/ros2_ws/install/image_proc' for CMake module files
[77.363s] Level 1:colcon.colcon_core.environment:checking '/home/bryan/Workspace/ros2_ws/install/image_proc' for CMake config files
[77.364s] Level 1:colcon.colcon_core.shell:create_environment_hook('image_proc', 'cmake_prefix_path')
[77.364s] INFO:colcon.colcon_core.shell:Creating environment hook '/home/bryan/Workspace/ros2_ws/install/image_proc/share/image_proc/hook/cmake_prefix_path.ps1'
[77.365s] INFO:colcon.colcon_core.shell:Creating environment descriptor '/home/bryan/Workspace/ros2_ws/install/image_proc/share/image_proc/hook/cmake_prefix_path.dsv'
[77.366s] DEBUG:colcon.colcon_core.event_handler.log_command:Invoked command in '/home/bryan/Workspace/ros2_ws/build/image_proc' returned '0': AMENT_PREFIX_PATH=/home/bryan/Workspace/ros2_ws/install/image_geometry:/home/bryan/Workspace/ros2_ws/install/cv_bridge:${AMENT_PREFIX_PATH} CMAKE_PREFIX_PATH=/home/bryan/Workspace/ros2_ws/install/tracetools_image_pipeline:/home/bryan/Workspace/ros2_ws/install/image_geometry:/home/bryan/Workspace/ros2_ws/install/cv_bridge:/home/bryan/Workspace/ros2_ws/install/image_proc:/home/bryan/Workspace/ros2_ws/install/image_rotate:/home/bryan/Workspace/ros2_ws/install/image_publisher:/home/bryan/Workspace/ros2_ws/install/examples_rclcpp_wait_set:/home/bryan/Workspace/ros2_ws/install/examples_rclcpp_multithreaded_executor:/home/bryan/Workspace/ros2_ws/install/examples_rclcpp_minimal_timer:/home/bryan/Workspace/ros2_ws/install/examples_rclcpp_minimal_subscriber:/home/bryan/Workspace/ros2_ws/install/examples_rclcpp_minimal_service:/home/bryan/Workspace/ros2_ws/install/examples_rclcpp_minimal_publisher:/home/bryan/Workspace/ros2_ws/install/examples_rclcpp_minimal_composition:/home/bryan/Workspace/ros2_ws/install/examples_rclcpp_minimal_client:/home/bryan/Workspace/ros2_ws/install/examples_rclcpp_minimal_action_server:/home/bryan/Workspace/ros2_ws/install/examples_rclcpp_minimal_action_client:/home/bryan/Workspace/ros2_ws/install/examples_rclcpp_cbg_executor:/home/bryan/Workspace/ros2_ws/install/examples_rclcpp_async_client:/home/bryan/Workspace/ros2_ws/install/sprint2:/home/bryan/Workspace/ros2_ws/install/launch_testing_examples:/home/bryan/Workspace/ros2_ws/install/image_converter:/home/bryan/Workspace/ros2_ws/install/first_package:/home/bryan/Workspace/ros2_ws/install/examples_rclpy_pointcloud_publisher:/home/bryan/Workspace/ros2_ws/install/examples_rclpy_minimal_subscriber:/home/bryan/Workspace/ros2_ws/install/examples_rclpy_minimal_service:/home/bryan/Workspace/ros2_ws/install/examples_rclpy_minimal_publisher:/home/bryan/Workspace/ros2_ws/install/examples_rclpy_minimal_client:/home/bryan/Workspace/ros2_ws/install/examples_rclpy_minimal_action_server:/home/bryan/Workspace/ros2_ws/install/examples_rclpy_minimal_action_client:/home/bryan/Workspace/ros2_ws/install/examples_rclpy_guard_conditions:/home/bryan/Workspace/ros2_ws/install/examples_rclpy_executors:/home/bryan/Workspace/ros2_ws/install/camera_calibration:/opt/ros/humble LD_LIBRARY_PATH=/home/bryan/Workspace/ros2_ws/install/tracetools_image_pipeline/lib:/home/bryan/Workspace/ros2_ws/install/image_geometry/lib:/home/bryan/Workspace/ros2_ws/install/cv_bridge/lib:/home/bryan/Workspace/ros2_ws/install/image_proc/lib:/home/bryan/Workspace/ros2_ws/install/image_rotate/lib:/home/bryan/Workspace/ros2_ws/install/image_publisher/lib:/home/bryan/Workspace/ros2_ws/install/examples_rclcpp_wait_set/lib:/home/bryan/Workspace/ros2_ws/install/examples_rclcpp_minimal_subscriber/lib:/home/bryan/Workspace/ros2_ws/install/examples_rclcpp_minimal_composition/lib:/opt/ros/humble/opt/rviz_ogre_vendor/lib:/opt/ros/humble/lib/x86_64-linux-gnu:/opt/ros/humble/lib PYTHONPATH=/home/bryan/Workspace/ros2_ws/install/image_geometry/local/lib/python3.10/dist-packages:/home/bryan/Workspace/ros2_ws/install/cv_bridge/local/lib/python3.10/dist-packages:${PYTHONPATH} /usr/bin/cmake --install /home/bryan/Workspace/ros2_ws/build/image_proc
[77.367s] INFO:colcon.colcon_core.shell:Creating environment hook '/home/bryan/Workspace/ros2_ws/install/image_proc/share/image_proc/hook/cmake_prefix_path.sh'
[77.368s] Level 1:colcon.colcon_core.environment:checking '/home/bryan/Workspace/ros2_ws/install/image_proc/lib'
[77.368s] Level 1:colcon.colcon_core.shell:create_environment_hook('image_proc', 'ld_library_path_lib')
[77.368s] INFO:colcon.colcon_core.shell:Creating environment hook '/home/bryan/Workspace/ros2_ws/install/image_proc/share/image_proc/hook/ld_library_path_lib.ps1'
[77.369s] INFO:colcon.colcon_core.shell:Creating environment descriptor '/home/bryan/Workspace/ros2_ws/install/image_proc/share/image_proc/hook/ld_library_path_lib.dsv'
[77.370s] INFO:colcon.colcon_core.shell:Creating environment hook '/home/bryan/Workspace/ros2_ws/install/image_proc/share/image_proc/hook/ld_library_path_lib.sh'
[77.372s] Level 1:colcon.colcon_core.environment:checking '/home/bryan/Workspace/ros2_ws/install/image_proc/bin'
[77.372s] Level 1:colcon.colcon_core.shell:create_environment_hook('image_proc', 'path')
[77.372s] INFO:colcon.colcon_core.shell:Creating environment hook '/home/bryan/Workspace/ros2_ws/install/image_proc/share/image_proc/hook/path.ps1'
[77.373s] INFO:colcon.colcon_core.shell:Creating environment descriptor '/home/bryan/Workspace/ros2_ws/install/image_proc/share/image_proc/hook/path.dsv'
[77.379s] INFO:colcon.colcon_core.shell:Creating environment hook '/home/bryan/Workspace/ros2_ws/install/image_proc/share/image_proc/hook/path.sh'
[77.380s] Level 1:colcon.colcon_core.environment:checking '/home/bryan/Workspace/ros2_ws/install/image_proc/lib/pkgconfig/image_proc.pc'
[77.380s] Level 1:colcon.colcon_core.environment:checking '/home/bryan/Workspace/ros2_ws/install/image_proc/lib/python3.10/site-packages'
[77.381s] Level 1:colcon.colcon_core.environment:checking '/home/bryan/Workspace/ros2_ws/install/image_proc/bin'
[77.381s] Level 1:colcon.colcon_core.shell:create_environment_hook('image_proc', 'pythonscriptspath')
[77.381s] INFO:colcon.colcon_core.shell:Creating environment hook '/home/bryan/Workspace/ros2_ws/install/image_proc/share/image_proc/hook/pythonscriptspath.ps1'
[77.383s] INFO:colcon.colcon_core.shell:Creating environment descriptor '/home/bryan/Workspace/ros2_ws/install/image_proc/share/image_proc/hook/pythonscriptspath.dsv'
[77.384s] INFO:colcon.colcon_core.shell:Creating environment hook '/home/bryan/Workspace/ros2_ws/install/image_proc/share/image_proc/hook/pythonscriptspath.sh'
[77.385s] INFO:colcon.colcon_core.shell:Creating package script '/home/bryan/Workspace/ros2_ws/install/image_proc/share/image_proc/package.ps1'
[77.387s] INFO:colcon.colcon_core.shell:Creating package descriptor '/home/bryan/Workspace/ros2_ws/install/image_proc/share/image_proc/package.dsv'
[77.388s] INFO:colcon.colcon_core.shell:Creating package script '/home/bryan/Workspace/ros2_ws/install/image_proc/share/image_proc/package.sh'
[77.389s] INFO:colcon.colcon_core.shell:Creating package script '/home/bryan/Workspace/ros2_ws/install/image_proc/share/image_proc/package.bash'
[77.390s] INFO:colcon.colcon_core.shell:Creating package script '/home/bryan/Workspace/ros2_ws/install/image_proc/share/image_proc/package.zsh'
[77.391s] Level 1:colcon.colcon_core.environment:create_file_with_runtime_dependencies(/home/bryan/Workspace/ros2_ws/install/image_proc/share/colcon-core/packages/image_proc)
[77.393s] Level 1:colcon.colcon_core.environment:create_environment_scripts_only(image_proc)
[77.393s] Level 1:colcon.colcon_core.environment:checking '/home/bryan/Workspace/ros2_ws/install/image_proc' for CMake module files
[77.394s] Level 1:colcon.colcon_core.environment:checking '/home/bryan/Workspace/ros2_ws/install/image_proc' for CMake config files
[77.394s] Level 1:colcon.colcon_core.shell:create_environment_hook('image_proc', 'cmake_prefix_path')
[77.395s] INFO:colcon.colcon_core.shell:Creating environment hook '/home/bryan/Workspace/ros2_ws/install/image_proc/share/image_proc/hook/cmake_prefix_path.ps1'
[77.395s] INFO:colcon.colcon_core.shell:Creating environment descriptor '/home/bryan/Workspace/ros2_ws/install/image_proc/share/image_proc/hook/cmake_prefix_path.dsv'
[77.396s] INFO:colcon.colcon_core.shell:Creating environment hook '/home/bryan/Workspace/ros2_ws/install/image_proc/share/image_proc/hook/cmake_prefix_path.sh'
[77.398s] Level 1:colcon.colcon_core.environment:checking '/home/bryan/Workspace/ros2_ws/install/image_proc/lib'
[77.398s] Level 1:colcon.colcon_core.shell:create_environment_hook('image_proc', 'ld_library_path_lib')
[77.398s] INFO:colcon.colcon_core.shell:Creating environment hook '/home/bryan/Workspace/ros2_ws/install/image_proc/share/image_proc/hook/ld_library_path_lib.ps1'
[77.399s] INFO:colcon.colcon_core.shell:Creating environment descriptor '/home/bryan/Workspace/ros2_ws/install/image_proc/share/image_proc/hook/ld_library_path_lib.dsv'
[77.400s] INFO:colcon.colcon_core.shell:Creating environment hook '/home/bryan/Workspace/ros2_ws/install/image_proc/share/image_proc/hook/ld_library_path_lib.sh'
[77.401s] Level 1:colcon.colcon_core.environment:checking '/home/bryan/Workspace/ros2_ws/install/image_proc/bin'
[77.401s] Level 1:colcon.colcon_core.shell:create_environment_hook('image_proc', 'path')
[77.402s] INFO:colcon.colcon_core.shell:Creating environment hook '/home/bryan/Workspace/ros2_ws/install/image_proc/share/image_proc/hook/path.ps1'
[77.402s] INFO:colcon.colcon_core.shell:Creating environment descriptor '/home/bryan/Workspace/ros2_ws/install/image_proc/share/image_proc/hook/path.dsv'
[77.403s] INFO:colcon.colcon_core.shell:Creating environment hook '/home/bryan/Workspace/ros2_ws/install/image_proc/share/image_proc/hook/path.sh'
[77.404s] Level 1:colcon.colcon_core.environment:checking '/home/bryan/Workspace/ros2_ws/install/image_proc/lib/pkgconfig/image_proc.pc'
[77.405s] Level 1:colcon.colcon_core.environment:checking '/home/bryan/Workspace/ros2_ws/install/image_proc/lib/python3.10/site-packages'
[77.405s] Level 1:colcon.colcon_core.environment:checking '/home/bryan/Workspace/ros2_ws/install/image_proc/bin'
[77.405s] Level 1:colcon.colcon_core.shell:create_environment_hook('image_proc', 'pythonscriptspath')
[77.406s] INFO:colcon.colcon_core.shell:Creating environment hook '/home/bryan/Workspace/ros2_ws/install/image_proc/share/image_proc/hook/pythonscriptspath.ps1'
[77.406s] INFO:colcon.colcon_core.shell:Creating environment descriptor '/home/bryan/Workspace/ros2_ws/install/image_proc/share/image_proc/hook/pythonscriptspath.dsv'
[77.407s] INFO:colcon.colcon_core.shell:Creating environment hook '/home/bryan/Workspace/ros2_ws/install/image_proc/share/image_proc/hook/pythonscriptspath.sh'
[77.409s] INFO:colcon.colcon_core.shell:Creating package script '/home/bryan/Workspace/ros2_ws/install/image_proc/share/image_proc/package.ps1'
[77.410s] INFO:colcon.colcon_core.shell:Creating package descriptor '/home/bryan/Workspace/ros2_ws/install/image_proc/share/image_proc/package.dsv'
[77.411s] INFO:colcon.colcon_core.shell:Creating package script '/home/bryan/Workspace/ros2_ws/install/image_proc/share/image_proc/package.sh'
[77.414s] INFO:colcon.colcon_core.shell:Creating package script '/home/bryan/Workspace/ros2_ws/install/image_proc/share/image_proc/package.bash'
[77.415s] INFO:colcon.colcon_core.shell:Creating package script '/home/bryan/Workspace/ros2_ws/install/image_proc/share/image_proc/package.zsh'
[77.417s] Level 1:colcon.colcon_core.environment:create_file_with_runtime_dependencies(/home/bryan/Workspace/ros2_ws/install/image_proc/share/colcon-core/packages/image_proc)
[77.418s] INFO:colcon.colcon_ros.task.ament_cmake.build:Building ROS package in '/home/bryan/Workspace/ros2_ws/image_pipeline/image_view' with build type 'ament_cmake'
[77.419s] INFO:colcon.colcon_cmake.task.cmake.build:Building CMake package in '/home/bryan/Workspace/ros2_ws/image_pipeline/image_view'
[77.420s] INFO:colcon.colcon_core.shell:Skip shell extension 'powershell' for command environment: Not usable outside of PowerShell
[77.420s] DEBUG:colcon.colcon_core.shell:Skip shell extension 'dsv' for command environment
[77.538s] DEBUG:colcon.colcon_core.event_handler.log_command:Invoking command in '/home/bryan/Workspace/ros2_ws/build/image_view': AMENT_PREFIX_PATH=/home/bryan/Workspace/ros2_ws/install/cv_bridge:${AMENT_PREFIX_PATH} CMAKE_PREFIX_PATH=/home/bryan/Workspace/ros2_ws/install/cv_bridge:/home/bryan/Workspace/ros2_ws/install/image_proc:/home/bryan/Workspace/ros2_ws/install/tracetools_image_pipeline:/home/bryan/Workspace/ros2_ws/install/image_rotate:/home/bryan/Workspace/ros2_ws/install/image_publisher:/home/bryan/Workspace/ros2_ws/install/examples_rclcpp_wait_set:/home/bryan/Workspace/ros2_ws/install/examples_rclcpp_multithreaded_executor:/home/bryan/Workspace/ros2_ws/install/examples_rclcpp_minimal_timer:/home/bryan/Workspace/ros2_ws/install/examples_rclcpp_minimal_subscriber:/home/bryan/Workspace/ros2_ws/install/examples_rclcpp_minimal_service:/home/bryan/Workspace/ros2_ws/install/examples_rclcpp_minimal_publisher:/home/bryan/Workspace/ros2_ws/install/examples_rclcpp_minimal_composition:/home/bryan/Workspace/ros2_ws/install/examples_rclcpp_minimal_client:/home/bryan/Workspace/ros2_ws/install/examples_rclcpp_minimal_action_server:/home/bryan/Workspace/ros2_ws/install/examples_rclcpp_minimal_action_client:/home/bryan/Workspace/ros2_ws/install/examples_rclcpp_cbg_executor:/home/bryan/Workspace/ros2_ws/install/examples_rclcpp_async_client:/home/bryan/Workspace/ros2_ws/install/sprint2:/home/bryan/Workspace/ros2_ws/install/launch_testing_examples:/home/bryan/Workspace/ros2_ws/install/image_converter:/home/bryan/Workspace/ros2_ws/install/first_package:/home/bryan/Workspace/ros2_ws/install/examples_rclpy_pointcloud_publisher:/home/bryan/Workspace/ros2_ws/install/examples_rclpy_minimal_subscriber:/home/bryan/Workspace/ros2_ws/install/examples_rclpy_minimal_service:/home/bryan/Workspace/ros2_ws/install/examples_rclpy_minimal_publisher:/home/bryan/Workspace/ros2_ws/install/examples_rclpy_minimal_client:/home/bryan/Workspace/ros2_ws/install/examples_rclpy_minimal_action_server:/home/bryan/Workspace/ros2_ws/install/examples_rclpy_minimal_action_client:/home/bryan/Workspace/ros2_ws/install/examples_rclpy_guard_conditions:/home/bryan/Workspace/ros2_ws/install/examples_rclpy_executors:/home/bryan/Workspace/ros2_ws/install/camera_calibration:/opt/ros/humble LD_LIBRARY_PATH=/home/bryan/Workspace/ros2_ws/install/cv_bridge/lib:${LD_LIBRARY_PATH} PYTHONPATH=/home/bryan/Workspace/ros2_ws/install/cv_bridge/local/lib/python3.10/dist-packages:${PYTHONPATH} /usr/bin/cmake --build /home/bryan/Workspace/ros2_ws/build/image_view -- -j3 -l3
[77.711s] DEBUG:colcon.colcon_core.event_handler.log_command:Invoked command in '/home/bryan/Workspace/ros2_ws/build/image_rotate' returned '0': AMENT_PREFIX_PATH=/home/bryan/Workspace/ros2_ws/install/cv_bridge:${AMENT_PREFIX_PATH} CMAKE_PREFIX_PATH=/home/bryan/Workspace/ros2_ws/install/cv_bridge:/home/bryan/Workspace/ros2_ws/install/image_proc:/home/bryan/Workspace/ros2_ws/install/tracetools_image_pipeline:/home/bryan/Workspace/ros2_ws/install/image_rotate:/home/bryan/Workspace/ros2_ws/install/image_publisher:/home/bryan/Workspace/ros2_ws/install/examples_rclcpp_wait_set:/home/bryan/Workspace/ros2_ws/install/examples_rclcpp_multithreaded_executor:/home/bryan/Workspace/ros2_ws/install/examples_rclcpp_minimal_timer:/home/bryan/Workspace/ros2_ws/install/examples_rclcpp_minimal_subscriber:/home/bryan/Workspace/ros2_ws/install/examples_rclcpp_minimal_service:/home/bryan/Workspace/ros2_ws/install/examples_rclcpp_minimal_publisher:/home/bryan/Workspace/ros2_ws/install/examples_rclcpp_minimal_composition:/home/bryan/Workspace/ros2_ws/install/examples_rclcpp_minimal_client:/home/bryan/Workspace/ros2_ws/install/examples_rclcpp_minimal_action_server:/home/bryan/Workspace/ros2_ws/install/examples_rclcpp_minimal_action_client:/home/bryan/Workspace/ros2_ws/install/examples_rclcpp_cbg_executor:/home/bryan/Workspace/ros2_ws/install/examples_rclcpp_async_client:/home/bryan/Workspace/ros2_ws/install/sprint2:/home/bryan/Workspace/ros2_ws/install/launch_testing_examples:/home/bryan/Workspace/ros2_ws/install/image_converter:/home/bryan/Workspace/ros2_ws/install/first_package:/home/bryan/Workspace/ros2_ws/install/examples_rclpy_pointcloud_publisher:/home/bryan/Workspace/ros2_ws/install/examples_rclpy_minimal_subscriber:/home/bryan/Workspace/ros2_ws/install/examples_rclpy_minimal_service:/home/bryan/Workspace/ros2_ws/install/examples_rclpy_minimal_publisher:/home/bryan/Workspace/ros2_ws/install/examples_rclpy_minimal_client:/home/bryan/Workspace/ros2_ws/install/examples_rclpy_minimal_action_server:/home/bryan/Workspace/ros2_ws/install/examples_rclpy_minimal_action_client:/home/bryan/Workspace/ros2_ws/install/examples_rclpy_guard_conditions:/home/bryan/Workspace/ros2_ws/install/examples_rclpy_executors:/home/bryan/Workspace/ros2_ws/install/camera_calibration:/opt/ros/humble LD_LIBRARY_PATH=/home/bryan/Workspace/ros2_ws/install/cv_bridge/lib:${LD_LIBRARY_PATH} PYTHONPATH=/home/bryan/Workspace/ros2_ws/install/cv_bridge/local/lib/python3.10/dist-packages:${PYTHONPATH} /usr/bin/cmake --build /home/bryan/Workspace/ros2_ws/build/image_rotate -- -j3 -l3
[77.747s] DEBUG:colcon.colcon_core.event_handler.log_command:Invoking command in '/home/bryan/Workspace/ros2_ws/build/image_rotate': AMENT_PREFIX_PATH=/home/bryan/Workspace/ros2_ws/install/cv_bridge:${AMENT_PREFIX_PATH} CMAKE_PREFIX_PATH=/home/bryan/Workspace/ros2_ws/install/cv_bridge:/home/bryan/Workspace/ros2_ws/install/image_proc:/home/bryan/Workspace/ros2_ws/install/tracetools_image_pipeline:/home/bryan/Workspace/ros2_ws/install/image_rotate:/home/bryan/Workspace/ros2_ws/install/image_publisher:/home/bryan/Workspace/ros2_ws/install/examples_rclcpp_wait_set:/home/bryan/Workspace/ros2_ws/install/examples_rclcpp_multithreaded_executor:/home/bryan/Workspace/ros2_ws/install/examples_rclcpp_minimal_timer:/home/bryan/Workspace/ros2_ws/install/examples_rclcpp_minimal_subscriber:/home/bryan/Workspace/ros2_ws/install/examples_rclcpp_minimal_service:/home/bryan/Workspace/ros2_ws/install/examples_rclcpp_minimal_publisher:/home/bryan/Workspace/ros2_ws/install/examples_rclcpp_minimal_composition:/home/bryan/Workspace/ros2_ws/install/examples_rclcpp_minimal_client:/home/bryan/Workspace/ros2_ws/install/examples_rclcpp_minimal_action_server:/home/bryan/Workspace/ros2_ws/install/examples_rclcpp_minimal_action_client:/home/bryan/Workspace/ros2_ws/install/examples_rclcpp_cbg_executor:/home/bryan/Workspace/ros2_ws/install/examples_rclcpp_async_client:/home/bryan/Workspace/ros2_ws/install/sprint2:/home/bryan/Workspace/ros2_ws/install/launch_testing_examples:/home/bryan/Workspace/ros2_ws/install/image_converter:/home/bryan/Workspace/ros2_ws/install/first_package:/home/bryan/Workspace/ros2_ws/install/examples_rclpy_pointcloud_publisher:/home/bryan/Workspace/ros2_ws/install/examples_rclpy_minimal_subscriber:/home/bryan/Workspace/ros2_ws/install/examples_rclpy_minimal_service:/home/bryan/Workspace/ros2_ws/install/examples_rclpy_minimal_publisher:/home/bryan/Workspace/ros2_ws/install/examples_rclpy_minimal_client:/home/bryan/Workspace/ros2_ws/install/examples_rclpy_minimal_action_server:/home/bryan/Workspace/ros2_ws/install/examples_rclpy_minimal_action_client:/home/bryan/Workspace/ros2_ws/install/examples_rclpy_guard_conditions:/home/bryan/Workspace/ros2_ws/install/examples_rclpy_executors:/home/bryan/Workspace/ros2_ws/install/camera_calibration:/opt/ros/humble LD_LIBRARY_PATH=/home/bryan/Workspace/ros2_ws/install/cv_bridge/lib:${LD_LIBRARY_PATH} PYTHONPATH=/home/bryan/Workspace/ros2_ws/install/cv_bridge/local/lib/python3.10/dist-packages:${PYTHONPATH} /usr/bin/cmake --install /home/bryan/Workspace/ros2_ws/build/image_rotate
[77.785s] Level 1:colcon.colcon_core.environment:create_environment_scripts_only(image_rotate)
[77.785s] Level 1:colcon.colcon_core.environment:checking '/home/bryan/Workspace/ros2_ws/install/image_rotate' for CMake module files
[77.786s] Level 1:colcon.colcon_core.environment:checking '/home/bryan/Workspace/ros2_ws/install/image_rotate' for CMake config files
[77.786s] Level 1:colcon.colcon_core.shell:create_environment_hook('image_rotate', 'cmake_prefix_path')
[77.787s] INFO:colcon.colcon_core.shell:Creating environment hook '/home/bryan/Workspace/ros2_ws/install/image_rotate/share/image_rotate/hook/cmake_prefix_path.ps1'
[77.788s] INFO:colcon.colcon_core.shell:Creating environment descriptor '/home/bryan/Workspace/ros2_ws/install/image_rotate/share/image_rotate/hook/cmake_prefix_path.dsv'
[77.792s] INFO:colcon.colcon_core.shell:Creating environment hook '/home/bryan/Workspace/ros2_ws/install/image_rotate/share/image_rotate/hook/cmake_prefix_path.sh'
[77.828s] DEBUG:colcon.colcon_core.event_handler.log_command:Invoked command in '/home/bryan/Workspace/ros2_ws/build/image_rotate' returned '0': AMENT_PREFIX_PATH=/home/bryan/Workspace/ros2_ws/install/cv_bridge:${AMENT_PREFIX_PATH} CMAKE_PREFIX_PATH=/home/bryan/Workspace/ros2_ws/install/cv_bridge:/home/bryan/Workspace/ros2_ws/install/image_proc:/home/bryan/Workspace/ros2_ws/install/tracetools_image_pipeline:/home/bryan/Workspace/ros2_ws/install/image_rotate:/home/bryan/Workspace/ros2_ws/install/image_publisher:/home/bryan/Workspace/ros2_ws/install/examples_rclcpp_wait_set:/home/bryan/Workspace/ros2_ws/install/examples_rclcpp_multithreaded_executor:/home/bryan/Workspace/ros2_ws/install/examples_rclcpp_minimal_timer:/home/bryan/Workspace/ros2_ws/install/examples_rclcpp_minimal_subscriber:/home/bryan/Workspace/ros2_ws/install/examples_rclcpp_minimal_service:/home/bryan/Workspace/ros2_ws/install/examples_rclcpp_minimal_publisher:/home/bryan/Workspace/ros2_ws/install/examples_rclcpp_minimal_composition:/home/bryan/Workspace/ros2_ws/install/examples_rclcpp_minimal_client:/home/bryan/Workspace/ros2_ws/install/examples_rclcpp_minimal_action_server:/home/bryan/Workspace/ros2_ws/install/examples_rclcpp_minimal_action_client:/home/bryan/Workspace/ros2_ws/install/examples_rclcpp_cbg_executor:/home/bryan/Workspace/ros2_ws/install/examples_rclcpp_async_client:/home/bryan/Workspace/ros2_ws/install/sprint2:/home/bryan/Workspace/ros2_ws/install/launch_testing_examples:/home/bryan/Workspace/ros2_ws/install/image_converter:/home/bryan/Workspace/ros2_ws/install/first_package:/home/bryan/Workspace/ros2_ws/install/examples_rclpy_pointcloud_publisher:/home/bryan/Workspace/ros2_ws/install/examples_rclpy_minimal_subscriber:/home/bryan/Workspace/ros2_ws/install/examples_rclpy_minimal_service:/home/bryan/Workspace/ros2_ws/install/examples_rclpy_minimal_publisher:/home/bryan/Workspace/ros2_ws/install/examples_rclpy_minimal_client:/home/bryan/Workspace/ros2_ws/install/examples_rclpy_minimal_action_server:/home/bryan/Workspace/ros2_ws/install/examples_rclpy_minimal_action_client:/home/bryan/Workspace/ros2_ws/install/examples_rclpy_guard_conditions:/home/bryan/Workspace/ros2_ws/install/examples_rclpy_executors:/home/bryan/Workspace/ros2_ws/install/camera_calibration:/opt/ros/humble LD_LIBRARY_PATH=/home/bryan/Workspace/ros2_ws/install/cv_bridge/lib:${LD_LIBRARY_PATH} PYTHONPATH=/home/bryan/Workspace/ros2_ws/install/cv_bridge/local/lib/python3.10/dist-packages:${PYTHONPATH} /usr/bin/cmake --install /home/bryan/Workspace/ros2_ws/build/image_rotate
[77.828s] Level 1:colcon.colcon_core.environment:checking '/home/bryan/Workspace/ros2_ws/install/image_rotate/lib'
[77.828s] Level 1:colcon.colcon_core.shell:create_environment_hook('image_rotate', 'ld_library_path_lib')
[77.829s] INFO:colcon.colcon_core.shell:Creating environment hook '/home/bryan/Workspace/ros2_ws/install/image_rotate/share/image_rotate/hook/ld_library_path_lib.ps1'
[77.830s] INFO:colcon.colcon_core.shell:Creating environment descriptor '/home/bryan/Workspace/ros2_ws/install/image_rotate/share/image_rotate/hook/ld_library_path_lib.dsv'
[77.832s] INFO:colcon.colcon_core.shell:Creating environment hook '/home/bryan/Workspace/ros2_ws/install/image_rotate/share/image_rotate/hook/ld_library_path_lib.sh'
[77.834s] Level 1:colcon.colcon_core.environment:checking '/home/bryan/Workspace/ros2_ws/install/image_rotate/bin'
[77.834s] Level 1:colcon.colcon_core.environment:checking '/home/bryan/Workspace/ros2_ws/install/image_rotate/lib/pkgconfig/image_rotate.pc'
[77.835s] Level 1:colcon.colcon_core.environment:checking '/home/bryan/Workspace/ros2_ws/install/image_rotate/lib/python3.10/site-packages'
[77.836s] Level 1:colcon.colcon_core.environment:checking '/home/bryan/Workspace/ros2_ws/install/image_rotate/bin'
[77.837s] INFO:colcon.colcon_core.shell:Creating package script '/home/bryan/Workspace/ros2_ws/install/image_rotate/share/image_rotate/package.ps1'
[77.839s] INFO:colcon.colcon_core.shell:Creating package descriptor '/home/bryan/Workspace/ros2_ws/install/image_rotate/share/image_rotate/package.dsv'
[77.841s] INFO:colcon.colcon_core.shell:Creating package script '/home/bryan/Workspace/ros2_ws/install/image_rotate/share/image_rotate/package.sh'
[77.845s] INFO:colcon.colcon_core.shell:Creating package script '/home/bryan/Workspace/ros2_ws/install/image_rotate/share/image_rotate/package.bash'
[77.848s] INFO:colcon.colcon_core.shell:Creating package script '/home/bryan/Workspace/ros2_ws/install/image_rotate/share/image_rotate/package.zsh'
[77.849s] Level 1:colcon.colcon_core.environment:create_file_with_runtime_dependencies(/home/bryan/Workspace/ros2_ws/install/image_rotate/share/colcon-core/packages/image_rotate)
[77.850s] Level 1:colcon.colcon_core.environment:create_environment_scripts_only(image_rotate)
[77.851s] Level 1:colcon.colcon_core.environment:checking '/home/bryan/Workspace/ros2_ws/install/image_rotate' for CMake module files
[77.851s] Level 1:colcon.colcon_core.environment:checking '/home/bryan/Workspace/ros2_ws/install/image_rotate' for CMake config files
[77.852s] Level 1:colcon.colcon_core.shell:create_environment_hook('image_rotate', 'cmake_prefix_path')
[77.852s] INFO:colcon.colcon_core.shell:Creating environment hook '/home/bryan/Workspace/ros2_ws/install/image_rotate/share/image_rotate/hook/cmake_prefix_path.ps1'
[77.856s] INFO:colcon.colcon_core.shell:Creating environment descriptor '/home/bryan/Workspace/ros2_ws/install/image_rotate/share/image_rotate/hook/cmake_prefix_path.dsv'
[77.857s] INFO:colcon.colcon_core.shell:Creating environment hook '/home/bryan/Workspace/ros2_ws/install/image_rotate/share/image_rotate/hook/cmake_prefix_path.sh'
[77.860s] Level 1:colcon.colcon_core.environment:checking '/home/bryan/Workspace/ros2_ws/install/image_rotate/lib'
[77.860s] Level 1:colcon.colcon_core.shell:create_environment_hook('image_rotate', 'ld_library_path_lib')
[77.861s] INFO:colcon.colcon_core.shell:Creating environment hook '/home/bryan/Workspace/ros2_ws/install/image_rotate/share/image_rotate/hook/ld_library_path_lib.ps1'
[77.863s] INFO:colcon.colcon_core.shell:Creating environment descriptor '/home/bryan/Workspace/ros2_ws/install/image_rotate/share/image_rotate/hook/ld_library_path_lib.dsv'
[77.865s] INFO:colcon.colcon_core.shell:Creating environment hook '/home/bryan/Workspace/ros2_ws/install/image_rotate/share/image_rotate/hook/ld_library_path_lib.sh'
[77.872s] Level 1:colcon.colcon_core.environment:checking '/home/bryan/Workspace/ros2_ws/install/image_rotate/bin'
[77.872s] Level 1:colcon.colcon_core.environment:checking '/home/bryan/Workspace/ros2_ws/install/image_rotate/lib/pkgconfig/image_rotate.pc'
[77.873s] Level 1:colcon.colcon_core.environment:checking '/home/bryan/Workspace/ros2_ws/install/image_rotate/lib/python3.10/site-packages'
[77.874s] Level 1:colcon.colcon_core.environment:checking '/home/bryan/Workspace/ros2_ws/install/image_rotate/bin'
[77.876s] INFO:colcon.colcon_core.shell:Creating package script '/home/bryan/Workspace/ros2_ws/install/image_rotate/share/image_rotate/package.ps1'
[77.894s] INFO:colcon.colcon_core.shell:Creating package descriptor '/home/bryan/Workspace/ros2_ws/install/image_rotate/share/image_rotate/package.dsv'
[77.897s] INFO:colcon.colcon_core.shell:Creating package script '/home/bryan/Workspace/ros2_ws/install/image_rotate/share/image_rotate/package.sh'
[77.898s] INFO:colcon.colcon_core.shell:Creating package script '/home/bryan/Workspace/ros2_ws/install/image_rotate/share/image_rotate/package.bash'
[77.901s] INFO:colcon.colcon_core.shell:Creating package script '/home/bryan/Workspace/ros2_ws/install/image_rotate/share/image_rotate/package.zsh'
[77.903s] Level 1:colcon.colcon_core.environment:create_file_with_runtime_dependencies(/home/bryan/Workspace/ros2_ws/install/image_rotate/share/colcon-core/packages/image_rotate)
[77.929s] INFO:colcon.colcon_ros.task.ament_cmake.build:Building ROS package in '/home/bryan/Workspace/ros2_ws/image_pipeline/stereo_image_proc' with build type 'ament_cmake'
[77.930s] INFO:colcon.colcon_cmake.task.cmake.build:Building CMake package in '/home/bryan/Workspace/ros2_ws/image_pipeline/stereo_image_proc'
[77.930s] INFO:colcon.colcon_core.shell:Skip shell extension 'powershell' for command environment: Not usable outside of PowerShell
[77.930s] DEBUG:colcon.colcon_core.shell:Skip shell extension 'dsv' for command environment
[78.124s] DEBUG:colcon.colcon_core.event_handler.log_command:Invoking command in '/home/bryan/Workspace/ros2_ws/build/stereo_image_proc': AMENT_PREFIX_PATH=/home/bryan/Workspace/ros2_ws/install/image_geometry:/home/bryan/Workspace/ros2_ws/install/cv_bridge:${AMENT_PREFIX_PATH} CMAKE_PREFIX_PATH=/home/bryan/Workspace/ros2_ws/install/image_proc:/home/bryan/Workspace/ros2_ws/install/tracetools_image_pipeline:/home/bryan/Workspace/ros2_ws/install/image_geometry:/home/bryan/Workspace/ros2_ws/install/cv_bridge:/home/bryan/Workspace/ros2_ws/install/image_rotate:/home/bryan/Workspace/ros2_ws/install/image_publisher:/home/bryan/Workspace/ros2_ws/install/examples_rclcpp_wait_set:/home/bryan/Workspace/ros2_ws/install/examples_rclcpp_multithreaded_executor:/home/bryan/Workspace/ros2_ws/install/examples_rclcpp_minimal_timer:/home/bryan/Workspace/ros2_ws/install/examples_rclcpp_minimal_subscriber:/home/bryan/Workspace/ros2_ws/install/examples_rclcpp_minimal_service:/home/bryan/Workspace/ros2_ws/install/examples_rclcpp_minimal_publisher:/home/bryan/Workspace/ros2_ws/install/examples_rclcpp_minimal_composition:/home/bryan/Workspace/ros2_ws/install/examples_rclcpp_minimal_client:/home/bryan/Workspace/ros2_ws/install/examples_rclcpp_minimal_action_server:/home/bryan/Workspace/ros2_ws/install/examples_rclcpp_minimal_action_client:/home/bryan/Workspace/ros2_ws/install/examples_rclcpp_cbg_executor:/home/bryan/Workspace/ros2_ws/install/examples_rclcpp_async_client:/home/bryan/Workspace/ros2_ws/install/sprint2:/home/bryan/Workspace/ros2_ws/install/launch_testing_examples:/home/bryan/Workspace/ros2_ws/install/image_converter:/home/bryan/Workspace/ros2_ws/install/first_package:/home/bryan/Workspace/ros2_ws/install/examples_rclpy_pointcloud_publisher:/home/bryan/Workspace/ros2_ws/install/examples_rclpy_minimal_subscriber:/home/bryan/Workspace/ros2_ws/install/examples_rclpy_minimal_service:/home/bryan/Workspace/ros2_ws/install/examples_rclpy_minimal_publisher:/home/bryan/Workspace/ros2_ws/install/examples_rclpy_minimal_client:/home/bryan/Workspace/ros2_ws/install/examples_rclpy_minimal_action_server:/home/bryan/Workspace/ros2_ws/install/examples_rclpy_minimal_action_client:/home/bryan/Workspace/ros2_ws/install/examples_rclpy_guard_conditions:/home/bryan/Workspace/ros2_ws/install/examples_rclpy_executors:/home/bryan/Workspace/ros2_ws/install/camera_calibration:/opt/ros/humble LD_LIBRARY_PATH=/home/bryan/Workspace/ros2_ws/install/image_proc/lib:/home/bryan/Workspace/ros2_ws/install/tracetools_image_pipeline/lib:/home/bryan/Workspace/ros2_ws/install/image_geometry/lib:/home/bryan/Workspace/ros2_ws/install/cv_bridge/lib:/home/bryan/Workspace/ros2_ws/install/image_rotate/lib:/home/bryan/Workspace/ros2_ws/install/image_publisher/lib:/home/bryan/Workspace/ros2_ws/install/examples_rclcpp_wait_set/lib:/home/bryan/Workspace/ros2_ws/install/examples_rclcpp_minimal_subscriber/lib:/home/bryan/Workspace/ros2_ws/install/examples_rclcpp_minimal_composition/lib:/opt/ros/humble/opt/rviz_ogre_vendor/lib:/opt/ros/humble/lib/x86_64-linux-gnu:/opt/ros/humble/lib PYTHONPATH=/home/bryan/Workspace/ros2_ws/install/image_geometry/local/lib/python3.10/dist-packages:/home/bryan/Workspace/ros2_ws/install/cv_bridge/local/lib/python3.10/dist-packages:${PYTHONPATH} /usr/bin/cmake /home/bryan/Workspace/ros2_ws/image_pipeline/stereo_image_proc -DCMAKE_INSTALL_PREFIX=/home/bryan/Workspace/ros2_ws/install/stereo_image_proc
[87.971s] DEBUG:colcon.colcon_core.event_handler.log_command:Invoked command in '/home/bryan/Workspace/ros2_ws/build/stereo_image_proc' returned '0': AMENT_PREFIX_PATH=/home/bryan/Workspace/ros2_ws/install/image_geometry:/home/bryan/Workspace/ros2_ws/install/cv_bridge:${AMENT_PREFIX_PATH} CMAKE_PREFIX_PATH=/home/bryan/Workspace/ros2_ws/install/image_proc:/home/bryan/Workspace/ros2_ws/install/tracetools_image_pipeline:/home/bryan/Workspace/ros2_ws/install/image_geometry:/home/bryan/Workspace/ros2_ws/install/cv_bridge:/home/bryan/Workspace/ros2_ws/install/image_rotate:/home/bryan/Workspace/ros2_ws/install/image_publisher:/home/bryan/Workspace/ros2_ws/install/examples_rclcpp_wait_set:/home/bryan/Workspace/ros2_ws/install/examples_rclcpp_multithreaded_executor:/home/bryan/Workspace/ros2_ws/install/examples_rclcpp_minimal_timer:/home/bryan/Workspace/ros2_ws/install/examples_rclcpp_minimal_subscriber:/home/bryan/Workspace/ros2_ws/install/examples_rclcpp_minimal_service:/home/bryan/Workspace/ros2_ws/install/examples_rclcpp_minimal_publisher:/home/bryan/Workspace/ros2_ws/install/examples_rclcpp_minimal_composition:/home/bryan/Workspace/ros2_ws/install/examples_rclcpp_minimal_client:/home/bryan/Workspace/ros2_ws/install/examples_rclcpp_minimal_action_server:/home/bryan/Workspace/ros2_ws/install/examples_rclcpp_minimal_action_client:/home/bryan/Workspace/ros2_ws/install/examples_rclcpp_cbg_executor:/home/bryan/Workspace/ros2_ws/install/examples_rclcpp_async_client:/home/bryan/Workspace/ros2_ws/install/sprint2:/home/bryan/Workspace/ros2_ws/install/launch_testing_examples:/home/bryan/Workspace/ros2_ws/install/image_converter:/home/bryan/Workspace/ros2_ws/install/first_package:/home/bryan/Workspace/ros2_ws/install/examples_rclpy_pointcloud_publisher:/home/bryan/Workspace/ros2_ws/install/examples_rclpy_minimal_subscriber:/home/bryan/Workspace/ros2_ws/install/examples_rclpy_minimal_service:/home/bryan/Workspace/ros2_ws/install/examples_rclpy_minimal_publisher:/home/bryan/Workspace/ros2_ws/install/examples_rclpy_minimal_client:/home/bryan/Workspace/ros2_ws/install/examples_rclpy_minimal_action_server:/home/bryan/Workspace/ros2_ws/install/examples_rclpy_minimal_action_client:/home/bryan/Workspace/ros2_ws/install/examples_rclpy_guard_conditions:/home/bryan/Workspace/ros2_ws/install/examples_rclpy_executors:/home/bryan/Workspace/ros2_ws/install/camera_calibration:/opt/ros/humble LD_LIBRARY_PATH=/home/bryan/Workspace/ros2_ws/install/image_proc/lib:/home/bryan/Workspace/ros2_ws/install/tracetools_image_pipeline/lib:/home/bryan/Workspace/ros2_ws/install/image_geometry/lib:/home/bryan/Workspace/ros2_ws/install/cv_bridge/lib:/home/bryan/Workspace/ros2_ws/install/image_rotate/lib:/home/bryan/Workspace/ros2_ws/install/image_publisher/lib:/home/bryan/Workspace/ros2_ws/install/examples_rclcpp_wait_set/lib:/home/bryan/Workspace/ros2_ws/install/examples_rclcpp_minimal_subscriber/lib:/home/bryan/Workspace/ros2_ws/install/examples_rclcpp_minimal_composition/lib:/opt/ros/humble/opt/rviz_ogre_vendor/lib:/opt/ros/humble/lib/x86_64-linux-gnu:/opt/ros/humble/lib PYTHONPATH=/home/bryan/Workspace/ros2_ws/install/image_geometry/local/lib/python3.10/dist-packages:/home/bryan/Workspace/ros2_ws/install/cv_bridge/local/lib/python3.10/dist-packages:${PYTHONPATH} /usr/bin/cmake /home/bryan/Workspace/ros2_ws/image_pipeline/stereo_image_proc -DCMAKE_INSTALL_PREFIX=/home/bryan/Workspace/ros2_ws/install/stereo_image_proc
[87.973s] DEBUG:colcon.colcon_core.event_handler.log_command:Invoking command in '/home/bryan/Workspace/ros2_ws/build/stereo_image_proc': AMENT_PREFIX_PATH=/home/bryan/Workspace/ros2_ws/install/image_geometry:/home/bryan/Workspace/ros2_ws/install/cv_bridge:${AMENT_PREFIX_PATH} CMAKE_PREFIX_PATH=/home/bryan/Workspace/ros2_ws/install/image_proc:/home/bryan/Workspace/ros2_ws/install/tracetools_image_pipeline:/home/bryan/Workspace/ros2_ws/install/image_geometry:/home/bryan/Workspace/ros2_ws/install/cv_bridge:/home/bryan/Workspace/ros2_ws/install/image_rotate:/home/bryan/Workspace/ros2_ws/install/image_publisher:/home/bryan/Workspace/ros2_ws/install/examples_rclcpp_wait_set:/home/bryan/Workspace/ros2_ws/install/examples_rclcpp_multithreaded_executor:/home/bryan/Workspace/ros2_ws/install/examples_rclcpp_minimal_timer:/home/bryan/Workspace/ros2_ws/install/examples_rclcpp_minimal_subscriber:/home/bryan/Workspace/ros2_ws/install/examples_rclcpp_minimal_service:/home/bryan/Workspace/ros2_ws/install/examples_rclcpp_minimal_publisher:/home/bryan/Workspace/ros2_ws/install/examples_rclcpp_minimal_composition:/home/bryan/Workspace/ros2_ws/install/examples_rclcpp_minimal_client:/home/bryan/Workspace/ros2_ws/install/examples_rclcpp_minimal_action_server:/home/bryan/Workspace/ros2_ws/install/examples_rclcpp_minimal_action_client:/home/bryan/Workspace/ros2_ws/install/examples_rclcpp_cbg_executor:/home/bryan/Workspace/ros2_ws/install/examples_rclcpp_async_client:/home/bryan/Workspace/ros2_ws/install/sprint2:/home/bryan/Workspace/ros2_ws/install/launch_testing_examples:/home/bryan/Workspace/ros2_ws/install/image_converter:/home/bryan/Workspace/ros2_ws/install/first_package:/home/bryan/Workspace/ros2_ws/install/examples_rclpy_pointcloud_publisher:/home/bryan/Workspace/ros2_ws/install/examples_rclpy_minimal_subscriber:/home/bryan/Workspace/ros2_ws/install/examples_rclpy_minimal_service:/home/bryan/Workspace/ros2_ws/install/examples_rclpy_minimal_publisher:/home/bryan/Workspace/ros2_ws/install/examples_rclpy_minimal_client:/home/bryan/Workspace/ros2_ws/install/examples_rclpy_minimal_action_server:/home/bryan/Workspace/ros2_ws/install/examples_rclpy_minimal_action_client:/home/bryan/Workspace/ros2_ws/install/examples_rclpy_guard_conditions:/home/bryan/Workspace/ros2_ws/install/examples_rclpy_executors:/home/bryan/Workspace/ros2_ws/install/camera_calibration:/opt/ros/humble LD_LIBRARY_PATH=/home/bryan/Workspace/ros2_ws/install/image_proc/lib:/home/bryan/Workspace/ros2_ws/install/tracetools_image_pipeline/lib:/home/bryan/Workspace/ros2_ws/install/image_geometry/lib:/home/bryan/Workspace/ros2_ws/install/cv_bridge/lib:/home/bryan/Workspace/ros2_ws/install/image_rotate/lib:/home/bryan/Workspace/ros2_ws/install/image_publisher/lib:/home/bryan/Workspace/ros2_ws/install/examples_rclcpp_wait_set/lib:/home/bryan/Workspace/ros2_ws/install/examples_rclcpp_minimal_subscriber/lib:/home/bryan/Workspace/ros2_ws/install/examples_rclcpp_minimal_composition/lib:/opt/ros/humble/opt/rviz_ogre_vendor/lib:/opt/ros/humble/lib/x86_64-linux-gnu:/opt/ros/humble/lib PYTHONPATH=/home/bryan/Workspace/ros2_ws/install/image_geometry/local/lib/python3.10/dist-packages:/home/bryan/Workspace/ros2_ws/install/cv_bridge/local/lib/python3.10/dist-packages:${PYTHONPATH} /usr/bin/cmake --build /home/bryan/Workspace/ros2_ws/build/stereo_image_proc -- -j3 -l3
[173.791s] DEBUG:colcon.colcon_core.event_handler.log_command:Invoked command in '/home/bryan/Workspace/ros2_ws/build/stereo_image_proc' returned '0': AMENT_PREFIX_PATH=/home/bryan/Workspace/ros2_ws/install/image_geometry:/home/bryan/Workspace/ros2_ws/install/cv_bridge:${AMENT_PREFIX_PATH} CMAKE_PREFIX_PATH=/home/bryan/Workspace/ros2_ws/install/image_proc:/home/bryan/Workspace/ros2_ws/install/tracetools_image_pipeline:/home/bryan/Workspace/ros2_ws/install/image_geometry:/home/bryan/Workspace/ros2_ws/install/cv_bridge:/home/bryan/Workspace/ros2_ws/install/image_rotate:/home/bryan/Workspace/ros2_ws/install/image_publisher:/home/bryan/Workspace/ros2_ws/install/examples_rclcpp_wait_set:/home/bryan/Workspace/ros2_ws/install/examples_rclcpp_multithreaded_executor:/home/bryan/Workspace/ros2_ws/install/examples_rclcpp_minimal_timer:/home/bryan/Workspace/ros2_ws/install/examples_rclcpp_minimal_subscriber:/home/bryan/Workspace/ros2_ws/install/examples_rclcpp_minimal_service:/home/bryan/Workspace/ros2_ws/install/examples_rclcpp_minimal_publisher:/home/bryan/Workspace/ros2_ws/install/examples_rclcpp_minimal_composition:/home/bryan/Workspace/ros2_ws/install/examples_rclcpp_minimal_client:/home/bryan/Workspace/ros2_ws/install/examples_rclcpp_minimal_action_server:/home/bryan/Workspace/ros2_ws/install/examples_rclcpp_minimal_action_client:/home/bryan/Workspace/ros2_ws/install/examples_rclcpp_cbg_executor:/home/bryan/Workspace/ros2_ws/install/examples_rclcpp_async_client:/home/bryan/Workspace/ros2_ws/install/sprint2:/home/bryan/Workspace/ros2_ws/install/launch_testing_examples:/home/bryan/Workspace/ros2_ws/install/image_converter:/home/bryan/Workspace/ros2_ws/install/first_package:/home/bryan/Workspace/ros2_ws/install/examples_rclpy_pointcloud_publisher:/home/bryan/Workspace/ros2_ws/install/examples_rclpy_minimal_subscriber:/home/bryan/Workspace/ros2_ws/install/examples_rclpy_minimal_service:/home/bryan/Workspace/ros2_ws/install/examples_rclpy_minimal_publisher:/home/bryan/Workspace/ros2_ws/install/examples_rclpy_minimal_client:/home/bryan/Workspace/ros2_ws/install/examples_rclpy_minimal_action_server:/home/bryan/Workspace/ros2_ws/install/examples_rclpy_minimal_action_client:/home/bryan/Workspace/ros2_ws/install/examples_rclpy_guard_conditions:/home/bryan/Workspace/ros2_ws/install/examples_rclpy_executors:/home/bryan/Workspace/ros2_ws/install/camera_calibration:/opt/ros/humble LD_LIBRARY_PATH=/home/bryan/Workspace/ros2_ws/install/image_proc/lib:/home/bryan/Workspace/ros2_ws/install/tracetools_image_pipeline/lib:/home/bryan/Workspace/ros2_ws/install/image_geometry/lib:/home/bryan/Workspace/ros2_ws/install/cv_bridge/lib:/home/bryan/Workspace/ros2_ws/install/image_rotate/lib:/home/bryan/Workspace/ros2_ws/install/image_publisher/lib:/home/bryan/Workspace/ros2_ws/install/examples_rclcpp_wait_set/lib:/home/bryan/Workspace/ros2_ws/install/examples_rclcpp_minimal_subscriber/lib:/home/bryan/Workspace/ros2_ws/install/examples_rclcpp_minimal_composition/lib:/opt/ros/humble/opt/rviz_ogre_vendor/lib:/opt/ros/humble/lib/x86_64-linux-gnu:/opt/ros/humble/lib PYTHONPATH=/home/bryan/Workspace/ros2_ws/install/image_geometry/local/lib/python3.10/dist-packages:/home/bryan/Workspace/ros2_ws/install/cv_bridge/local/lib/python3.10/dist-packages:${PYTHONPATH} /usr/bin/cmake --build /home/bryan/Workspace/ros2_ws/build/stereo_image_proc -- -j3 -l3
[173.792s] DEBUG:colcon.colcon_core.event_handler.log_command:Invoking command in '/home/bryan/Workspace/ros2_ws/build/stereo_image_proc': AMENT_PREFIX_PATH=/home/bryan/Workspace/ros2_ws/install/image_geometry:/home/bryan/Workspace/ros2_ws/install/cv_bridge:${AMENT_PREFIX_PATH} CMAKE_PREFIX_PATH=/home/bryan/Workspace/ros2_ws/install/image_proc:/home/bryan/Workspace/ros2_ws/install/tracetools_image_pipeline:/home/bryan/Workspace/ros2_ws/install/image_geometry:/home/bryan/Workspace/ros2_ws/install/cv_bridge:/home/bryan/Workspace/ros2_ws/install/image_rotate:/home/bryan/Workspace/ros2_ws/install/image_publisher:/home/bryan/Workspace/ros2_ws/install/examples_rclcpp_wait_set:/home/bryan/Workspace/ros2_ws/install/examples_rclcpp_multithreaded_executor:/home/bryan/Workspace/ros2_ws/install/examples_rclcpp_minimal_timer:/home/bryan/Workspace/ros2_ws/install/examples_rclcpp_minimal_subscriber:/home/bryan/Workspace/ros2_ws/install/examples_rclcpp_minimal_service:/home/bryan/Workspace/ros2_ws/install/examples_rclcpp_minimal_publisher:/home/bryan/Workspace/ros2_ws/install/examples_rclcpp_minimal_composition:/home/bryan/Workspace/ros2_ws/install/examples_rclcpp_minimal_client:/home/bryan/Workspace/ros2_ws/install/examples_rclcpp_minimal_action_server:/home/bryan/Workspace/ros2_ws/install/examples_rclcpp_minimal_action_client:/home/bryan/Workspace/ros2_ws/install/examples_rclcpp_cbg_executor:/home/bryan/Workspace/ros2_ws/install/examples_rclcpp_async_client:/home/bryan/Workspace/ros2_ws/install/sprint2:/home/bryan/Workspace/ros2_ws/install/launch_testing_examples:/home/bryan/Workspace/ros2_ws/install/image_converter:/home/bryan/Workspace/ros2_ws/install/first_package:/home/bryan/Workspace/ros2_ws/install/examples_rclpy_pointcloud_publisher:/home/bryan/Workspace/ros2_ws/install/examples_rclpy_minimal_subscriber:/home/bryan/Workspace/ros2_ws/install/examples_rclpy_minimal_service:/home/bryan/Workspace/ros2_ws/install/examples_rclpy_minimal_publisher:/home/bryan/Workspace/ros2_ws/install/examples_rclpy_minimal_client:/home/bryan/Workspace/ros2_ws/install/examples_rclpy_minimal_action_server:/home/bryan/Workspace/ros2_ws/install/examples_rclpy_minimal_action_client:/home/bryan/Workspace/ros2_ws/install/examples_rclpy_guard_conditions:/home/bryan/Workspace/ros2_ws/install/examples_rclpy_executors:/home/bryan/Workspace/ros2_ws/install/camera_calibration:/opt/ros/humble LD_LIBRARY_PATH=/home/bryan/Workspace/ros2_ws/install/image_proc/lib:/home/bryan/Workspace/ros2_ws/install/tracetools_image_pipeline/lib:/home/bryan/Workspace/ros2_ws/install/image_geometry/lib:/home/bryan/Workspace/ros2_ws/install/cv_bridge/lib:/home/bryan/Workspace/ros2_ws/install/image_rotate/lib:/home/bryan/Workspace/ros2_ws/install/image_publisher/lib:/home/bryan/Workspace/ros2_ws/install/examples_rclcpp_wait_set/lib:/home/bryan/Workspace/ros2_ws/install/examples_rclcpp_minimal_subscriber/lib:/home/bryan/Workspace/ros2_ws/install/examples_rclcpp_minimal_composition/lib:/opt/ros/humble/opt/rviz_ogre_vendor/lib:/opt/ros/humble/lib/x86_64-linux-gnu:/opt/ros/humble/lib PYTHONPATH=/home/bryan/Workspace/ros2_ws/install/image_geometry/local/lib/python3.10/dist-packages:/home/bryan/Workspace/ros2_ws/install/cv_bridge/local/lib/python3.10/dist-packages:${PYTHONPATH} /usr/bin/cmake --install /home/bryan/Workspace/ros2_ws/build/stereo_image_proc
[173.904s] Level 1:colcon.colcon_core.environment:create_environment_scripts_only(stereo_image_proc)
[173.906s] Level 1:colcon.colcon_core.environment:checking '/home/bryan/Workspace/ros2_ws/install/stereo_image_proc' for CMake module files
[173.920s] DEBUG:colcon.colcon_core.event_handler.log_command:Invoked command in '/home/bryan/Workspace/ros2_ws/build/stereo_image_proc' returned '0': AMENT_PREFIX_PATH=/home/bryan/Workspace/ros2_ws/install/image_geometry:/home/bryan/Workspace/ros2_ws/install/cv_bridge:${AMENT_PREFIX_PATH} CMAKE_PREFIX_PATH=/home/bryan/Workspace/ros2_ws/install/image_proc:/home/bryan/Workspace/ros2_ws/install/tracetools_image_pipeline:/home/bryan/Workspace/ros2_ws/install/image_geometry:/home/bryan/Workspace/ros2_ws/install/cv_bridge:/home/bryan/Workspace/ros2_ws/install/image_rotate:/home/bryan/Workspace/ros2_ws/install/image_publisher:/home/bryan/Workspace/ros2_ws/install/examples_rclcpp_wait_set:/home/bryan/Workspace/ros2_ws/install/examples_rclcpp_multithreaded_executor:/home/bryan/Workspace/ros2_ws/install/examples_rclcpp_minimal_timer:/home/bryan/Workspace/ros2_ws/install/examples_rclcpp_minimal_subscriber:/home/bryan/Workspace/ros2_ws/install/examples_rclcpp_minimal_service:/home/bryan/Workspace/ros2_ws/install/examples_rclcpp_minimal_publisher:/home/bryan/Workspace/ros2_ws/install/examples_rclcpp_minimal_composition:/home/bryan/Workspace/ros2_ws/install/examples_rclcpp_minimal_client:/home/bryan/Workspace/ros2_ws/install/examples_rclcpp_minimal_action_server:/home/bryan/Workspace/ros2_ws/install/examples_rclcpp_minimal_action_client:/home/bryan/Workspace/ros2_ws/install/examples_rclcpp_cbg_executor:/home/bryan/Workspace/ros2_ws/install/examples_rclcpp_async_client:/home/bryan/Workspace/ros2_ws/install/sprint2:/home/bryan/Workspace/ros2_ws/install/launch_testing_examples:/home/bryan/Workspace/ros2_ws/install/image_converter:/home/bryan/Workspace/ros2_ws/install/first_package:/home/bryan/Workspace/ros2_ws/install/examples_rclpy_pointcloud_publisher:/home/bryan/Workspace/ros2_ws/install/examples_rclpy_minimal_subscriber:/home/bryan/Workspace/ros2_ws/install/examples_rclpy_minimal_service:/home/bryan/Workspace/ros2_ws/install/examples_rclpy_minimal_publisher:/home/bryan/Workspace/ros2_ws/install/examples_rclpy_minimal_client:/home/bryan/Workspace/ros2_ws/install/examples_rclpy_minimal_action_server:/home/bryan/Workspace/ros2_ws/install/examples_rclpy_minimal_action_client:/home/bryan/Workspace/ros2_ws/install/examples_rclpy_guard_conditions:/home/bryan/Workspace/ros2_ws/install/examples_rclpy_executors:/home/bryan/Workspace/ros2_ws/install/camera_calibration:/opt/ros/humble LD_LIBRARY_PATH=/home/bryan/Workspace/ros2_ws/install/image_proc/lib:/home/bryan/Workspace/ros2_ws/install/tracetools_image_pipeline/lib:/home/bryan/Workspace/ros2_ws/install/image_geometry/lib:/home/bryan/Workspace/ros2_ws/install/cv_bridge/lib:/home/bryan/Workspace/ros2_ws/install/image_rotate/lib:/home/bryan/Workspace/ros2_ws/install/image_publisher/lib:/home/bryan/Workspace/ros2_ws/install/examples_rclcpp_wait_set/lib:/home/bryan/Workspace/ros2_ws/install/examples_rclcpp_minimal_subscriber/lib:/home/bryan/Workspace/ros2_ws/install/examples_rclcpp_minimal_composition/lib:/opt/ros/humble/opt/rviz_ogre_vendor/lib:/opt/ros/humble/lib/x86_64-linux-gnu:/opt/ros/humble/lib PYTHONPATH=/home/bryan/Workspace/ros2_ws/install/image_geometry/local/lib/python3.10/dist-packages:/home/bryan/Workspace/ros2_ws/install/cv_bridge/local/lib/python3.10/dist-packages:${PYTHONPATH} /usr/bin/cmake --install /home/bryan/Workspace/ros2_ws/build/stereo_image_proc
[173.921s] Level 1:colcon.colcon_core.environment:checking '/home/bryan/Workspace/ros2_ws/install/stereo_image_proc' for CMake config files
[173.922s] Level 1:colcon.colcon_core.shell:create_environment_hook('stereo_image_proc', 'cmake_prefix_path')
[173.922s] INFO:colcon.colcon_core.shell:Creating environment hook '/home/bryan/Workspace/ros2_ws/install/stereo_image_proc/share/stereo_image_proc/hook/cmake_prefix_path.ps1'
[173.925s] INFO:colcon.colcon_core.shell:Creating environment descriptor '/home/bryan/Workspace/ros2_ws/install/stereo_image_proc/share/stereo_image_proc/hook/cmake_prefix_path.dsv'
[173.926s] INFO:colcon.colcon_core.shell:Creating environment hook '/home/bryan/Workspace/ros2_ws/install/stereo_image_proc/share/stereo_image_proc/hook/cmake_prefix_path.sh'
[173.929s] Level 1:colcon.colcon_core.environment:checking '/home/bryan/Workspace/ros2_ws/install/stereo_image_proc/lib'
[173.947s] Level 1:colcon.colcon_core.shell:create_environment_hook('stereo_image_proc', 'ld_library_path_lib')
[173.948s] INFO:colcon.colcon_core.shell:Creating environment hook '/home/bryan/Workspace/ros2_ws/install/stereo_image_proc/share/stereo_image_proc/hook/ld_library_path_lib.ps1'
[173.949s] INFO:colcon.colcon_core.shell:Creating environment descriptor '/home/bryan/Workspace/ros2_ws/install/stereo_image_proc/share/stereo_image_proc/hook/ld_library_path_lib.dsv'
[173.949s] INFO:colcon.colcon_core.shell:Creating environment hook '/home/bryan/Workspace/ros2_ws/install/stereo_image_proc/share/stereo_image_proc/hook/ld_library_path_lib.sh'
[173.950s] Level 1:colcon.colcon_core.environment:checking '/home/bryan/Workspace/ros2_ws/install/stereo_image_proc/bin'
[173.950s] Level 1:colcon.colcon_core.environment:checking '/home/bryan/Workspace/ros2_ws/install/stereo_image_proc/lib/pkgconfig/stereo_image_proc.pc'
[173.950s] Level 1:colcon.colcon_core.environment:checking '/home/bryan/Workspace/ros2_ws/install/stereo_image_proc/lib/python3.10/site-packages'
[173.951s] Level 1:colcon.colcon_core.environment:checking '/home/bryan/Workspace/ros2_ws/install/stereo_image_proc/bin'
[173.951s] INFO:colcon.colcon_core.shell:Creating package script '/home/bryan/Workspace/ros2_ws/install/stereo_image_proc/share/stereo_image_proc/package.ps1'
[173.953s] INFO:colcon.colcon_core.shell:Creating package descriptor '/home/bryan/Workspace/ros2_ws/install/stereo_image_proc/share/stereo_image_proc/package.dsv'
[173.955s] INFO:colcon.colcon_core.shell:Creating package script '/home/bryan/Workspace/ros2_ws/install/stereo_image_proc/share/stereo_image_proc/package.sh'
[173.957s] INFO:colcon.colcon_core.shell:Creating package script '/home/bryan/Workspace/ros2_ws/install/stereo_image_proc/share/stereo_image_proc/package.bash'
[173.960s] INFO:colcon.colcon_core.shell:Creating package script '/home/bryan/Workspace/ros2_ws/install/stereo_image_proc/share/stereo_image_proc/package.zsh'
[173.962s] Level 1:colcon.colcon_core.environment:create_file_with_runtime_dependencies(/home/bryan/Workspace/ros2_ws/install/stereo_image_proc/share/colcon-core/packages/stereo_image_proc)
[173.964s] Level 1:colcon.colcon_core.environment:create_environment_scripts_only(stereo_image_proc)
[173.965s] Level 1:colcon.colcon_core.environment:checking '/home/bryan/Workspace/ros2_ws/install/stereo_image_proc' for CMake module files
[173.966s] Level 1:colcon.colcon_core.environment:checking '/home/bryan/Workspace/ros2_ws/install/stereo_image_proc' for CMake config files
[173.967s] Level 1:colcon.colcon_core.shell:create_environment_hook('stereo_image_proc', 'cmake_prefix_path')
[173.967s] INFO:colcon.colcon_core.shell:Creating environment hook '/home/bryan/Workspace/ros2_ws/install/stereo_image_proc/share/stereo_image_proc/hook/cmake_prefix_path.ps1'
[173.969s] INFO:colcon.colcon_core.shell:Creating environment descriptor '/home/bryan/Workspace/ros2_ws/install/stereo_image_proc/share/stereo_image_proc/hook/cmake_prefix_path.dsv'
[173.972s] INFO:colcon.colcon_core.shell:Creating environment hook '/home/bryan/Workspace/ros2_ws/install/stereo_image_proc/share/stereo_image_proc/hook/cmake_prefix_path.sh'
[173.976s] Level 1:colcon.colcon_core.environment:checking '/home/bryan/Workspace/ros2_ws/install/stereo_image_proc/lib'
[173.976s] Level 1:colcon.colcon_core.shell:create_environment_hook('stereo_image_proc', 'ld_library_path_lib')
[173.977s] INFO:colcon.colcon_core.shell:Creating environment hook '/home/bryan/Workspace/ros2_ws/install/stereo_image_proc/share/stereo_image_proc/hook/ld_library_path_lib.ps1'
[173.979s] INFO:colcon.colcon_core.shell:Creating environment descriptor '/home/bryan/Workspace/ros2_ws/install/stereo_image_proc/share/stereo_image_proc/hook/ld_library_path_lib.dsv'
[173.981s] INFO:colcon.colcon_core.shell:Creating environment hook '/home/bryan/Workspace/ros2_ws/install/stereo_image_proc/share/stereo_image_proc/hook/ld_library_path_lib.sh'
[173.983s] Level 1:colcon.colcon_core.environment:checking '/home/bryan/Workspace/ros2_ws/install/stereo_image_proc/bin'
[173.983s] Level 1:colcon.colcon_core.environment:checking '/home/bryan/Workspace/ros2_ws/install/stereo_image_proc/lib/pkgconfig/stereo_image_proc.pc'
[173.984s] Level 1:colcon.colcon_core.environment:checking '/home/bryan/Workspace/ros2_ws/install/stereo_image_proc/lib/python3.10/site-packages'
[173.985s] Level 1:colcon.colcon_core.environment:checking '/home/bryan/Workspace/ros2_ws/install/stereo_image_proc/bin'
[173.986s] INFO:colcon.colcon_core.shell:Creating package script '/home/bryan/Workspace/ros2_ws/install/stereo_image_proc/share/stereo_image_proc/package.ps1'
[173.988s] INFO:colcon.colcon_core.shell:Creating package descriptor '/home/bryan/Workspace/ros2_ws/install/stereo_image_proc/share/stereo_image_proc/package.dsv'
[173.990s] INFO:colcon.colcon_core.shell:Creating package script '/home/bryan/Workspace/ros2_ws/install/stereo_image_proc/share/stereo_image_proc/package.sh'
[173.993s] INFO:colcon.colcon_core.shell:Creating package script '/home/bryan/Workspace/ros2_ws/install/stereo_image_proc/share/stereo_image_proc/package.bash'
[173.995s] INFO:colcon.colcon_core.shell:Creating package script '/home/bryan/Workspace/ros2_ws/install/stereo_image_proc/share/stereo_image_proc/package.zsh'
[173.997s] Level 1:colcon.colcon_core.environment:create_file_with_runtime_dependencies(/home/bryan/Workspace/ros2_ws/install/stereo_image_proc/share/colcon-core/packages/stereo_image_proc)
[173.999s] INFO:colcon.colcon_ros.task.ament_python.build:Building ROS package in '/home/bryan/Workspace/ros2_ws/src/vision_opencv/opencv_tests' with build type 'ament_python'
[173.999s] Level 1:colcon.colcon_core.shell:create_environment_hook('opencv_tests', 'ament_prefix_path')
[173.999s] INFO:colcon.colcon_core.shell:Creating environment hook '/home/bryan/Workspace/ros2_ws/install/opencv_tests/share/opencv_tests/hook/ament_prefix_path.ps1'
[174.001s] INFO:colcon.colcon_core.shell:Creating environment descriptor '/home/bryan/Workspace/ros2_ws/install/opencv_tests/share/opencv_tests/hook/ament_prefix_path.dsv'
[174.001s] INFO:colcon.colcon_core.shell:Creating environment hook '/home/bryan/Workspace/ros2_ws/install/opencv_tests/share/opencv_tests/hook/ament_prefix_path.sh'
[174.002s] INFO:colcon.colcon_core.shell:Skip shell extension 'powershell' for command environment: Not usable outside of PowerShell
[174.002s] DEBUG:colcon.colcon_core.shell:Skip shell extension 'dsv' for command environment
[174.745s] INFO:colcon.colcon_core.task.python.build:Building Python package in '/home/bryan/Workspace/ros2_ws/src/vision_opencv/opencv_tests'
[174.746s] INFO:colcon.colcon_core.shell:Skip shell extension 'powershell' for command environment: Not usable outside of PowerShell
[174.746s] DEBUG:colcon.colcon_core.shell:Skip shell extension 'dsv' for command environment
[177.329s] DEBUG:colcon.colcon_core.event_handler.log_command:Invoking command in '/home/bryan/Workspace/ros2_ws/src/vision_opencv/opencv_tests': AMENT_PREFIX_PATH=/home/bryan/Workspace/ros2_ws/install/cv_bridge:${AMENT_PREFIX_PATH} CMAKE_PREFIX_PATH=/home/bryan/Workspace/ros2_ws/install/cv_bridge:${CMAKE_PREFIX_PATH} LD_LIBRARY_PATH=/home/bryan/Workspace/ros2_ws/install/cv_bridge/lib:${LD_LIBRARY_PATH} PYTHONPATH=/home/bryan/Workspace/ros2_ws/build/opencv_tests/prefix_override:/usr/lib/python3/dist-packages/colcon_core/task/python/colcon_distutils_commands:/home/bryan/Workspace/ros2_ws/install/opencv_tests/lib/python3.10/site-packages:/home/bryan/Workspace/ros2_ws/install/cv_bridge/local/lib/python3.10/dist-packages:${PYTHONPATH} /usr/bin/python3 -W ignore:setup.py install is deprecated -W ignore:easy_install command is deprecated setup.py egg_info --egg-base ../../../build/opencv_tests build --build-base /home/bryan/Workspace/ros2_ws/build/opencv_tests/build install --record /home/bryan/Workspace/ros2_ws/build/opencv_tests/install.log --single-version-externally-managed install_data
[177.560s] Level 1:colcon.colcon_core.environment:checking '/home/bryan/Workspace/ros2_ws/install/opencv_tests' for CMake module files
[177.561s] DEBUG:colcon.colcon_core.event_handler.log_command:Invoked command in '/home/bryan/Workspace/ros2_ws/src/vision_opencv/opencv_tests' returned '0': AMENT_PREFIX_PATH=/home/bryan/Workspace/ros2_ws/install/cv_bridge:${AMENT_PREFIX_PATH} CMAKE_PREFIX_PATH=/home/bryan/Workspace/ros2_ws/install/cv_bridge:${CMAKE_PREFIX_PATH} LD_LIBRARY_PATH=/home/bryan/Workspace/ros2_ws/install/cv_bridge/lib:${LD_LIBRARY_PATH} PYTHONPATH=/home/bryan/Workspace/ros2_ws/build/opencv_tests/prefix_override:/usr/lib/python3/dist-packages/colcon_core/task/python/colcon_distutils_commands:/home/bryan/Workspace/ros2_ws/install/opencv_tests/lib/python3.10/site-packages:/home/bryan/Workspace/ros2_ws/install/cv_bridge/local/lib/python3.10/dist-packages:${PYTHONPATH} /usr/bin/python3 -W ignore:setup.py install is deprecated -W ignore:easy_install command is deprecated setup.py egg_info --egg-base ../../../build/opencv_tests build --build-base /home/bryan/Workspace/ros2_ws/build/opencv_tests/build install --record /home/bryan/Workspace/ros2_ws/build/opencv_tests/install.log --single-version-externally-managed install_data
[177.593s] Level 1:colcon.colcon_core.environment:checking '/home/bryan/Workspace/ros2_ws/install/opencv_tests' for CMake config files
[177.630s] Level 1:colcon.colcon_core.environment:checking '/home/bryan/Workspace/ros2_ws/install/opencv_tests/lib'
[177.631s] Level 1:colcon.colcon_core.environment:checking '/home/bryan/Workspace/ros2_ws/install/opencv_tests/bin'
[177.631s] Level 1:colcon.colcon_core.environment:checking '/home/bryan/Workspace/ros2_ws/install/opencv_tests/lib/pkgconfig/opencv_tests.pc'
[177.631s] Level 1:colcon.colcon_core.environment:checking '/home/bryan/Workspace/ros2_ws/install/opencv_tests/lib/python3.10/site-packages'
[177.631s] Level 1:colcon.colcon_core.shell:create_environment_hook('opencv_tests', 'pythonpath')
[177.632s] INFO:colcon.colcon_core.shell:Creating environment hook '/home/bryan/Workspace/ros2_ws/install/opencv_tests/share/opencv_tests/hook/pythonpath.ps1'
[177.632s] INFO:colcon.colcon_core.shell:Creating environment descriptor '/home/bryan/Workspace/ros2_ws/install/opencv_tests/share/opencv_tests/hook/pythonpath.dsv'
[177.633s] INFO:colcon.colcon_core.shell:Creating environment hook '/home/bryan/Workspace/ros2_ws/install/opencv_tests/share/opencv_tests/hook/pythonpath.sh'
[177.634s] Level 1:colcon.colcon_core.environment:checking '/home/bryan/Workspace/ros2_ws/install/opencv_tests/bin'
[177.634s] Level 1:colcon.colcon_core.environment:create_environment_scripts_only(opencv_tests)
[177.635s] INFO:colcon.colcon_core.shell:Creating package script '/home/bryan/Workspace/ros2_ws/install/opencv_tests/share/opencv_tests/package.ps1'
[177.635s] INFO:colcon.colcon_core.shell:Creating package descriptor '/home/bryan/Workspace/ros2_ws/install/opencv_tests/share/opencv_tests/package.dsv'
[177.636s] INFO:colcon.colcon_core.shell:Creating package script '/home/bryan/Workspace/ros2_ws/install/opencv_tests/share/opencv_tests/package.sh'
[177.637s] INFO:colcon.colcon_core.shell:Creating package script '/home/bryan/Workspace/ros2_ws/install/opencv_tests/share/opencv_tests/package.bash'
[177.637s] INFO:colcon.colcon_core.shell:Creating package script '/home/bryan/Workspace/ros2_ws/install/opencv_tests/share/opencv_tests/package.zsh'
[177.638s] Level 1:colcon.colcon_core.environment:create_file_with_runtime_dependencies(/home/bryan/Workspace/ros2_ws/install/opencv_tests/share/colcon-core/packages/opencv_tests)
[177.639s] INFO:colcon.colcon_ros.task.ament_cmake.build:Building ROS package in '/home/bryan/Workspace/ros2_ws/src/vision_opencv/vision_opencv' with build type 'ament_cmake'
[177.639s] INFO:colcon.colcon_cmake.task.cmake.build:Building CMake package in '/home/bryan/Workspace/ros2_ws/src/vision_opencv/vision_opencv'
[177.639s] INFO:colcon.colcon_core.shell:Skip shell extension 'powershell' for command environment: Not usable outside of PowerShell
[177.639s] DEBUG:colcon.colcon_core.shell:Skip shell extension 'dsv' for command environment
[177.936s] DEBUG:colcon.colcon_core.event_handler.log_command:Invoking command in '/home/bryan/Workspace/ros2_ws/build/vision_opencv': AMENT_PREFIX_PATH=/home/bryan/Workspace/ros2_ws/install/image_geometry:/home/bryan/Workspace/ros2_ws/install/cv_bridge:${AMENT_PREFIX_PATH} CMAKE_PREFIX_PATH=/home/bryan/Workspace/ros2_ws/install/image_geometry:/home/bryan/Workspace/ros2_ws/install/cv_bridge:/home/bryan/Workspace/ros2_ws/install/image_proc:/home/bryan/Workspace/ros2_ws/install/tracetools_image_pipeline:/home/bryan/Workspace/ros2_ws/install/image_rotate:/home/bryan/Workspace/ros2_ws/install/image_publisher:/home/bryan/Workspace/ros2_ws/install/examples_rclcpp_wait_set:/home/bryan/Workspace/ros2_ws/install/examples_rclcpp_multithreaded_executor:/home/bryan/Workspace/ros2_ws/install/examples_rclcpp_minimal_timer:/home/bryan/Workspace/ros2_ws/install/examples_rclcpp_minimal_subscriber:/home/bryan/Workspace/ros2_ws/install/examples_rclcpp_minimal_service:/home/bryan/Workspace/ros2_ws/install/examples_rclcpp_minimal_publisher:/home/bryan/Workspace/ros2_ws/install/examples_rclcpp_minimal_composition:/home/bryan/Workspace/ros2_ws/install/examples_rclcpp_minimal_client:/home/bryan/Workspace/ros2_ws/install/examples_rclcpp_minimal_action_server:/home/bryan/Workspace/ros2_ws/install/examples_rclcpp_minimal_action_client:/home/bryan/Workspace/ros2_ws/install/examples_rclcpp_cbg_executor:/home/bryan/Workspace/ros2_ws/install/examples_rclcpp_async_client:/home/bryan/Workspace/ros2_ws/install/sprint2:/home/bryan/Workspace/ros2_ws/install/launch_testing_examples:/home/bryan/Workspace/ros2_ws/install/image_converter:/home/bryan/Workspace/ros2_ws/install/first_package:/home/bryan/Workspace/ros2_ws/install/examples_rclpy_pointcloud_publisher:/home/bryan/Workspace/ros2_ws/install/examples_rclpy_minimal_subscriber:/home/bryan/Workspace/ros2_ws/install/examples_rclpy_minimal_service:/home/bryan/Workspace/ros2_ws/install/examples_rclpy_minimal_publisher:/home/bryan/Workspace/ros2_ws/install/examples_rclpy_minimal_client:/home/bryan/Workspace/ros2_ws/install/examples_rclpy_minimal_action_server:/home/bryan/Workspace/ros2_ws/install/examples_rclpy_minimal_action_client:/home/bryan/Workspace/ros2_ws/install/examples_rclpy_guard_conditions:/home/bryan/Workspace/ros2_ws/install/examples_rclpy_executors:/home/bryan/Workspace/ros2_ws/install/camera_calibration:/opt/ros/humble LD_LIBRARY_PATH=/home/bryan/Workspace/ros2_ws/install/image_geometry/lib:/home/bryan/Workspace/ros2_ws/install/cv_bridge/lib:${LD_LIBRARY_PATH} PYTHONPATH=/home/bryan/Workspace/ros2_ws/install/image_geometry/local/lib/python3.10/dist-packages:/home/bryan/Workspace/ros2_ws/install/cv_bridge/local/lib/python3.10/dist-packages:${PYTHONPATH} /usr/bin/cmake /home/bryan/Workspace/ros2_ws/src/vision_opencv/vision_opencv -DCMAKE_INSTALL_PREFIX=/home/bryan/Workspace/ros2_ws/install/vision_opencv
[179.450s] DEBUG:colcon.colcon_core.event_handler.log_command:Invoked command in '/home/bryan/Workspace/ros2_ws/build/vision_opencv' returned '0': AMENT_PREFIX_PATH=/home/bryan/Workspace/ros2_ws/install/image_geometry:/home/bryan/Workspace/ros2_ws/install/cv_bridge:${AMENT_PREFIX_PATH} CMAKE_PREFIX_PATH=/home/bryan/Workspace/ros2_ws/install/image_geometry:/home/bryan/Workspace/ros2_ws/install/cv_bridge:/home/bryan/Workspace/ros2_ws/install/image_proc:/home/bryan/Workspace/ros2_ws/install/tracetools_image_pipeline:/home/bryan/Workspace/ros2_ws/install/image_rotate:/home/bryan/Workspace/ros2_ws/install/image_publisher:/home/bryan/Workspace/ros2_ws/install/examples_rclcpp_wait_set:/home/bryan/Workspace/ros2_ws/install/examples_rclcpp_multithreaded_executor:/home/bryan/Workspace/ros2_ws/install/examples_rclcpp_minimal_timer:/home/bryan/Workspace/ros2_ws/install/examples_rclcpp_minimal_subscriber:/home/bryan/Workspace/ros2_ws/install/examples_rclcpp_minimal_service:/home/bryan/Workspace/ros2_ws/install/examples_rclcpp_minimal_publisher:/home/bryan/Workspace/ros2_ws/install/examples_rclcpp_minimal_composition:/home/bryan/Workspace/ros2_ws/install/examples_rclcpp_minimal_client:/home/bryan/Workspace/ros2_ws/install/examples_rclcpp_minimal_action_server:/home/bryan/Workspace/ros2_ws/install/examples_rclcpp_minimal_action_client:/home/bryan/Workspace/ros2_ws/install/examples_rclcpp_cbg_executor:/home/bryan/Workspace/ros2_ws/install/examples_rclcpp_async_client:/home/bryan/Workspace/ros2_ws/install/sprint2:/home/bryan/Workspace/ros2_ws/install/launch_testing_examples:/home/bryan/Workspace/ros2_ws/install/image_converter:/home/bryan/Workspace/ros2_ws/install/first_package:/home/bryan/Workspace/ros2_ws/install/examples_rclpy_pointcloud_publisher:/home/bryan/Workspace/ros2_ws/install/examples_rclpy_minimal_subscriber:/home/bryan/Workspace/ros2_ws/install/examples_rclpy_minimal_service:/home/bryan/Workspace/ros2_ws/install/examples_rclpy_minimal_publisher:/home/bryan/Workspace/ros2_ws/install/examples_rclpy_minimal_client:/home/bryan/Workspace/ros2_ws/install/examples_rclpy_minimal_action_server:/home/bryan/Workspace/ros2_ws/install/examples_rclpy_minimal_action_client:/home/bryan/Workspace/ros2_ws/install/examples_rclpy_guard_conditions:/home/bryan/Workspace/ros2_ws/install/examples_rclpy_executors:/home/bryan/Workspace/ros2_ws/install/camera_calibration:/opt/ros/humble LD_LIBRARY_PATH=/home/bryan/Workspace/ros2_ws/install/image_geometry/lib:/home/bryan/Workspace/ros2_ws/install/cv_bridge/lib:${LD_LIBRARY_PATH} PYTHONPATH=/home/bryan/Workspace/ros2_ws/install/image_geometry/local/lib/python3.10/dist-packages:/home/bryan/Workspace/ros2_ws/install/cv_bridge/local/lib/python3.10/dist-packages:${PYTHONPATH} /usr/bin/cmake /home/bryan/Workspace/ros2_ws/src/vision_opencv/vision_opencv -DCMAKE_INSTALL_PREFIX=/home/bryan/Workspace/ros2_ws/install/vision_opencv
[179.458s] DEBUG:colcon.colcon_core.event_handler.log_command:Invoking command in '/home/bryan/Workspace/ros2_ws/build/vision_opencv': AMENT_PREFIX_PATH=/home/bryan/Workspace/ros2_ws/install/image_geometry:/home/bryan/Workspace/ros2_ws/install/cv_bridge:${AMENT_PREFIX_PATH} CMAKE_PREFIX_PATH=/home/bryan/Workspace/ros2_ws/install/image_geometry:/home/bryan/Workspace/ros2_ws/install/cv_bridge:/home/bryan/Workspace/ros2_ws/install/image_proc:/home/bryan/Workspace/ros2_ws/install/tracetools_image_pipeline:/home/bryan/Workspace/ros2_ws/install/image_rotate:/home/bryan/Workspace/ros2_ws/install/image_publisher:/home/bryan/Workspace/ros2_ws/install/examples_rclcpp_wait_set:/home/bryan/Workspace/ros2_ws/install/examples_rclcpp_multithreaded_executor:/home/bryan/Workspace/ros2_ws/install/examples_rclcpp_minimal_timer:/home/bryan/Workspace/ros2_ws/install/examples_rclcpp_minimal_subscriber:/home/bryan/Workspace/ros2_ws/install/examples_rclcpp_minimal_service:/home/bryan/Workspace/ros2_ws/install/examples_rclcpp_minimal_publisher:/home/bryan/Workspace/ros2_ws/install/examples_rclcpp_minimal_composition:/home/bryan/Workspace/ros2_ws/install/examples_rclcpp_minimal_client:/home/bryan/Workspace/ros2_ws/install/examples_rclcpp_minimal_action_server:/home/bryan/Workspace/ros2_ws/install/examples_rclcpp_minimal_action_client:/home/bryan/Workspace/ros2_ws/install/examples_rclcpp_cbg_executor:/home/bryan/Workspace/ros2_ws/install/examples_rclcpp_async_client:/home/bryan/Workspace/ros2_ws/install/sprint2:/home/bryan/Workspace/ros2_ws/install/launch_testing_examples:/home/bryan/Workspace/ros2_ws/install/image_converter:/home/bryan/Workspace/ros2_ws/install/first_package:/home/bryan/Workspace/ros2_ws/install/examples_rclpy_pointcloud_publisher:/home/bryan/Workspace/ros2_ws/install/examples_rclpy_minimal_subscriber:/home/bryan/Workspace/ros2_ws/install/examples_rclpy_minimal_service:/home/bryan/Workspace/ros2_ws/install/examples_rclpy_minimal_publisher:/home/bryan/Workspace/ros2_ws/install/examples_rclpy_minimal_client:/home/bryan/Workspace/ros2_ws/install/examples_rclpy_minimal_action_server:/home/bryan/Workspace/ros2_ws/install/examples_rclpy_minimal_action_client:/home/bryan/Workspace/ros2_ws/install/examples_rclpy_guard_conditions:/home/bryan/Workspace/ros2_ws/install/examples_rclpy_executors:/home/bryan/Workspace/ros2_ws/install/camera_calibration:/opt/ros/humble LD_LIBRARY_PATH=/home/bryan/Workspace/ros2_ws/install/image_geometry/lib:/home/bryan/Workspace/ros2_ws/install/cv_bridge/lib:${LD_LIBRARY_PATH} PYTHONPATH=/home/bryan/Workspace/ros2_ws/install/image_geometry/local/lib/python3.10/dist-packages:/home/bryan/Workspace/ros2_ws/install/cv_bridge/local/lib/python3.10/dist-packages:${PYTHONPATH} /usr/bin/cmake --build /home/bryan/Workspace/ros2_ws/build/vision_opencv -- -j3 -l3
[179.663s] DEBUG:colcon.colcon_core.event_handler.log_command:Invoked command in '/home/bryan/Workspace/ros2_ws/build/vision_opencv' returned '0': AMENT_PREFIX_PATH=/home/bryan/Workspace/ros2_ws/install/image_geometry:/home/bryan/Workspace/ros2_ws/install/cv_bridge:${AMENT_PREFIX_PATH} CMAKE_PREFIX_PATH=/home/bryan/Workspace/ros2_ws/install/image_geometry:/home/bryan/Workspace/ros2_ws/install/cv_bridge:/home/bryan/Workspace/ros2_ws/install/image_proc:/home/bryan/Workspace/ros2_ws/install/tracetools_image_pipeline:/home/bryan/Workspace/ros2_ws/install/image_rotate:/home/bryan/Workspace/ros2_ws/install/image_publisher:/home/bryan/Workspace/ros2_ws/install/examples_rclcpp_wait_set:/home/bryan/Workspace/ros2_ws/install/examples_rclcpp_multithreaded_executor:/home/bryan/Workspace/ros2_ws/install/examples_rclcpp_minimal_timer:/home/bryan/Workspace/ros2_ws/install/examples_rclcpp_minimal_subscriber:/home/bryan/Workspace/ros2_ws/install/examples_rclcpp_minimal_service:/home/bryan/Workspace/ros2_ws/install/examples_rclcpp_minimal_publisher:/home/bryan/Workspace/ros2_ws/install/examples_rclcpp_minimal_composition:/home/bryan/Workspace/ros2_ws/install/examples_rclcpp_minimal_client:/home/bryan/Workspace/ros2_ws/install/examples_rclcpp_minimal_action_server:/home/bryan/Workspace/ros2_ws/install/examples_rclcpp_minimal_action_client:/home/bryan/Workspace/ros2_ws/install/examples_rclcpp_cbg_executor:/home/bryan/Workspace/ros2_ws/install/examples_rclcpp_async_client:/home/bryan/Workspace/ros2_ws/install/sprint2:/home/bryan/Workspace/ros2_ws/install/launch_testing_examples:/home/bryan/Workspace/ros2_ws/install/image_converter:/home/bryan/Workspace/ros2_ws/install/first_package:/home/bryan/Workspace/ros2_ws/install/examples_rclpy_pointcloud_publisher:/home/bryan/Workspace/ros2_ws/install/examples_rclpy_minimal_subscriber:/home/bryan/Workspace/ros2_ws/install/examples_rclpy_minimal_service:/home/bryan/Workspace/ros2_ws/install/examples_rclpy_minimal_publisher:/home/bryan/Workspace/ros2_ws/install/examples_rclpy_minimal_client:/home/bryan/Workspace/ros2_ws/install/examples_rclpy_minimal_action_server:/home/bryan/Workspace/ros2_ws/install/examples_rclpy_minimal_action_client:/home/bryan/Workspace/ros2_ws/install/examples_rclpy_guard_conditions:/home/bryan/Workspace/ros2_ws/install/examples_rclpy_executors:/home/bryan/Workspace/ros2_ws/install/camera_calibration:/opt/ros/humble LD_LIBRARY_PATH=/home/bryan/Workspace/ros2_ws/install/image_geometry/lib:/home/bryan/Workspace/ros2_ws/install/cv_bridge/lib:${LD_LIBRARY_PATH} PYTHONPATH=/home/bryan/Workspace/ros2_ws/install/image_geometry/local/lib/python3.10/dist-packages:/home/bryan/Workspace/ros2_ws/install/cv_bridge/local/lib/python3.10/dist-packages:${PYTHONPATH} /usr/bin/cmake --build /home/bryan/Workspace/ros2_ws/build/vision_opencv -- -j3 -l3
[179.695s] DEBUG:colcon.colcon_core.event_handler.log_command:Invoking command in '/home/bryan/Workspace/ros2_ws/build/vision_opencv': AMENT_PREFIX_PATH=/home/bryan/Workspace/ros2_ws/install/image_geometry:/home/bryan/Workspace/ros2_ws/install/cv_bridge:${AMENT_PREFIX_PATH} CMAKE_PREFIX_PATH=/home/bryan/Workspace/ros2_ws/install/image_geometry:/home/bryan/Workspace/ros2_ws/install/cv_bridge:/home/bryan/Workspace/ros2_ws/install/image_proc:/home/bryan/Workspace/ros2_ws/install/tracetools_image_pipeline:/home/bryan/Workspace/ros2_ws/install/image_rotate:/home/bryan/Workspace/ros2_ws/install/image_publisher:/home/bryan/Workspace/ros2_ws/install/examples_rclcpp_wait_set:/home/bryan/Workspace/ros2_ws/install/examples_rclcpp_multithreaded_executor:/home/bryan/Workspace/ros2_ws/install/examples_rclcpp_minimal_timer:/home/bryan/Workspace/ros2_ws/install/examples_rclcpp_minimal_subscriber:/home/bryan/Workspace/ros2_ws/install/examples_rclcpp_minimal_service:/home/bryan/Workspace/ros2_ws/install/examples_rclcpp_minimal_publisher:/home/bryan/Workspace/ros2_ws/install/examples_rclcpp_minimal_composition:/home/bryan/Workspace/ros2_ws/install/examples_rclcpp_minimal_client:/home/bryan/Workspace/ros2_ws/install/examples_rclcpp_minimal_action_server:/home/bryan/Workspace/ros2_ws/install/examples_rclcpp_minimal_action_client:/home/bryan/Workspace/ros2_ws/install/examples_rclcpp_cbg_executor:/home/bryan/Workspace/ros2_ws/install/examples_rclcpp_async_client:/home/bryan/Workspace/ros2_ws/install/sprint2:/home/bryan/Workspace/ros2_ws/install/launch_testing_examples:/home/bryan/Workspace/ros2_ws/install/image_converter:/home/bryan/Workspace/ros2_ws/install/first_package:/home/bryan/Workspace/ros2_ws/install/examples_rclpy_pointcloud_publisher:/home/bryan/Workspace/ros2_ws/install/examples_rclpy_minimal_subscriber:/home/bryan/Workspace/ros2_ws/install/examples_rclpy_minimal_service:/home/bryan/Workspace/ros2_ws/install/examples_rclpy_minimal_publisher:/home/bryan/Workspace/ros2_ws/install/examples_rclpy_minimal_client:/home/bryan/Workspace/ros2_ws/install/examples_rclpy_minimal_action_server:/home/bryan/Workspace/ros2_ws/install/examples_rclpy_minimal_action_client:/home/bryan/Workspace/ros2_ws/install/examples_rclpy_guard_conditions:/home/bryan/Workspace/ros2_ws/install/examples_rclpy_executors:/home/bryan/Workspace/ros2_ws/install/camera_calibration:/opt/ros/humble LD_LIBRARY_PATH=/home/bryan/Workspace/ros2_ws/install/image_geometry/lib:/home/bryan/Workspace/ros2_ws/install/cv_bridge/lib:${LD_LIBRARY_PATH} PYTHONPATH=/home/bryan/Workspace/ros2_ws/install/image_geometry/local/lib/python3.10/dist-packages:/home/bryan/Workspace/ros2_ws/install/cv_bridge/local/lib/python3.10/dist-packages:${PYTHONPATH} /usr/bin/cmake --install /home/bryan/Workspace/ros2_ws/build/vision_opencv
[179.802s] Level 1:colcon.colcon_core.environment:create_environment_scripts_only(vision_opencv)
[179.803s] DEBUG:colcon.colcon_core.event_handler.log_command:Invoked command in '/home/bryan/Workspace/ros2_ws/build/vision_opencv' returned '0': AMENT_PREFIX_PATH=/home/bryan/Workspace/ros2_ws/install/image_geometry:/home/bryan/Workspace/ros2_ws/install/cv_bridge:${AMENT_PREFIX_PATH} CMAKE_PREFIX_PATH=/home/bryan/Workspace/ros2_ws/install/image_geometry:/home/bryan/Workspace/ros2_ws/install/cv_bridge:/home/bryan/Workspace/ros2_ws/install/image_proc:/home/bryan/Workspace/ros2_ws/install/tracetools_image_pipeline:/home/bryan/Workspace/ros2_ws/install/image_rotate:/home/bryan/Workspace/ros2_ws/install/image_publisher:/home/bryan/Workspace/ros2_ws/install/examples_rclcpp_wait_set:/home/bryan/Workspace/ros2_ws/install/examples_rclcpp_multithreaded_executor:/home/bryan/Workspace/ros2_ws/install/examples_rclcpp_minimal_timer:/home/bryan/Workspace/ros2_ws/install/examples_rclcpp_minimal_subscriber:/home/bryan/Workspace/ros2_ws/install/examples_rclcpp_minimal_service:/home/bryan/Workspace/ros2_ws/install/examples_rclcpp_minimal_publisher:/home/bryan/Workspace/ros2_ws/install/examples_rclcpp_minimal_composition:/home/bryan/Workspace/ros2_ws/install/examples_rclcpp_minimal_client:/home/bryan/Workspace/ros2_ws/install/examples_rclcpp_minimal_action_server:/home/bryan/Workspace/ros2_ws/install/examples_rclcpp_minimal_action_client:/home/bryan/Workspace/ros2_ws/install/examples_rclcpp_cbg_executor:/home/bryan/Workspace/ros2_ws/install/examples_rclcpp_async_client:/home/bryan/Workspace/ros2_ws/install/sprint2:/home/bryan/Workspace/ros2_ws/install/launch_testing_examples:/home/bryan/Workspace/ros2_ws/install/image_converter:/home/bryan/Workspace/ros2_ws/install/first_package:/home/bryan/Workspace/ros2_ws/install/examples_rclpy_pointcloud_publisher:/home/bryan/Workspace/ros2_ws/install/examples_rclpy_minimal_subscriber:/home/bryan/Workspace/ros2_ws/install/examples_rclpy_minimal_service:/home/bryan/Workspace/ros2_ws/install/examples_rclpy_minimal_publisher:/home/bryan/Workspace/ros2_ws/install/examples_rclpy_minimal_client:/home/bryan/Workspace/ros2_ws/install/examples_rclpy_minimal_action_server:/home/bryan/Workspace/ros2_ws/install/examples_rclpy_minimal_action_client:/home/bryan/Workspace/ros2_ws/install/examples_rclpy_guard_conditions:/home/bryan/Workspace/ros2_ws/install/examples_rclpy_executors:/home/bryan/Workspace/ros2_ws/install/camera_calibration:/opt/ros/humble LD_LIBRARY_PATH=/home/bryan/Workspace/ros2_ws/install/image_geometry/lib:/home/bryan/Workspace/ros2_ws/install/cv_bridge/lib:${LD_LIBRARY_PATH} PYTHONPATH=/home/bryan/Workspace/ros2_ws/install/image_geometry/local/lib/python3.10/dist-packages:/home/bryan/Workspace/ros2_ws/install/cv_bridge/local/lib/python3.10/dist-packages:${PYTHONPATH} /usr/bin/cmake --install /home/bryan/Workspace/ros2_ws/build/vision_opencv
[179.804s] Level 1:colcon.colcon_core.environment:checking '/home/bryan/Workspace/ros2_ws/install/vision_opencv' for CMake module files
[179.806s] Level 1:colcon.colcon_core.environment:checking '/home/bryan/Workspace/ros2_ws/install/vision_opencv' for CMake config files
[179.826s] Level 1:colcon.colcon_core.shell:create_environment_hook('vision_opencv', 'cmake_prefix_path')
[179.827s] INFO:colcon.colcon_core.shell:Creating environment hook '/home/bryan/Workspace/ros2_ws/install/vision_opencv/share/vision_opencv/hook/cmake_prefix_path.ps1'
[179.831s] INFO:colcon.colcon_core.shell:Creating environment descriptor '/home/bryan/Workspace/ros2_ws/install/vision_opencv/share/vision_opencv/hook/cmake_prefix_path.dsv'
[179.833s] INFO:colcon.colcon_core.shell:Creating environment hook '/home/bryan/Workspace/ros2_ws/install/vision_opencv/share/vision_opencv/hook/cmake_prefix_path.sh'
[179.835s] Level 1:colcon.colcon_core.environment:checking '/home/bryan/Workspace/ros2_ws/install/vision_opencv/bin'
[179.835s] Level 1:colcon.colcon_core.environment:checking '/home/bryan/Workspace/ros2_ws/install/vision_opencv/lib/pkgconfig/vision_opencv.pc'
[179.836s] Level 1:colcon.colcon_core.environment:checking '/home/bryan/Workspace/ros2_ws/install/vision_opencv/lib/python3.10/site-packages'
[179.836s] Level 1:colcon.colcon_core.environment:checking '/home/bryan/Workspace/ros2_ws/install/vision_opencv/bin'
[179.838s] INFO:colcon.colcon_core.shell:Creating package script '/home/bryan/Workspace/ros2_ws/install/vision_opencv/share/vision_opencv/package.ps1'
[179.860s] INFO:colcon.colcon_core.shell:Creating package descriptor '/home/bryan/Workspace/ros2_ws/install/vision_opencv/share/vision_opencv/package.dsv'
[179.862s] INFO:colcon.colcon_core.shell:Creating package script '/home/bryan/Workspace/ros2_ws/install/vision_opencv/share/vision_opencv/package.sh'
[179.864s] INFO:colcon.colcon_core.shell:Creating package script '/home/bryan/Workspace/ros2_ws/install/vision_opencv/share/vision_opencv/package.bash'
[179.866s] INFO:colcon.colcon_core.shell:Creating package script '/home/bryan/Workspace/ros2_ws/install/vision_opencv/share/vision_opencv/package.zsh'
[179.876s] Level 1:colcon.colcon_core.environment:create_file_with_runtime_dependencies(/home/bryan/Workspace/ros2_ws/install/vision_opencv/share/colcon-core/packages/vision_opencv)
[179.879s] Level 1:colcon.colcon_core.environment:create_environment_scripts_only(vision_opencv)
[179.880s] Level 1:colcon.colcon_core.environment:checking '/home/bryan/Workspace/ros2_ws/install/vision_opencv' for CMake module files
[179.881s] Level 1:colcon.colcon_core.environment:checking '/home/bryan/Workspace/ros2_ws/install/vision_opencv' for CMake config files
[179.882s] Level 1:colcon.colcon_core.shell:create_environment_hook('vision_opencv', 'cmake_prefix_path')
[179.886s] INFO:colcon.colcon_core.shell:Creating environment hook '/home/bryan/Workspace/ros2_ws/install/vision_opencv/share/vision_opencv/hook/cmake_prefix_path.ps1'
[179.902s] INFO:colcon.colcon_core.shell:Creating environment descriptor '/home/bryan/Workspace/ros2_ws/install/vision_opencv/share/vision_opencv/hook/cmake_prefix_path.dsv'
[179.929s] INFO:colcon.colcon_core.shell:Creating environment hook '/home/bryan/Workspace/ros2_ws/install/vision_opencv/share/vision_opencv/hook/cmake_prefix_path.sh'
[179.932s] Level 1:colcon.colcon_core.environment:checking '/home/bryan/Workspace/ros2_ws/install/vision_opencv/bin'
[179.936s] Level 1:colcon.colcon_core.environment:checking '/home/bryan/Workspace/ros2_ws/install/vision_opencv/lib/pkgconfig/vision_opencv.pc'
[179.937s] Level 1:colcon.colcon_core.environment:checking '/home/bryan/Workspace/ros2_ws/install/vision_opencv/lib/python3.10/site-packages'
[179.937s] Level 1:colcon.colcon_core.environment:checking '/home/bryan/Workspace/ros2_ws/install/vision_opencv/bin'
[179.938s] INFO:colcon.colcon_core.shell:Creating package script '/home/bryan/Workspace/ros2_ws/install/vision_opencv/share/vision_opencv/package.ps1'
[179.941s] INFO:colcon.colcon_core.shell:Creating package descriptor '/home/bryan/Workspace/ros2_ws/install/vision_opencv/share/vision_opencv/package.dsv'
[179.944s] INFO:colcon.colcon_core.shell:Creating package script '/home/bryan/Workspace/ros2_ws/install/vision_opencv/share/vision_opencv/package.sh'
[179.955s] INFO:colcon.colcon_core.shell:Creating package script '/home/bryan/Workspace/ros2_ws/install/vision_opencv/share/vision_opencv/package.bash'
[179.960s] INFO:colcon.colcon_core.shell:Creating package script '/home/bryan/Workspace/ros2_ws/install/vision_opencv/share/vision_opencv/package.zsh'
[179.962s] Level 1:colcon.colcon_core.environment:create_file_with_runtime_dependencies(/home/bryan/Workspace/ros2_ws/install/vision_opencv/share/colcon-core/packages/vision_opencv)
[196.742s] DEBUG:colcon.colcon_core.event_handler.log_command:Invoked command in '/home/bryan/Workspace/ros2_ws/build/image_view' returned '0': AMENT_PREFIX_PATH=/home/bryan/Workspace/ros2_ws/install/cv_bridge:${AMENT_PREFIX_PATH} CMAKE_PREFIX_PATH=/home/bryan/Workspace/ros2_ws/install/cv_bridge:/home/bryan/Workspace/ros2_ws/install/image_proc:/home/bryan/Workspace/ros2_ws/install/tracetools_image_pipeline:/home/bryan/Workspace/ros2_ws/install/image_rotate:/home/bryan/Workspace/ros2_ws/install/image_publisher:/home/bryan/Workspace/ros2_ws/install/examples_rclcpp_wait_set:/home/bryan/Workspace/ros2_ws/install/examples_rclcpp_multithreaded_executor:/home/bryan/Workspace/ros2_ws/install/examples_rclcpp_minimal_timer:/home/bryan/Workspace/ros2_ws/install/examples_rclcpp_minimal_subscriber:/home/bryan/Workspace/ros2_ws/install/examples_rclcpp_minimal_service:/home/bryan/Workspace/ros2_ws/install/examples_rclcpp_minimal_publisher:/home/bryan/Workspace/ros2_ws/install/examples_rclcpp_minimal_composition:/home/bryan/Workspace/ros2_ws/install/examples_rclcpp_minimal_client:/home/bryan/Workspace/ros2_ws/install/examples_rclcpp_minimal_action_server:/home/bryan/Workspace/ros2_ws/install/examples_rclcpp_minimal_action_client:/home/bryan/Workspace/ros2_ws/install/examples_rclcpp_cbg_executor:/home/bryan/Workspace/ros2_ws/install/examples_rclcpp_async_client:/home/bryan/Workspace/ros2_ws/install/sprint2:/home/bryan/Workspace/ros2_ws/install/launch_testing_examples:/home/bryan/Workspace/ros2_ws/install/image_converter:/home/bryan/Workspace/ros2_ws/install/first_package:/home/bryan/Workspace/ros2_ws/install/examples_rclpy_pointcloud_publisher:/home/bryan/Workspace/ros2_ws/install/examples_rclpy_minimal_subscriber:/home/bryan/Workspace/ros2_ws/install/examples_rclpy_minimal_service:/home/bryan/Workspace/ros2_ws/install/examples_rclpy_minimal_publisher:/home/bryan/Workspace/ros2_ws/install/examples_rclpy_minimal_client:/home/bryan/Workspace/ros2_ws/install/examples_rclpy_minimal_action_server:/home/bryan/Workspace/ros2_ws/install/examples_rclpy_minimal_action_client:/home/bryan/Workspace/ros2_ws/install/examples_rclpy_guard_conditions:/home/bryan/Workspace/ros2_ws/install/examples_rclpy_executors:/home/bryan/Workspace/ros2_ws/install/camera_calibration:/opt/ros/humble LD_LIBRARY_PATH=/home/bryan/Workspace/ros2_ws/install/cv_bridge/lib:${LD_LIBRARY_PATH} PYTHONPATH=/home/bryan/Workspace/ros2_ws/install/cv_bridge/local/lib/python3.10/dist-packages:${PYTHONPATH} /usr/bin/cmake --build /home/bryan/Workspace/ros2_ws/build/image_view -- -j3 -l3
[196.747s] DEBUG:colcon.colcon_core.event_handler.log_command:Invoking command in '/home/bryan/Workspace/ros2_ws/build/image_view': AMENT_PREFIX_PATH=/home/bryan/Workspace/ros2_ws/install/cv_bridge:${AMENT_PREFIX_PATH} CMAKE_PREFIX_PATH=/home/bryan/Workspace/ros2_ws/install/cv_bridge:/home/bryan/Workspace/ros2_ws/install/image_proc:/home/bryan/Workspace/ros2_ws/install/tracetools_image_pipeline:/home/bryan/Workspace/ros2_ws/install/image_rotate:/home/bryan/Workspace/ros2_ws/install/image_publisher:/home/bryan/Workspace/ros2_ws/install/examples_rclcpp_wait_set:/home/bryan/Workspace/ros2_ws/install/examples_rclcpp_multithreaded_executor:/home/bryan/Workspace/ros2_ws/install/examples_rclcpp_minimal_timer:/home/bryan/Workspace/ros2_ws/install/examples_rclcpp_minimal_subscriber:/home/bryan/Workspace/ros2_ws/install/examples_rclcpp_minimal_service:/home/bryan/Workspace/ros2_ws/install/examples_rclcpp_minimal_publisher:/home/bryan/Workspace/ros2_ws/install/examples_rclcpp_minimal_composition:/home/bryan/Workspace/ros2_ws/install/examples_rclcpp_minimal_client:/home/bryan/Workspace/ros2_ws/install/examples_rclcpp_minimal_action_server:/home/bryan/Workspace/ros2_ws/install/examples_rclcpp_minimal_action_client:/home/bryan/Workspace/ros2_ws/install/examples_rclcpp_cbg_executor:/home/bryan/Workspace/ros2_ws/install/examples_rclcpp_async_client:/home/bryan/Workspace/ros2_ws/install/sprint2:/home/bryan/Workspace/ros2_ws/install/launch_testing_examples:/home/bryan/Workspace/ros2_ws/install/image_converter:/home/bryan/Workspace/ros2_ws/install/first_package:/home/bryan/Workspace/ros2_ws/install/examples_rclpy_pointcloud_publisher:/home/bryan/Workspace/ros2_ws/install/examples_rclpy_minimal_subscriber:/home/bryan/Workspace/ros2_ws/install/examples_rclpy_minimal_service:/home/bryan/Workspace/ros2_ws/install/examples_rclpy_minimal_publisher:/home/bryan/Workspace/ros2_ws/install/examples_rclpy_minimal_client:/home/bryan/Workspace/ros2_ws/install/examples_rclpy_minimal_action_server:/home/bryan/Workspace/ros2_ws/install/examples_rclpy_minimal_action_client:/home/bryan/Workspace/ros2_ws/install/examples_rclpy_guard_conditions:/home/bryan/Workspace/ros2_ws/install/examples_rclpy_executors:/home/bryan/Workspace/ros2_ws/install/camera_calibration:/opt/ros/humble LD_LIBRARY_PATH=/home/bryan/Workspace/ros2_ws/install/cv_bridge/lib:${LD_LIBRARY_PATH} PYTHONPATH=/home/bryan/Workspace/ros2_ws/install/cv_bridge/local/lib/python3.10/dist-packages:${PYTHONPATH} /usr/bin/cmake --install /home/bryan/Workspace/ros2_ws/build/image_view
[196.843s] Level 1:colcon.colcon_core.environment:create_environment_scripts_only(image_view)
[196.844s] Level 1:colcon.colcon_core.environment:checking '/home/bryan/Workspace/ros2_ws/install/image_view' for CMake module files
[196.848s] DEBUG:colcon.colcon_core.event_handler.log_command:Invoked command in '/home/bryan/Workspace/ros2_ws/build/image_view' returned '0': AMENT_PREFIX_PATH=/home/bryan/Workspace/ros2_ws/install/cv_bridge:${AMENT_PREFIX_PATH} CMAKE_PREFIX_PATH=/home/bryan/Workspace/ros2_ws/install/cv_bridge:/home/bryan/Workspace/ros2_ws/install/image_proc:/home/bryan/Workspace/ros2_ws/install/tracetools_image_pipeline:/home/bryan/Workspace/ros2_ws/install/image_rotate:/home/bryan/Workspace/ros2_ws/install/image_publisher:/home/bryan/Workspace/ros2_ws/install/examples_rclcpp_wait_set:/home/bryan/Workspace/ros2_ws/install/examples_rclcpp_multithreaded_executor:/home/bryan/Workspace/ros2_ws/install/examples_rclcpp_minimal_timer:/home/bryan/Workspace/ros2_ws/install/examples_rclcpp_minimal_subscriber:/home/bryan/Workspace/ros2_ws/install/examples_rclcpp_minimal_service:/home/bryan/Workspace/ros2_ws/install/examples_rclcpp_minimal_publisher:/home/bryan/Workspace/ros2_ws/install/examples_rclcpp_minimal_composition:/home/bryan/Workspace/ros2_ws/install/examples_rclcpp_minimal_client:/home/bryan/Workspace/ros2_ws/install/examples_rclcpp_minimal_action_server:/home/bryan/Workspace/ros2_ws/install/examples_rclcpp_minimal_action_client:/home/bryan/Workspace/ros2_ws/install/examples_rclcpp_cbg_executor:/home/bryan/Workspace/ros2_ws/install/examples_rclcpp_async_client:/home/bryan/Workspace/ros2_ws/install/sprint2:/home/bryan/Workspace/ros2_ws/install/launch_testing_examples:/home/bryan/Workspace/ros2_ws/install/image_converter:/home/bryan/Workspace/ros2_ws/install/first_package:/home/bryan/Workspace/ros2_ws/install/examples_rclpy_pointcloud_publisher:/home/bryan/Workspace/ros2_ws/install/examples_rclpy_minimal_subscriber:/home/bryan/Workspace/ros2_ws/install/examples_rclpy_minimal_service:/home/bryan/Workspace/ros2_ws/install/examples_rclpy_minimal_publisher:/home/bryan/Workspace/ros2_ws/install/examples_rclpy_minimal_client:/home/bryan/Workspace/ros2_ws/install/examples_rclpy_minimal_action_server:/home/bryan/Workspace/ros2_ws/install/examples_rclpy_minimal_action_client:/home/bryan/Workspace/ros2_ws/install/examples_rclpy_guard_conditions:/home/bryan/Workspace/ros2_ws/install/examples_rclpy_executors:/home/bryan/Workspace/ros2_ws/install/camera_calibration:/opt/ros/humble LD_LIBRARY_PATH=/home/bryan/Workspace/ros2_ws/install/cv_bridge/lib:${LD_LIBRARY_PATH} PYTHONPATH=/home/bryan/Workspace/ros2_ws/install/cv_bridge/local/lib/python3.10/dist-packages:${PYTHONPATH} /usr/bin/cmake --install /home/bryan/Workspace/ros2_ws/build/image_view
[196.855s] Level 1:colcon.colcon_core.environment:checking '/home/bryan/Workspace/ros2_ws/install/image_view' for CMake config files
[196.855s] Level 1:colcon.colcon_core.shell:create_environment_hook('image_view', 'cmake_prefix_path')
[196.856s] INFO:colcon.colcon_core.shell:Creating environment hook '/home/bryan/Workspace/ros2_ws/install/image_view/share/image_view/hook/cmake_prefix_path.ps1'
[196.857s] INFO:colcon.colcon_core.shell:Creating environment descriptor '/home/bryan/Workspace/ros2_ws/install/image_view/share/image_view/hook/cmake_prefix_path.dsv'
[196.859s] INFO:colcon.colcon_core.shell:Creating environment hook '/home/bryan/Workspace/ros2_ws/install/image_view/share/image_view/hook/cmake_prefix_path.sh'
[196.864s] Level 1:colcon.colcon_core.environment:checking '/home/bryan/Workspace/ros2_ws/install/image_view/lib'
[196.865s] Level 1:colcon.colcon_core.shell:create_environment_hook('image_view', 'ld_library_path_lib')
[196.866s] INFO:colcon.colcon_core.shell:Creating environment hook '/home/bryan/Workspace/ros2_ws/install/image_view/share/image_view/hook/ld_library_path_lib.ps1'
[196.868s] INFO:colcon.colcon_core.shell:Creating environment descriptor '/home/bryan/Workspace/ros2_ws/install/image_view/share/image_view/hook/ld_library_path_lib.dsv'
[196.869s] INFO:colcon.colcon_core.shell:Creating environment hook '/home/bryan/Workspace/ros2_ws/install/image_view/share/image_view/hook/ld_library_path_lib.sh'
[196.870s] Level 1:colcon.colcon_core.environment:checking '/home/bryan/Workspace/ros2_ws/install/image_view/bin'
[196.870s] Level 1:colcon.colcon_core.environment:checking '/home/bryan/Workspace/ros2_ws/install/image_view/lib/pkgconfig/image_view.pc'
[196.871s] Level 1:colcon.colcon_core.environment:checking '/home/bryan/Workspace/ros2_ws/install/image_view/lib/python3.10/site-packages'
[196.871s] Level 1:colcon.colcon_core.environment:checking '/home/bryan/Workspace/ros2_ws/install/image_view/bin'
[196.872s] INFO:colcon.colcon_core.shell:Creating package script '/home/bryan/Workspace/ros2_ws/install/image_view/share/image_view/package.ps1'
[196.875s] INFO:colcon.colcon_core.shell:Creating package descriptor '/home/bryan/Workspace/ros2_ws/install/image_view/share/image_view/package.dsv'
[196.878s] INFO:colcon.colcon_core.shell:Creating package script '/home/bryan/Workspace/ros2_ws/install/image_view/share/image_view/package.sh'
[196.880s] INFO:colcon.colcon_core.shell:Creating package script '/home/bryan/Workspace/ros2_ws/install/image_view/share/image_view/package.bash'
[196.881s] INFO:colcon.colcon_core.shell:Creating package script '/home/bryan/Workspace/ros2_ws/install/image_view/share/image_view/package.zsh'
[196.883s] Level 1:colcon.colcon_core.environment:create_file_with_runtime_dependencies(/home/bryan/Workspace/ros2_ws/install/image_view/share/colcon-core/packages/image_view)
[196.884s] Level 1:colcon.colcon_core.environment:create_environment_scripts_only(image_view)
[196.887s] Level 1:colcon.colcon_core.environment:checking '/home/bryan/Workspace/ros2_ws/install/image_view' for CMake module files
[196.888s] Level 1:colcon.colcon_core.environment:checking '/home/bryan/Workspace/ros2_ws/install/image_view' for CMake config files
[196.889s] Level 1:colcon.colcon_core.shell:create_environment_hook('image_view', 'cmake_prefix_path')
[196.890s] INFO:colcon.colcon_core.shell:Creating environment hook '/home/bryan/Workspace/ros2_ws/install/image_view/share/image_view/hook/cmake_prefix_path.ps1'
[196.892s] INFO:colcon.colcon_core.shell:Creating environment descriptor '/home/bryan/Workspace/ros2_ws/install/image_view/share/image_view/hook/cmake_prefix_path.dsv'
[196.894s] INFO:colcon.colcon_core.shell:Creating environment hook '/home/bryan/Workspace/ros2_ws/install/image_view/share/image_view/hook/cmake_prefix_path.sh'
[196.897s] Level 1:colcon.colcon_core.environment:checking '/home/bryan/Workspace/ros2_ws/install/image_view/lib'
[196.899s] Level 1:colcon.colcon_core.shell:create_environment_hook('image_view', 'ld_library_path_lib')
[196.900s] INFO:colcon.colcon_core.shell:Creating environment hook '/home/bryan/Workspace/ros2_ws/install/image_view/share/image_view/hook/ld_library_path_lib.ps1'
[196.902s] INFO:colcon.colcon_core.shell:Creating environment descriptor '/home/bryan/Workspace/ros2_ws/install/image_view/share/image_view/hook/ld_library_path_lib.dsv'
[196.903s] INFO:colcon.colcon_core.shell:Creating environment hook '/home/bryan/Workspace/ros2_ws/install/image_view/share/image_view/hook/ld_library_path_lib.sh'
[196.905s] Level 1:colcon.colcon_core.environment:checking '/home/bryan/Workspace/ros2_ws/install/image_view/bin'
[196.905s] Level 1:colcon.colcon_core.environment:checking '/home/bryan/Workspace/ros2_ws/install/image_view/lib/pkgconfig/image_view.pc'
[196.906s] Level 1:colcon.colcon_core.environment:checking '/home/bryan/Workspace/ros2_ws/install/image_view/lib/python3.10/site-packages'
[196.907s] Level 1:colcon.colcon_core.environment:checking '/home/bryan/Workspace/ros2_ws/install/image_view/bin'
[196.908s] INFO:colcon.colcon_core.shell:Creating package script '/home/bryan/Workspace/ros2_ws/install/image_view/share/image_view/package.ps1'
[196.911s] INFO:colcon.colcon_core.shell:Creating package descriptor '/home/bryan/Workspace/ros2_ws/install/image_view/share/image_view/package.dsv'
[196.914s] INFO:colcon.colcon_core.shell:Creating package script '/home/bryan/Workspace/ros2_ws/install/image_view/share/image_view/package.sh'
[196.950s] INFO:colcon.colcon_core.shell:Creating package script '/home/bryan/Workspace/ros2_ws/install/image_view/share/image_view/package.bash'
[196.953s] INFO:colcon.colcon_core.shell:Creating package script '/home/bryan/Workspace/ros2_ws/install/image_view/share/image_view/package.zsh'
[196.961s] Level 1:colcon.colcon_core.environment:create_file_with_runtime_dependencies(/home/bryan/Workspace/ros2_ws/install/image_view/share/colcon-core/packages/image_view)
[235.699s] DEBUG:colcon.colcon_core.event_handler.log_command:Invoked command in '/home/bryan/Workspace/ros2_ws/build/depth_image_proc' returned '0': AMENT_PREFIX_PATH=/home/bryan/Workspace/ros2_ws/install/image_geometry:/home/bryan/Workspace/ros2_ws/install/cv_bridge:${AMENT_PREFIX_PATH} CMAKE_PREFIX_PATH=/home/bryan/Workspace/ros2_ws/install/image_geometry:/home/bryan/Workspace/ros2_ws/install/cv_bridge:/home/bryan/Workspace/ros2_ws/install/image_proc:/home/bryan/Workspace/ros2_ws/install/tracetools_image_pipeline:/home/bryan/Workspace/ros2_ws/install/image_rotate:/home/bryan/Workspace/ros2_ws/install/image_publisher:/home/bryan/Workspace/ros2_ws/install/examples_rclcpp_wait_set:/home/bryan/Workspace/ros2_ws/install/examples_rclcpp_multithreaded_executor:/home/bryan/Workspace/ros2_ws/install/examples_rclcpp_minimal_timer:/home/bryan/Workspace/ros2_ws/install/examples_rclcpp_minimal_subscriber:/home/bryan/Workspace/ros2_ws/install/examples_rclcpp_minimal_service:/home/bryan/Workspace/ros2_ws/install/examples_rclcpp_minimal_publisher:/home/bryan/Workspace/ros2_ws/install/examples_rclcpp_minimal_composition:/home/bryan/Workspace/ros2_ws/install/examples_rclcpp_minimal_client:/home/bryan/Workspace/ros2_ws/install/examples_rclcpp_minimal_action_server:/home/bryan/Workspace/ros2_ws/install/examples_rclcpp_minimal_action_client:/home/bryan/Workspace/ros2_ws/install/examples_rclcpp_cbg_executor:/home/bryan/Workspace/ros2_ws/install/examples_rclcpp_async_client:/home/bryan/Workspace/ros2_ws/install/sprint2:/home/bryan/Workspace/ros2_ws/install/launch_testing_examples:/home/bryan/Workspace/ros2_ws/install/image_converter:/home/bryan/Workspace/ros2_ws/install/first_package:/home/bryan/Workspace/ros2_ws/install/examples_rclpy_pointcloud_publisher:/home/bryan/Workspace/ros2_ws/install/examples_rclpy_minimal_subscriber:/home/bryan/Workspace/ros2_ws/install/examples_rclpy_minimal_service:/home/bryan/Workspace/ros2_ws/install/examples_rclpy_minimal_publisher:/home/bryan/Workspace/ros2_ws/install/examples_rclpy_minimal_client:/home/bryan/Workspace/ros2_ws/install/examples_rclpy_minimal_action_server:/home/bryan/Workspace/ros2_ws/install/examples_rclpy_minimal_action_client:/home/bryan/Workspace/ros2_ws/install/examples_rclpy_guard_conditions:/home/bryan/Workspace/ros2_ws/install/examples_rclpy_executors:/home/bryan/Workspace/ros2_ws/install/camera_calibration:/opt/ros/humble LD_LIBRARY_PATH=/home/bryan/Workspace/ros2_ws/install/image_geometry/lib:/home/bryan/Workspace/ros2_ws/install/cv_bridge/lib:${LD_LIBRARY_PATH} PYTHONPATH=/home/bryan/Workspace/ros2_ws/install/image_geometry/local/lib/python3.10/dist-packages:/home/bryan/Workspace/ros2_ws/install/cv_bridge/local/lib/python3.10/dist-packages:${PYTHONPATH} /usr/bin/cmake --build /home/bryan/Workspace/ros2_ws/build/depth_image_proc -- -j3 -l3
[235.709s] DEBUG:colcon.colcon_core.event_handler.log_command:Invoking command in '/home/bryan/Workspace/ros2_ws/build/depth_image_proc': AMENT_PREFIX_PATH=/home/bryan/Workspace/ros2_ws/install/image_geometry:/home/bryan/Workspace/ros2_ws/install/cv_bridge:${AMENT_PREFIX_PATH} CMAKE_PREFIX_PATH=/home/bryan/Workspace/ros2_ws/install/image_geometry:/home/bryan/Workspace/ros2_ws/install/cv_bridge:/home/bryan/Workspace/ros2_ws/install/image_proc:/home/bryan/Workspace/ros2_ws/install/tracetools_image_pipeline:/home/bryan/Workspace/ros2_ws/install/image_rotate:/home/bryan/Workspace/ros2_ws/install/image_publisher:/home/bryan/Workspace/ros2_ws/install/examples_rclcpp_wait_set:/home/bryan/Workspace/ros2_ws/install/examples_rclcpp_multithreaded_executor:/home/bryan/Workspace/ros2_ws/install/examples_rclcpp_minimal_timer:/home/bryan/Workspace/ros2_ws/install/examples_rclcpp_minimal_subscriber:/home/bryan/Workspace/ros2_ws/install/examples_rclcpp_minimal_service:/home/bryan/Workspace/ros2_ws/install/examples_rclcpp_minimal_publisher:/home/bryan/Workspace/ros2_ws/install/examples_rclcpp_minimal_composition:/home/bryan/Workspace/ros2_ws/install/examples_rclcpp_minimal_client:/home/bryan/Workspace/ros2_ws/install/examples_rclcpp_minimal_action_server:/home/bryan/Workspace/ros2_ws/install/examples_rclcpp_minimal_action_client:/home/bryan/Workspace/ros2_ws/install/examples_rclcpp_cbg_executor:/home/bryan/Workspace/ros2_ws/install/examples_rclcpp_async_client:/home/bryan/Workspace/ros2_ws/install/sprint2:/home/bryan/Workspace/ros2_ws/install/launch_testing_examples:/home/bryan/Workspace/ros2_ws/install/image_converter:/home/bryan/Workspace/ros2_ws/install/first_package:/home/bryan/Workspace/ros2_ws/install/examples_rclpy_pointcloud_publisher:/home/bryan/Workspace/ros2_ws/install/examples_rclpy_minimal_subscriber:/home/bryan/Workspace/ros2_ws/install/examples_rclpy_minimal_service:/home/bryan/Workspace/ros2_ws/install/examples_rclpy_minimal_publisher:/home/bryan/Workspace/ros2_ws/install/examples_rclpy_minimal_client:/home/bryan/Workspace/ros2_ws/install/examples_rclpy_minimal_action_server:/home/bryan/Workspace/ros2_ws/install/examples_rclpy_minimal_action_client:/home/bryan/Workspace/ros2_ws/install/examples_rclpy_guard_conditions:/home/bryan/Workspace/ros2_ws/install/examples_rclpy_executors:/home/bryan/Workspace/ros2_ws/install/camera_calibration:/opt/ros/humble LD_LIBRARY_PATH=/home/bryan/Workspace/ros2_ws/install/image_geometry/lib:/home/bryan/Workspace/ros2_ws/install/cv_bridge/lib:${LD_LIBRARY_PATH} PYTHONPATH=/home/bryan/Workspace/ros2_ws/install/image_geometry/local/lib/python3.10/dist-packages:/home/bryan/Workspace/ros2_ws/install/cv_bridge/local/lib/python3.10/dist-packages:${PYTHONPATH} /usr/bin/cmake --install /home/bryan/Workspace/ros2_ws/build/depth_image_proc
[235.797s] Level 1:colcon.colcon_core.environment:create_environment_scripts_only(depth_image_proc)
[235.798s] DEBUG:colcon.colcon_core.event_handler.log_command:Invoked command in '/home/bryan/Workspace/ros2_ws/build/depth_image_proc' returned '0': AMENT_PREFIX_PATH=/home/bryan/Workspace/ros2_ws/install/image_geometry:/home/bryan/Workspace/ros2_ws/install/cv_bridge:${AMENT_PREFIX_PATH} CMAKE_PREFIX_PATH=/home/bryan/Workspace/ros2_ws/install/image_geometry:/home/bryan/Workspace/ros2_ws/install/cv_bridge:/home/bryan/Workspace/ros2_ws/install/image_proc:/home/bryan/Workspace/ros2_ws/install/tracetools_image_pipeline:/home/bryan/Workspace/ros2_ws/install/image_rotate:/home/bryan/Workspace/ros2_ws/install/image_publisher:/home/bryan/Workspace/ros2_ws/install/examples_rclcpp_wait_set:/home/bryan/Workspace/ros2_ws/install/examples_rclcpp_multithreaded_executor:/home/bryan/Workspace/ros2_ws/install/examples_rclcpp_minimal_timer:/home/bryan/Workspace/ros2_ws/install/examples_rclcpp_minimal_subscriber:/home/bryan/Workspace/ros2_ws/install/examples_rclcpp_minimal_service:/home/bryan/Workspace/ros2_ws/install/examples_rclcpp_minimal_publisher:/home/bryan/Workspace/ros2_ws/install/examples_rclcpp_minimal_composition:/home/bryan/Workspace/ros2_ws/install/examples_rclcpp_minimal_client:/home/bryan/Workspace/ros2_ws/install/examples_rclcpp_minimal_action_server:/home/bryan/Workspace/ros2_ws/install/examples_rclcpp_minimal_action_client:/home/bryan/Workspace/ros2_ws/install/examples_rclcpp_cbg_executor:/home/bryan/Workspace/ros2_ws/install/examples_rclcpp_async_client:/home/bryan/Workspace/ros2_ws/install/sprint2:/home/bryan/Workspace/ros2_ws/install/launch_testing_examples:/home/bryan/Workspace/ros2_ws/install/image_converter:/home/bryan/Workspace/ros2_ws/install/first_package:/home/bryan/Workspace/ros2_ws/install/examples_rclpy_pointcloud_publisher:/home/bryan/Workspace/ros2_ws/install/examples_rclpy_minimal_subscriber:/home/bryan/Workspace/ros2_ws/install/examples_rclpy_minimal_service:/home/bryan/Workspace/ros2_ws/install/examples_rclpy_minimal_publisher:/home/bryan/Workspace/ros2_ws/install/examples_rclpy_minimal_client:/home/bryan/Workspace/ros2_ws/install/examples_rclpy_minimal_action_server:/home/bryan/Workspace/ros2_ws/install/examples_rclpy_minimal_action_client:/home/bryan/Workspace/ros2_ws/install/examples_rclpy_guard_conditions:/home/bryan/Workspace/ros2_ws/install/examples_rclpy_executors:/home/bryan/Workspace/ros2_ws/install/camera_calibration:/opt/ros/humble LD_LIBRARY_PATH=/home/bryan/Workspace/ros2_ws/install/image_geometry/lib:/home/bryan/Workspace/ros2_ws/install/cv_bridge/lib:${LD_LIBRARY_PATH} PYTHONPATH=/home/bryan/Workspace/ros2_ws/install/image_geometry/local/lib/python3.10/dist-packages:/home/bryan/Workspace/ros2_ws/install/cv_bridge/local/lib/python3.10/dist-packages:${PYTHONPATH} /usr/bin/cmake --install /home/bryan/Workspace/ros2_ws/build/depth_image_proc
[235.802s] Level 1:colcon.colcon_core.environment:checking '/home/bryan/Workspace/ros2_ws/install/depth_image_proc' for CMake module files
[235.806s] Level 1:colcon.colcon_core.environment:checking '/home/bryan/Workspace/ros2_ws/install/depth_image_proc' for CMake config files
[235.806s] Level 1:colcon.colcon_core.shell:create_environment_hook('depth_image_proc', 'cmake_prefix_path')
[235.820s] INFO:colcon.colcon_core.shell:Creating environment hook '/home/bryan/Workspace/ros2_ws/install/depth_image_proc/share/depth_image_proc/hook/cmake_prefix_path.ps1'
[235.823s] INFO:colcon.colcon_core.shell:Creating environment descriptor '/home/bryan/Workspace/ros2_ws/install/depth_image_proc/share/depth_image_proc/hook/cmake_prefix_path.dsv'
[235.825s] INFO:colcon.colcon_core.shell:Creating environment hook '/home/bryan/Workspace/ros2_ws/install/depth_image_proc/share/depth_image_proc/hook/cmake_prefix_path.sh'
[235.827s] Level 1:colcon.colcon_core.environment:checking '/home/bryan/Workspace/ros2_ws/install/depth_image_proc/lib'
[235.827s] Level 1:colcon.colcon_core.shell:create_environment_hook('depth_image_proc', 'ld_library_path_lib')
[235.828s] INFO:colcon.colcon_core.shell:Creating environment hook '/home/bryan/Workspace/ros2_ws/install/depth_image_proc/share/depth_image_proc/hook/ld_library_path_lib.ps1'
[235.829s] INFO:colcon.colcon_core.shell:Creating environment descriptor '/home/bryan/Workspace/ros2_ws/install/depth_image_proc/share/depth_image_proc/hook/ld_library_path_lib.dsv'
[235.830s] INFO:colcon.colcon_core.shell:Creating environment hook '/home/bryan/Workspace/ros2_ws/install/depth_image_proc/share/depth_image_proc/hook/ld_library_path_lib.sh'
[235.831s] Level 1:colcon.colcon_core.environment:checking '/home/bryan/Workspace/ros2_ws/install/depth_image_proc/bin'
[235.831s] Level 1:colcon.colcon_core.environment:checking '/home/bryan/Workspace/ros2_ws/install/depth_image_proc/lib/pkgconfig/depth_image_proc.pc'
[235.831s] Level 1:colcon.colcon_core.environment:checking '/home/bryan/Workspace/ros2_ws/install/depth_image_proc/lib/python3.10/site-packages'
[235.832s] Level 1:colcon.colcon_core.environment:checking '/home/bryan/Workspace/ros2_ws/install/depth_image_proc/bin'
[235.833s] INFO:colcon.colcon_core.shell:Creating package script '/home/bryan/Workspace/ros2_ws/install/depth_image_proc/share/depth_image_proc/package.ps1'
[235.834s] INFO:colcon.colcon_core.shell:Creating package descriptor '/home/bryan/Workspace/ros2_ws/install/depth_image_proc/share/depth_image_proc/package.dsv'
[235.835s] INFO:colcon.colcon_core.shell:Creating package script '/home/bryan/Workspace/ros2_ws/install/depth_image_proc/share/depth_image_proc/package.sh'
[235.839s] INFO:colcon.colcon_core.shell:Creating package script '/home/bryan/Workspace/ros2_ws/install/depth_image_proc/share/depth_image_proc/package.bash'
[235.840s] INFO:colcon.colcon_core.shell:Creating package script '/home/bryan/Workspace/ros2_ws/install/depth_image_proc/share/depth_image_proc/package.zsh'
[235.841s] Level 1:colcon.colcon_core.environment:create_file_with_runtime_dependencies(/home/bryan/Workspace/ros2_ws/install/depth_image_proc/share/colcon-core/packages/depth_image_proc)
[235.842s] Level 1:colcon.colcon_core.environment:create_environment_scripts_only(depth_image_proc)
[235.843s] Level 1:colcon.colcon_core.environment:checking '/home/bryan/Workspace/ros2_ws/install/depth_image_proc' for CMake module files
[235.843s] Level 1:colcon.colcon_core.environment:checking '/home/bryan/Workspace/ros2_ws/install/depth_image_proc' for CMake config files
[235.845s] Level 1:colcon.colcon_core.shell:create_environment_hook('depth_image_proc', 'cmake_prefix_path')
[235.845s] INFO:colcon.colcon_core.shell:Creating environment hook '/home/bryan/Workspace/ros2_ws/install/depth_image_proc/share/depth_image_proc/hook/cmake_prefix_path.ps1'
[235.846s] INFO:colcon.colcon_core.shell:Creating environment descriptor '/home/bryan/Workspace/ros2_ws/install/depth_image_proc/share/depth_image_proc/hook/cmake_prefix_path.dsv'
[235.848s] INFO:colcon.colcon_core.shell:Creating environment hook '/home/bryan/Workspace/ros2_ws/install/depth_image_proc/share/depth_image_proc/hook/cmake_prefix_path.sh'
[235.849s] Level 1:colcon.colcon_core.environment:checking '/home/bryan/Workspace/ros2_ws/install/depth_image_proc/lib'
[235.850s] Level 1:colcon.colcon_core.shell:create_environment_hook('depth_image_proc', 'ld_library_path_lib')
[235.850s] INFO:colcon.colcon_core.shell:Creating environment hook '/home/bryan/Workspace/ros2_ws/install/depth_image_proc/share/depth_image_proc/hook/ld_library_path_lib.ps1'
[235.851s] INFO:colcon.colcon_core.shell:Creating environment descriptor '/home/bryan/Workspace/ros2_ws/install/depth_image_proc/share/depth_image_proc/hook/ld_library_path_lib.dsv'
[235.853s] INFO:colcon.colcon_core.shell:Creating environment hook '/home/bryan/Workspace/ros2_ws/install/depth_image_proc/share/depth_image_proc/hook/ld_library_path_lib.sh'
[235.854s] Level 1:colcon.colcon_core.environment:checking '/home/bryan/Workspace/ros2_ws/install/depth_image_proc/bin'
[235.854s] Level 1:colcon.colcon_core.environment:checking '/home/bryan/Workspace/ros2_ws/install/depth_image_proc/lib/pkgconfig/depth_image_proc.pc'
[235.855s] Level 1:colcon.colcon_core.environment:checking '/home/bryan/Workspace/ros2_ws/install/depth_image_proc/lib/python3.10/site-packages'
[235.856s] Level 1:colcon.colcon_core.environment:checking '/home/bryan/Workspace/ros2_ws/install/depth_image_proc/bin'
[235.856s] INFO:colcon.colcon_core.shell:Creating package script '/home/bryan/Workspace/ros2_ws/install/depth_image_proc/share/depth_image_proc/package.ps1'
[235.858s] INFO:colcon.colcon_core.shell:Creating package descriptor '/home/bryan/Workspace/ros2_ws/install/depth_image_proc/share/depth_image_proc/package.dsv'
[235.859s] INFO:colcon.colcon_core.shell:Creating package script '/home/bryan/Workspace/ros2_ws/install/depth_image_proc/share/depth_image_proc/package.sh'
[235.861s] INFO:colcon.colcon_core.shell:Creating package script '/home/bryan/Workspace/ros2_ws/install/depth_image_proc/share/depth_image_proc/package.bash'
[235.862s] INFO:colcon.colcon_core.shell:Creating package script '/home/bryan/Workspace/ros2_ws/install/depth_image_proc/share/depth_image_proc/package.zsh'
[235.863s] Level 1:colcon.colcon_core.environment:create_file_with_runtime_dependencies(/home/bryan/Workspace/ros2_ws/install/depth_image_proc/share/colcon-core/packages/depth_image_proc)
[235.864s] INFO:colcon.colcon_ros.task.ament_cmake.build:Building ROS package in '/home/bryan/Workspace/ros2_ws/image_pipeline/image_pipeline' with build type 'ament_cmake'
[235.873s] INFO:colcon.colcon_cmake.task.cmake.build:Building CMake package in '/home/bryan/Workspace/ros2_ws/image_pipeline/image_pipeline'
[235.874s] INFO:colcon.colcon_core.shell:Skip shell extension 'powershell' for command environment: Not usable outside of PowerShell
[235.874s] DEBUG:colcon.colcon_core.shell:Skip shell extension 'dsv' for command environment
[236.041s] DEBUG:colcon.colcon_core.event_handler.log_command:Invoking command in '/home/bryan/Workspace/ros2_ws/build/image_pipeline': AMENT_PREFIX_PATH=/home/bryan/Workspace/ros2_ws/install/stereo_image_proc:/home/bryan/Workspace/ros2_ws/install/image_view:/home/bryan/Workspace/ros2_ws/install/depth_image_proc:/home/bryan/Workspace/ros2_ws/install/camera_calibration:/home/bryan/Workspace/ros2_ws/install/image_geometry:/home/bryan/Workspace/ros2_ws/install/cv_bridge:/home/bryan/Workspace/ros2_ws/install/image_proc:/home/bryan/Workspace/ros2_ws/install/tracetools_image_pipeline:/home/bryan/Workspace/ros2_ws/install/sprint2:/home/bryan/Workspace/ros2_ws/install/launch_testing_examples:/home/bryan/Workspace/ros2_ws/install/image_rotate:/home/bryan/Workspace/ros2_ws/install/image_publisher:/home/bryan/Workspace/ros2_ws/install/image_converter:/home/bryan/Workspace/ros2_ws/install/first_package:/home/bryan/Workspace/ros2_ws/install/examples_rclpy_pointcloud_publisher:/home/bryan/Workspace/ros2_ws/install/examples_rclpy_minimal_subscriber:/home/bryan/Workspace/ros2_ws/install/examples_rclpy_minimal_service:/home/bryan/Workspace/ros2_ws/install/examples_rclpy_minimal_publisher:/home/bryan/Workspace/ros2_ws/install/examples_rclpy_minimal_client:/home/bryan/Workspace/ros2_ws/install/examples_rclpy_minimal_action_server:/home/bryan/Workspace/ros2_ws/install/examples_rclpy_minimal_action_client:/home/bryan/Workspace/ros2_ws/install/examples_rclpy_guard_conditions:/home/bryan/Workspace/ros2_ws/install/examples_rclpy_executors:/home/bryan/Workspace/ros2_ws/install/examples_rclcpp_wait_set:/home/bryan/Workspace/ros2_ws/install/examples_rclcpp_multithreaded_executor:/home/bryan/Workspace/ros2_ws/install/examples_rclcpp_minimal_timer:/home/bryan/Workspace/ros2_ws/install/examples_rclcpp_minimal_subscriber:/home/bryan/Workspace/ros2_ws/install/examples_rclcpp_minimal_service:/home/bryan/Workspace/ros2_ws/install/examples_rclcpp_minimal_publisher:/home/bryan/Workspace/ros2_ws/install/examples_rclcpp_minimal_composition:/home/bryan/Workspace/ros2_ws/install/examples_rclcpp_minimal_client:/home/bryan/Workspace/ros2_ws/install/examples_rclcpp_minimal_action_server:/home/bryan/Workspace/ros2_ws/install/examples_rclcpp_minimal_action_client:/home/bryan/Workspace/ros2_ws/install/examples_rclcpp_cbg_executor:/home/bryan/Workspace/ros2_ws/install/examples_rclcpp_async_client:/opt/ros/humble CMAKE_PREFIX_PATH=/home/bryan/Workspace/ros2_ws/install/stereo_image_proc:/home/bryan/Workspace/ros2_ws/install/image_view:/home/bryan/Workspace/ros2_ws/install/image_rotate:/home/bryan/Workspace/ros2_ws/install/image_publisher:/home/bryan/Workspace/ros2_ws/install/image_proc:/home/bryan/Workspace/ros2_ws/install/depth_image_proc:/home/bryan/Workspace/ros2_ws/install/tracetools_image_pipeline:/home/bryan/Workspace/ros2_ws/install/image_geometry:/home/bryan/Workspace/ros2_ws/install/cv_bridge:/home/bryan/Workspace/ros2_ws/install/examples_rclcpp_wait_set:/home/bryan/Workspace/ros2_ws/install/examples_rclcpp_multithreaded_executor:/home/bryan/Workspace/ros2_ws/install/examples_rclcpp_minimal_timer:/home/bryan/Workspace/ros2_ws/install/examples_rclcpp_minimal_subscriber:/home/bryan/Workspace/ros2_ws/install/examples_rclcpp_minimal_service:/home/bryan/Workspace/ros2_ws/install/examples_rclcpp_minimal_publisher:/home/bryan/Workspace/ros2_ws/install/examples_rclcpp_minimal_composition:/home/bryan/Workspace/ros2_ws/install/examples_rclcpp_minimal_client:/home/bryan/Workspace/ros2_ws/install/examples_rclcpp_minimal_action_server:/home/bryan/Workspace/ros2_ws/install/examples_rclcpp_minimal_action_client:/home/bryan/Workspace/ros2_ws/install/examples_rclcpp_cbg_executor:/home/bryan/Workspace/ros2_ws/install/examples_rclcpp_async_client:/home/bryan/Workspace/ros2_ws/install/sprint2:/home/bryan/Workspace/ros2_ws/install/launch_testing_examples:/home/bryan/Workspace/ros2_ws/install/image_converter:/home/bryan/Workspace/ros2_ws/install/first_package:/home/bryan/Workspace/ros2_ws/install/examples_rclpy_pointcloud_publisher:/home/bryan/Workspace/ros2_ws/install/examples_rclpy_minimal_subscriber:/home/bryan/Workspace/ros2_ws/install/examples_rclpy_minimal_service:/home/bryan/Workspace/ros2_ws/install/examples_rclpy_minimal_publisher:/home/bryan/Workspace/ros2_ws/install/examples_rclpy_minimal_client:/home/bryan/Workspace/ros2_ws/install/examples_rclpy_minimal_action_server:/home/bryan/Workspace/ros2_ws/install/examples_rclpy_minimal_action_client:/home/bryan/Workspace/ros2_ws/install/examples_rclpy_guard_conditions:/home/bryan/Workspace/ros2_ws/install/examples_rclpy_executors:/home/bryan/Workspace/ros2_ws/install/camera_calibration:/opt/ros/humble LD_LIBRARY_PATH=/home/bryan/Workspace/ros2_ws/install/stereo_image_proc/lib:/home/bryan/Workspace/ros2_ws/install/image_view/lib:/home/bryan/Workspace/ros2_ws/install/image_rotate/lib:/home/bryan/Workspace/ros2_ws/install/image_publisher/lib:/home/bryan/Workspace/ros2_ws/install/image_proc/lib:/home/bryan/Workspace/ros2_ws/install/depth_image_proc/lib:/home/bryan/Workspace/ros2_ws/install/tracetools_image_pipeline/lib:/home/bryan/Workspace/ros2_ws/install/image_geometry/lib:/home/bryan/Workspace/ros2_ws/install/cv_bridge/lib:/home/bryan/Workspace/ros2_ws/install/examples_rclcpp_wait_set/lib:/home/bryan/Workspace/ros2_ws/install/examples_rclcpp_minimal_subscriber/lib:/home/bryan/Workspace/ros2_ws/install/examples_rclcpp_minimal_composition/lib:/opt/ros/humble/opt/rviz_ogre_vendor/lib:/opt/ros/humble/lib/x86_64-linux-gnu:/opt/ros/humble/lib PYTHONPATH=/home/bryan/Workspace/ros2_ws/install/camera_calibration/lib/python3.10/site-packages:/home/bryan/Workspace/ros2_ws/install/image_geometry/local/lib/python3.10/dist-packages:/home/bryan/Workspace/ros2_ws/install/cv_bridge/local/lib/python3.10/dist-packages:/home/bryan/Workspace/ros2_ws/build/sprint2:/home/bryan/Workspace/ros2_ws/install/sprint2/lib/python3.10/site-packages:/home/bryan/Workspace/ros2_ws/build/launch_testing_examples:/home/bryan/Workspace/ros2_ws/install/launch_testing_examples/lib/python3.10/site-packages:/home/bryan/Workspace/ros2_ws/install/image_converter/lib/python3.10/site-packages:/home/bryan/Workspace/ros2_ws/build/first_package:/home/bryan/Workspace/ros2_ws/install/first_package/lib/python3.10/site-packages:/home/bryan/Workspace/ros2_ws/build/examples_rclpy_pointcloud_publisher:/home/bryan/Workspace/ros2_ws/install/examples_rclpy_pointcloud_publisher/lib/python3.10/site-packages:/home/bryan/Workspace/ros2_ws/build/examples_rclpy_minimal_subscriber:/home/bryan/Workspace/ros2_ws/install/examples_rclpy_minimal_subscriber/lib/python3.10/site-packages:/home/bryan/Workspace/ros2_ws/build/examples_rclpy_minimal_service:/home/bryan/Workspace/ros2_ws/install/examples_rclpy_minimal_service/lib/python3.10/site-packages:/home/bryan/Workspace/ros2_ws/build/examples_rclpy_minimal_publisher:/home/bryan/Workspace/ros2_ws/install/examples_rclpy_minimal_publisher/lib/python3.10/site-packages:/home/bryan/Workspace/ros2_ws/build/examples_rclpy_minimal_client:/home/bryan/Workspace/ros2_ws/install/examples_rclpy_minimal_client/lib/python3.10/site-packages:/home/bryan/Workspace/ros2_ws/build/examples_rclpy_minimal_action_server:/home/bryan/Workspace/ros2_ws/install/examples_rclpy_minimal_action_server/lib/python3.10/site-packages:/home/bryan/Workspace/ros2_ws/build/examples_rclpy_minimal_action_client:/home/bryan/Workspace/ros2_ws/install/examples_rclpy_minimal_action_client/lib/python3.10/site-packages:/home/bryan/Workspace/ros2_ws/build/examples_rclpy_guard_conditions:/home/bryan/Workspace/ros2_ws/install/examples_rclpy_guard_conditions/lib/python3.10/site-packages:/home/bryan/Workspace/ros2_ws/build/examples_rclpy_executors:/home/bryan/Workspace/ros2_ws/install/examples_rclpy_executors/lib/python3.10/site-packages:/opt/ros/humble/lib/python3.10/site-packages:/opt/ros/humble/local/lib/python3.10/dist-packages /usr/bin/cmake /home/bryan/Workspace/ros2_ws/image_pipeline/image_pipeline -DCMAKE_INSTALL_PREFIX=/home/bryan/Workspace/ros2_ws/install/image_pipeline
[238.243s] DEBUG:colcon.colcon_core.event_handler.log_command:Invoked command in '/home/bryan/Workspace/ros2_ws/build/image_pipeline' returned '0': AMENT_PREFIX_PATH=/home/bryan/Workspace/ros2_ws/install/stereo_image_proc:/home/bryan/Workspace/ros2_ws/install/image_view:/home/bryan/Workspace/ros2_ws/install/depth_image_proc:/home/bryan/Workspace/ros2_ws/install/camera_calibration:/home/bryan/Workspace/ros2_ws/install/image_geometry:/home/bryan/Workspace/ros2_ws/install/cv_bridge:/home/bryan/Workspace/ros2_ws/install/image_proc:/home/bryan/Workspace/ros2_ws/install/tracetools_image_pipeline:/home/bryan/Workspace/ros2_ws/install/sprint2:/home/bryan/Workspace/ros2_ws/install/launch_testing_examples:/home/bryan/Workspace/ros2_ws/install/image_rotate:/home/bryan/Workspace/ros2_ws/install/image_publisher:/home/bryan/Workspace/ros2_ws/install/image_converter:/home/bryan/Workspace/ros2_ws/install/first_package:/home/bryan/Workspace/ros2_ws/install/examples_rclpy_pointcloud_publisher:/home/bryan/Workspace/ros2_ws/install/examples_rclpy_minimal_subscriber:/home/bryan/Workspace/ros2_ws/install/examples_rclpy_minimal_service:/home/bryan/Workspace/ros2_ws/install/examples_rclpy_minimal_publisher:/home/bryan/Workspace/ros2_ws/install/examples_rclpy_minimal_client:/home/bryan/Workspace/ros2_ws/install/examples_rclpy_minimal_action_server:/home/bryan/Workspace/ros2_ws/install/examples_rclpy_minimal_action_client:/home/bryan/Workspace/ros2_ws/install/examples_rclpy_guard_conditions:/home/bryan/Workspace/ros2_ws/install/examples_rclpy_executors:/home/bryan/Workspace/ros2_ws/install/examples_rclcpp_wait_set:/home/bryan/Workspace/ros2_ws/install/examples_rclcpp_multithreaded_executor:/home/bryan/Workspace/ros2_ws/install/examples_rclcpp_minimal_timer:/home/bryan/Workspace/ros2_ws/install/examples_rclcpp_minimal_subscriber:/home/bryan/Workspace/ros2_ws/install/examples_rclcpp_minimal_service:/home/bryan/Workspace/ros2_ws/install/examples_rclcpp_minimal_publisher:/home/bryan/Workspace/ros2_ws/install/examples_rclcpp_minimal_composition:/home/bryan/Workspace/ros2_ws/install/examples_rclcpp_minimal_client:/home/bryan/Workspace/ros2_ws/install/examples_rclcpp_minimal_action_server:/home/bryan/Workspace/ros2_ws/install/examples_rclcpp_minimal_action_client:/home/bryan/Workspace/ros2_ws/install/examples_rclcpp_cbg_executor:/home/bryan/Workspace/ros2_ws/install/examples_rclcpp_async_client:/opt/ros/humble CMAKE_PREFIX_PATH=/home/bryan/Workspace/ros2_ws/install/stereo_image_proc:/home/bryan/Workspace/ros2_ws/install/image_view:/home/bryan/Workspace/ros2_ws/install/image_rotate:/home/bryan/Workspace/ros2_ws/install/image_publisher:/home/bryan/Workspace/ros2_ws/install/image_proc:/home/bryan/Workspace/ros2_ws/install/depth_image_proc:/home/bryan/Workspace/ros2_ws/install/tracetools_image_pipeline:/home/bryan/Workspace/ros2_ws/install/image_geometry:/home/bryan/Workspace/ros2_ws/install/cv_bridge:/home/bryan/Workspace/ros2_ws/install/examples_rclcpp_wait_set:/home/bryan/Workspace/ros2_ws/install/examples_rclcpp_multithreaded_executor:/home/bryan/Workspace/ros2_ws/install/examples_rclcpp_minimal_timer:/home/bryan/Workspace/ros2_ws/install/examples_rclcpp_minimal_subscriber:/home/bryan/Workspace/ros2_ws/install/examples_rclcpp_minimal_service:/home/bryan/Workspace/ros2_ws/install/examples_rclcpp_minimal_publisher:/home/bryan/Workspace/ros2_ws/install/examples_rclcpp_minimal_composition:/home/bryan/Workspace/ros2_ws/install/examples_rclcpp_minimal_client:/home/bryan/Workspace/ros2_ws/install/examples_rclcpp_minimal_action_server:/home/bryan/Workspace/ros2_ws/install/examples_rclcpp_minimal_action_client:/home/bryan/Workspace/ros2_ws/install/examples_rclcpp_cbg_executor:/home/bryan/Workspace/ros2_ws/install/examples_rclcpp_async_client:/home/bryan/Workspace/ros2_ws/install/sprint2:/home/bryan/Workspace/ros2_ws/install/launch_testing_examples:/home/bryan/Workspace/ros2_ws/install/image_converter:/home/bryan/Workspace/ros2_ws/install/first_package:/home/bryan/Workspace/ros2_ws/install/examples_rclpy_pointcloud_publisher:/home/bryan/Workspace/ros2_ws/install/examples_rclpy_minimal_subscriber:/home/bryan/Workspace/ros2_ws/install/examples_rclpy_minimal_service:/home/bryan/Workspace/ros2_ws/install/examples_rclpy_minimal_publisher:/home/bryan/Workspace/ros2_ws/install/examples_rclpy_minimal_client:/home/bryan/Workspace/ros2_ws/install/examples_rclpy_minimal_action_server:/home/bryan/Workspace/ros2_ws/install/examples_rclpy_minimal_action_client:/home/bryan/Workspace/ros2_ws/install/examples_rclpy_guard_conditions:/home/bryan/Workspace/ros2_ws/install/examples_rclpy_executors:/home/bryan/Workspace/ros2_ws/install/camera_calibration:/opt/ros/humble LD_LIBRARY_PATH=/home/bryan/Workspace/ros2_ws/install/stereo_image_proc/lib:/home/bryan/Workspace/ros2_ws/install/image_view/lib:/home/bryan/Workspace/ros2_ws/install/image_rotate/lib:/home/bryan/Workspace/ros2_ws/install/image_publisher/lib:/home/bryan/Workspace/ros2_ws/install/image_proc/lib:/home/bryan/Workspace/ros2_ws/install/depth_image_proc/lib:/home/bryan/Workspace/ros2_ws/install/tracetools_image_pipeline/lib:/home/bryan/Workspace/ros2_ws/install/image_geometry/lib:/home/bryan/Workspace/ros2_ws/install/cv_bridge/lib:/home/bryan/Workspace/ros2_ws/install/examples_rclcpp_wait_set/lib:/home/bryan/Workspace/ros2_ws/install/examples_rclcpp_minimal_subscriber/lib:/home/bryan/Workspace/ros2_ws/install/examples_rclcpp_minimal_composition/lib:/opt/ros/humble/opt/rviz_ogre_vendor/lib:/opt/ros/humble/lib/x86_64-linux-gnu:/opt/ros/humble/lib PYTHONPATH=/home/bryan/Workspace/ros2_ws/install/camera_calibration/lib/python3.10/site-packages:/home/bryan/Workspace/ros2_ws/install/image_geometry/local/lib/python3.10/dist-packages:/home/bryan/Workspace/ros2_ws/install/cv_bridge/local/lib/python3.10/dist-packages:/home/bryan/Workspace/ros2_ws/build/sprint2:/home/bryan/Workspace/ros2_ws/install/sprint2/lib/python3.10/site-packages:/home/bryan/Workspace/ros2_ws/build/launch_testing_examples:/home/bryan/Workspace/ros2_ws/install/launch_testing_examples/lib/python3.10/site-packages:/home/bryan/Workspace/ros2_ws/install/image_converter/lib/python3.10/site-packages:/home/bryan/Workspace/ros2_ws/build/first_package:/home/bryan/Workspace/ros2_ws/install/first_package/lib/python3.10/site-packages:/home/bryan/Workspace/ros2_ws/build/examples_rclpy_pointcloud_publisher:/home/bryan/Workspace/ros2_ws/install/examples_rclpy_pointcloud_publisher/lib/python3.10/site-packages:/home/bryan/Workspace/ros2_ws/build/examples_rclpy_minimal_subscriber:/home/bryan/Workspace/ros2_ws/install/examples_rclpy_minimal_subscriber/lib/python3.10/site-packages:/home/bryan/Workspace/ros2_ws/build/examples_rclpy_minimal_service:/home/bryan/Workspace/ros2_ws/install/examples_rclpy_minimal_service/lib/python3.10/site-packages:/home/bryan/Workspace/ros2_ws/build/examples_rclpy_minimal_publisher:/home/bryan/Workspace/ros2_ws/install/examples_rclpy_minimal_publisher/lib/python3.10/site-packages:/home/bryan/Workspace/ros2_ws/build/examples_rclpy_minimal_client:/home/bryan/Workspace/ros2_ws/install/examples_rclpy_minimal_client/lib/python3.10/site-packages:/home/bryan/Workspace/ros2_ws/build/examples_rclpy_minimal_action_server:/home/bryan/Workspace/ros2_ws/install/examples_rclpy_minimal_action_server/lib/python3.10/site-packages:/home/bryan/Workspace/ros2_ws/build/examples_rclpy_minimal_action_client:/home/bryan/Workspace/ros2_ws/install/examples_rclpy_minimal_action_client/lib/python3.10/site-packages:/home/bryan/Workspace/ros2_ws/build/examples_rclpy_guard_conditions:/home/bryan/Workspace/ros2_ws/install/examples_rclpy_guard_conditions/lib/python3.10/site-packages:/home/bryan/Workspace/ros2_ws/build/examples_rclpy_executors:/home/bryan/Workspace/ros2_ws/install/examples_rclpy_executors/lib/python3.10/site-packages:/opt/ros/humble/lib/python3.10/site-packages:/opt/ros/humble/local/lib/python3.10/dist-packages /usr/bin/cmake /home/bryan/Workspace/ros2_ws/image_pipeline/image_pipeline -DCMAKE_INSTALL_PREFIX=/home/bryan/Workspace/ros2_ws/install/image_pipeline
[238.244s] DEBUG:colcon.colcon_core.event_handler.log_command:Invoking command in '/home/bryan/Workspace/ros2_ws/build/image_pipeline': AMENT_PREFIX_PATH=/home/bryan/Workspace/ros2_ws/install/stereo_image_proc:/home/bryan/Workspace/ros2_ws/install/image_view:/home/bryan/Workspace/ros2_ws/install/depth_image_proc:/home/bryan/Workspace/ros2_ws/install/camera_calibration:/home/bryan/Workspace/ros2_ws/install/image_geometry:/home/bryan/Workspace/ros2_ws/install/cv_bridge:/home/bryan/Workspace/ros2_ws/install/image_proc:/home/bryan/Workspace/ros2_ws/install/tracetools_image_pipeline:/home/bryan/Workspace/ros2_ws/install/sprint2:/home/bryan/Workspace/ros2_ws/install/launch_testing_examples:/home/bryan/Workspace/ros2_ws/install/image_rotate:/home/bryan/Workspace/ros2_ws/install/image_publisher:/home/bryan/Workspace/ros2_ws/install/image_converter:/home/bryan/Workspace/ros2_ws/install/first_package:/home/bryan/Workspace/ros2_ws/install/examples_rclpy_pointcloud_publisher:/home/bryan/Workspace/ros2_ws/install/examples_rclpy_minimal_subscriber:/home/bryan/Workspace/ros2_ws/install/examples_rclpy_minimal_service:/home/bryan/Workspace/ros2_ws/install/examples_rclpy_minimal_publisher:/home/bryan/Workspace/ros2_ws/install/examples_rclpy_minimal_client:/home/bryan/Workspace/ros2_ws/install/examples_rclpy_minimal_action_server:/home/bryan/Workspace/ros2_ws/install/examples_rclpy_minimal_action_client:/home/bryan/Workspace/ros2_ws/install/examples_rclpy_guard_conditions:/home/bryan/Workspace/ros2_ws/install/examples_rclpy_executors:/home/bryan/Workspace/ros2_ws/install/examples_rclcpp_wait_set:/home/bryan/Workspace/ros2_ws/install/examples_rclcpp_multithreaded_executor:/home/bryan/Workspace/ros2_ws/install/examples_rclcpp_minimal_timer:/home/bryan/Workspace/ros2_ws/install/examples_rclcpp_minimal_subscriber:/home/bryan/Workspace/ros2_ws/install/examples_rclcpp_minimal_service:/home/bryan/Workspace/ros2_ws/install/examples_rclcpp_minimal_publisher:/home/bryan/Workspace/ros2_ws/install/examples_rclcpp_minimal_composition:/home/bryan/Workspace/ros2_ws/install/examples_rclcpp_minimal_client:/home/bryan/Workspace/ros2_ws/install/examples_rclcpp_minimal_action_server:/home/bryan/Workspace/ros2_ws/install/examples_rclcpp_minimal_action_client:/home/bryan/Workspace/ros2_ws/install/examples_rclcpp_cbg_executor:/home/bryan/Workspace/ros2_ws/install/examples_rclcpp_async_client:/opt/ros/humble CMAKE_PREFIX_PATH=/home/bryan/Workspace/ros2_ws/install/stereo_image_proc:/home/bryan/Workspace/ros2_ws/install/image_view:/home/bryan/Workspace/ros2_ws/install/image_rotate:/home/bryan/Workspace/ros2_ws/install/image_publisher:/home/bryan/Workspace/ros2_ws/install/image_proc:/home/bryan/Workspace/ros2_ws/install/depth_image_proc:/home/bryan/Workspace/ros2_ws/install/tracetools_image_pipeline:/home/bryan/Workspace/ros2_ws/install/image_geometry:/home/bryan/Workspace/ros2_ws/install/cv_bridge:/home/bryan/Workspace/ros2_ws/install/examples_rclcpp_wait_set:/home/bryan/Workspace/ros2_ws/install/examples_rclcpp_multithreaded_executor:/home/bryan/Workspace/ros2_ws/install/examples_rclcpp_minimal_timer:/home/bryan/Workspace/ros2_ws/install/examples_rclcpp_minimal_subscriber:/home/bryan/Workspace/ros2_ws/install/examples_rclcpp_minimal_service:/home/bryan/Workspace/ros2_ws/install/examples_rclcpp_minimal_publisher:/home/bryan/Workspace/ros2_ws/install/examples_rclcpp_minimal_composition:/home/bryan/Workspace/ros2_ws/install/examples_rclcpp_minimal_client:/home/bryan/Workspace/ros2_ws/install/examples_rclcpp_minimal_action_server:/home/bryan/Workspace/ros2_ws/install/examples_rclcpp_minimal_action_client:/home/bryan/Workspace/ros2_ws/install/examples_rclcpp_cbg_executor:/home/bryan/Workspace/ros2_ws/install/examples_rclcpp_async_client:/home/bryan/Workspace/ros2_ws/install/sprint2:/home/bryan/Workspace/ros2_ws/install/launch_testing_examples:/home/bryan/Workspace/ros2_ws/install/image_converter:/home/bryan/Workspace/ros2_ws/install/first_package:/home/bryan/Workspace/ros2_ws/install/examples_rclpy_pointcloud_publisher:/home/bryan/Workspace/ros2_ws/install/examples_rclpy_minimal_subscriber:/home/bryan/Workspace/ros2_ws/install/examples_rclpy_minimal_service:/home/bryan/Workspace/ros2_ws/install/examples_rclpy_minimal_publisher:/home/bryan/Workspace/ros2_ws/install/examples_rclpy_minimal_client:/home/bryan/Workspace/ros2_ws/install/examples_rclpy_minimal_action_server:/home/bryan/Workspace/ros2_ws/install/examples_rclpy_minimal_action_client:/home/bryan/Workspace/ros2_ws/install/examples_rclpy_guard_conditions:/home/bryan/Workspace/ros2_ws/install/examples_rclpy_executors:/home/bryan/Workspace/ros2_ws/install/camera_calibration:/opt/ros/humble LD_LIBRARY_PATH=/home/bryan/Workspace/ros2_ws/install/stereo_image_proc/lib:/home/bryan/Workspace/ros2_ws/install/image_view/lib:/home/bryan/Workspace/ros2_ws/install/image_rotate/lib:/home/bryan/Workspace/ros2_ws/install/image_publisher/lib:/home/bryan/Workspace/ros2_ws/install/image_proc/lib:/home/bryan/Workspace/ros2_ws/install/depth_image_proc/lib:/home/bryan/Workspace/ros2_ws/install/tracetools_image_pipeline/lib:/home/bryan/Workspace/ros2_ws/install/image_geometry/lib:/home/bryan/Workspace/ros2_ws/install/cv_bridge/lib:/home/bryan/Workspace/ros2_ws/install/examples_rclcpp_wait_set/lib:/home/bryan/Workspace/ros2_ws/install/examples_rclcpp_minimal_subscriber/lib:/home/bryan/Workspace/ros2_ws/install/examples_rclcpp_minimal_composition/lib:/opt/ros/humble/opt/rviz_ogre_vendor/lib:/opt/ros/humble/lib/x86_64-linux-gnu:/opt/ros/humble/lib PYTHONPATH=/home/bryan/Workspace/ros2_ws/install/camera_calibration/lib/python3.10/site-packages:/home/bryan/Workspace/ros2_ws/install/image_geometry/local/lib/python3.10/dist-packages:/home/bryan/Workspace/ros2_ws/install/cv_bridge/local/lib/python3.10/dist-packages:/home/bryan/Workspace/ros2_ws/build/sprint2:/home/bryan/Workspace/ros2_ws/install/sprint2/lib/python3.10/site-packages:/home/bryan/Workspace/ros2_ws/build/launch_testing_examples:/home/bryan/Workspace/ros2_ws/install/launch_testing_examples/lib/python3.10/site-packages:/home/bryan/Workspace/ros2_ws/install/image_converter/lib/python3.10/site-packages:/home/bryan/Workspace/ros2_ws/build/first_package:/home/bryan/Workspace/ros2_ws/install/first_package/lib/python3.10/site-packages:/home/bryan/Workspace/ros2_ws/build/examples_rclpy_pointcloud_publisher:/home/bryan/Workspace/ros2_ws/install/examples_rclpy_pointcloud_publisher/lib/python3.10/site-packages:/home/bryan/Workspace/ros2_ws/build/examples_rclpy_minimal_subscriber:/home/bryan/Workspace/ros2_ws/install/examples_rclpy_minimal_subscriber/lib/python3.10/site-packages:/home/bryan/Workspace/ros2_ws/build/examples_rclpy_minimal_service:/home/bryan/Workspace/ros2_ws/install/examples_rclpy_minimal_service/lib/python3.10/site-packages:/home/bryan/Workspace/ros2_ws/build/examples_rclpy_minimal_publisher:/home/bryan/Workspace/ros2_ws/install/examples_rclpy_minimal_publisher/lib/python3.10/site-packages:/home/bryan/Workspace/ros2_ws/build/examples_rclpy_minimal_client:/home/bryan/Workspace/ros2_ws/install/examples_rclpy_minimal_client/lib/python3.10/site-packages:/home/bryan/Workspace/ros2_ws/build/examples_rclpy_minimal_action_server:/home/bryan/Workspace/ros2_ws/install/examples_rclpy_minimal_action_server/lib/python3.10/site-packages:/home/bryan/Workspace/ros2_ws/build/examples_rclpy_minimal_action_client:/home/bryan/Workspace/ros2_ws/install/examples_rclpy_minimal_action_client/lib/python3.10/site-packages:/home/bryan/Workspace/ros2_ws/build/examples_rclpy_guard_conditions:/home/bryan/Workspace/ros2_ws/install/examples_rclpy_guard_conditions/lib/python3.10/site-packages:/home/bryan/Workspace/ros2_ws/build/examples_rclpy_executors:/home/bryan/Workspace/ros2_ws/install/examples_rclpy_executors/lib/python3.10/site-packages:/opt/ros/humble/lib/python3.10/site-packages:/opt/ros/humble/local/lib/python3.10/dist-packages /usr/bin/cmake --build /home/bryan/Workspace/ros2_ws/build/image_pipeline -- -j3 -l3
[238.350s] DEBUG:colcon.colcon_core.event_handler.log_command:Invoked command in '/home/bryan/Workspace/ros2_ws/build/image_pipeline' returned '0': AMENT_PREFIX_PATH=/home/bryan/Workspace/ros2_ws/install/stereo_image_proc:/home/bryan/Workspace/ros2_ws/install/image_view:/home/bryan/Workspace/ros2_ws/install/depth_image_proc:/home/bryan/Workspace/ros2_ws/install/camera_calibration:/home/bryan/Workspace/ros2_ws/install/image_geometry:/home/bryan/Workspace/ros2_ws/install/cv_bridge:/home/bryan/Workspace/ros2_ws/install/image_proc:/home/bryan/Workspace/ros2_ws/install/tracetools_image_pipeline:/home/bryan/Workspace/ros2_ws/install/sprint2:/home/bryan/Workspace/ros2_ws/install/launch_testing_examples:/home/bryan/Workspace/ros2_ws/install/image_rotate:/home/bryan/Workspace/ros2_ws/install/image_publisher:/home/bryan/Workspace/ros2_ws/install/image_converter:/home/bryan/Workspace/ros2_ws/install/first_package:/home/bryan/Workspace/ros2_ws/install/examples_rclpy_pointcloud_publisher:/home/bryan/Workspace/ros2_ws/install/examples_rclpy_minimal_subscriber:/home/bryan/Workspace/ros2_ws/install/examples_rclpy_minimal_service:/home/bryan/Workspace/ros2_ws/install/examples_rclpy_minimal_publisher:/home/bryan/Workspace/ros2_ws/install/examples_rclpy_minimal_client:/home/bryan/Workspace/ros2_ws/install/examples_rclpy_minimal_action_server:/home/bryan/Workspace/ros2_ws/install/examples_rclpy_minimal_action_client:/home/bryan/Workspace/ros2_ws/install/examples_rclpy_guard_conditions:/home/bryan/Workspace/ros2_ws/install/examples_rclpy_executors:/home/bryan/Workspace/ros2_ws/install/examples_rclcpp_wait_set:/home/bryan/Workspace/ros2_ws/install/examples_rclcpp_multithreaded_executor:/home/bryan/Workspace/ros2_ws/install/examples_rclcpp_minimal_timer:/home/bryan/Workspace/ros2_ws/install/examples_rclcpp_minimal_subscriber:/home/bryan/Workspace/ros2_ws/install/examples_rclcpp_minimal_service:/home/bryan/Workspace/ros2_ws/install/examples_rclcpp_minimal_publisher:/home/bryan/Workspace/ros2_ws/install/examples_rclcpp_minimal_composition:/home/bryan/Workspace/ros2_ws/install/examples_rclcpp_minimal_client:/home/bryan/Workspace/ros2_ws/install/examples_rclcpp_minimal_action_server:/home/bryan/Workspace/ros2_ws/install/examples_rclcpp_minimal_action_client:/home/bryan/Workspace/ros2_ws/install/examples_rclcpp_cbg_executor:/home/bryan/Workspace/ros2_ws/install/examples_rclcpp_async_client:/opt/ros/humble CMAKE_PREFIX_PATH=/home/bryan/Workspace/ros2_ws/install/stereo_image_proc:/home/bryan/Workspace/ros2_ws/install/image_view:/home/bryan/Workspace/ros2_ws/install/image_rotate:/home/bryan/Workspace/ros2_ws/install/image_publisher:/home/bryan/Workspace/ros2_ws/install/image_proc:/home/bryan/Workspace/ros2_ws/install/depth_image_proc:/home/bryan/Workspace/ros2_ws/install/tracetools_image_pipeline:/home/bryan/Workspace/ros2_ws/install/image_geometry:/home/bryan/Workspace/ros2_ws/install/cv_bridge:/home/bryan/Workspace/ros2_ws/install/examples_rclcpp_wait_set:/home/bryan/Workspace/ros2_ws/install/examples_rclcpp_multithreaded_executor:/home/bryan/Workspace/ros2_ws/install/examples_rclcpp_minimal_timer:/home/bryan/Workspace/ros2_ws/install/examples_rclcpp_minimal_subscriber:/home/bryan/Workspace/ros2_ws/install/examples_rclcpp_minimal_service:/home/bryan/Workspace/ros2_ws/install/examples_rclcpp_minimal_publisher:/home/bryan/Workspace/ros2_ws/install/examples_rclcpp_minimal_composition:/home/bryan/Workspace/ros2_ws/install/examples_rclcpp_minimal_client:/home/bryan/Workspace/ros2_ws/install/examples_rclcpp_minimal_action_server:/home/bryan/Workspace/ros2_ws/install/examples_rclcpp_minimal_action_client:/home/bryan/Workspace/ros2_ws/install/examples_rclcpp_cbg_executor:/home/bryan/Workspace/ros2_ws/install/examples_rclcpp_async_client:/home/bryan/Workspace/ros2_ws/install/sprint2:/home/bryan/Workspace/ros2_ws/install/launch_testing_examples:/home/bryan/Workspace/ros2_ws/install/image_converter:/home/bryan/Workspace/ros2_ws/install/first_package:/home/bryan/Workspace/ros2_ws/install/examples_rclpy_pointcloud_publisher:/home/bryan/Workspace/ros2_ws/install/examples_rclpy_minimal_subscriber:/home/bryan/Workspace/ros2_ws/install/examples_rclpy_minimal_service:/home/bryan/Workspace/ros2_ws/install/examples_rclpy_minimal_publisher:/home/bryan/Workspace/ros2_ws/install/examples_rclpy_minimal_client:/home/bryan/Workspace/ros2_ws/install/examples_rclpy_minimal_action_server:/home/bryan/Workspace/ros2_ws/install/examples_rclpy_minimal_action_client:/home/bryan/Workspace/ros2_ws/install/examples_rclpy_guard_conditions:/home/bryan/Workspace/ros2_ws/install/examples_rclpy_executors:/home/bryan/Workspace/ros2_ws/install/camera_calibration:/opt/ros/humble LD_LIBRARY_PATH=/home/bryan/Workspace/ros2_ws/install/stereo_image_proc/lib:/home/bryan/Workspace/ros2_ws/install/image_view/lib:/home/bryan/Workspace/ros2_ws/install/image_rotate/lib:/home/bryan/Workspace/ros2_ws/install/image_publisher/lib:/home/bryan/Workspace/ros2_ws/install/image_proc/lib:/home/bryan/Workspace/ros2_ws/install/depth_image_proc/lib:/home/bryan/Workspace/ros2_ws/install/tracetools_image_pipeline/lib:/home/bryan/Workspace/ros2_ws/install/image_geometry/lib:/home/bryan/Workspace/ros2_ws/install/cv_bridge/lib:/home/bryan/Workspace/ros2_ws/install/examples_rclcpp_wait_set/lib:/home/bryan/Workspace/ros2_ws/install/examples_rclcpp_minimal_subscriber/lib:/home/bryan/Workspace/ros2_ws/install/examples_rclcpp_minimal_composition/lib:/opt/ros/humble/opt/rviz_ogre_vendor/lib:/opt/ros/humble/lib/x86_64-linux-gnu:/opt/ros/humble/lib PYTHONPATH=/home/bryan/Workspace/ros2_ws/install/camera_calibration/lib/python3.10/site-packages:/home/bryan/Workspace/ros2_ws/install/image_geometry/local/lib/python3.10/dist-packages:/home/bryan/Workspace/ros2_ws/install/cv_bridge/local/lib/python3.10/dist-packages:/home/bryan/Workspace/ros2_ws/build/sprint2:/home/bryan/Workspace/ros2_ws/install/sprint2/lib/python3.10/site-packages:/home/bryan/Workspace/ros2_ws/build/launch_testing_examples:/home/bryan/Workspace/ros2_ws/install/launch_testing_examples/lib/python3.10/site-packages:/home/bryan/Workspace/ros2_ws/install/image_converter/lib/python3.10/site-packages:/home/bryan/Workspace/ros2_ws/build/first_package:/home/bryan/Workspace/ros2_ws/install/first_package/lib/python3.10/site-packages:/home/bryan/Workspace/ros2_ws/build/examples_rclpy_pointcloud_publisher:/home/bryan/Workspace/ros2_ws/install/examples_rclpy_pointcloud_publisher/lib/python3.10/site-packages:/home/bryan/Workspace/ros2_ws/build/examples_rclpy_minimal_subscriber:/home/bryan/Workspace/ros2_ws/install/examples_rclpy_minimal_subscriber/lib/python3.10/site-packages:/home/bryan/Workspace/ros2_ws/build/examples_rclpy_minimal_service:/home/bryan/Workspace/ros2_ws/install/examples_rclpy_minimal_service/lib/python3.10/site-packages:/home/bryan/Workspace/ros2_ws/build/examples_rclpy_minimal_publisher:/home/bryan/Workspace/ros2_ws/install/examples_rclpy_minimal_publisher/lib/python3.10/site-packages:/home/bryan/Workspace/ros2_ws/build/examples_rclpy_minimal_client:/home/bryan/Workspace/ros2_ws/install/examples_rclpy_minimal_client/lib/python3.10/site-packages:/home/bryan/Workspace/ros2_ws/build/examples_rclpy_minimal_action_server:/home/bryan/Workspace/ros2_ws/install/examples_rclpy_minimal_action_server/lib/python3.10/site-packages:/home/bryan/Workspace/ros2_ws/build/examples_rclpy_minimal_action_client:/home/bryan/Workspace/ros2_ws/install/examples_rclpy_minimal_action_client/lib/python3.10/site-packages:/home/bryan/Workspace/ros2_ws/build/examples_rclpy_guard_conditions:/home/bryan/Workspace/ros2_ws/install/examples_rclpy_guard_conditions/lib/python3.10/site-packages:/home/bryan/Workspace/ros2_ws/build/examples_rclpy_executors:/home/bryan/Workspace/ros2_ws/install/examples_rclpy_executors/lib/python3.10/site-packages:/opt/ros/humble/lib/python3.10/site-packages:/opt/ros/humble/local/lib/python3.10/dist-packages /usr/bin/cmake --build /home/bryan/Workspace/ros2_ws/build/image_pipeline -- -j3 -l3
[238.352s] DEBUG:colcon.colcon_core.event_handler.log_command:Invoking command in '/home/bryan/Workspace/ros2_ws/build/image_pipeline': AMENT_PREFIX_PATH=/home/bryan/Workspace/ros2_ws/install/stereo_image_proc:/home/bryan/Workspace/ros2_ws/install/image_view:/home/bryan/Workspace/ros2_ws/install/depth_image_proc:/home/bryan/Workspace/ros2_ws/install/camera_calibration:/home/bryan/Workspace/ros2_ws/install/image_geometry:/home/bryan/Workspace/ros2_ws/install/cv_bridge:/home/bryan/Workspace/ros2_ws/install/image_proc:/home/bryan/Workspace/ros2_ws/install/tracetools_image_pipeline:/home/bryan/Workspace/ros2_ws/install/sprint2:/home/bryan/Workspace/ros2_ws/install/launch_testing_examples:/home/bryan/Workspace/ros2_ws/install/image_rotate:/home/bryan/Workspace/ros2_ws/install/image_publisher:/home/bryan/Workspace/ros2_ws/install/image_converter:/home/bryan/Workspace/ros2_ws/install/first_package:/home/bryan/Workspace/ros2_ws/install/examples_rclpy_pointcloud_publisher:/home/bryan/Workspace/ros2_ws/install/examples_rclpy_minimal_subscriber:/home/bryan/Workspace/ros2_ws/install/examples_rclpy_minimal_service:/home/bryan/Workspace/ros2_ws/install/examples_rclpy_minimal_publisher:/home/bryan/Workspace/ros2_ws/install/examples_rclpy_minimal_client:/home/bryan/Workspace/ros2_ws/install/examples_rclpy_minimal_action_server:/home/bryan/Workspace/ros2_ws/install/examples_rclpy_minimal_action_client:/home/bryan/Workspace/ros2_ws/install/examples_rclpy_guard_conditions:/home/bryan/Workspace/ros2_ws/install/examples_rclpy_executors:/home/bryan/Workspace/ros2_ws/install/examples_rclcpp_wait_set:/home/bryan/Workspace/ros2_ws/install/examples_rclcpp_multithreaded_executor:/home/bryan/Workspace/ros2_ws/install/examples_rclcpp_minimal_timer:/home/bryan/Workspace/ros2_ws/install/examples_rclcpp_minimal_subscriber:/home/bryan/Workspace/ros2_ws/install/examples_rclcpp_minimal_service:/home/bryan/Workspace/ros2_ws/install/examples_rclcpp_minimal_publisher:/home/bryan/Workspace/ros2_ws/install/examples_rclcpp_minimal_composition:/home/bryan/Workspace/ros2_ws/install/examples_rclcpp_minimal_client:/home/bryan/Workspace/ros2_ws/install/examples_rclcpp_minimal_action_server:/home/bryan/Workspace/ros2_ws/install/examples_rclcpp_minimal_action_client:/home/bryan/Workspace/ros2_ws/install/examples_rclcpp_cbg_executor:/home/bryan/Workspace/ros2_ws/install/examples_rclcpp_async_client:/opt/ros/humble CMAKE_PREFIX_PATH=/home/bryan/Workspace/ros2_ws/install/stereo_image_proc:/home/bryan/Workspace/ros2_ws/install/image_view:/home/bryan/Workspace/ros2_ws/install/image_rotate:/home/bryan/Workspace/ros2_ws/install/image_publisher:/home/bryan/Workspace/ros2_ws/install/image_proc:/home/bryan/Workspace/ros2_ws/install/depth_image_proc:/home/bryan/Workspace/ros2_ws/install/tracetools_image_pipeline:/home/bryan/Workspace/ros2_ws/install/image_geometry:/home/bryan/Workspace/ros2_ws/install/cv_bridge:/home/bryan/Workspace/ros2_ws/install/examples_rclcpp_wait_set:/home/bryan/Workspace/ros2_ws/install/examples_rclcpp_multithreaded_executor:/home/bryan/Workspace/ros2_ws/install/examples_rclcpp_minimal_timer:/home/bryan/Workspace/ros2_ws/install/examples_rclcpp_minimal_subscriber:/home/bryan/Workspace/ros2_ws/install/examples_rclcpp_minimal_service:/home/bryan/Workspace/ros2_ws/install/examples_rclcpp_minimal_publisher:/home/bryan/Workspace/ros2_ws/install/examples_rclcpp_minimal_composition:/home/bryan/Workspace/ros2_ws/install/examples_rclcpp_minimal_client:/home/bryan/Workspace/ros2_ws/install/examples_rclcpp_minimal_action_server:/home/bryan/Workspace/ros2_ws/install/examples_rclcpp_minimal_action_client:/home/bryan/Workspace/ros2_ws/install/examples_rclcpp_cbg_executor:/home/bryan/Workspace/ros2_ws/install/examples_rclcpp_async_client:/home/bryan/Workspace/ros2_ws/install/sprint2:/home/bryan/Workspace/ros2_ws/install/launch_testing_examples:/home/bryan/Workspace/ros2_ws/install/image_converter:/home/bryan/Workspace/ros2_ws/install/first_package:/home/bryan/Workspace/ros2_ws/install/examples_rclpy_pointcloud_publisher:/home/bryan/Workspace/ros2_ws/install/examples_rclpy_minimal_subscriber:/home/bryan/Workspace/ros2_ws/install/examples_rclpy_minimal_service:/home/bryan/Workspace/ros2_ws/install/examples_rclpy_minimal_publisher:/home/bryan/Workspace/ros2_ws/install/examples_rclpy_minimal_client:/home/bryan/Workspace/ros2_ws/install/examples_rclpy_minimal_action_server:/home/bryan/Workspace/ros2_ws/install/examples_rclpy_minimal_action_client:/home/bryan/Workspace/ros2_ws/install/examples_rclpy_guard_conditions:/home/bryan/Workspace/ros2_ws/install/examples_rclpy_executors:/home/bryan/Workspace/ros2_ws/install/camera_calibration:/opt/ros/humble LD_LIBRARY_PATH=/home/bryan/Workspace/ros2_ws/install/stereo_image_proc/lib:/home/bryan/Workspace/ros2_ws/install/image_view/lib:/home/bryan/Workspace/ros2_ws/install/image_rotate/lib:/home/bryan/Workspace/ros2_ws/install/image_publisher/lib:/home/bryan/Workspace/ros2_ws/install/image_proc/lib:/home/bryan/Workspace/ros2_ws/install/depth_image_proc/lib:/home/bryan/Workspace/ros2_ws/install/tracetools_image_pipeline/lib:/home/bryan/Workspace/ros2_ws/install/image_geometry/lib:/home/bryan/Workspace/ros2_ws/install/cv_bridge/lib:/home/bryan/Workspace/ros2_ws/install/examples_rclcpp_wait_set/lib:/home/bryan/Workspace/ros2_ws/install/examples_rclcpp_minimal_subscriber/lib:/home/bryan/Workspace/ros2_ws/install/examples_rclcpp_minimal_composition/lib:/opt/ros/humble/opt/rviz_ogre_vendor/lib:/opt/ros/humble/lib/x86_64-linux-gnu:/opt/ros/humble/lib PYTHONPATH=/home/bryan/Workspace/ros2_ws/install/camera_calibration/lib/python3.10/site-packages:/home/bryan/Workspace/ros2_ws/install/image_geometry/local/lib/python3.10/dist-packages:/home/bryan/Workspace/ros2_ws/install/cv_bridge/local/lib/python3.10/dist-packages:/home/bryan/Workspace/ros2_ws/build/sprint2:/home/bryan/Workspace/ros2_ws/install/sprint2/lib/python3.10/site-packages:/home/bryan/Workspace/ros2_ws/build/launch_testing_examples:/home/bryan/Workspace/ros2_ws/install/launch_testing_examples/lib/python3.10/site-packages:/home/bryan/Workspace/ros2_ws/install/image_converter/lib/python3.10/site-packages:/home/bryan/Workspace/ros2_ws/build/first_package:/home/bryan/Workspace/ros2_ws/install/first_package/lib/python3.10/site-packages:/home/bryan/Workspace/ros2_ws/build/examples_rclpy_pointcloud_publisher:/home/bryan/Workspace/ros2_ws/install/examples_rclpy_pointcloud_publisher/lib/python3.10/site-packages:/home/bryan/Workspace/ros2_ws/build/examples_rclpy_minimal_subscriber:/home/bryan/Workspace/ros2_ws/install/examples_rclpy_minimal_subscriber/lib/python3.10/site-packages:/home/bryan/Workspace/ros2_ws/build/examples_rclpy_minimal_service:/home/bryan/Workspace/ros2_ws/install/examples_rclpy_minimal_service/lib/python3.10/site-packages:/home/bryan/Workspace/ros2_ws/build/examples_rclpy_minimal_publisher:/home/bryan/Workspace/ros2_ws/install/examples_rclpy_minimal_publisher/lib/python3.10/site-packages:/home/bryan/Workspace/ros2_ws/build/examples_rclpy_minimal_client:/home/bryan/Workspace/ros2_ws/install/examples_rclpy_minimal_client/lib/python3.10/site-packages:/home/bryan/Workspace/ros2_ws/build/examples_rclpy_minimal_action_server:/home/bryan/Workspace/ros2_ws/install/examples_rclpy_minimal_action_server/lib/python3.10/site-packages:/home/bryan/Workspace/ros2_ws/build/examples_rclpy_minimal_action_client:/home/bryan/Workspace/ros2_ws/install/examples_rclpy_minimal_action_client/lib/python3.10/site-packages:/home/bryan/Workspace/ros2_ws/build/examples_rclpy_guard_conditions:/home/bryan/Workspace/ros2_ws/install/examples_rclpy_guard_conditions/lib/python3.10/site-packages:/home/bryan/Workspace/ros2_ws/build/examples_rclpy_executors:/home/bryan/Workspace/ros2_ws/install/examples_rclpy_executors/lib/python3.10/site-packages:/opt/ros/humble/lib/python3.10/site-packages:/opt/ros/humble/local/lib/python3.10/dist-packages /usr/bin/cmake --install /home/bryan/Workspace/ros2_ws/build/image_pipeline
[238.378s] Level 1:colcon.colcon_core.environment:create_environment_scripts_only(image_pipeline)
[238.379s] Level 1:colcon.colcon_core.environment:checking '/home/bryan/Workspace/ros2_ws/install/image_pipeline' for CMake module files
[238.381s] Level 1:colcon.colcon_core.environment:checking '/home/bryan/Workspace/ros2_ws/install/image_pipeline' for CMake config files
[238.383s] DEBUG:colcon.colcon_core.event_handler.log_command:Invoked command in '/home/bryan/Workspace/ros2_ws/build/image_pipeline' returned '0': AMENT_PREFIX_PATH=/home/bryan/Workspace/ros2_ws/install/stereo_image_proc:/home/bryan/Workspace/ros2_ws/install/image_view:/home/bryan/Workspace/ros2_ws/install/depth_image_proc:/home/bryan/Workspace/ros2_ws/install/camera_calibration:/home/bryan/Workspace/ros2_ws/install/image_geometry:/home/bryan/Workspace/ros2_ws/install/cv_bridge:/home/bryan/Workspace/ros2_ws/install/image_proc:/home/bryan/Workspace/ros2_ws/install/tracetools_image_pipeline:/home/bryan/Workspace/ros2_ws/install/sprint2:/home/bryan/Workspace/ros2_ws/install/launch_testing_examples:/home/bryan/Workspace/ros2_ws/install/image_rotate:/home/bryan/Workspace/ros2_ws/install/image_publisher:/home/bryan/Workspace/ros2_ws/install/image_converter:/home/bryan/Workspace/ros2_ws/install/first_package:/home/bryan/Workspace/ros2_ws/install/examples_rclpy_pointcloud_publisher:/home/bryan/Workspace/ros2_ws/install/examples_rclpy_minimal_subscriber:/home/bryan/Workspace/ros2_ws/install/examples_rclpy_minimal_service:/home/bryan/Workspace/ros2_ws/install/examples_rclpy_minimal_publisher:/home/bryan/Workspace/ros2_ws/install/examples_rclpy_minimal_client:/home/bryan/Workspace/ros2_ws/install/examples_rclpy_minimal_action_server:/home/bryan/Workspace/ros2_ws/install/examples_rclpy_minimal_action_client:/home/bryan/Workspace/ros2_ws/install/examples_rclpy_guard_conditions:/home/bryan/Workspace/ros2_ws/install/examples_rclpy_executors:/home/bryan/Workspace/ros2_ws/install/examples_rclcpp_wait_set:/home/bryan/Workspace/ros2_ws/install/examples_rclcpp_multithreaded_executor:/home/bryan/Workspace/ros2_ws/install/examples_rclcpp_minimal_timer:/home/bryan/Workspace/ros2_ws/install/examples_rclcpp_minimal_subscriber:/home/bryan/Workspace/ros2_ws/install/examples_rclcpp_minimal_service:/home/bryan/Workspace/ros2_ws/install/examples_rclcpp_minimal_publisher:/home/bryan/Workspace/ros2_ws/install/examples_rclcpp_minimal_composition:/home/bryan/Workspace/ros2_ws/install/examples_rclcpp_minimal_client:/home/bryan/Workspace/ros2_ws/install/examples_rclcpp_minimal_action_server:/home/bryan/Workspace/ros2_ws/install/examples_rclcpp_minimal_action_client:/home/bryan/Workspace/ros2_ws/install/examples_rclcpp_cbg_executor:/home/bryan/Workspace/ros2_ws/install/examples_rclcpp_async_client:/opt/ros/humble CMAKE_PREFIX_PATH=/home/bryan/Workspace/ros2_ws/install/stereo_image_proc:/home/bryan/Workspace/ros2_ws/install/image_view:/home/bryan/Workspace/ros2_ws/install/image_rotate:/home/bryan/Workspace/ros2_ws/install/image_publisher:/home/bryan/Workspace/ros2_ws/install/image_proc:/home/bryan/Workspace/ros2_ws/install/depth_image_proc:/home/bryan/Workspace/ros2_ws/install/tracetools_image_pipeline:/home/bryan/Workspace/ros2_ws/install/image_geometry:/home/bryan/Workspace/ros2_ws/install/cv_bridge:/home/bryan/Workspace/ros2_ws/install/examples_rclcpp_wait_set:/home/bryan/Workspace/ros2_ws/install/examples_rclcpp_multithreaded_executor:/home/bryan/Workspace/ros2_ws/install/examples_rclcpp_minimal_timer:/home/bryan/Workspace/ros2_ws/install/examples_rclcpp_minimal_subscriber:/home/bryan/Workspace/ros2_ws/install/examples_rclcpp_minimal_service:/home/bryan/Workspace/ros2_ws/install/examples_rclcpp_minimal_publisher:/home/bryan/Workspace/ros2_ws/install/examples_rclcpp_minimal_composition:/home/bryan/Workspace/ros2_ws/install/examples_rclcpp_minimal_client:/home/bryan/Workspace/ros2_ws/install/examples_rclcpp_minimal_action_server:/home/bryan/Workspace/ros2_ws/install/examples_rclcpp_minimal_action_client:/home/bryan/Workspace/ros2_ws/install/examples_rclcpp_cbg_executor:/home/bryan/Workspace/ros2_ws/install/examples_rclcpp_async_client:/home/bryan/Workspace/ros2_ws/install/sprint2:/home/bryan/Workspace/ros2_ws/install/launch_testing_examples:/home/bryan/Workspace/ros2_ws/install/image_converter:/home/bryan/Workspace/ros2_ws/install/first_package:/home/bryan/Workspace/ros2_ws/install/examples_rclpy_pointcloud_publisher:/home/bryan/Workspace/ros2_ws/install/examples_rclpy_minimal_subscriber:/home/bryan/Workspace/ros2_ws/install/examples_rclpy_minimal_service:/home/bryan/Workspace/ros2_ws/install/examples_rclpy_minimal_publisher:/home/bryan/Workspace/ros2_ws/install/examples_rclpy_minimal_client:/home/bryan/Workspace/ros2_ws/install/examples_rclpy_minimal_action_server:/home/bryan/Workspace/ros2_ws/install/examples_rclpy_minimal_action_client:/home/bryan/Workspace/ros2_ws/install/examples_rclpy_guard_conditions:/home/bryan/Workspace/ros2_ws/install/examples_rclpy_executors:/home/bryan/Workspace/ros2_ws/install/camera_calibration:/opt/ros/humble LD_LIBRARY_PATH=/home/bryan/Workspace/ros2_ws/install/stereo_image_proc/lib:/home/bryan/Workspace/ros2_ws/install/image_view/lib:/home/bryan/Workspace/ros2_ws/install/image_rotate/lib:/home/bryan/Workspace/ros2_ws/install/image_publisher/lib:/home/bryan/Workspace/ros2_ws/install/image_proc/lib:/home/bryan/Workspace/ros2_ws/install/depth_image_proc/lib:/home/bryan/Workspace/ros2_ws/install/tracetools_image_pipeline/lib:/home/bryan/Workspace/ros2_ws/install/image_geometry/lib:/home/bryan/Workspace/ros2_ws/install/cv_bridge/lib:/home/bryan/Workspace/ros2_ws/install/examples_rclcpp_wait_set/lib:/home/bryan/Workspace/ros2_ws/install/examples_rclcpp_minimal_subscriber/lib:/home/bryan/Workspace/ros2_ws/install/examples_rclcpp_minimal_composition/lib:/opt/ros/humble/opt/rviz_ogre_vendor/lib:/opt/ros/humble/lib/x86_64-linux-gnu:/opt/ros/humble/lib PYTHONPATH=/home/bryan/Workspace/ros2_ws/install/camera_calibration/lib/python3.10/site-packages:/home/bryan/Workspace/ros2_ws/install/image_geometry/local/lib/python3.10/dist-packages:/home/bryan/Workspace/ros2_ws/install/cv_bridge/local/lib/python3.10/dist-packages:/home/bryan/Workspace/ros2_ws/build/sprint2:/home/bryan/Workspace/ros2_ws/install/sprint2/lib/python3.10/site-packages:/home/bryan/Workspace/ros2_ws/build/launch_testing_examples:/home/bryan/Workspace/ros2_ws/install/launch_testing_examples/lib/python3.10/site-packages:/home/bryan/Workspace/ros2_ws/install/image_converter/lib/python3.10/site-packages:/home/bryan/Workspace/ros2_ws/build/first_package:/home/bryan/Workspace/ros2_ws/install/first_package/lib/python3.10/site-packages:/home/bryan/Workspace/ros2_ws/build/examples_rclpy_pointcloud_publisher:/home/bryan/Workspace/ros2_ws/install/examples_rclpy_pointcloud_publisher/lib/python3.10/site-packages:/home/bryan/Workspace/ros2_ws/build/examples_rclpy_minimal_subscriber:/home/bryan/Workspace/ros2_ws/install/examples_rclpy_minimal_subscriber/lib/python3.10/site-packages:/home/bryan/Workspace/ros2_ws/build/examples_rclpy_minimal_service:/home/bryan/Workspace/ros2_ws/install/examples_rclpy_minimal_service/lib/python3.10/site-packages:/home/bryan/Workspace/ros2_ws/build/examples_rclpy_minimal_publisher:/home/bryan/Workspace/ros2_ws/install/examples_rclpy_minimal_publisher/lib/python3.10/site-packages:/home/bryan/Workspace/ros2_ws/build/examples_rclpy_minimal_client:/home/bryan/Workspace/ros2_ws/install/examples_rclpy_minimal_client/lib/python3.10/site-packages:/home/bryan/Workspace/ros2_ws/build/examples_rclpy_minimal_action_server:/home/bryan/Workspace/ros2_ws/install/examples_rclpy_minimal_action_server/lib/python3.10/site-packages:/home/bryan/Workspace/ros2_ws/build/examples_rclpy_minimal_action_client:/home/bryan/Workspace/ros2_ws/install/examples_rclpy_minimal_action_client/lib/python3.10/site-packages:/home/bryan/Workspace/ros2_ws/build/examples_rclpy_guard_conditions:/home/bryan/Workspace/ros2_ws/install/examples_rclpy_guard_conditions/lib/python3.10/site-packages:/home/bryan/Workspace/ros2_ws/build/examples_rclpy_executors:/home/bryan/Workspace/ros2_ws/install/examples_rclpy_executors/lib/python3.10/site-packages:/opt/ros/humble/lib/python3.10/site-packages:/opt/ros/humble/local/lib/python3.10/dist-packages /usr/bin/cmake --install /home/bryan/Workspace/ros2_ws/build/image_pipeline
[238.384s] Level 1:colcon.colcon_core.shell:create_environment_hook('image_pipeline', 'cmake_prefix_path')
[238.385s] INFO:colcon.colcon_core.shell:Creating environment hook '/home/bryan/Workspace/ros2_ws/install/image_pipeline/share/image_pipeline/hook/cmake_prefix_path.ps1'
[238.385s] INFO:colcon.colcon_core.shell:Creating environment descriptor '/home/bryan/Workspace/ros2_ws/install/image_pipeline/share/image_pipeline/hook/cmake_prefix_path.dsv'
[238.386s] INFO:colcon.colcon_core.shell:Creating environment hook '/home/bryan/Workspace/ros2_ws/install/image_pipeline/share/image_pipeline/hook/cmake_prefix_path.sh'
[238.386s] Level 1:colcon.colcon_core.environment:checking '/home/bryan/Workspace/ros2_ws/install/image_pipeline/bin'
[238.386s] Level 1:colcon.colcon_core.environment:checking '/home/bryan/Workspace/ros2_ws/install/image_pipeline/lib/pkgconfig/image_pipeline.pc'
[238.387s] Level 1:colcon.colcon_core.environment:checking '/home/bryan/Workspace/ros2_ws/install/image_pipeline/lib/python3.10/site-packages'
[238.387s] Level 1:colcon.colcon_core.environment:checking '/home/bryan/Workspace/ros2_ws/install/image_pipeline/bin'
[238.388s] INFO:colcon.colcon_core.shell:Creating package script '/home/bryan/Workspace/ros2_ws/install/image_pipeline/share/image_pipeline/package.ps1'
[238.389s] INFO:colcon.colcon_core.shell:Creating package descriptor '/home/bryan/Workspace/ros2_ws/install/image_pipeline/share/image_pipeline/package.dsv'
[238.391s] INFO:colcon.colcon_core.shell:Creating package script '/home/bryan/Workspace/ros2_ws/install/image_pipeline/share/image_pipeline/package.sh'
[238.392s] INFO:colcon.colcon_core.shell:Creating package script '/home/bryan/Workspace/ros2_ws/install/image_pipeline/share/image_pipeline/package.bash'
[238.393s] INFO:colcon.colcon_core.shell:Creating package script '/home/bryan/Workspace/ros2_ws/install/image_pipeline/share/image_pipeline/package.zsh'
[238.393s] Level 1:colcon.colcon_core.environment:create_file_with_runtime_dependencies(/home/bryan/Workspace/ros2_ws/install/image_pipeline/share/colcon-core/packages/image_pipeline)
[238.395s] Level 1:colcon.colcon_core.environment:create_environment_scripts_only(image_pipeline)
[238.396s] Level 1:colcon.colcon_core.environment:checking '/home/bryan/Workspace/ros2_ws/install/image_pipeline' for CMake module files
[238.397s] Level 1:colcon.colcon_core.environment:checking '/home/bryan/Workspace/ros2_ws/install/image_pipeline' for CMake config files
[238.397s] Level 1:colcon.colcon_core.shell:create_environment_hook('image_pipeline', 'cmake_prefix_path')
[238.398s] INFO:colcon.colcon_core.shell:Creating environment hook '/home/bryan/Workspace/ros2_ws/install/image_pipeline/share/image_pipeline/hook/cmake_prefix_path.ps1'
[238.401s] INFO:colcon.colcon_core.shell:Creating environment descriptor '/home/bryan/Workspace/ros2_ws/install/image_pipeline/share/image_pipeline/hook/cmake_prefix_path.dsv'
[238.403s] INFO:colcon.colcon_core.shell:Creating environment hook '/home/bryan/Workspace/ros2_ws/install/image_pipeline/share/image_pipeline/hook/cmake_prefix_path.sh'
[238.405s] Level 1:colcon.colcon_core.environment:checking '/home/bryan/Workspace/ros2_ws/install/image_pipeline/bin'
[238.406s] Level 1:colcon.colcon_core.environment:checking '/home/bryan/Workspace/ros2_ws/install/image_pipeline/lib/pkgconfig/image_pipeline.pc'
[238.406s] Level 1:colcon.colcon_core.environment:checking '/home/bryan/Workspace/ros2_ws/install/image_pipeline/lib/python3.10/site-packages'
[238.407s] Level 1:colcon.colcon_core.environment:checking '/home/bryan/Workspace/ros2_ws/install/image_pipeline/bin'
[238.408s] INFO:colcon.colcon_core.shell:Creating package script '/home/bryan/Workspace/ros2_ws/install/image_pipeline/share/image_pipeline/package.ps1'
[238.435s] INFO:colcon.colcon_core.shell:Creating package descriptor '/home/bryan/Workspace/ros2_ws/install/image_pipeline/share/image_pipeline/package.dsv'
[238.449s] INFO:colcon.colcon_core.shell:Creating package script '/home/bryan/Workspace/ros2_ws/install/image_pipeline/share/image_pipeline/package.sh'
[238.452s] INFO:colcon.colcon_core.shell:Creating package script '/home/bryan/Workspace/ros2_ws/install/image_pipeline/share/image_pipeline/package.bash'
[238.454s] INFO:colcon.colcon_core.shell:Creating package script '/home/bryan/Workspace/ros2_ws/install/image_pipeline/share/image_pipeline/package.zsh'
[238.456s] Level 1:colcon.colcon_core.environment:create_file_with_runtime_dependencies(/home/bryan/Workspace/ros2_ws/install/image_pipeline/share/colcon-core/packages/image_pipeline)
[238.459s] DEBUG:colcon.colcon_parallel_executor.executor.parallel:closing loop
[238.460s] DEBUG:colcon.colcon_parallel_executor.executor.parallel:loop closed
[238.460s] DEBUG:colcon.colcon_parallel_executor.executor.parallel:run_until_complete finished with '0'
[238.461s] DEBUG:colcon.colcon_core.event_reactor:joining thread
[238.474s] INFO:colcon.colcon_core.plugin_system:Skipping extension 'colcon_notification.desktop_notification.terminal_notifier': Not used on non-Darwin systems
[238.475s] INFO:colcon.colcon_core.plugin_system:Skipping extension 'colcon_notification.desktop_notification.win32': Not used on non-Windows systems
[238.475s] INFO:colcon.colcon_notification.desktop_notification:Sending desktop notification using 'notify2'
[238.497s] DEBUG:colcon.colcon_core.event_reactor:joined thread
[238.498s] INFO:colcon.colcon_core.shell:Creating prefix script '/home/bryan/Workspace/ros2_ws/install/local_setup.ps1'
[238.501s] INFO:colcon.colcon_core.shell:Creating prefix util module '/home/bryan/Workspace/ros2_ws/install/_local_setup_util_ps1.py'
[238.503s] INFO:colcon.colcon_core.shell:Creating prefix chain script '/home/bryan/Workspace/ros2_ws/install/setup.ps1'
[238.507s] INFO:colcon.colcon_core.shell:Creating prefix script '/home/bryan/Workspace/ros2_ws/install/local_setup.sh'
[238.509s] INFO:colcon.colcon_core.shell:Creating prefix util module '/home/bryan/Workspace/ros2_ws/install/_local_setup_util_sh.py'
[238.511s] INFO:colcon.colcon_core.shell:Creating prefix chain script '/home/bryan/Workspace/ros2_ws/install/setup.sh'
[238.515s] INFO:colcon.colcon_core.shell:Creating prefix script '/home/bryan/Workspace/ros2_ws/install/local_setup.bash'
[238.518s] INFO:colcon.colcon_core.shell:Creating prefix chain script '/home/bryan/Workspace/ros2_ws/install/setup.bash'
[238.521s] INFO:colcon.colcon_core.shell:Creating prefix script '/home/bryan/Workspace/ros2_ws/install/local_setup.zsh'
[238.523s] INFO:colcon.colcon_core.shell:Creating prefix chain script '/home/bryan/Workspace/ros2_ws/install/setup.zsh'
