[0.171s] DEBUG:colcon:Command line arguments: ['/usr/bin/colcon', 'build', '--packages-select', 'image_converter']
[0.171s] DEBUG:colcon:Parsed command line arguments: Namespace(log_base=None, log_level=None, verb_name='build', build_base='build', install_base='install', merge_install=False, symlink_install=False, test_result_base=None, continue_on_error=False, executor='parallel', parallel_workers=3, event_handlers=None, ignore_user_meta=False, metas=['./colcon.meta'], base_paths=['.'], packages_ignore=None, packages_ignore_regex=None, paths=None, packages_up_to=None, packages_up_to_regex=None, packages_above=None, packages_above_and_dependencies=None, packages_above_depth=None, packages_select_by_dep=None, packages_skip_by_dep=None, packages_skip_up_to=None, packages_select_build_failed=False, packages_skip_build_finished=False, packages_select_test_failures=False, packages_skip_test_passed=False, packages_select=['image_converter'], packages_skip=None, packages_select_regex=None, packages_skip_regex=None, packages_start=None, packages_end=None, allow_overriding=[], cmake_args=None, cmake_target=None, cmake_target_skip_unavailable=False, cmake_clean_cache=False, cmake_clean_first=False, cmake_force_configure=False, ament_cmake_args=None, catkin_cmake_args=None, catkin_skip_building_tests=False, mixin_files=None, mixin=None, verb_parser=<colcon_mixin.mixin.mixin_argument.MixinArgumentDecorator object at 0x70815cc78fd0>, verb_extension=<colcon_core.verb.build.BuildVerb object at 0x70815cc78a90>, main=<bound method BuildVerb.main of <colcon_core.verb.build.BuildVerb object at 0x70815cc78a90>>, mixin_verb=('build',))
[0.371s] Level 1:colcon.colcon_core.package_discovery:discover_packages(colcon_meta) check parameters
[0.371s] Level 1:colcon.colcon_core.package_discovery:discover_packages(recursive) check parameters
[0.371s] Level 1:colcon.colcon_core.package_discovery:discover_packages(ignore) check parameters
[0.371s] Level 1:colcon.colcon_core.package_discovery:discover_packages(path) check parameters
[0.371s] Level 1:colcon.colcon_core.package_discovery:discover_packages(colcon_meta) discover
[0.371s] Level 1:colcon.colcon_core.package_discovery:discover_packages(recursive) discover
[0.371s] INFO:colcon.colcon_core.package_discovery:Crawling recursively for packages in '/home/bryan/Workspace/ros2_ws'
[0.371s] Level 1:colcon.colcon_core.package_identification:_identify(.) by extensions ['ignore', 'ignore_ament_install']
[0.371s] Level 1:colcon.colcon_core.package_identification:_identify(.) by extension 'ignore'
[0.372s] Level 1:colcon.colcon_core.package_identification:_identify(.) by extension 'ignore_ament_install'
[0.372s] Level 1:colcon.colcon_core.package_identification:_identify(.) by extensions ['colcon_pkg']
[0.372s] Level 1:colcon.colcon_core.package_identification:_identify(.) by extension 'colcon_pkg'
[0.372s] Level 1:colcon.colcon_core.package_identification:_identify(.) by extensions ['colcon_meta']
[0.372s] Level 1:colcon.colcon_core.package_identification:_identify(.) by extension 'colcon_meta'
[0.372s] Level 1:colcon.colcon_core.package_identification:_identify(.) by extensions ['ros']
[0.372s] Level 1:colcon.colcon_core.package_identification:_identify(.) by extension 'ros'
[0.386s] Level 1:colcon.colcon_core.package_identification:_identify(.) by extensions ['cmake', 'python']
[0.386s] Level 1:colcon.colcon_core.package_identification:_identify(.) by extension 'cmake'
[0.386s] Level 1:colcon.colcon_core.package_identification:_identify(.) by extension 'python'
[0.386s] Level 1:colcon.colcon_core.package_identification:_identify(.) by extensions ['python_setup_py']
[0.386s] Level 1:colcon.colcon_core.package_identification:_identify(.) by extension 'python_setup_py'
[0.386s] Level 1:colcon.colcon_core.package_identification:_identify(build) by extensions ['ignore', 'ignore_ament_install']
[0.386s] Level 1:colcon.colcon_core.package_identification:_identify(build) by extension 'ignore'
[0.387s] Level 1:colcon.colcon_core.package_identification:_identify(build) ignored
[0.387s] Level 1:colcon.colcon_core.package_identification:_identify(first_package) by extensions ['ignore', 'ignore_ament_install']
[0.387s] Level 1:colcon.colcon_core.package_identification:_identify(first_package) by extension 'ignore'
[0.387s] Level 1:colcon.colcon_core.package_identification:_identify(first_package) by extension 'ignore_ament_install'
[0.387s] Level 1:colcon.colcon_core.package_identification:_identify(first_package) by extensions ['colcon_pkg']
[0.387s] Level 1:colcon.colcon_core.package_identification:_identify(first_package) by extension 'colcon_pkg'
[0.387s] Level 1:colcon.colcon_core.package_identification:_identify(first_package) by extensions ['colcon_meta']
[0.387s] Level 1:colcon.colcon_core.package_identification:_identify(first_package) by extension 'colcon_meta'
[0.387s] Level 1:colcon.colcon_core.package_identification:_identify(first_package) by extensions ['ros']
[0.387s] Level 1:colcon.colcon_core.package_identification:_identify(first_package) by extension 'ros'
[0.389s] DEBUG:colcon.colcon_core.package_identification:Package 'first_package' with type 'ros.ament_python' and name 'first_package'
[0.390s] Level 1:colcon.colcon_core.package_identification:_identify(image_pipeline) by extensions ['ignore', 'ignore_ament_install']
[0.390s] Level 1:colcon.colcon_core.package_identification:_identify(image_pipeline) by extension 'ignore'
[0.390s] Level 1:colcon.colcon_core.package_identification:_identify(image_pipeline) by extension 'ignore_ament_install'
[0.390s] Level 1:colcon.colcon_core.package_identification:_identify(image_pipeline) by extensions ['colcon_pkg']
[0.390s] Level 1:colcon.colcon_core.package_identification:_identify(image_pipeline) by extension 'colcon_pkg'
[0.390s] Level 1:colcon.colcon_core.package_identification:_identify(image_pipeline) by extensions ['colcon_meta']
[0.390s] Level 1:colcon.colcon_core.package_identification:_identify(image_pipeline) by extension 'colcon_meta'
[0.390s] Level 1:colcon.colcon_core.package_identification:_identify(image_pipeline) by extensions ['ros']
[0.390s] Level 1:colcon.colcon_core.package_identification:_identify(image_pipeline) by extension 'ros'
[0.390s] Level 1:colcon.colcon_core.package_identification:_identify(image_pipeline) by extensions ['cmake', 'python']
[0.390s] Level 1:colcon.colcon_core.package_identification:_identify(image_pipeline) by extension 'cmake'
[0.390s] Level 1:colcon.colcon_core.package_identification:_identify(image_pipeline) by extension 'python'
[0.390s] Level 1:colcon.colcon_core.package_identification:_identify(image_pipeline) by extensions ['python_setup_py']
[0.390s] Level 1:colcon.colcon_core.package_identification:_identify(image_pipeline) by extension 'python_setup_py'
[0.390s] Level 1:colcon.colcon_core.package_identification:_identify(image_pipeline/camera_calibration) by extensions ['ignore', 'ignore_ament_install']
[0.391s] Level 1:colcon.colcon_core.package_identification:_identify(image_pipeline/camera_calibration) by extension 'ignore'
[0.391s] Level 1:colcon.colcon_core.package_identification:_identify(image_pipeline/camera_calibration) by extension 'ignore_ament_install'
[0.391s] Level 1:colcon.colcon_core.package_identification:_identify(image_pipeline/camera_calibration) by extensions ['colcon_pkg']
[0.391s] Level 1:colcon.colcon_core.package_identification:_identify(image_pipeline/camera_calibration) by extension 'colcon_pkg'
[0.391s] Level 1:colcon.colcon_core.package_identification:_identify(image_pipeline/camera_calibration) by extensions ['colcon_meta']
[0.391s] Level 1:colcon.colcon_core.package_identification:_identify(image_pipeline/camera_calibration) by extension 'colcon_meta'
[0.391s] Level 1:colcon.colcon_core.package_identification:_identify(image_pipeline/camera_calibration) by extensions ['ros']
[0.391s] Level 1:colcon.colcon_core.package_identification:_identify(image_pipeline/camera_calibration) by extension 'ros'
[0.392s] DEBUG:colcon.colcon_core.package_identification:Package 'image_pipeline/camera_calibration' with type 'ros.ament_python' and name 'camera_calibration'
[0.392s] Level 1:colcon.colcon_core.package_identification:_identify(image_pipeline/depth_image_proc) by extensions ['ignore', 'ignore_ament_install']
[0.392s] Level 1:colcon.colcon_core.package_identification:_identify(image_pipeline/depth_image_proc) by extension 'ignore'
[0.392s] Level 1:colcon.colcon_core.package_identification:_identify(image_pipeline/depth_image_proc) by extension 'ignore_ament_install'
[0.392s] Level 1:colcon.colcon_core.package_identification:_identify(image_pipeline/depth_image_proc) by extensions ['colcon_pkg']
[0.393s] Level 1:colcon.colcon_core.package_identification:_identify(image_pipeline/depth_image_proc) by extension 'colcon_pkg'
[0.393s] Level 1:colcon.colcon_core.package_identification:_identify(image_pipeline/depth_image_proc) by extensions ['colcon_meta']
[0.393s] Level 1:colcon.colcon_core.package_identification:_identify(image_pipeline/depth_image_proc) by extension 'colcon_meta'
[0.393s] Level 1:colcon.colcon_core.package_identification:_identify(image_pipeline/depth_image_proc) by extensions ['ros']
[0.393s] Level 1:colcon.colcon_core.package_identification:_identify(image_pipeline/depth_image_proc) by extension 'ros'
[0.394s] DEBUG:colcon.colcon_core.package_identification:Package 'image_pipeline/depth_image_proc' with type 'ros.ament_cmake' and name 'depth_image_proc'
[0.394s] Level 1:colcon.colcon_core.package_identification:_identify(image_pipeline/image_pipeline) by extensions ['ignore', 'ignore_ament_install']
[0.394s] Level 1:colcon.colcon_core.package_identification:_identify(image_pipeline/image_pipeline) by extension 'ignore'
[0.394s] Level 1:colcon.colcon_core.package_identification:_identify(image_pipeline/image_pipeline) by extension 'ignore_ament_install'
[0.394s] Level 1:colcon.colcon_core.package_identification:_identify(image_pipeline/image_pipeline) by extensions ['colcon_pkg']
[0.394s] Level 1:colcon.colcon_core.package_identification:_identify(image_pipeline/image_pipeline) by extension 'colcon_pkg'
[0.395s] Level 1:colcon.colcon_core.package_identification:_identify(image_pipeline/image_pipeline) by extensions ['colcon_meta']
[0.395s] Level 1:colcon.colcon_core.package_identification:_identify(image_pipeline/image_pipeline) by extension 'colcon_meta'
[0.395s] Level 1:colcon.colcon_core.package_identification:_identify(image_pipeline/image_pipeline) by extensions ['ros']
[0.395s] Level 1:colcon.colcon_core.package_identification:_identify(image_pipeline/image_pipeline) by extension 'ros'
[0.395s] DEBUG:colcon.colcon_core.package_identification:Package 'image_pipeline/image_pipeline' with type 'ros.ament_cmake' and name 'image_pipeline'
[0.395s] Level 1:colcon.colcon_core.package_identification:_identify(image_pipeline/image_proc) by extensions ['ignore', 'ignore_ament_install']
[0.395s] Level 1:colcon.colcon_core.package_identification:_identify(image_pipeline/image_proc) by extension 'ignore'
[0.395s] Level 1:colcon.colcon_core.package_identification:_identify(image_pipeline/image_proc) by extension 'ignore_ament_install'
[0.395s] Level 1:colcon.colcon_core.package_identification:_identify(image_pipeline/image_proc) by extensions ['colcon_pkg']
[0.395s] Level 1:colcon.colcon_core.package_identification:_identify(image_pipeline/image_proc) by extension 'colcon_pkg'
[0.396s] Level 1:colcon.colcon_core.package_identification:_identify(image_pipeline/image_proc) by extensions ['colcon_meta']
[0.396s] Level 1:colcon.colcon_core.package_identification:_identify(image_pipeline/image_proc) by extension 'colcon_meta'
[0.396s] Level 1:colcon.colcon_core.package_identification:_identify(image_pipeline/image_proc) by extensions ['ros']
[0.396s] Level 1:colcon.colcon_core.package_identification:_identify(image_pipeline/image_proc) by extension 'ros'
[0.397s] DEBUG:colcon.colcon_core.package_identification:Package 'image_pipeline/image_proc' with type 'ros.ament_cmake' and name 'image_proc'
[0.398s] Level 1:colcon.colcon_core.package_identification:_identify(image_pipeline/image_publisher) by extensions ['ignore', 'ignore_ament_install']
[0.398s] Level 1:colcon.colcon_core.package_identification:_identify(image_pipeline/image_publisher) by extension 'ignore'
[0.398s] Level 1:colcon.colcon_core.package_identification:_identify(image_pipeline/image_publisher) by extension 'ignore_ament_install'
[0.398s] Level 1:colcon.colcon_core.package_identification:_identify(image_pipeline/image_publisher) by extensions ['colcon_pkg']
[0.398s] Level 1:colcon.colcon_core.package_identification:_identify(image_pipeline/image_publisher) by extension 'colcon_pkg'
[0.398s] Level 1:colcon.colcon_core.package_identification:_identify(image_pipeline/image_publisher) by extensions ['colcon_meta']
[0.398s] Level 1:colcon.colcon_core.package_identification:_identify(image_pipeline/image_publisher) by extension 'colcon_meta'
[0.398s] Level 1:colcon.colcon_core.package_identification:_identify(image_pipeline/image_publisher) by extensions ['ros']
[0.398s] Level 1:colcon.colcon_core.package_identification:_identify(image_pipeline/image_publisher) by extension 'ros'
[0.399s] DEBUG:colcon.colcon_core.package_identification:Package 'image_pipeline/image_publisher' with type 'ros.ament_cmake' and name 'image_publisher'
[0.399s] Level 1:colcon.colcon_core.package_identification:_identify(image_pipeline/image_rotate) by extensions ['ignore', 'ignore_ament_install']
[0.399s] Level 1:colcon.colcon_core.package_identification:_identify(image_pipeline/image_rotate) by extension 'ignore'
[0.399s] Level 1:colcon.colcon_core.package_identification:_identify(image_pipeline/image_rotate) by extension 'ignore_ament_install'
[0.399s] Level 1:colcon.colcon_core.package_identification:_identify(image_pipeline/image_rotate) by extensions ['colcon_pkg']
[0.399s] Level 1:colcon.colcon_core.package_identification:_identify(image_pipeline/image_rotate) by extension 'colcon_pkg'
[0.399s] Level 1:colcon.colcon_core.package_identification:_identify(image_pipeline/image_rotate) by extensions ['colcon_meta']
[0.399s] Level 1:colcon.colcon_core.package_identification:_identify(image_pipeline/image_rotate) by extension 'colcon_meta'
[0.399s] Level 1:colcon.colcon_core.package_identification:_identify(image_pipeline/image_rotate) by extensions ['ros']
[0.399s] Level 1:colcon.colcon_core.package_identification:_identify(image_pipeline/image_rotate) by extension 'ros'
[0.401s] DEBUG:colcon.colcon_core.package_identification:Package 'image_pipeline/image_rotate' with type 'ros.ament_cmake' and name 'image_rotate'
[0.401s] Level 1:colcon.colcon_core.package_identification:_identify(image_pipeline/image_view) by extensions ['ignore', 'ignore_ament_install']
[0.401s] Level 1:colcon.colcon_core.package_identification:_identify(image_pipeline/image_view) by extension 'ignore'
[0.401s] Level 1:colcon.colcon_core.package_identification:_identify(image_pipeline/image_view) by extension 'ignore_ament_install'
[0.401s] Level 1:colcon.colcon_core.package_identification:_identify(image_pipeline/image_view) by extensions ['colcon_pkg']
[0.402s] Level 1:colcon.colcon_core.package_identification:_identify(image_pipeline/image_view) by extension 'colcon_pkg'
[0.402s] Level 1:colcon.colcon_core.package_identification:_identify(image_pipeline/image_view) by extensions ['colcon_meta']
[0.402s] Level 1:colcon.colcon_core.package_identification:_identify(image_pipeline/image_view) by extension 'colcon_meta'
[0.402s] Level 1:colcon.colcon_core.package_identification:_identify(image_pipeline/image_view) by extensions ['ros']
[0.402s] Level 1:colcon.colcon_core.package_identification:_identify(image_pipeline/image_view) by extension 'ros'
[0.404s] DEBUG:colcon.colcon_core.package_identification:Package 'image_pipeline/image_view' with type 'ros.ament_cmake' and name 'image_view'
[0.404s] Level 1:colcon.colcon_core.package_identification:_identify(image_pipeline/stereo_image_proc) by extensions ['ignore', 'ignore_ament_install']
[0.405s] Level 1:colcon.colcon_core.package_identification:_identify(image_pipeline/stereo_image_proc) by extension 'ignore'
[0.405s] Level 1:colcon.colcon_core.package_identification:_identify(image_pipeline/stereo_image_proc) by extension 'ignore_ament_install'
[0.405s] Level 1:colcon.colcon_core.package_identification:_identify(image_pipeline/stereo_image_proc) by extensions ['colcon_pkg']
[0.405s] Level 1:colcon.colcon_core.package_identification:_identify(image_pipeline/stereo_image_proc) by extension 'colcon_pkg'
[0.405s] Level 1:colcon.colcon_core.package_identification:_identify(image_pipeline/stereo_image_proc) by extensions ['colcon_meta']
[0.405s] Level 1:colcon.colcon_core.package_identification:_identify(image_pipeline/stereo_image_proc) by extension 'colcon_meta'
[0.405s] Level 1:colcon.colcon_core.package_identification:_identify(image_pipeline/stereo_image_proc) by extensions ['ros']
[0.405s] Level 1:colcon.colcon_core.package_identification:_identify(image_pipeline/stereo_image_proc) by extension 'ros'
[0.406s] DEBUG:colcon.colcon_core.package_identification:Package 'image_pipeline/stereo_image_proc' with type 'ros.ament_cmake' and name 'stereo_image_proc'
[0.406s] Level 1:colcon.colcon_core.package_identification:_identify(image_pipeline/tools) by extensions ['ignore', 'ignore_ament_install']
[0.406s] Level 1:colcon.colcon_core.package_identification:_identify(image_pipeline/tools) by extension 'ignore'
[0.406s] Level 1:colcon.colcon_core.package_identification:_identify(image_pipeline/tools) by extension 'ignore_ament_install'
[0.407s] Level 1:colcon.colcon_core.package_identification:_identify(image_pipeline/tools) by extensions ['colcon_pkg']
[0.407s] Level 1:colcon.colcon_core.package_identification:_identify(image_pipeline/tools) by extension 'colcon_pkg'
[0.407s] Level 1:colcon.colcon_core.package_identification:_identify(image_pipeline/tools) by extensions ['colcon_meta']
[0.407s] Level 1:colcon.colcon_core.package_identification:_identify(image_pipeline/tools) by extension 'colcon_meta'
[0.407s] Level 1:colcon.colcon_core.package_identification:_identify(image_pipeline/tools) by extensions ['ros']
[0.407s] Level 1:colcon.colcon_core.package_identification:_identify(image_pipeline/tools) by extension 'ros'
[0.407s] Level 1:colcon.colcon_core.package_identification:_identify(image_pipeline/tools) by extensions ['cmake', 'python']
[0.407s] Level 1:colcon.colcon_core.package_identification:_identify(image_pipeline/tools) by extension 'cmake'
[0.407s] Level 1:colcon.colcon_core.package_identification:_identify(image_pipeline/tools) by extension 'python'
[0.407s] Level 1:colcon.colcon_core.package_identification:_identify(image_pipeline/tools) by extensions ['python_setup_py']
[0.407s] Level 1:colcon.colcon_core.package_identification:_identify(image_pipeline/tools) by extension 'python_setup_py'
[0.407s] Level 1:colcon.colcon_core.package_identification:_identify(image_pipeline/tracetools_image_pipeline) by extensions ['ignore', 'ignore_ament_install']
[0.407s] Level 1:colcon.colcon_core.package_identification:_identify(image_pipeline/tracetools_image_pipeline) by extension 'ignore'
[0.407s] Level 1:colcon.colcon_core.package_identification:_identify(image_pipeline/tracetools_image_pipeline) by extension 'ignore_ament_install'
[0.407s] Level 1:colcon.colcon_core.package_identification:_identify(image_pipeline/tracetools_image_pipeline) by extensions ['colcon_pkg']
[0.407s] Level 1:colcon.colcon_core.package_identification:_identify(image_pipeline/tracetools_image_pipeline) by extension 'colcon_pkg'
[0.407s] Level 1:colcon.colcon_core.package_identification:_identify(image_pipeline/tracetools_image_pipeline) by extensions ['colcon_meta']
[0.407s] Level 1:colcon.colcon_core.package_identification:_identify(image_pipeline/tracetools_image_pipeline) by extension 'colcon_meta'
[0.407s] Level 1:colcon.colcon_core.package_identification:_identify(image_pipeline/tracetools_image_pipeline) by extensions ['ros']
[0.407s] Level 1:colcon.colcon_core.package_identification:_identify(image_pipeline/tracetools_image_pipeline) by extension 'ros'
[0.408s] DEBUG:colcon.colcon_core.package_identification:Package 'image_pipeline/tracetools_image_pipeline' with type 'ros.ament_cmake' and name 'tracetools_image_pipeline'
[0.408s] Level 1:colcon.colcon_core.package_identification:_identify(image_pipeline/wiki_files) by extensions ['ignore', 'ignore_ament_install']
[0.408s] Level 1:colcon.colcon_core.package_identification:_identify(image_pipeline/wiki_files) by extension 'ignore'
[0.408s] Level 1:colcon.colcon_core.package_identification:_identify(image_pipeline/wiki_files) by extension 'ignore_ament_install'
[0.408s] Level 1:colcon.colcon_core.package_identification:_identify(image_pipeline/wiki_files) by extensions ['colcon_pkg']
[0.408s] Level 1:colcon.colcon_core.package_identification:_identify(image_pipeline/wiki_files) by extension 'colcon_pkg'
[0.408s] Level 1:colcon.colcon_core.package_identification:_identify(image_pipeline/wiki_files) by extensions ['colcon_meta']
[0.408s] Level 1:colcon.colcon_core.package_identification:_identify(image_pipeline/wiki_files) by extension 'colcon_meta'
[0.408s] Level 1:colcon.colcon_core.package_identification:_identify(image_pipeline/wiki_files) by extensions ['ros']
[0.408s] Level 1:colcon.colcon_core.package_identification:_identify(image_pipeline/wiki_files) by extension 'ros'
[0.408s] Level 1:colcon.colcon_core.package_identification:_identify(image_pipeline/wiki_files) by extensions ['cmake', 'python']
[0.408s] Level 1:colcon.colcon_core.package_identification:_identify(image_pipeline/wiki_files) by extension 'cmake'
[0.408s] Level 1:colcon.colcon_core.package_identification:_identify(image_pipeline/wiki_files) by extension 'python'
[0.408s] Level 1:colcon.colcon_core.package_identification:_identify(image_pipeline/wiki_files) by extensions ['python_setup_py']
[0.408s] Level 1:colcon.colcon_core.package_identification:_identify(image_pipeline/wiki_files) by extension 'python_setup_py'
[0.409s] Level 1:colcon.colcon_core.package_identification:_identify(install) by extensions ['ignore', 'ignore_ament_install']
[0.409s] Level 1:colcon.colcon_core.package_identification:_identify(install) by extension 'ignore'
[0.409s] Level 1:colcon.colcon_core.package_identification:_identify(install) ignored
[0.409s] Level 1:colcon.colcon_core.package_identification:_identify(log) by extensions ['ignore', 'ignore_ament_install']
[0.409s] Level 1:colcon.colcon_core.package_identification:_identify(log) by extension 'ignore'
[0.409s] Level 1:colcon.colcon_core.package_identification:_identify(log) ignored
[0.409s] Level 1:colcon.colcon_core.package_identification:_identify(sprint2) by extensions ['ignore', 'ignore_ament_install']
[0.409s] Level 1:colcon.colcon_core.package_identification:_identify(sprint2) by extension 'ignore'
[0.409s] Level 1:colcon.colcon_core.package_identification:_identify(sprint2) by extension 'ignore_ament_install'
[0.409s] Level 1:colcon.colcon_core.package_identification:_identify(sprint2) by extensions ['colcon_pkg']
[0.409s] Level 1:colcon.colcon_core.package_identification:_identify(sprint2) by extension 'colcon_pkg'
[0.409s] Level 1:colcon.colcon_core.package_identification:_identify(sprint2) by extensions ['colcon_meta']
[0.409s] Level 1:colcon.colcon_core.package_identification:_identify(sprint2) by extension 'colcon_meta'
[0.409s] Level 1:colcon.colcon_core.package_identification:_identify(sprint2) by extensions ['ros']
[0.409s] Level 1:colcon.colcon_core.package_identification:_identify(sprint2) by extension 'ros'
[0.410s] DEBUG:colcon.colcon_core.package_identification:Package 'sprint2' with type 'ros.ament_python' and name 'sprint2'
[0.410s] Level 1:colcon.colcon_core.package_identification:_identify(src) by extensions ['ignore', 'ignore_ament_install']
[0.410s] Level 1:colcon.colcon_core.package_identification:_identify(src) by extension 'ignore'
[0.410s] Level 1:colcon.colcon_core.package_identification:_identify(src) by extension 'ignore_ament_install'
[0.410s] Level 1:colcon.colcon_core.package_identification:_identify(src) by extensions ['colcon_pkg']
[0.410s] Level 1:colcon.colcon_core.package_identification:_identify(src) by extension 'colcon_pkg'
[0.410s] Level 1:colcon.colcon_core.package_identification:_identify(src) by extensions ['colcon_meta']
[0.410s] Level 1:colcon.colcon_core.package_identification:_identify(src) by extension 'colcon_meta'
[0.410s] Level 1:colcon.colcon_core.package_identification:_identify(src) by extensions ['ros']
[0.410s] Level 1:colcon.colcon_core.package_identification:_identify(src) by extension 'ros'
[0.411s] Level 1:colcon.colcon_core.package_identification:_identify(src) by extensions ['cmake', 'python']
[0.411s] Level 1:colcon.colcon_core.package_identification:_identify(src) by extension 'cmake'
[0.411s] Level 1:colcon.colcon_core.package_identification:_identify(src) by extension 'python'
[0.411s] Level 1:colcon.colcon_core.package_identification:_identify(src) by extensions ['python_setup_py']
[0.411s] Level 1:colcon.colcon_core.package_identification:_identify(src) by extension 'python_setup_py'
[0.411s] Level 1:colcon.colcon_core.package_identification:_identify(src/examples) by extensions ['ignore', 'ignore_ament_install']
[0.411s] Level 1:colcon.colcon_core.package_identification:_identify(src/examples) by extension 'ignore'
[0.411s] Level 1:colcon.colcon_core.package_identification:_identify(src/examples) by extension 'ignore_ament_install'
[0.411s] Level 1:colcon.colcon_core.package_identification:_identify(src/examples) by extensions ['colcon_pkg']
[0.411s] Level 1:colcon.colcon_core.package_identification:_identify(src/examples) by extension 'colcon_pkg'
[0.411s] Level 1:colcon.colcon_core.package_identification:_identify(src/examples) by extensions ['colcon_meta']
[0.411s] Level 1:colcon.colcon_core.package_identification:_identify(src/examples) by extension 'colcon_meta'
[0.411s] Level 1:colcon.colcon_core.package_identification:_identify(src/examples) by extensions ['ros']
[0.411s] Level 1:colcon.colcon_core.package_identification:_identify(src/examples) by extension 'ros'
[0.411s] Level 1:colcon.colcon_core.package_identification:_identify(src/examples) by extensions ['cmake', 'python']
[0.411s] Level 1:colcon.colcon_core.package_identification:_identify(src/examples) by extension 'cmake'
[0.411s] Level 1:colcon.colcon_core.package_identification:_identify(src/examples) by extension 'python'
[0.412s] Level 1:colcon.colcon_core.package_identification:_identify(src/examples) by extensions ['python_setup_py']
[0.412s] Level 1:colcon.colcon_core.package_identification:_identify(src/examples) by extension 'python_setup_py'
[0.412s] Level 1:colcon.colcon_core.package_identification:_identify(src/examples/launch_testing) by extensions ['ignore', 'ignore_ament_install']
[0.412s] Level 1:colcon.colcon_core.package_identification:_identify(src/examples/launch_testing) by extension 'ignore'
[0.412s] Level 1:colcon.colcon_core.package_identification:_identify(src/examples/launch_testing) by extension 'ignore_ament_install'
[0.412s] Level 1:colcon.colcon_core.package_identification:_identify(src/examples/launch_testing) by extensions ['colcon_pkg']
[0.412s] Level 1:colcon.colcon_core.package_identification:_identify(src/examples/launch_testing) by extension 'colcon_pkg'
[0.412s] Level 1:colcon.colcon_core.package_identification:_identify(src/examples/launch_testing) by extensions ['colcon_meta']
[0.412s] Level 1:colcon.colcon_core.package_identification:_identify(src/examples/launch_testing) by extension 'colcon_meta'
[0.412s] Level 1:colcon.colcon_core.package_identification:_identify(src/examples/launch_testing) by extensions ['ros']
[0.412s] Level 1:colcon.colcon_core.package_identification:_identify(src/examples/launch_testing) by extension 'ros'
[0.412s] Level 1:colcon.colcon_core.package_identification:_identify(src/examples/launch_testing) by extensions ['cmake', 'python']
[0.412s] Level 1:colcon.colcon_core.package_identification:_identify(src/examples/launch_testing) by extension 'cmake'
[0.412s] Level 1:colcon.colcon_core.package_identification:_identify(src/examples/launch_testing) by extension 'python'
[0.412s] Level 1:colcon.colcon_core.package_identification:_identify(src/examples/launch_testing) by extensions ['python_setup_py']
[0.412s] Level 1:colcon.colcon_core.package_identification:_identify(src/examples/launch_testing) by extension 'python_setup_py'
[0.412s] Level 1:colcon.colcon_core.package_identification:_identify(src/examples/launch_testing/launch_testing_examples) by extensions ['ignore', 'ignore_ament_install']
[0.413s] Level 1:colcon.colcon_core.package_identification:_identify(src/examples/launch_testing/launch_testing_examples) by extension 'ignore'
[0.413s] Level 1:colcon.colcon_core.package_identification:_identify(src/examples/launch_testing/launch_testing_examples) by extension 'ignore_ament_install'
[0.413s] Level 1:colcon.colcon_core.package_identification:_identify(src/examples/launch_testing/launch_testing_examples) by extensions ['colcon_pkg']
[0.413s] Level 1:colcon.colcon_core.package_identification:_identify(src/examples/launch_testing/launch_testing_examples) by extension 'colcon_pkg'
[0.413s] Level 1:colcon.colcon_core.package_identification:_identify(src/examples/launch_testing/launch_testing_examples) by extensions ['colcon_meta']
[0.413s] Level 1:colcon.colcon_core.package_identification:_identify(src/examples/launch_testing/launch_testing_examples) by extension 'colcon_meta'
[0.413s] Level 1:colcon.colcon_core.package_identification:_identify(src/examples/launch_testing/launch_testing_examples) by extensions ['ros']
[0.413s] Level 1:colcon.colcon_core.package_identification:_identify(src/examples/launch_testing/launch_testing_examples) by extension 'ros'
[0.426s] DEBUG:colcon.colcon_core.package_identification:Package 'src/examples/launch_testing/launch_testing_examples' with type 'ros.ament_python' and name 'launch_testing_examples'
[0.426s] Level 1:colcon.colcon_core.package_identification:_identify(src/examples/rclcpp) by extensions ['ignore', 'ignore_ament_install']
[0.426s] Level 1:colcon.colcon_core.package_identification:_identify(src/examples/rclcpp) by extension 'ignore'
[0.426s] Level 1:colcon.colcon_core.package_identification:_identify(src/examples/rclcpp) by extension 'ignore_ament_install'
[0.426s] Level 1:colcon.colcon_core.package_identification:_identify(src/examples/rclcpp) by extensions ['colcon_pkg']
[0.426s] Level 1:colcon.colcon_core.package_identification:_identify(src/examples/rclcpp) by extension 'colcon_pkg'
[0.426s] Level 1:colcon.colcon_core.package_identification:_identify(src/examples/rclcpp) by extensions ['colcon_meta']
[0.426s] Level 1:colcon.colcon_core.package_identification:_identify(src/examples/rclcpp) by extension 'colcon_meta'
[0.426s] Level 1:colcon.colcon_core.package_identification:_identify(src/examples/rclcpp) by extensions ['ros']
[0.426s] Level 1:colcon.colcon_core.package_identification:_identify(src/examples/rclcpp) by extension 'ros'
[0.426s] Level 1:colcon.colcon_core.package_identification:_identify(src/examples/rclcpp) by extensions ['cmake', 'python']
[0.426s] Level 1:colcon.colcon_core.package_identification:_identify(src/examples/rclcpp) by extension 'cmake'
[0.426s] Level 1:colcon.colcon_core.package_identification:_identify(src/examples/rclcpp) by extension 'python'
[0.426s] Level 1:colcon.colcon_core.package_identification:_identify(src/examples/rclcpp) by extensions ['python_setup_py']
[0.427s] Level 1:colcon.colcon_core.package_identification:_identify(src/examples/rclcpp) by extension 'python_setup_py'
[0.427s] Level 1:colcon.colcon_core.package_identification:_identify(src/examples/rclcpp/actions) by extensions ['ignore', 'ignore_ament_install']
[0.427s] Level 1:colcon.colcon_core.package_identification:_identify(src/examples/rclcpp/actions) by extension 'ignore'
[0.427s] Level 1:colcon.colcon_core.package_identification:_identify(src/examples/rclcpp/actions) by extension 'ignore_ament_install'
[0.427s] Level 1:colcon.colcon_core.package_identification:_identify(src/examples/rclcpp/actions) by extensions ['colcon_pkg']
[0.427s] Level 1:colcon.colcon_core.package_identification:_identify(src/examples/rclcpp/actions) by extension 'colcon_pkg'
[0.427s] Level 1:colcon.colcon_core.package_identification:_identify(src/examples/rclcpp/actions) by extensions ['colcon_meta']
[0.427s] Level 1:colcon.colcon_core.package_identification:_identify(src/examples/rclcpp/actions) by extension 'colcon_meta'
[0.427s] Level 1:colcon.colcon_core.package_identification:_identify(src/examples/rclcpp/actions) by extensions ['ros']
[0.427s] Level 1:colcon.colcon_core.package_identification:_identify(src/examples/rclcpp/actions) by extension 'ros'
[0.427s] Level 1:colcon.colcon_core.package_identification:_identify(src/examples/rclcpp/actions) by extensions ['cmake', 'python']
[0.427s] Level 1:colcon.colcon_core.package_identification:_identify(src/examples/rclcpp/actions) by extension 'cmake'
[0.427s] Level 1:colcon.colcon_core.package_identification:_identify(src/examples/rclcpp/actions) by extension 'python'
[0.427s] Level 1:colcon.colcon_core.package_identification:_identify(src/examples/rclcpp/actions) by extensions ['python_setup_py']
[0.427s] Level 1:colcon.colcon_core.package_identification:_identify(src/examples/rclcpp/actions) by extension 'python_setup_py'
[0.427s] Level 1:colcon.colcon_core.package_identification:_identify(src/examples/rclcpp/actions/minimal_action_client) by extensions ['ignore', 'ignore_ament_install']
[0.428s] Level 1:colcon.colcon_core.package_identification:_identify(src/examples/rclcpp/actions/minimal_action_client) by extension 'ignore'
[0.428s] Level 1:colcon.colcon_core.package_identification:_identify(src/examples/rclcpp/actions/minimal_action_client) by extension 'ignore_ament_install'
[0.428s] Level 1:colcon.colcon_core.package_identification:_identify(src/examples/rclcpp/actions/minimal_action_client) by extensions ['colcon_pkg']
[0.428s] Level 1:colcon.colcon_core.package_identification:_identify(src/examples/rclcpp/actions/minimal_action_client) by extension 'colcon_pkg'
[0.428s] Level 1:colcon.colcon_core.package_identification:_identify(src/examples/rclcpp/actions/minimal_action_client) by extensions ['colcon_meta']
[0.428s] Level 1:colcon.colcon_core.package_identification:_identify(src/examples/rclcpp/actions/minimal_action_client) by extension 'colcon_meta'
[0.428s] Level 1:colcon.colcon_core.package_identification:_identify(src/examples/rclcpp/actions/minimal_action_client) by extensions ['ros']
[0.428s] Level 1:colcon.colcon_core.package_identification:_identify(src/examples/rclcpp/actions/minimal_action_client) by extension 'ros'
[0.429s] DEBUG:colcon.colcon_core.package_identification:Package 'src/examples/rclcpp/actions/minimal_action_client' with type 'ros.ament_cmake' and name 'examples_rclcpp_minimal_action_client'
[0.429s] Level 1:colcon.colcon_core.package_identification:_identify(src/examples/rclcpp/actions/minimal_action_server) by extensions ['ignore', 'ignore_ament_install']
[0.429s] Level 1:colcon.colcon_core.package_identification:_identify(src/examples/rclcpp/actions/minimal_action_server) by extension 'ignore'
[0.429s] Level 1:colcon.colcon_core.package_identification:_identify(src/examples/rclcpp/actions/minimal_action_server) by extension 'ignore_ament_install'
[0.429s] Level 1:colcon.colcon_core.package_identification:_identify(src/examples/rclcpp/actions/minimal_action_server) by extensions ['colcon_pkg']
[0.429s] Level 1:colcon.colcon_core.package_identification:_identify(src/examples/rclcpp/actions/minimal_action_server) by extension 'colcon_pkg'
[0.429s] Level 1:colcon.colcon_core.package_identification:_identify(src/examples/rclcpp/actions/minimal_action_server) by extensions ['colcon_meta']
[0.429s] Level 1:colcon.colcon_core.package_identification:_identify(src/examples/rclcpp/actions/minimal_action_server) by extension 'colcon_meta'
[0.429s] Level 1:colcon.colcon_core.package_identification:_identify(src/examples/rclcpp/actions/minimal_action_server) by extensions ['ros']
[0.429s] Level 1:colcon.colcon_core.package_identification:_identify(src/examples/rclcpp/actions/minimal_action_server) by extension 'ros'
[0.430s] DEBUG:colcon.colcon_core.package_identification:Package 'src/examples/rclcpp/actions/minimal_action_server' with type 'ros.ament_cmake' and name 'examples_rclcpp_minimal_action_server'
[0.430s] Level 1:colcon.colcon_core.package_identification:_identify(src/examples/rclcpp/composition) by extensions ['ignore', 'ignore_ament_install']
[0.430s] Level 1:colcon.colcon_core.package_identification:_identify(src/examples/rclcpp/composition) by extension 'ignore'
[0.430s] Level 1:colcon.colcon_core.package_identification:_identify(src/examples/rclcpp/composition) by extension 'ignore_ament_install'
[0.430s] Level 1:colcon.colcon_core.package_identification:_identify(src/examples/rclcpp/composition) by extensions ['colcon_pkg']
[0.430s] Level 1:colcon.colcon_core.package_identification:_identify(src/examples/rclcpp/composition) by extension 'colcon_pkg'
[0.430s] Level 1:colcon.colcon_core.package_identification:_identify(src/examples/rclcpp/composition) by extensions ['colcon_meta']
[0.430s] Level 1:colcon.colcon_core.package_identification:_identify(src/examples/rclcpp/composition) by extension 'colcon_meta'
[0.430s] Level 1:colcon.colcon_core.package_identification:_identify(src/examples/rclcpp/composition) by extensions ['ros']
[0.430s] Level 1:colcon.colcon_core.package_identification:_identify(src/examples/rclcpp/composition) by extension 'ros'
[0.430s] Level 1:colcon.colcon_core.package_identification:_identify(src/examples/rclcpp/composition) by extensions ['cmake', 'python']
[0.430s] Level 1:colcon.colcon_core.package_identification:_identify(src/examples/rclcpp/composition) by extension 'cmake'
[0.431s] Level 1:colcon.colcon_core.package_identification:_identify(src/examples/rclcpp/composition) by extension 'python'
[0.431s] Level 1:colcon.colcon_core.package_identification:_identify(src/examples/rclcpp/composition) by extensions ['python_setup_py']
[0.431s] Level 1:colcon.colcon_core.package_identification:_identify(src/examples/rclcpp/composition) by extension 'python_setup_py'
[0.431s] Level 1:colcon.colcon_core.package_identification:_identify(src/examples/rclcpp/composition/minimal_composition) by extensions ['ignore', 'ignore_ament_install']
[0.431s] Level 1:colcon.colcon_core.package_identification:_identify(src/examples/rclcpp/composition/minimal_composition) by extension 'ignore'
[0.431s] Level 1:colcon.colcon_core.package_identification:_identify(src/examples/rclcpp/composition/minimal_composition) by extension 'ignore_ament_install'
[0.431s] Level 1:colcon.colcon_core.package_identification:_identify(src/examples/rclcpp/composition/minimal_composition) by extensions ['colcon_pkg']
[0.431s] Level 1:colcon.colcon_core.package_identification:_identify(src/examples/rclcpp/composition/minimal_composition) by extension 'colcon_pkg'
[0.431s] Level 1:colcon.colcon_core.package_identification:_identify(src/examples/rclcpp/composition/minimal_composition) by extensions ['colcon_meta']
[0.431s] Level 1:colcon.colcon_core.package_identification:_identify(src/examples/rclcpp/composition/minimal_composition) by extension 'colcon_meta'
[0.431s] Level 1:colcon.colcon_core.package_identification:_identify(src/examples/rclcpp/composition/minimal_composition) by extensions ['ros']
[0.431s] Level 1:colcon.colcon_core.package_identification:_identify(src/examples/rclcpp/composition/minimal_composition) by extension 'ros'
[0.432s] DEBUG:colcon.colcon_core.package_identification:Package 'src/examples/rclcpp/composition/minimal_composition' with type 'ros.ament_cmake' and name 'examples_rclcpp_minimal_composition'
[0.432s] Level 1:colcon.colcon_core.package_identification:_identify(src/examples/rclcpp/executors) by extensions ['ignore', 'ignore_ament_install']
[0.432s] Level 1:colcon.colcon_core.package_identification:_identify(src/examples/rclcpp/executors) by extension 'ignore'
[0.432s] Level 1:colcon.colcon_core.package_identification:_identify(src/examples/rclcpp/executors) by extension 'ignore_ament_install'
[0.432s] Level 1:colcon.colcon_core.package_identification:_identify(src/examples/rclcpp/executors) by extensions ['colcon_pkg']
[0.432s] Level 1:colcon.colcon_core.package_identification:_identify(src/examples/rclcpp/executors) by extension 'colcon_pkg'
[0.432s] Level 1:colcon.colcon_core.package_identification:_identify(src/examples/rclcpp/executors) by extensions ['colcon_meta']
[0.432s] Level 1:colcon.colcon_core.package_identification:_identify(src/examples/rclcpp/executors) by extension 'colcon_meta'
[0.433s] Level 1:colcon.colcon_core.package_identification:_identify(src/examples/rclcpp/executors) by extensions ['ros']
[0.433s] Level 1:colcon.colcon_core.package_identification:_identify(src/examples/rclcpp/executors) by extension 'ros'
[0.433s] Level 1:colcon.colcon_core.package_identification:_identify(src/examples/rclcpp/executors) by extensions ['cmake', 'python']
[0.433s] Level 1:colcon.colcon_core.package_identification:_identify(src/examples/rclcpp/executors) by extension 'cmake'
[0.433s] Level 1:colcon.colcon_core.package_identification:_identify(src/examples/rclcpp/executors) by extension 'python'
[0.433s] Level 1:colcon.colcon_core.package_identification:_identify(src/examples/rclcpp/executors) by extensions ['python_setup_py']
[0.433s] Level 1:colcon.colcon_core.package_identification:_identify(src/examples/rclcpp/executors) by extension 'python_setup_py'
[0.433s] Level 1:colcon.colcon_core.package_identification:_identify(src/examples/rclcpp/executors/cbg_executor) by extensions ['ignore', 'ignore_ament_install']
[0.433s] Level 1:colcon.colcon_core.package_identification:_identify(src/examples/rclcpp/executors/cbg_executor) by extension 'ignore'
[0.433s] Level 1:colcon.colcon_core.package_identification:_identify(src/examples/rclcpp/executors/cbg_executor) by extension 'ignore_ament_install'
[0.433s] Level 1:colcon.colcon_core.package_identification:_identify(src/examples/rclcpp/executors/cbg_executor) by extensions ['colcon_pkg']
[0.433s] Level 1:colcon.colcon_core.package_identification:_identify(src/examples/rclcpp/executors/cbg_executor) by extension 'colcon_pkg'
[0.433s] Level 1:colcon.colcon_core.package_identification:_identify(src/examples/rclcpp/executors/cbg_executor) by extensions ['colcon_meta']
[0.433s] Level 1:colcon.colcon_core.package_identification:_identify(src/examples/rclcpp/executors/cbg_executor) by extension 'colcon_meta'
[0.433s] Level 1:colcon.colcon_core.package_identification:_identify(src/examples/rclcpp/executors/cbg_executor) by extensions ['ros']
[0.433s] Level 1:colcon.colcon_core.package_identification:_identify(src/examples/rclcpp/executors/cbg_executor) by extension 'ros'
[0.434s] DEBUG:colcon.colcon_core.package_identification:Package 'src/examples/rclcpp/executors/cbg_executor' with type 'ros.ament_cmake' and name 'examples_rclcpp_cbg_executor'
[0.434s] Level 1:colcon.colcon_core.package_identification:_identify(src/examples/rclcpp/executors/multithreaded_executor) by extensions ['ignore', 'ignore_ament_install']
[0.434s] Level 1:colcon.colcon_core.package_identification:_identify(src/examples/rclcpp/executors/multithreaded_executor) by extension 'ignore'
[0.434s] Level 1:colcon.colcon_core.package_identification:_identify(src/examples/rclcpp/executors/multithreaded_executor) by extension 'ignore_ament_install'
[0.434s] Level 1:colcon.colcon_core.package_identification:_identify(src/examples/rclcpp/executors/multithreaded_executor) by extensions ['colcon_pkg']
[0.434s] Level 1:colcon.colcon_core.package_identification:_identify(src/examples/rclcpp/executors/multithreaded_executor) by extension 'colcon_pkg'
[0.435s] Level 1:colcon.colcon_core.package_identification:_identify(src/examples/rclcpp/executors/multithreaded_executor) by extensions ['colcon_meta']
[0.435s] Level 1:colcon.colcon_core.package_identification:_identify(src/examples/rclcpp/executors/multithreaded_executor) by extension 'colcon_meta'
[0.435s] Level 1:colcon.colcon_core.package_identification:_identify(src/examples/rclcpp/executors/multithreaded_executor) by extensions ['ros']
[0.435s] Level 1:colcon.colcon_core.package_identification:_identify(src/examples/rclcpp/executors/multithreaded_executor) by extension 'ros'
[0.435s] DEBUG:colcon.colcon_core.package_identification:Package 'src/examples/rclcpp/executors/multithreaded_executor' with type 'ros.ament_cmake' and name 'examples_rclcpp_multithreaded_executor'
[0.435s] Level 1:colcon.colcon_core.package_identification:_identify(src/examples/rclcpp/services) by extensions ['ignore', 'ignore_ament_install']
[0.435s] Level 1:colcon.colcon_core.package_identification:_identify(src/examples/rclcpp/services) by extension 'ignore'
[0.435s] Level 1:colcon.colcon_core.package_identification:_identify(src/examples/rclcpp/services) by extension 'ignore_ament_install'
[0.435s] Level 1:colcon.colcon_core.package_identification:_identify(src/examples/rclcpp/services) by extensions ['colcon_pkg']
[0.436s] Level 1:colcon.colcon_core.package_identification:_identify(src/examples/rclcpp/services) by extension 'colcon_pkg'
[0.436s] Level 1:colcon.colcon_core.package_identification:_identify(src/examples/rclcpp/services) by extensions ['colcon_meta']
[0.436s] Level 1:colcon.colcon_core.package_identification:_identify(src/examples/rclcpp/services) by extension 'colcon_meta'
[0.436s] Level 1:colcon.colcon_core.package_identification:_identify(src/examples/rclcpp/services) by extensions ['ros']
[0.436s] Level 1:colcon.colcon_core.package_identification:_identify(src/examples/rclcpp/services) by extension 'ros'
[0.436s] Level 1:colcon.colcon_core.package_identification:_identify(src/examples/rclcpp/services) by extensions ['cmake', 'python']
[0.436s] Level 1:colcon.colcon_core.package_identification:_identify(src/examples/rclcpp/services) by extension 'cmake'
[0.436s] Level 1:colcon.colcon_core.package_identification:_identify(src/examples/rclcpp/services) by extension 'python'
[0.436s] Level 1:colcon.colcon_core.package_identification:_identify(src/examples/rclcpp/services) by extensions ['python_setup_py']
[0.436s] Level 1:colcon.colcon_core.package_identification:_identify(src/examples/rclcpp/services) by extension 'python_setup_py'
[0.436s] Level 1:colcon.colcon_core.package_identification:_identify(src/examples/rclcpp/services/async_client) by extensions ['ignore', 'ignore_ament_install']
[0.436s] Level 1:colcon.colcon_core.package_identification:_identify(src/examples/rclcpp/services/async_client) by extension 'ignore'
[0.436s] Level 1:colcon.colcon_core.package_identification:_identify(src/examples/rclcpp/services/async_client) by extension 'ignore_ament_install'
[0.436s] Level 1:colcon.colcon_core.package_identification:_identify(src/examples/rclcpp/services/async_client) by extensions ['colcon_pkg']
[0.436s] Level 1:colcon.colcon_core.package_identification:_identify(src/examples/rclcpp/services/async_client) by extension 'colcon_pkg'
[0.436s] Level 1:colcon.colcon_core.package_identification:_identify(src/examples/rclcpp/services/async_client) by extensions ['colcon_meta']
[0.436s] Level 1:colcon.colcon_core.package_identification:_identify(src/examples/rclcpp/services/async_client) by extension 'colcon_meta'
[0.436s] Level 1:colcon.colcon_core.package_identification:_identify(src/examples/rclcpp/services/async_client) by extensions ['ros']
[0.436s] Level 1:colcon.colcon_core.package_identification:_identify(src/examples/rclcpp/services/async_client) by extension 'ros'
[0.437s] DEBUG:colcon.colcon_core.package_identification:Package 'src/examples/rclcpp/services/async_client' with type 'ros.ament_cmake' and name 'examples_rclcpp_async_client'
[0.437s] Level 1:colcon.colcon_core.package_identification:_identify(src/examples/rclcpp/services/minimal_client) by extensions ['ignore', 'ignore_ament_install']
[0.437s] Level 1:colcon.colcon_core.package_identification:_identify(src/examples/rclcpp/services/minimal_client) by extension 'ignore'
[0.437s] Level 1:colcon.colcon_core.package_identification:_identify(src/examples/rclcpp/services/minimal_client) by extension 'ignore_ament_install'
[0.437s] Level 1:colcon.colcon_core.package_identification:_identify(src/examples/rclcpp/services/minimal_client) by extensions ['colcon_pkg']
[0.437s] Level 1:colcon.colcon_core.package_identification:_identify(src/examples/rclcpp/services/minimal_client) by extension 'colcon_pkg'
[0.437s] Level 1:colcon.colcon_core.package_identification:_identify(src/examples/rclcpp/services/minimal_client) by extensions ['colcon_meta']
[0.437s] Level 1:colcon.colcon_core.package_identification:_identify(src/examples/rclcpp/services/minimal_client) by extension 'colcon_meta'
[0.437s] Level 1:colcon.colcon_core.package_identification:_identify(src/examples/rclcpp/services/minimal_client) by extensions ['ros']
[0.437s] Level 1:colcon.colcon_core.package_identification:_identify(src/examples/rclcpp/services/minimal_client) by extension 'ros'
[0.438s] DEBUG:colcon.colcon_core.package_identification:Package 'src/examples/rclcpp/services/minimal_client' with type 'ros.ament_cmake' and name 'examples_rclcpp_minimal_client'
[0.438s] Level 1:colcon.colcon_core.package_identification:_identify(src/examples/rclcpp/services/minimal_service) by extensions ['ignore', 'ignore_ament_install']
[0.438s] Level 1:colcon.colcon_core.package_identification:_identify(src/examples/rclcpp/services/minimal_service) by extension 'ignore'
[0.438s] Level 1:colcon.colcon_core.package_identification:_identify(src/examples/rclcpp/services/minimal_service) by extension 'ignore_ament_install'
[0.438s] Level 1:colcon.colcon_core.package_identification:_identify(src/examples/rclcpp/services/minimal_service) by extensions ['colcon_pkg']
[0.438s] Level 1:colcon.colcon_core.package_identification:_identify(src/examples/rclcpp/services/minimal_service) by extension 'colcon_pkg'
[0.438s] Level 1:colcon.colcon_core.package_identification:_identify(src/examples/rclcpp/services/minimal_service) by extensions ['colcon_meta']
[0.438s] Level 1:colcon.colcon_core.package_identification:_identify(src/examples/rclcpp/services/minimal_service) by extension 'colcon_meta'
[0.438s] Level 1:colcon.colcon_core.package_identification:_identify(src/examples/rclcpp/services/minimal_service) by extensions ['ros']
[0.438s] Level 1:colcon.colcon_core.package_identification:_identify(src/examples/rclcpp/services/minimal_service) by extension 'ros'
[0.439s] DEBUG:colcon.colcon_core.package_identification:Package 'src/examples/rclcpp/services/minimal_service' with type 'ros.ament_cmake' and name 'examples_rclcpp_minimal_service'
[0.439s] Level 1:colcon.colcon_core.package_identification:_identify(src/examples/rclcpp/timers) by extensions ['ignore', 'ignore_ament_install']
[0.439s] Level 1:colcon.colcon_core.package_identification:_identify(src/examples/rclcpp/timers) by extension 'ignore'
[0.439s] Level 1:colcon.colcon_core.package_identification:_identify(src/examples/rclcpp/timers) by extension 'ignore_ament_install'
[0.439s] Level 1:colcon.colcon_core.package_identification:_identify(src/examples/rclcpp/timers) by extensions ['colcon_pkg']
[0.439s] Level 1:colcon.colcon_core.package_identification:_identify(src/examples/rclcpp/timers) by extension 'colcon_pkg'
[0.439s] Level 1:colcon.colcon_core.package_identification:_identify(src/examples/rclcpp/timers) by extensions ['colcon_meta']
[0.439s] Level 1:colcon.colcon_core.package_identification:_identify(src/examples/rclcpp/timers) by extension 'colcon_meta'
[0.439s] Level 1:colcon.colcon_core.package_identification:_identify(src/examples/rclcpp/timers) by extensions ['ros']
[0.439s] Level 1:colcon.colcon_core.package_identification:_identify(src/examples/rclcpp/timers) by extension 'ros'
[0.439s] Level 1:colcon.colcon_core.package_identification:_identify(src/examples/rclcpp/timers) by extensions ['cmake', 'python']
[0.440s] Level 1:colcon.colcon_core.package_identification:_identify(src/examples/rclcpp/timers) by extension 'cmake'
[0.440s] Level 1:colcon.colcon_core.package_identification:_identify(src/examples/rclcpp/timers) by extension 'python'
[0.440s] Level 1:colcon.colcon_core.package_identification:_identify(src/examples/rclcpp/timers) by extensions ['python_setup_py']
[0.440s] Level 1:colcon.colcon_core.package_identification:_identify(src/examples/rclcpp/timers) by extension 'python_setup_py'
[0.440s] Level 1:colcon.colcon_core.package_identification:_identify(src/examples/rclcpp/timers/minimal_timer) by extensions ['ignore', 'ignore_ament_install']
[0.440s] Level 1:colcon.colcon_core.package_identification:_identify(src/examples/rclcpp/timers/minimal_timer) by extension 'ignore'
[0.440s] Level 1:colcon.colcon_core.package_identification:_identify(src/examples/rclcpp/timers/minimal_timer) by extension 'ignore_ament_install'
[0.440s] Level 1:colcon.colcon_core.package_identification:_identify(src/examples/rclcpp/timers/minimal_timer) by extensions ['colcon_pkg']
[0.440s] Level 1:colcon.colcon_core.package_identification:_identify(src/examples/rclcpp/timers/minimal_timer) by extension 'colcon_pkg'
[0.440s] Level 1:colcon.colcon_core.package_identification:_identify(src/examples/rclcpp/timers/minimal_timer) by extensions ['colcon_meta']
[0.440s] Level 1:colcon.colcon_core.package_identification:_identify(src/examples/rclcpp/timers/minimal_timer) by extension 'colcon_meta'
[0.440s] Level 1:colcon.colcon_core.package_identification:_identify(src/examples/rclcpp/timers/minimal_timer) by extensions ['ros']
[0.440s] Level 1:colcon.colcon_core.package_identification:_identify(src/examples/rclcpp/timers/minimal_timer) by extension 'ros'
[0.441s] DEBUG:colcon.colcon_core.package_identification:Package 'src/examples/rclcpp/timers/minimal_timer' with type 'ros.ament_cmake' and name 'examples_rclcpp_minimal_timer'
[0.441s] Level 1:colcon.colcon_core.package_identification:_identify(src/examples/rclcpp/topics) by extensions ['ignore', 'ignore_ament_install']
[0.441s] Level 1:colcon.colcon_core.package_identification:_identify(src/examples/rclcpp/topics) by extension 'ignore'
[0.441s] Level 1:colcon.colcon_core.package_identification:_identify(src/examples/rclcpp/topics) by extension 'ignore_ament_install'
[0.441s] Level 1:colcon.colcon_core.package_identification:_identify(src/examples/rclcpp/topics) by extensions ['colcon_pkg']
[0.441s] Level 1:colcon.colcon_core.package_identification:_identify(src/examples/rclcpp/topics) by extension 'colcon_pkg'
[0.441s] Level 1:colcon.colcon_core.package_identification:_identify(src/examples/rclcpp/topics) by extensions ['colcon_meta']
[0.441s] Level 1:colcon.colcon_core.package_identification:_identify(src/examples/rclcpp/topics) by extension 'colcon_meta'
[0.441s] Level 1:colcon.colcon_core.package_identification:_identify(src/examples/rclcpp/topics) by extensions ['ros']
[0.441s] Level 1:colcon.colcon_core.package_identification:_identify(src/examples/rclcpp/topics) by extension 'ros'
[0.441s] Level 1:colcon.colcon_core.package_identification:_identify(src/examples/rclcpp/topics) by extensions ['cmake', 'python']
[0.441s] Level 1:colcon.colcon_core.package_identification:_identify(src/examples/rclcpp/topics) by extension 'cmake'
[0.441s] Level 1:colcon.colcon_core.package_identification:_identify(src/examples/rclcpp/topics) by extension 'python'
[0.441s] Level 1:colcon.colcon_core.package_identification:_identify(src/examples/rclcpp/topics) by extensions ['python_setup_py']
[0.441s] Level 1:colcon.colcon_core.package_identification:_identify(src/examples/rclcpp/topics) by extension 'python_setup_py'
[0.442s] Level 1:colcon.colcon_core.package_identification:_identify(src/examples/rclcpp/topics/minimal_publisher) by extensions ['ignore', 'ignore_ament_install']
[0.442s] Level 1:colcon.colcon_core.package_identification:_identify(src/examples/rclcpp/topics/minimal_publisher) by extension 'ignore'
[0.442s] Level 1:colcon.colcon_core.package_identification:_identify(src/examples/rclcpp/topics/minimal_publisher) by extension 'ignore_ament_install'
[0.442s] Level 1:colcon.colcon_core.package_identification:_identify(src/examples/rclcpp/topics/minimal_publisher) by extensions ['colcon_pkg']
[0.442s] Level 1:colcon.colcon_core.package_identification:_identify(src/examples/rclcpp/topics/minimal_publisher) by extension 'colcon_pkg'
[0.442s] Level 1:colcon.colcon_core.package_identification:_identify(src/examples/rclcpp/topics/minimal_publisher) by extensions ['colcon_meta']
[0.442s] Level 1:colcon.colcon_core.package_identification:_identify(src/examples/rclcpp/topics/minimal_publisher) by extension 'colcon_meta'
[0.442s] Level 1:colcon.colcon_core.package_identification:_identify(src/examples/rclcpp/topics/minimal_publisher) by extensions ['ros']
[0.442s] Level 1:colcon.colcon_core.package_identification:_identify(src/examples/rclcpp/topics/minimal_publisher) by extension 'ros'
[0.443s] DEBUG:colcon.colcon_core.package_identification:Package 'src/examples/rclcpp/topics/minimal_publisher' with type 'ros.ament_cmake' and name 'examples_rclcpp_minimal_publisher'
[0.443s] Level 1:colcon.colcon_core.package_identification:_identify(src/examples/rclcpp/topics/minimal_subscriber) by extensions ['ignore', 'ignore_ament_install']
[0.443s] Level 1:colcon.colcon_core.package_identification:_identify(src/examples/rclcpp/topics/minimal_subscriber) by extension 'ignore'
[0.443s] Level 1:colcon.colcon_core.package_identification:_identify(src/examples/rclcpp/topics/minimal_subscriber) by extension 'ignore_ament_install'
[0.443s] Level 1:colcon.colcon_core.package_identification:_identify(src/examples/rclcpp/topics/minimal_subscriber) by extensions ['colcon_pkg']
[0.443s] Level 1:colcon.colcon_core.package_identification:_identify(src/examples/rclcpp/topics/minimal_subscriber) by extension 'colcon_pkg'
[0.443s] Level 1:colcon.colcon_core.package_identification:_identify(src/examples/rclcpp/topics/minimal_subscriber) by extensions ['colcon_meta']
[0.443s] Level 1:colcon.colcon_core.package_identification:_identify(src/examples/rclcpp/topics/minimal_subscriber) by extension 'colcon_meta'
[0.443s] Level 1:colcon.colcon_core.package_identification:_identify(src/examples/rclcpp/topics/minimal_subscriber) by extensions ['ros']
[0.443s] Level 1:colcon.colcon_core.package_identification:_identify(src/examples/rclcpp/topics/minimal_subscriber) by extension 'ros'
[0.444s] DEBUG:colcon.colcon_core.package_identification:Package 'src/examples/rclcpp/topics/minimal_subscriber' with type 'ros.ament_cmake' and name 'examples_rclcpp_minimal_subscriber'
[0.444s] Level 1:colcon.colcon_core.package_identification:_identify(src/examples/rclcpp/wait_set) by extensions ['ignore', 'ignore_ament_install']
[0.444s] Level 1:colcon.colcon_core.package_identification:_identify(src/examples/rclcpp/wait_set) by extension 'ignore'
[0.444s] Level 1:colcon.colcon_core.package_identification:_identify(src/examples/rclcpp/wait_set) by extension 'ignore_ament_install'
[0.444s] Level 1:colcon.colcon_core.package_identification:_identify(src/examples/rclcpp/wait_set) by extensions ['colcon_pkg']
[0.444s] Level 1:colcon.colcon_core.package_identification:_identify(src/examples/rclcpp/wait_set) by extension 'colcon_pkg'
[0.444s] Level 1:colcon.colcon_core.package_identification:_identify(src/examples/rclcpp/wait_set) by extensions ['colcon_meta']
[0.444s] Level 1:colcon.colcon_core.package_identification:_identify(src/examples/rclcpp/wait_set) by extension 'colcon_meta'
[0.444s] Level 1:colcon.colcon_core.package_identification:_identify(src/examples/rclcpp/wait_set) by extensions ['ros']
[0.444s] Level 1:colcon.colcon_core.package_identification:_identify(src/examples/rclcpp/wait_set) by extension 'ros'
[0.445s] DEBUG:colcon.colcon_core.package_identification:Package 'src/examples/rclcpp/wait_set' with type 'ros.ament_cmake' and name 'examples_rclcpp_wait_set'
[0.445s] Level 1:colcon.colcon_core.package_identification:_identify(src/examples/rclpy) by extensions ['ignore', 'ignore_ament_install']
[0.445s] Level 1:colcon.colcon_core.package_identification:_identify(src/examples/rclpy) by extension 'ignore'
[0.445s] Level 1:colcon.colcon_core.package_identification:_identify(src/examples/rclpy) by extension 'ignore_ament_install'
[0.445s] Level 1:colcon.colcon_core.package_identification:_identify(src/examples/rclpy) by extensions ['colcon_pkg']
[0.445s] Level 1:colcon.colcon_core.package_identification:_identify(src/examples/rclpy) by extension 'colcon_pkg'
[0.445s] Level 1:colcon.colcon_core.package_identification:_identify(src/examples/rclpy) by extensions ['colcon_meta']
[0.445s] Level 1:colcon.colcon_core.package_identification:_identify(src/examples/rclpy) by extension 'colcon_meta'
[0.445s] Level 1:colcon.colcon_core.package_identification:_identify(src/examples/rclpy) by extensions ['ros']
[0.445s] Level 1:colcon.colcon_core.package_identification:_identify(src/examples/rclpy) by extension 'ros'
[0.446s] Level 1:colcon.colcon_core.package_identification:_identify(src/examples/rclpy) by extensions ['cmake', 'python']
[0.446s] Level 1:colcon.colcon_core.package_identification:_identify(src/examples/rclpy) by extension 'cmake'
[0.446s] Level 1:colcon.colcon_core.package_identification:_identify(src/examples/rclpy) by extension 'python'
[0.446s] Level 1:colcon.colcon_core.package_identification:_identify(src/examples/rclpy) by extensions ['python_setup_py']
[0.446s] Level 1:colcon.colcon_core.package_identification:_identify(src/examples/rclpy) by extension 'python_setup_py'
[0.446s] Level 1:colcon.colcon_core.package_identification:_identify(src/examples/rclpy/actions) by extensions ['ignore', 'ignore_ament_install']
[0.446s] Level 1:colcon.colcon_core.package_identification:_identify(src/examples/rclpy/actions) by extension 'ignore'
[0.446s] Level 1:colcon.colcon_core.package_identification:_identify(src/examples/rclpy/actions) by extension 'ignore_ament_install'
[0.446s] Level 1:colcon.colcon_core.package_identification:_identify(src/examples/rclpy/actions) by extensions ['colcon_pkg']
[0.446s] Level 1:colcon.colcon_core.package_identification:_identify(src/examples/rclpy/actions) by extension 'colcon_pkg'
[0.446s] Level 1:colcon.colcon_core.package_identification:_identify(src/examples/rclpy/actions) by extensions ['colcon_meta']
[0.446s] Level 1:colcon.colcon_core.package_identification:_identify(src/examples/rclpy/actions) by extension 'colcon_meta'
[0.446s] Level 1:colcon.colcon_core.package_identification:_identify(src/examples/rclpy/actions) by extensions ['ros']
[0.446s] Level 1:colcon.colcon_core.package_identification:_identify(src/examples/rclpy/actions) by extension 'ros'
[0.446s] Level 1:colcon.colcon_core.package_identification:_identify(src/examples/rclpy/actions) by extensions ['cmake', 'python']
[0.446s] Level 1:colcon.colcon_core.package_identification:_identify(src/examples/rclpy/actions) by extension 'cmake'
[0.447s] Level 1:colcon.colcon_core.package_identification:_identify(src/examples/rclpy/actions) by extension 'python'
[0.447s] Level 1:colcon.colcon_core.package_identification:_identify(src/examples/rclpy/actions) by extensions ['python_setup_py']
[0.447s] Level 1:colcon.colcon_core.package_identification:_identify(src/examples/rclpy/actions) by extension 'python_setup_py'
[0.447s] Level 1:colcon.colcon_core.package_identification:_identify(src/examples/rclpy/actions/minimal_action_client) by extensions ['ignore', 'ignore_ament_install']
[0.447s] Level 1:colcon.colcon_core.package_identification:_identify(src/examples/rclpy/actions/minimal_action_client) by extension 'ignore'
[0.447s] Level 1:colcon.colcon_core.package_identification:_identify(src/examples/rclpy/actions/minimal_action_client) by extension 'ignore_ament_install'
[0.447s] Level 1:colcon.colcon_core.package_identification:_identify(src/examples/rclpy/actions/minimal_action_client) by extensions ['colcon_pkg']
[0.447s] Level 1:colcon.colcon_core.package_identification:_identify(src/examples/rclpy/actions/minimal_action_client) by extension 'colcon_pkg'
[0.447s] Level 1:colcon.colcon_core.package_identification:_identify(src/examples/rclpy/actions/minimal_action_client) by extensions ['colcon_meta']
[0.447s] Level 1:colcon.colcon_core.package_identification:_identify(src/examples/rclpy/actions/minimal_action_client) by extension 'colcon_meta'
[0.448s] Level 1:colcon.colcon_core.package_identification:_identify(src/examples/rclpy/actions/minimal_action_client) by extensions ['ros']
[0.448s] Level 1:colcon.colcon_core.package_identification:_identify(src/examples/rclpy/actions/minimal_action_client) by extension 'ros'
[0.449s] DEBUG:colcon.colcon_core.package_identification:Package 'src/examples/rclpy/actions/minimal_action_client' with type 'ros.ament_python' and name 'examples_rclpy_minimal_action_client'
[0.449s] Level 1:colcon.colcon_core.package_identification:_identify(src/examples/rclpy/actions/minimal_action_server) by extensions ['ignore', 'ignore_ament_install']
[0.449s] Level 1:colcon.colcon_core.package_identification:_identify(src/examples/rclpy/actions/minimal_action_server) by extension 'ignore'
[0.449s] Level 1:colcon.colcon_core.package_identification:_identify(src/examples/rclpy/actions/minimal_action_server) by extension 'ignore_ament_install'
[0.449s] Level 1:colcon.colcon_core.package_identification:_identify(src/examples/rclpy/actions/minimal_action_server) by extensions ['colcon_pkg']
[0.449s] Level 1:colcon.colcon_core.package_identification:_identify(src/examples/rclpy/actions/minimal_action_server) by extension 'colcon_pkg'
[0.449s] Level 1:colcon.colcon_core.package_identification:_identify(src/examples/rclpy/actions/minimal_action_server) by extensions ['colcon_meta']
[0.449s] Level 1:colcon.colcon_core.package_identification:_identify(src/examples/rclpy/actions/minimal_action_server) by extension 'colcon_meta'
[0.449s] Level 1:colcon.colcon_core.package_identification:_identify(src/examples/rclpy/actions/minimal_action_server) by extensions ['ros']
[0.449s] Level 1:colcon.colcon_core.package_identification:_identify(src/examples/rclpy/actions/minimal_action_server) by extension 'ros'
[0.450s] DEBUG:colcon.colcon_core.package_identification:Package 'src/examples/rclpy/actions/minimal_action_server' with type 'ros.ament_python' and name 'examples_rclpy_minimal_action_server'
[0.450s] Level 1:colcon.colcon_core.package_identification:_identify(src/examples/rclpy/executors) by extensions ['ignore', 'ignore_ament_install']
[0.450s] Level 1:colcon.colcon_core.package_identification:_identify(src/examples/rclpy/executors) by extension 'ignore'
[0.450s] Level 1:colcon.colcon_core.package_identification:_identify(src/examples/rclpy/executors) by extension 'ignore_ament_install'
[0.450s] Level 1:colcon.colcon_core.package_identification:_identify(src/examples/rclpy/executors) by extensions ['colcon_pkg']
[0.450s] Level 1:colcon.colcon_core.package_identification:_identify(src/examples/rclpy/executors) by extension 'colcon_pkg'
[0.450s] Level 1:colcon.colcon_core.package_identification:_identify(src/examples/rclpy/executors) by extensions ['colcon_meta']
[0.450s] Level 1:colcon.colcon_core.package_identification:_identify(src/examples/rclpy/executors) by extension 'colcon_meta'
[0.450s] Level 1:colcon.colcon_core.package_identification:_identify(src/examples/rclpy/executors) by extensions ['ros']
[0.450s] Level 1:colcon.colcon_core.package_identification:_identify(src/examples/rclpy/executors) by extension 'ros'
[0.451s] DEBUG:colcon.colcon_core.package_identification:Package 'src/examples/rclpy/executors' with type 'ros.ament_python' and name 'examples_rclpy_executors'
[0.451s] Level 1:colcon.colcon_core.package_identification:_identify(src/examples/rclpy/guard_conditions) by extensions ['ignore', 'ignore_ament_install']
[0.451s] Level 1:colcon.colcon_core.package_identification:_identify(src/examples/rclpy/guard_conditions) by extension 'ignore'
[0.451s] Level 1:colcon.colcon_core.package_identification:_identify(src/examples/rclpy/guard_conditions) by extension 'ignore_ament_install'
[0.452s] Level 1:colcon.colcon_core.package_identification:_identify(src/examples/rclpy/guard_conditions) by extensions ['colcon_pkg']
[0.452s] Level 1:colcon.colcon_core.package_identification:_identify(src/examples/rclpy/guard_conditions) by extension 'colcon_pkg'
[0.452s] Level 1:colcon.colcon_core.package_identification:_identify(src/examples/rclpy/guard_conditions) by extensions ['colcon_meta']
[0.452s] Level 1:colcon.colcon_core.package_identification:_identify(src/examples/rclpy/guard_conditions) by extension 'colcon_meta'
[0.452s] Level 1:colcon.colcon_core.package_identification:_identify(src/examples/rclpy/guard_conditions) by extensions ['ros']
[0.452s] Level 1:colcon.colcon_core.package_identification:_identify(src/examples/rclpy/guard_conditions) by extension 'ros'
[0.452s] DEBUG:colcon.colcon_core.package_identification:Package 'src/examples/rclpy/guard_conditions' with type 'ros.ament_python' and name 'examples_rclpy_guard_conditions'
[0.452s] Level 1:colcon.colcon_core.package_identification:_identify(src/examples/rclpy/services) by extensions ['ignore', 'ignore_ament_install']
[0.453s] Level 1:colcon.colcon_core.package_identification:_identify(src/examples/rclpy/services) by extension 'ignore'
[0.453s] Level 1:colcon.colcon_core.package_identification:_identify(src/examples/rclpy/services) by extension 'ignore_ament_install'
[0.453s] Level 1:colcon.colcon_core.package_identification:_identify(src/examples/rclpy/services) by extensions ['colcon_pkg']
[0.453s] Level 1:colcon.colcon_core.package_identification:_identify(src/examples/rclpy/services) by extension 'colcon_pkg'
[0.453s] Level 1:colcon.colcon_core.package_identification:_identify(src/examples/rclpy/services) by extensions ['colcon_meta']
[0.453s] Level 1:colcon.colcon_core.package_identification:_identify(src/examples/rclpy/services) by extension 'colcon_meta'
[0.453s] Level 1:colcon.colcon_core.package_identification:_identify(src/examples/rclpy/services) by extensions ['ros']
[0.453s] Level 1:colcon.colcon_core.package_identification:_identify(src/examples/rclpy/services) by extension 'ros'
[0.453s] Level 1:colcon.colcon_core.package_identification:_identify(src/examples/rclpy/services) by extensions ['cmake', 'python']
[0.453s] Level 1:colcon.colcon_core.package_identification:_identify(src/examples/rclpy/services) by extension 'cmake'
[0.453s] Level 1:colcon.colcon_core.package_identification:_identify(src/examples/rclpy/services) by extension 'python'
[0.454s] Level 1:colcon.colcon_core.package_identification:_identify(src/examples/rclpy/services) by extensions ['python_setup_py']
[0.454s] Level 1:colcon.colcon_core.package_identification:_identify(src/examples/rclpy/services) by extension 'python_setup_py'
[0.454s] Level 1:colcon.colcon_core.package_identification:_identify(src/examples/rclpy/services/minimal_client) by extensions ['ignore', 'ignore_ament_install']
[0.454s] Level 1:colcon.colcon_core.package_identification:_identify(src/examples/rclpy/services/minimal_client) by extension 'ignore'
[0.454s] Level 1:colcon.colcon_core.package_identification:_identify(src/examples/rclpy/services/minimal_client) by extension 'ignore_ament_install'
[0.454s] Level 1:colcon.colcon_core.package_identification:_identify(src/examples/rclpy/services/minimal_client) by extensions ['colcon_pkg']
[0.454s] Level 1:colcon.colcon_core.package_identification:_identify(src/examples/rclpy/services/minimal_client) by extension 'colcon_pkg'
[0.454s] Level 1:colcon.colcon_core.package_identification:_identify(src/examples/rclpy/services/minimal_client) by extensions ['colcon_meta']
[0.454s] Level 1:colcon.colcon_core.package_identification:_identify(src/examples/rclpy/services/minimal_client) by extension 'colcon_meta'
[0.454s] Level 1:colcon.colcon_core.package_identification:_identify(src/examples/rclpy/services/minimal_client) by extensions ['ros']
[0.454s] Level 1:colcon.colcon_core.package_identification:_identify(src/examples/rclpy/services/minimal_client) by extension 'ros'
[0.455s] DEBUG:colcon.colcon_core.package_identification:Package 'src/examples/rclpy/services/minimal_client' with type 'ros.ament_python' and name 'examples_rclpy_minimal_client'
[0.455s] Level 1:colcon.colcon_core.package_identification:_identify(src/examples/rclpy/services/minimal_service) by extensions ['ignore', 'ignore_ament_install']
[0.455s] Level 1:colcon.colcon_core.package_identification:_identify(src/examples/rclpy/services/minimal_service) by extension 'ignore'
[0.456s] Level 1:colcon.colcon_core.package_identification:_identify(src/examples/rclpy/services/minimal_service) by extension 'ignore_ament_install'
[0.456s] Level 1:colcon.colcon_core.package_identification:_identify(src/examples/rclpy/services/minimal_service) by extensions ['colcon_pkg']
[0.456s] Level 1:colcon.colcon_core.package_identification:_identify(src/examples/rclpy/services/minimal_service) by extension 'colcon_pkg'
[0.456s] Level 1:colcon.colcon_core.package_identification:_identify(src/examples/rclpy/services/minimal_service) by extensions ['colcon_meta']
[0.456s] Level 1:colcon.colcon_core.package_identification:_identify(src/examples/rclpy/services/minimal_service) by extension 'colcon_meta'
[0.456s] Level 1:colcon.colcon_core.package_identification:_identify(src/examples/rclpy/services/minimal_service) by extensions ['ros']
[0.456s] Level 1:colcon.colcon_core.package_identification:_identify(src/examples/rclpy/services/minimal_service) by extension 'ros'
[0.456s] DEBUG:colcon.colcon_core.package_identification:Package 'src/examples/rclpy/services/minimal_service' with type 'ros.ament_python' and name 'examples_rclpy_minimal_service'
[0.457s] Level 1:colcon.colcon_core.package_identification:_identify(src/examples/rclpy/topics) by extensions ['ignore', 'ignore_ament_install']
[0.457s] Level 1:colcon.colcon_core.package_identification:_identify(src/examples/rclpy/topics) by extension 'ignore'
[0.457s] Level 1:colcon.colcon_core.package_identification:_identify(src/examples/rclpy/topics) by extension 'ignore_ament_install'
[0.457s] Level 1:colcon.colcon_core.package_identification:_identify(src/examples/rclpy/topics) by extensions ['colcon_pkg']
[0.457s] Level 1:colcon.colcon_core.package_identification:_identify(src/examples/rclpy/topics) by extension 'colcon_pkg'
[0.457s] Level 1:colcon.colcon_core.package_identification:_identify(src/examples/rclpy/topics) by extensions ['colcon_meta']
[0.457s] Level 1:colcon.colcon_core.package_identification:_identify(src/examples/rclpy/topics) by extension 'colcon_meta'
[0.457s] Level 1:colcon.colcon_core.package_identification:_identify(src/examples/rclpy/topics) by extensions ['ros']
[0.457s] Level 1:colcon.colcon_core.package_identification:_identify(src/examples/rclpy/topics) by extension 'ros'
[0.457s] Level 1:colcon.colcon_core.package_identification:_identify(src/examples/rclpy/topics) by extensions ['cmake', 'python']
[0.457s] Level 1:colcon.colcon_core.package_identification:_identify(src/examples/rclpy/topics) by extension 'cmake'
[0.457s] Level 1:colcon.colcon_core.package_identification:_identify(src/examples/rclpy/topics) by extension 'python'
[0.457s] Level 1:colcon.colcon_core.package_identification:_identify(src/examples/rclpy/topics) by extensions ['python_setup_py']
[0.457s] Level 1:colcon.colcon_core.package_identification:_identify(src/examples/rclpy/topics) by extension 'python_setup_py'
[0.457s] Level 1:colcon.colcon_core.package_identification:_identify(src/examples/rclpy/topics/minimal_publisher) by extensions ['ignore', 'ignore_ament_install']
[0.457s] Level 1:colcon.colcon_core.package_identification:_identify(src/examples/rclpy/topics/minimal_publisher) by extension 'ignore'
[0.457s] Level 1:colcon.colcon_core.package_identification:_identify(src/examples/rclpy/topics/minimal_publisher) by extension 'ignore_ament_install'
[0.457s] Level 1:colcon.colcon_core.package_identification:_identify(src/examples/rclpy/topics/minimal_publisher) by extensions ['colcon_pkg']
[0.457s] Level 1:colcon.colcon_core.package_identification:_identify(src/examples/rclpy/topics/minimal_publisher) by extension 'colcon_pkg'
[0.457s] Level 1:colcon.colcon_core.package_identification:_identify(src/examples/rclpy/topics/minimal_publisher) by extensions ['colcon_meta']
[0.457s] Level 1:colcon.colcon_core.package_identification:_identify(src/examples/rclpy/topics/minimal_publisher) by extension 'colcon_meta'
[0.458s] Level 1:colcon.colcon_core.package_identification:_identify(src/examples/rclpy/topics/minimal_publisher) by extensions ['ros']
[0.458s] Level 1:colcon.colcon_core.package_identification:_identify(src/examples/rclpy/topics/minimal_publisher) by extension 'ros'
[0.458s] DEBUG:colcon.colcon_core.package_identification:Package 'src/examples/rclpy/topics/minimal_publisher' with type 'ros.ament_python' and name 'examples_rclpy_minimal_publisher'
[0.458s] Level 1:colcon.colcon_core.package_identification:_identify(src/examples/rclpy/topics/minimal_subscriber) by extensions ['ignore', 'ignore_ament_install']
[0.458s] Level 1:colcon.colcon_core.package_identification:_identify(src/examples/rclpy/topics/minimal_subscriber) by extension 'ignore'
[0.458s] Level 1:colcon.colcon_core.package_identification:_identify(src/examples/rclpy/topics/minimal_subscriber) by extension 'ignore_ament_install'
[0.458s] Level 1:colcon.colcon_core.package_identification:_identify(src/examples/rclpy/topics/minimal_subscriber) by extensions ['colcon_pkg']
[0.458s] Level 1:colcon.colcon_core.package_identification:_identify(src/examples/rclpy/topics/minimal_subscriber) by extension 'colcon_pkg'
[0.458s] Level 1:colcon.colcon_core.package_identification:_identify(src/examples/rclpy/topics/minimal_subscriber) by extensions ['colcon_meta']
[0.458s] Level 1:colcon.colcon_core.package_identification:_identify(src/examples/rclpy/topics/minimal_subscriber) by extension 'colcon_meta'
[0.458s] Level 1:colcon.colcon_core.package_identification:_identify(src/examples/rclpy/topics/minimal_subscriber) by extensions ['ros']
[0.458s] Level 1:colcon.colcon_core.package_identification:_identify(src/examples/rclpy/topics/minimal_subscriber) by extension 'ros'
[0.459s] DEBUG:colcon.colcon_core.package_identification:Package 'src/examples/rclpy/topics/minimal_subscriber' with type 'ros.ament_python' and name 'examples_rclpy_minimal_subscriber'
[0.459s] Level 1:colcon.colcon_core.package_identification:_identify(src/examples/rclpy/topics/pointcloud_publisher) by extensions ['ignore', 'ignore_ament_install']
[0.459s] Level 1:colcon.colcon_core.package_identification:_identify(src/examples/rclpy/topics/pointcloud_publisher) by extension 'ignore'
[0.459s] Level 1:colcon.colcon_core.package_identification:_identify(src/examples/rclpy/topics/pointcloud_publisher) by extension 'ignore_ament_install'
[0.459s] Level 1:colcon.colcon_core.package_identification:_identify(src/examples/rclpy/topics/pointcloud_publisher) by extensions ['colcon_pkg']
[0.459s] Level 1:colcon.colcon_core.package_identification:_identify(src/examples/rclpy/topics/pointcloud_publisher) by extension 'colcon_pkg'
[0.459s] Level 1:colcon.colcon_core.package_identification:_identify(src/examples/rclpy/topics/pointcloud_publisher) by extensions ['colcon_meta']
[0.460s] Level 1:colcon.colcon_core.package_identification:_identify(src/examples/rclpy/topics/pointcloud_publisher) by extension 'colcon_meta'
[0.460s] Level 1:colcon.colcon_core.package_identification:_identify(src/examples/rclpy/topics/pointcloud_publisher) by extensions ['ros']
[0.460s] Level 1:colcon.colcon_core.package_identification:_identify(src/examples/rclpy/topics/pointcloud_publisher) by extension 'ros'
[0.460s] DEBUG:colcon.colcon_core.package_identification:Package 'src/examples/rclpy/topics/pointcloud_publisher' with type 'ros.ament_python' and name 'examples_rclpy_pointcloud_publisher'
[0.460s] Level 1:colcon.colcon_core.package_identification:_identify(src/image_converter) by extensions ['ignore', 'ignore_ament_install']
[0.460s] Level 1:colcon.colcon_core.package_identification:_identify(src/image_converter) by extension 'ignore'
[0.460s] Level 1:colcon.colcon_core.package_identification:_identify(src/image_converter) by extension 'ignore_ament_install'
[0.460s] Level 1:colcon.colcon_core.package_identification:_identify(src/image_converter) by extensions ['colcon_pkg']
[0.460s] Level 1:colcon.colcon_core.package_identification:_identify(src/image_converter) by extension 'colcon_pkg'
[0.460s] Level 1:colcon.colcon_core.package_identification:_identify(src/image_converter) by extensions ['colcon_meta']
[0.461s] Level 1:colcon.colcon_core.package_identification:_identify(src/image_converter) by extension 'colcon_meta'
[0.461s] Level 1:colcon.colcon_core.package_identification:_identify(src/image_converter) by extensions ['ros']
[0.461s] Level 1:colcon.colcon_core.package_identification:_identify(src/image_converter) by extension 'ros'
[0.461s] DEBUG:colcon.colcon_core.package_identification:Package 'src/image_converter' with type 'ros.ament_python' and name 'image_converter'
[0.462s] Level 1:colcon.colcon_core.package_identification:_identify(src/vision_opencv) by extensions ['ignore', 'ignore_ament_install']
[0.462s] Level 1:colcon.colcon_core.package_identification:_identify(src/vision_opencv) by extension 'ignore'
[0.462s] Level 1:colcon.colcon_core.package_identification:_identify(src/vision_opencv) by extension 'ignore_ament_install'
[0.462s] Level 1:colcon.colcon_core.package_identification:_identify(src/vision_opencv) by extensions ['colcon_pkg']
[0.462s] Level 1:colcon.colcon_core.package_identification:_identify(src/vision_opencv) by extension 'colcon_pkg'
[0.462s] Level 1:colcon.colcon_core.package_identification:_identify(src/vision_opencv) by extensions ['colcon_meta']
[0.462s] Level 1:colcon.colcon_core.package_identification:_identify(src/vision_opencv) by extension 'colcon_meta'
[0.462s] Level 1:colcon.colcon_core.package_identification:_identify(src/vision_opencv) by extensions ['ros']
[0.462s] Level 1:colcon.colcon_core.package_identification:_identify(src/vision_opencv) by extension 'ros'
[0.462s] Level 1:colcon.colcon_core.package_identification:_identify(src/vision_opencv) by extensions ['cmake', 'python']
[0.462s] Level 1:colcon.colcon_core.package_identification:_identify(src/vision_opencv) by extension 'cmake'
[0.462s] Level 1:colcon.colcon_core.package_identification:_identify(src/vision_opencv) by extension 'python'
[0.462s] Level 1:colcon.colcon_core.package_identification:_identify(src/vision_opencv) by extensions ['python_setup_py']
[0.462s] Level 1:colcon.colcon_core.package_identification:_identify(src/vision_opencv) by extension 'python_setup_py'
[0.462s] Level 1:colcon.colcon_core.package_identification:_identify(src/vision_opencv/cv_bridge) by extensions ['ignore', 'ignore_ament_install']
[0.463s] Level 1:colcon.colcon_core.package_identification:_identify(src/vision_opencv/cv_bridge) by extension 'ignore'
[0.463s] Level 1:colcon.colcon_core.package_identification:_identify(src/vision_opencv/cv_bridge) by extension 'ignore_ament_install'
[0.463s] Level 1:colcon.colcon_core.package_identification:_identify(src/vision_opencv/cv_bridge) by extensions ['colcon_pkg']
[0.463s] Level 1:colcon.colcon_core.package_identification:_identify(src/vision_opencv/cv_bridge) by extension 'colcon_pkg'
[0.463s] Level 1:colcon.colcon_core.package_identification:_identify(src/vision_opencv/cv_bridge) by extensions ['colcon_meta']
[0.463s] Level 1:colcon.colcon_core.package_identification:_identify(src/vision_opencv/cv_bridge) by extension 'colcon_meta'
[0.463s] Level 1:colcon.colcon_core.package_identification:_identify(src/vision_opencv/cv_bridge) by extensions ['ros']
[0.463s] Level 1:colcon.colcon_core.package_identification:_identify(src/vision_opencv/cv_bridge) by extension 'ros'
[0.464s] DEBUG:colcon.colcon_core.package_identification:Package 'src/vision_opencv/cv_bridge' with type 'ros.ament_cmake' and name 'cv_bridge'
[0.464s] Level 1:colcon.colcon_core.package_identification:_identify(src/vision_opencv/image_geometry) by extensions ['ignore', 'ignore_ament_install']
[0.464s] Level 1:colcon.colcon_core.package_identification:_identify(src/vision_opencv/image_geometry) by extension 'ignore'
[0.464s] Level 1:colcon.colcon_core.package_identification:_identify(src/vision_opencv/image_geometry) by extension 'ignore_ament_install'
[0.465s] Level 1:colcon.colcon_core.package_identification:_identify(src/vision_opencv/image_geometry) by extensions ['colcon_pkg']
[0.465s] Level 1:colcon.colcon_core.package_identification:_identify(src/vision_opencv/image_geometry) by extension 'colcon_pkg'
[0.465s] Level 1:colcon.colcon_core.package_identification:_identify(src/vision_opencv/image_geometry) by extensions ['colcon_meta']
[0.465s] Level 1:colcon.colcon_core.package_identification:_identify(src/vision_opencv/image_geometry) by extension 'colcon_meta'
[0.465s] Level 1:colcon.colcon_core.package_identification:_identify(src/vision_opencv/image_geometry) by extensions ['ros']
[0.465s] Level 1:colcon.colcon_core.package_identification:_identify(src/vision_opencv/image_geometry) by extension 'ros'
[0.466s] DEBUG:colcon.colcon_core.package_identification:Package 'src/vision_opencv/image_geometry' with type 'ros.ament_cmake' and name 'image_geometry'
[0.466s] Level 1:colcon.colcon_core.package_identification:_identify(src/vision_opencv/opencv_tests) by extensions ['ignore', 'ignore_ament_install']
[0.466s] Level 1:colcon.colcon_core.package_identification:_identify(src/vision_opencv/opencv_tests) by extension 'ignore'
[0.466s] Level 1:colcon.colcon_core.package_identification:_identify(src/vision_opencv/opencv_tests) by extension 'ignore_ament_install'
[0.466s] Level 1:colcon.colcon_core.package_identification:_identify(src/vision_opencv/opencv_tests) by extensions ['colcon_pkg']
[0.466s] Level 1:colcon.colcon_core.package_identification:_identify(src/vision_opencv/opencv_tests) by extension 'colcon_pkg'
[0.467s] Level 1:colcon.colcon_core.package_identification:_identify(src/vision_opencv/opencv_tests) by extensions ['colcon_meta']
[0.467s] Level 1:colcon.colcon_core.package_identification:_identify(src/vision_opencv/opencv_tests) by extension 'colcon_meta'
[0.467s] Level 1:colcon.colcon_core.package_identification:_identify(src/vision_opencv/opencv_tests) by extensions ['ros']
[0.467s] Level 1:colcon.colcon_core.package_identification:_identify(src/vision_opencv/opencv_tests) by extension 'ros'
[0.468s] DEBUG:colcon.colcon_core.package_identification:Package 'src/vision_opencv/opencv_tests' with type 'ros.ament_python' and name 'opencv_tests'
[0.468s] Level 1:colcon.colcon_core.package_identification:_identify(src/vision_opencv/vision_opencv) by extensions ['ignore', 'ignore_ament_install']
[0.468s] Level 1:colcon.colcon_core.package_identification:_identify(src/vision_opencv/vision_opencv) by extension 'ignore'
[0.468s] Level 1:colcon.colcon_core.package_identification:_identify(src/vision_opencv/vision_opencv) by extension 'ignore_ament_install'
[0.468s] Level 1:colcon.colcon_core.package_identification:_identify(src/vision_opencv/vision_opencv) by extensions ['colcon_pkg']
[0.468s] Level 1:colcon.colcon_core.package_identification:_identify(src/vision_opencv/vision_opencv) by extension 'colcon_pkg'
[0.468s] Level 1:colcon.colcon_core.package_identification:_identify(src/vision_opencv/vision_opencv) by extensions ['colcon_meta']
[0.468s] Level 1:colcon.colcon_core.package_identification:_identify(src/vision_opencv/vision_opencv) by extension 'colcon_meta'
[0.469s] Level 1:colcon.colcon_core.package_identification:_identify(src/vision_opencv/vision_opencv) by extensions ['ros']
[0.469s] Level 1:colcon.colcon_core.package_identification:_identify(src/vision_opencv/vision_opencv) by extension 'ros'
[0.469s] DEBUG:colcon.colcon_core.package_identification:Package 'src/vision_opencv/vision_opencv' with type 'ros.ament_cmake' and name 'vision_opencv'
[0.470s] Level 1:colcon.colcon_core.package_discovery:discover_packages(recursive) using defaults
[0.470s] Level 1:colcon.colcon_core.package_discovery:discover_packages(ignore) discover
[0.470s] Level 1:colcon.colcon_core.package_discovery:discover_packages(ignore) using defaults
[0.470s] Level 1:colcon.colcon_core.package_discovery:discover_packages(path) discover
[0.470s] Level 1:colcon.colcon_core.package_discovery:discover_packages(path) using defaults
[0.518s] INFO:colcon.colcon_core.package_selection:Skipping not selected package 'cv_bridge' in 'src/vision_opencv/cv_bridge'
[0.518s] INFO:colcon.colcon_core.package_selection:Skipping not selected package 'examples_rclcpp_async_client' in 'src/examples/rclcpp/services/async_client'
[0.518s] INFO:colcon.colcon_core.package_selection:Skipping not selected package 'examples_rclcpp_cbg_executor' in 'src/examples/rclcpp/executors/cbg_executor'
[0.519s] INFO:colcon.colcon_core.package_selection:Skipping not selected package 'examples_rclcpp_minimal_action_client' in 'src/examples/rclcpp/actions/minimal_action_client'
[0.519s] INFO:colcon.colcon_core.package_selection:Skipping not selected package 'examples_rclcpp_minimal_action_server' in 'src/examples/rclcpp/actions/minimal_action_server'
[0.519s] INFO:colcon.colcon_core.package_selection:Skipping not selected package 'examples_rclcpp_minimal_client' in 'src/examples/rclcpp/services/minimal_client'
[0.519s] INFO:colcon.colcon_core.package_selection:Skipping not selected package 'examples_rclcpp_minimal_composition' in 'src/examples/rclcpp/composition/minimal_composition'
[0.519s] INFO:colcon.colcon_core.package_selection:Skipping not selected package 'examples_rclcpp_minimal_publisher' in 'src/examples/rclcpp/topics/minimal_publisher'
[0.519s] INFO:colcon.colcon_core.package_selection:Skipping not selected package 'examples_rclcpp_minimal_service' in 'src/examples/rclcpp/services/minimal_service'
[0.519s] INFO:colcon.colcon_core.package_selection:Skipping not selected package 'examples_rclcpp_minimal_subscriber' in 'src/examples/rclcpp/topics/minimal_subscriber'
[0.519s] INFO:colcon.colcon_core.package_selection:Skipping not selected package 'examples_rclcpp_minimal_timer' in 'src/examples/rclcpp/timers/minimal_timer'
[0.519s] INFO:colcon.colcon_core.package_selection:Skipping not selected package 'examples_rclcpp_multithreaded_executor' in 'src/examples/rclcpp/executors/multithreaded_executor'
[0.519s] INFO:colcon.colcon_core.package_selection:Skipping not selected package 'examples_rclcpp_wait_set' in 'src/examples/rclcpp/wait_set'
[0.519s] INFO:colcon.colcon_core.package_selection:Skipping not selected package 'examples_rclpy_executors' in 'src/examples/rclpy/executors'
[0.519s] INFO:colcon.colcon_core.package_selection:Skipping not selected package 'examples_rclpy_guard_conditions' in 'src/examples/rclpy/guard_conditions'
[0.519s] INFO:colcon.colcon_core.package_selection:Skipping not selected package 'examples_rclpy_minimal_action_client' in 'src/examples/rclpy/actions/minimal_action_client'
[0.519s] INFO:colcon.colcon_core.package_selection:Skipping not selected package 'examples_rclpy_minimal_action_server' in 'src/examples/rclpy/actions/minimal_action_server'
[0.519s] INFO:colcon.colcon_core.package_selection:Skipping not selected package 'examples_rclpy_minimal_client' in 'src/examples/rclpy/services/minimal_client'
[0.519s] INFO:colcon.colcon_core.package_selection:Skipping not selected package 'examples_rclpy_minimal_publisher' in 'src/examples/rclpy/topics/minimal_publisher'
[0.519s] INFO:colcon.colcon_core.package_selection:Skipping not selected package 'examples_rclpy_minimal_service' in 'src/examples/rclpy/services/minimal_service'
[0.519s] INFO:colcon.colcon_core.package_selection:Skipping not selected package 'examples_rclpy_minimal_subscriber' in 'src/examples/rclpy/topics/minimal_subscriber'
[0.519s] INFO:colcon.colcon_core.package_selection:Skipping not selected package 'examples_rclpy_pointcloud_publisher' in 'src/examples/rclpy/topics/pointcloud_publisher'
[0.519s] INFO:colcon.colcon_core.package_selection:Skipping not selected package 'first_package' in 'first_package'
[0.519s] INFO:colcon.colcon_core.package_selection:Skipping not selected package 'image_geometry' in 'src/vision_opencv/image_geometry'
[0.519s] INFO:colcon.colcon_core.package_selection:Skipping not selected package 'launch_testing_examples' in 'src/examples/launch_testing/launch_testing_examples'
[0.519s] INFO:colcon.colcon_core.package_selection:Skipping not selected package 'sprint2' in 'sprint2'
[0.519s] INFO:colcon.colcon_core.package_selection:Skipping not selected package 'tracetools_image_pipeline' in 'image_pipeline/tracetools_image_pipeline'
[0.519s] INFO:colcon.colcon_core.package_selection:Skipping not selected package 'camera_calibration' in 'image_pipeline/camera_calibration'
[0.519s] INFO:colcon.colcon_core.package_selection:Skipping not selected package 'depth_image_proc' in 'image_pipeline/depth_image_proc'
[0.519s] INFO:colcon.colcon_core.package_selection:Skipping not selected package 'image_proc' in 'image_pipeline/image_proc'
[0.519s] INFO:colcon.colcon_core.package_selection:Skipping not selected package 'image_publisher' in 'image_pipeline/image_publisher'
[0.519s] INFO:colcon.colcon_core.package_selection:Skipping not selected package 'image_rotate' in 'image_pipeline/image_rotate'
[0.519s] INFO:colcon.colcon_core.package_selection:Skipping not selected package 'image_view' in 'image_pipeline/image_view'
[0.519s] INFO:colcon.colcon_core.package_selection:Skipping not selected package 'opencv_tests' in 'src/vision_opencv/opencv_tests'
[0.519s] INFO:colcon.colcon_core.package_selection:Skipping not selected package 'vision_opencv' in 'src/vision_opencv/vision_opencv'
[0.519s] INFO:colcon.colcon_core.package_selection:Skipping not selected package 'stereo_image_proc' in 'image_pipeline/stereo_image_proc'
[0.519s] INFO:colcon.colcon_core.package_selection:Skipping not selected package 'image_pipeline' in 'image_pipeline/image_pipeline'
[0.520s] Level 1:colcon.colcon_core.package_discovery:discover_packages(prefix_path) check parameters
[0.520s] Level 1:colcon.colcon_core.package_discovery:discover_packages(prefix_path) discover
[0.524s] DEBUG:colcon.colcon_installed_package_information.package_discovery:Found 32 installed packages in /home/bryan/Workspace/ros2_ws/install
[0.526s] DEBUG:colcon.colcon_installed_package_information.package_discovery:Found 313 installed packages in /opt/ros/humble
[0.529s] Level 1:colcon.colcon_core.package_discovery:discover_packages(prefix_path) using defaults
[0.575s] Level 5:colcon.colcon_core.verb:set package 'image_converter' build argument 'cmake_args' from command line to 'None'
[0.575s] Level 5:colcon.colcon_core.verb:set package 'image_converter' build argument 'cmake_target' from command line to 'None'
[0.575s] Level 5:colcon.colcon_core.verb:set package 'image_converter' build argument 'cmake_target_skip_unavailable' from command line to 'False'
[0.575s] Level 5:colcon.colcon_core.verb:set package 'image_converter' build argument 'cmake_clean_cache' from command line to 'False'
[0.575s] Level 5:colcon.colcon_core.verb:set package 'image_converter' build argument 'cmake_clean_first' from command line to 'False'
[0.575s] Level 5:colcon.colcon_core.verb:set package 'image_converter' build argument 'cmake_force_configure' from command line to 'False'
[0.575s] Level 5:colcon.colcon_core.verb:set package 'image_converter' build argument 'ament_cmake_args' from command line to 'None'
[0.575s] Level 5:colcon.colcon_core.verb:set package 'image_converter' build argument 'catkin_cmake_args' from command line to 'None'
[0.575s] Level 5:colcon.colcon_core.verb:set package 'image_converter' build argument 'catkin_skip_building_tests' from command line to 'False'
[0.575s] DEBUG:colcon.colcon_core.verb:Building package 'image_converter' with the following arguments: {'ament_cmake_args': None, 'build_base': '/home/bryan/Workspace/ros2_ws/build/image_converter', 'catkin_cmake_args': None, 'catkin_skip_building_tests': False, 'cmake_args': None, 'cmake_clean_cache': False, 'cmake_clean_first': False, 'cmake_force_configure': False, 'cmake_target': None, 'cmake_target_skip_unavailable': False, 'install_base': '/home/bryan/Workspace/ros2_ws/install/image_converter', 'merge_install': False, 'path': '/home/bryan/Workspace/ros2_ws/src/image_converter', 'symlink_install': False, 'test_result_base': None}
[0.575s] INFO:colcon.colcon_core.executor:Executing jobs using 'parallel' executor
[0.577s] DEBUG:colcon.colcon_parallel_executor.executor.parallel:run_until_complete
[0.577s] INFO:colcon.colcon_ros.task.ament_python.build:Building ROS package in '/home/bryan/Workspace/ros2_ws/src/image_converter' with build type 'ament_python'
[0.578s] Level 1:colcon.colcon_core.shell:create_environment_hook('image_converter', 'ament_prefix_path')
[0.585s] INFO:colcon.colcon_core.plugin_system:Skipping extension 'colcon_core.shell.bat': Not used on non-Windows systems
[0.585s] INFO:colcon.colcon_core.shell:Creating environment hook '/home/bryan/Workspace/ros2_ws/install/image_converter/share/image_converter/hook/ament_prefix_path.ps1'
[0.586s] INFO:colcon.colcon_core.shell:Creating environment descriptor '/home/bryan/Workspace/ros2_ws/install/image_converter/share/image_converter/hook/ament_prefix_path.dsv'
[0.587s] INFO:colcon.colcon_core.shell:Creating environment hook '/home/bryan/Workspace/ros2_ws/install/image_converter/share/image_converter/hook/ament_prefix_path.sh'
[0.588s] INFO:colcon.colcon_core.shell:Skip shell extension 'powershell' for command environment: Not usable outside of PowerShell
[0.589s] DEBUG:colcon.colcon_core.shell:Skip shell extension 'dsv' for command environment
[1.039s] INFO:colcon.colcon_core.task.python.build:Building Python package in '/home/bryan/Workspace/ros2_ws/src/image_converter'
[1.039s] INFO:colcon.colcon_core.shell:Skip shell extension 'powershell' for command environment: Not usable outside of PowerShell
[1.039s] DEBUG:colcon.colcon_core.shell:Skip shell extension 'dsv' for command environment
[1.938s] DEBUG:colcon.colcon_core.event_handler.log_command:Invoking command in '/home/bryan/Workspace/ros2_ws/src/image_converter': PYTHONPATH=/home/bryan/Workspace/ros2_ws/build/image_converter/prefix_override:/usr/lib/python3/dist-packages/colcon_core/task/python/colcon_distutils_commands:/home/bryan/Workspace/ros2_ws/install/image_converter/lib/python3.10/site-packages:${PYTHONPATH} /usr/bin/python3 -W ignore:setup.py install is deprecated -W ignore:easy_install command is deprecated setup.py egg_info --egg-base ../../build/image_converter build --build-base /home/bryan/Workspace/ros2_ws/build/image_converter/build install --record /home/bryan/Workspace/ros2_ws/build/image_converter/install.log --single-version-externally-managed install_data
[2.355s] DEBUG:colcon.colcon_core.event_handler.log_command:Invoked command in '/home/bryan/Workspace/ros2_ws/src/image_converter' returned '0': PYTHONPATH=/home/bryan/Workspace/ros2_ws/build/image_converter/prefix_override:/usr/lib/python3/dist-packages/colcon_core/task/python/colcon_distutils_commands:/home/bryan/Workspace/ros2_ws/install/image_converter/lib/python3.10/site-packages:${PYTHONPATH} /usr/bin/python3 -W ignore:setup.py install is deprecated -W ignore:easy_install command is deprecated setup.py egg_info --egg-base ../../build/image_converter build --build-base /home/bryan/Workspace/ros2_ws/build/image_converter/build install --record /home/bryan/Workspace/ros2_ws/build/image_converter/install.log --single-version-externally-managed install_data
[2.358s] Level 1:colcon.colcon_core.environment:checking '/home/bryan/Workspace/ros2_ws/install/image_converter' for CMake module files
[2.358s] Level 1:colcon.colcon_core.environment:checking '/home/bryan/Workspace/ros2_ws/install/image_converter' for CMake config files
[2.359s] Level 1:colcon.colcon_core.environment:checking '/home/bryan/Workspace/ros2_ws/install/image_converter/lib'
[2.359s] Level 1:colcon.colcon_core.environment:checking '/home/bryan/Workspace/ros2_ws/install/image_converter/bin'
[2.359s] Level 1:colcon.colcon_core.environment:checking '/home/bryan/Workspace/ros2_ws/install/image_converter/lib/pkgconfig/image_converter.pc'
[2.362s] Level 1:colcon.colcon_core.environment:checking '/home/bryan/Workspace/ros2_ws/install/image_converter/lib/python3.10/site-packages'
[2.362s] Level 1:colcon.colcon_core.shell:create_environment_hook('image_converter', 'pythonpath')
[2.362s] INFO:colcon.colcon_core.shell:Creating environment hook '/home/bryan/Workspace/ros2_ws/install/image_converter/share/image_converter/hook/pythonpath.ps1'
[2.363s] INFO:colcon.colcon_core.shell:Creating environment descriptor '/home/bryan/Workspace/ros2_ws/install/image_converter/share/image_converter/hook/pythonpath.dsv'
[2.364s] INFO:colcon.colcon_core.shell:Creating environment hook '/home/bryan/Workspace/ros2_ws/install/image_converter/share/image_converter/hook/pythonpath.sh'
[2.365s] Level 1:colcon.colcon_core.environment:checking '/home/bryan/Workspace/ros2_ws/install/image_converter/bin'
[2.366s] Level 1:colcon.colcon_core.environment:create_environment_scripts_only(image_converter)
[2.366s] INFO:colcon.colcon_core.shell:Creating package script '/home/bryan/Workspace/ros2_ws/install/image_converter/share/image_converter/package.ps1'
[2.373s] INFO:colcon.colcon_core.shell:Creating package descriptor '/home/bryan/Workspace/ros2_ws/install/image_converter/share/image_converter/package.dsv'
[2.386s] INFO:colcon.colcon_core.shell:Creating package script '/home/bryan/Workspace/ros2_ws/install/image_converter/share/image_converter/package.sh'
[2.388s] INFO:colcon.colcon_core.shell:Creating package script '/home/bryan/Workspace/ros2_ws/install/image_converter/share/image_converter/package.bash'
[2.389s] INFO:colcon.colcon_core.shell:Creating package script '/home/bryan/Workspace/ros2_ws/install/image_converter/share/image_converter/package.zsh'
[2.390s] Level 1:colcon.colcon_core.environment:create_file_with_runtime_dependencies(/home/bryan/Workspace/ros2_ws/install/image_converter/share/colcon-core/packages/image_converter)
[2.391s] DEBUG:colcon.colcon_parallel_executor.executor.parallel:closing loop
[2.391s] DEBUG:colcon.colcon_parallel_executor.executor.parallel:loop closed
[2.391s] DEBUG:colcon.colcon_parallel_executor.executor.parallel:run_until_complete finished with '0'
[2.391s] DEBUG:colcon.colcon_core.event_reactor:joining thread
[2.402s] INFO:colcon.colcon_core.plugin_system:Skipping extension 'colcon_notification.desktop_notification.terminal_notifier': Not used on non-Darwin systems
[2.402s] INFO:colcon.colcon_core.plugin_system:Skipping extension 'colcon_notification.desktop_notification.win32': Not used on non-Windows systems
[2.402s] INFO:colcon.colcon_notification.desktop_notification:Sending desktop notification using 'notify2'
[2.434s] DEBUG:colcon.colcon_core.event_reactor:joined thread
[2.434s] INFO:colcon.colcon_core.shell:Creating prefix script '/home/bryan/Workspace/ros2_ws/install/local_setup.ps1'
[2.435s] INFO:colcon.colcon_core.shell:Creating prefix util module '/home/bryan/Workspace/ros2_ws/install/_local_setup_util_ps1.py'
[2.438s] INFO:colcon.colcon_core.shell:Creating prefix chain script '/home/bryan/Workspace/ros2_ws/install/setup.ps1'
[2.440s] INFO:colcon.colcon_core.shell:Creating prefix script '/home/bryan/Workspace/ros2_ws/install/local_setup.sh'
[2.441s] INFO:colcon.colcon_core.shell:Creating prefix util module '/home/bryan/Workspace/ros2_ws/install/_local_setup_util_sh.py'
[2.442s] INFO:colcon.colcon_core.shell:Creating prefix chain script '/home/bryan/Workspace/ros2_ws/install/setup.sh'
[2.445s] INFO:colcon.colcon_core.shell:Creating prefix script '/home/bryan/Workspace/ros2_ws/install/local_setup.bash'
[2.446s] INFO:colcon.colcon_core.shell:Creating prefix chain script '/home/bryan/Workspace/ros2_ws/install/setup.bash'
[2.448s] INFO:colcon.colcon_core.shell:Creating prefix script '/home/bryan/Workspace/ros2_ws/install/local_setup.zsh'
[2.450s] INFO:colcon.colcon_core.shell:Creating prefix chain script '/home/bryan/Workspace/ros2_ws/install/setup.zsh'
